patient_id,timestamp,age,bmi,diabetes_duration_years,hba1c,has_hypertension,base_glucose,base_hr,base_hrv,base_sleep,base_steps,current_glucose,current_hr,current_hrv,current_sleep,current_activity,glucose_roll_mean_15m,glucose_roll_mean_30m,glucose_roll_mean_60m,glucose_roll_mean_120m,glucose_roll_std_60m,glucose_slope_30m,glucose_slope_60m,hr_slope_30m,hrv_slope_30m,dev_glucose,dev_hr,dev_hrv,dev_sleep,circadian_morning,circadian_postprandial,circadian_evening,circadian_night,med_count,has_metformin,has_sulfonylurea,time_since_med_hours,is_adherence_lapse,glucose_missing,hrv_missing,adverse_event_2h_ahead
PT-101,2026-10-08T08:00:00,57,25.7,3.5,6.4,1,128.9,74.6,42.4,6.3,5895,131.0,77.4,39.6,6.3,7.9,131.0,131.0,131.0,131.0,0.0,0.0,0.0,0.0,0.0,2.1,2.8,-2.8,0.0,1,0,0,0,2,1,0,0.0,0,0,0,0
PT-101,2026-10-08T08:05:00,57,25.7,3.5,6.4,1,128.9,74.6,42.4,6.3,5895,128.0,78.0,47.0,6.3,7.4,129.5,129.5,129.5,129.5,2.12,0.0,0.0,0.0,0.0,-0.9,3.4,4.6,0.0,1,0,0,0,2,1,0,0.08,0,0,0,0
PT-101,2026-10-08T08:10:00,57,25.7,3.5,6.4,1,128.9,74.6,42.4,6.3,5895,131.1,79.5,41.8,6.3,20.4,130.03,130.03,130.03,130.03,1.76,0.0,0.0,0.0,0.0,2.2,4.9,-0.6,0.0,1,0,0,0,2,1,0,0.17,0,0,0,0
PT-101,2026-10-08T08:15:00,57,25.7,3.5,6.4,1,128.9,74.6,42.4,6.3,5895,122.3,77.3,41.4,6.3,13.1,127.13,128.1,128.1,128.1,4.13,0.0,0.0,0.0,0.0,-6.6,2.7,-1.0,0.0,1,0,0,0,2,1,0,0.25,0,0,0,0
PT-101,2026-10-08T08:20:00,57,25.7,3.5,6.4,1,128.9,74.6,42.4,6.3,5895,133.7,80.8,42.6,6.3,5.1,129.03,129.22,129.22,129.22,4.36,0.0,0.0,0.0,0.0,4.8,6.2,0.2,0.0,1,0,0,0,2,1,0,0.33,0,0,0,0
PT-101,2026-10-08T08:25:00,57,25.7,3.5,6.4,1,128.9,74.6,42.4,6.3,5895,124.9,77.3,41.7,6.3,24.4,126.97,128.5,128.5,128.5,4.28,0.0,0.0,0.0,0.0,-4.0,2.7,-0.7,0.0,1,0,0,0,2,1,0,0.42,0,0,0,0
PT-101,2026-10-08T08:30:00,57,25.7,3.5,6.4,1,128.9,74.6,42.4,6.3,5895,128.7,84.0,32.4,6.3,66.5,129.1,128.12,128.53,128.53,3.91,-4.6,0.0,13.2,-14.4,-0.2,9.4,-10.0,0.0,1,0,0,0,2,1,0,0.5,0,0,0,0
PT-101,2026-10-08T08:35:00,57,25.7,3.5,6.4,1,128.9,74.6,42.4,6.3,5895,130.6,84.7,36.2,6.3,75.0,128.07,128.55,128.79,128.79,3.69,5.2,0.0,13.4,-21.6,1.7,10.1,-6.2,0.0,1,0,0,0,2,1,0,0.58,0,0,0,0
PT-101,2026-10-08T08:40:00,57,25.7,3.5,6.4,1,128.9,74.6,42.4,6.3,5895,130.7,85.6,30.4,6.3,72.3,130.0,128.48,129.0,129.0,3.51,-0.8,0.0,12.2,-22.8,1.8,11.0,-12.0,0.0,1,0,0,0,2,1,0,0.67,0,0,0,0
PT-101,2026-10-08T08:45:00,57,25.7,3.5,6.4,1,128.9,74.6,42.4,6.3,5895,133.1,88.4,32.6,6.3,70.8,131.47,130.28,129.41,129.41,3.56,21.6,0.0,22.2,-17.6,4.2,13.8,-9.8,0.0,1,0,0,0,2,1,0,0.75,0,0,0,0
PT-101,2026-10-08T08:50:00,57,25.7,3.5,6.4,1,128.9,74.6,42.4,6.3,5895,127.0,86.0,33.8,6.3,71.6,130.27,129.17,129.19,129.19,3.45,-13.4,0.0,10.4,-17.6,-1.9,11.4,-8.6,0.0,1,0,0,0,2,1,0,0.83,0,0,0,0
PT-101,2026-10-08T08:55:00,57,25.7,3.5,6.4,1,128.9,74.6,42.4,6.3,5895,131.6,83.7,36.0,6.3,48.4,130.57,130.28,129.39,129.39,3.36,13.4,0.0,12.8,-11.4,2.7,9.1,-6.4,0.0,1,0,0,0,2,1,0,0.92,0,0,0,0
PT-101,2026-10-08T09:00:00,57,25.7,3.5,6.4,1,128.9,74.6,42.4,6.3,5895,127.2,85.2,31.5,6.3,65.3,128.6,130.03,129.07,129.22,3.38,-3.0,-3.8,2.4,-1.8,-1.7,10.6,-10.9,0.0,1,0,0,0,2,1,0,1.0,0,0,0,0
PT-101,2026-10-08T09:05:00,57,25.7,3.5,6.4,1,128.9,74.6,42.4,6.3,5895,139.3,87.7,34.5,6.3,69.0,132.7,131.48,130.02,129.94,4.45,17.4,11.3,6.0,-3.4,10.4,13.1,-7.9,0.0,1,0,0,0,2,1,0,1.08,0,0,0,0
PT-101,2026-10-08T09:10:00,57,25.7,3.5,6.4,1,128.9,74.6,42.4,6.3,5895,134.9,85.9,32.4,6.3,52.5,133.8,132.18,130.33,130.27,4.67,8.4,3.8,0.6,4.0,6.0,11.3,-10.0,0.0,1,0,0,0,2,1,0,1.17,0,0,0,0
PT-101,2026-10-08T09:15:00,57,25.7,3.5,6.4,1,128.9,74.6,42.4,6.3,5895,132.9,89.3,29.0,6.3,70.7,135.7,132.15,131.22,130.44,3.96,-0.4,10.6,1.8,-7.2,4.0,14.7,-13.4,0.0,1,0,0,0,2,1,0,1.25,0,0,0,0
PT-101,2026-10-08T09:20:00,57,25.7,3.5,6.4,1,128.9,74.6,42.4,6.3,5895,132.5,85.5,35.7,6.3,57.0,133.43,133.07,131.12,130.56,3.91,11.0,-1.2,-1.0,3.8,3.6,10.9,-6.7,0.0,1,0,0,0,2,1,0,1.33,0,0,0,0
PT-101,2026-10-08T09:25:00,57,25.7,3.5,6.4,1,128.9,74.6,42.4,6.3,5895,141.9,85.6,32.4,6.3,68.9,135.77,134.78,132.53,131.19,4.49,20.6,17.0,3.8,-7.2,13.0,11.0,-10.0,0.0,1,0,0,0,2,1,0,1.42,0,0,0,0
PT-101,2026-10-08T09:30:00,57,25.7,3.5,6.4,1,128.9,74.6,42.4,6.3,5895,135.9,82.9,33.7,6.3,53.9,136.77,136.23,133.13,131.44,4.41,17.4,7.2,-4.6,4.4,7.0,8.3,-8.7,0.0,1,0,0,0,2,1,0,1.5,0,0,0,0
PT-101,2026-10-08T09:35:00,57,25.7,3.5,6.4,1,128.9,74.6,42.4,6.3,5895,136.9,79.5,38.7,6.3,8.7,138.23,135.83,133.66,131.71,4.45,-4.8,6.3,-16.4,8.4,8.0,4.9,-3.7,0.0,1,0,0,0,2,1,0,1.58,0,0,0,0
PT-101,2026-10-08T09:40:00,57,25.7,3.5,6.4,1,128.9,74.6,42.4,6.3,5895,135.3,78.8,39.8,6.3,5.1,136.03,135.9,134.04,131.88,4.37,0.8,4.6,-14.2,14.8,6.4,4.2,-2.6,0.0,1,0,0,0,2,1,0,1.67,0,0,0,0
PT-101,2026-10-08T09:45:00,57,25.7,3.5,6.4,1,128.9,74.6,42.4,6.3,5895,134.9,79.3,39.2,6.3,23.2,135.7,136.23,134.19,132.02,4.37,4.0,1.8,-20.0,20.4,6.0,4.7,-3.2,0.0,1,0,0,0,2,1,0,1.75,0,0,0,0
PT-101,2026-10-08T09:50:00,57,25.7,3.5,6.4,1,128.9,74.6,42.4,6.3,5895,127.5,80.4,41.3,6.3,16.7,132.57,135.4,134.23,131.82,4.29,-10.0,0.5,-10.2,11.2,-1.4,5.8,-1.1,0.0,1,0,0,0,2,1,0,1.83,0,0,0,0
PT-101,2026-10-08T09:55:00,57,25.7,3.5,6.4,1,128.9,74.6,42.4,6.3,5895,130.9,77.3,40.5,6.3,21.1,131.1,133.57,134.18,131.78,4.34,-22.0,-0.7,-16.6,16.2,2.0,2.7,-1.9,0.0,1,0,0,0,2,1,0,1.92,0,0,0,0
PT-101,2026-10-08T10:00:00,57,25.7,3.5,6.4,1,128.9,74.6,42.4,6.3,5895,131.8,77.7,39.9,6.3,8.1,130.07,132.88,134.56,131.82,3.84,-8.2,4.6,-10.4,12.4,2.9,3.1,-2.5,0.0,1,0,0,0,2,1,0,2.0,0,0,0,0
PT-101,2026-10-08T10:05:00,57,25.7,3.5,6.4,1,128.9,74.6,42.4,6.3,5895,131.2,81.1,43.4,6.3,24.3,131.3,131.93,133.88,131.95,3.64,-11.4,-8.1,3.2,9.4,2.3,6.5,1.0,0.0,1,0,0,0,2,1,0,2.08,0,0,0,0
PT-101,2026-10-08T10:10:00,57,25.7,3.5,6.4,1,128.9,74.6,42.4,6.3,5895,130.1,79.4,39.1,6.3,7.1,131.03,131.07,133.48,131.91,3.78,-10.4,-4.8,1.2,-1.4,1.2,4.8,-3.3,0.0,1,0,0,0,2,1,0,2.17,0,0,0,0
PT-101,2026-10-08T10:15:00,57,25.7,3.5,6.4,1,128.9,74.6,42.4,6.3,5895,133.9,77.8,41.7,6.3,9.5,131.73,130.9,133.57,132.39,3.77,-2.0,1.0,-3.0,5.0,5.0,3.2,-0.7,0.0,1,0,0,0,2,1,0,2.25,0,0,0,0
PT-101,2026-10-08T10:20:00,57,25.7,3.5,6.4,1,128.9,74.6,42.4,6.3,5895,137.8,77.2,39.8,6.3,7.5,133.93,132.62,134.01,132.56,3.94,20.6,5.3,-6.4,-3.0,8.9,2.6,-2.6,0.0,1,0,0,0,2,1,0,2.33,0,0,0,0
PT-101,2026-10-08T10:25:00,57,25.7,3.5,6.4,1,128.9,74.6,42.4,6.3,5895,132.9,80.8,33.9,6.3,18.4,134.87,132.95,133.26,132.9,3.06,4.0,-9.0,7.0,-13.2,4.0,6.2,-8.5,0.0,1,0,0,0,2,1,0,2.42,0,0,0,0
PT-101,2026-10-08T10:30:00,57,25.7,3.5,6.4,1,128.9,74.6,42.4,6.3,5895,132.7,77.0,41.3,6.3,5.8,134.47,133.1,132.99,133.06,2.95,1.8,-3.2,-1.4,2.8,3.8,2.4,-1.1,0.0,1,0,0,0,2,1,0,2.5,0,0,0,0
PT-101,2026-10-08T10:35:00,57,25.7,3.5,6.4,1,128.9,74.6,42.4,6.3,5895,131.4,84.8,38.4,6.3,17.5,132.33,133.13,132.53,133.1,2.71,0.4,-5.5,7.4,-10.0,2.5,10.2,-4.0,0.0,1,0,0,0,2,1,0,2.58,0,0,0,0
PT-101,2026-10-08T10:40:00,57,25.7,3.5,6.4,1,128.9,74.6,42.4,6.3,5895,132.8,79.2,41.9,6.3,11.9,132.3,133.58,132.33,133.18,2.57,5.4,-2.5,-0.4,5.6,3.9,4.6,-0.5,0.0,1,0,0,0,2,1,0,2.67,0,0,0,0
PT-101,2026-10-08T10:45:00,57,25.7,3.5,6.4,1,128.9,74.6,42.4,6.3,5895,132.3,78.2,41.1,6.3,11.3,132.17,133.32,132.11,133.15,2.44,-3.2,-2.6,0.8,-1.2,3.4,3.6,-1.3,0.0,1,0,0,0,2,1,0,2.75,0,0,0,0
PT-101,2026-10-08T10:50:00,57,25.7,3.5,6.4,1,128.9,74.6,42.4,6.3,5895,130.6,78.2,37.9,6.3,19.9,131.9,132.12,132.37,133.3,2.03,-14.4,3.1,2.0,-3.8,1.7,3.6,-4.5,0.0,1,0,0,0,2,1,0,2.83,0,0,0,0
PT-101,2026-10-08T10:55:00,57,25.7,3.5,6.4,1,128.9,74.6,42.4,6.3,5895,135.2,83.3,39.3,6.3,24.8,132.7,132.5,132.72,133.45,2.13,4.6,4.3,5.0,10.8,6.3,8.7,-3.1,0.0,1,0,0,0,2,1,0,2.92,0,0,0,0
PT-101,2026-10-08T11:00:00,57,25.7,3.5,6.4,1,128.9,74.6,42.4,6.3,5895,131.7,84.8,39.7,6.3,24.0,132.5,132.33,132.72,133.64,2.13,-2.0,-0.1,15.6,-3.2,2.8,10.2,-2.7,0.0,1,0,0,0,2,1,0,3.0,0,0,0,0
PT-101,2026-10-08T11:05:00,57,25.7,3.5,6.4,1,128.9,74.6,42.4,6.3,5895,137.0,83.8,37.1,6.3,19.4,134.63,133.27,133.2,133.54,2.4,11.2,5.8,-2.0,-2.6,8.1,9.2,-5.3,0.0,1,0,0,0,2,1,0,3.08,0,0,0,0
PT-101,2026-10-08T11:10:00,57,25.7,3.5,6.4,1,128.9,74.6,42.4,6.3,5895,133.4,80.7,41.1,6.3,5.4,134.03,133.37,133.48,133.48,2.19,1.2,3.3,3.0,-1.6,4.5,6.1,-1.3,0.0,1,0,0,0,2,1,0,3.17,0,0,0,0
PT-101,2026-10-08T11:15:00,57,25.7,3.5,6.4,1,128.9,74.6,42.4,6.3,5895,130.9,80.0,39.9,6.3,18.1,133.77,133.13,133.22,133.4,2.31,-2.8,-3.0,3.6,-2.4,2.0,5.4,-2.5,0.0,1,0,0,0,2,1,0,3.25,0,0,0,0
PT-101,2026-10-08T11:20:00,57,25.7,3.5,6.4,1,128.9,74.6,42.4,6.3,5895,136.7,84.2,37.5,6.3,23.4,133.67,134.15,133.13,133.57,2.12,12.2,-1.1,12.0,-0.8,7.8,9.6,-4.9,0.0,1,0,0,0,2,1,0,3.33,0,0,0,0
PT-101,2026-10-08T11:25:00,57,25.7,3.5,6.4,1,128.9,74.6,42.4,6.3,5895,136.4,81.3,37.0,6.3,15.6,134.67,134.35,133.42,133.34,2.32,2.4,3.5,-4.0,-4.6,7.5,6.7,-5.4,0.0,1,0,0,0,2,1,0,3.42,0,0,0,0
PT-101,2026-10-08T11:30:00,57,25.7,3.5,6.4,1,128.9,74.6,42.4,6.3,5895,134.4,82.5,39.2,6.3,24.0,135.83,134.8,133.57,133.28,2.32,5.4,1.7,-4.6,-1.0,5.5,7.9,-3.2,0.0,1,0,0,0,2,1,0,3.5,0,0,0,0
PT-101,2026-10-08T11:35:00,57,25.7,3.5,6.4,1,128.9,74.6,42.4,6.3,5895,139.1,77.0,36.7,6.3,6.5,136.63,135.15,134.21,133.37,2.7,4.2,7.7,-13.6,-0.8,10.2,2.4,-5.7,0.0,1,0,0,0,2,1,0,3.58,0,0,0,0
PT-101,2026-10-08T11:40:00,57,25.7,3.5,6.4,1,128.9,74.6,42.4,6.3,5895,140.3,83.8,44.5,6.3,24.3,137.93,136.3,134.83,133.58,3.17,13.8,7.5,6.2,6.8,11.4,9.2,2.1,0.0,1,0,0,0,2,1,0,3.67,0,0,0,0
PT-101,2026-10-08T11:45:00,57,25.7,3.5,6.4,1,128.9,74.6,42.4,6.3,5895,132.8,80.8,41.2,6.3,13.5,137.4,136.62,134.88,133.49,3.14,3.8,0.5,1.6,2.6,3.9,6.2,-1.2,0.0,1,0,0,0,2,1,0,3.75,0,0,0,0
PT-101,2026-10-08T11:50:00,57,25.7,3.5,6.4,1,128.9,74.6,42.4,6.3,5895,135.1,82.2,40.5,6.3,18.7,136.07,136.35,135.25,133.81,2.84,-3.2,4.5,-4.0,6.0,6.2,7.6,-1.9,0.0,1,0,0,0,2,1,0,3.83,0,0,0,0
PT-101,2026-10-08T11:55:00,57,25.7,3.5,6.4,1,128.9,74.6,42.4,6.3,5895,133.2,73.8,39.1,6.3,6.7,133.7,135.82,135.08,133.9,2.9,-6.4,-2.0,-15.0,4.2,4.3,-0.8,-3.3,0.0,1,0,0,0,2,1,0,3.92,0,0,0,0
PT-101,2026-10-08T12:00:00,57,25.7,3.5,6.4,1,128.9,74.6,42.4,6.3,5895,135.9,84.1,39.6,6.3,16.3,134.73,136.07,135.43,134.08,2.7,3.0,4.2,3.2,0.8,7.0,9.5,-2.8,0.0,0,1,0,0,2,1,0,4.0,0,0,0,0
PT-101,2026-10-08T12:05:00,57,25.7,3.5,6.4,1,128.9,74.6,42.4,6.3,5895,130.6,81.2,40.7,6.3,10.8,133.23,134.65,134.9,134.05,2.98,-17.0,-6.4,8.4,8.0,1.7,6.6,-1.7,0.0,0,1,0,0,2,1,0,4.08,0,0,0,0
PT-101,2026-10-08T12:10:00,57,25.7,3.5,6.4,1,128.9,74.6,42.4,6.3,5895,137.4,81.7,41.4,6.3,15.6,134.63,134.17,135.23,134.35,3.02,-5.8,4.0,-4.2,-6.2,8.5,7.1,-1.0,0.0,0,1,0,0,2,1,0,4.17,0,0,0,0
PT-101,2026-10-08T12:15:00,57,25.7,3.5,6.4,1,128.9,74.6,42.4,6.3,5895,131.2,78.7,39.0,6.3,22.8,133.07,133.9,135.26,134.24,2.98,-3.2,0.3,-4.2,-4.4,2.3,4.1,-3.4,0.0,0,1,0,0,2,1,0,4.25,0,0,0,0
PT-101,2026-10-08T12:20:00,57,25.7,3.5,6.4,1,128.9,74.6,42.4,6.3,5895,139.3,78.3,38.2,6.3,20.3,135.97,134.6,135.48,134.3,3.18,8.4,2.6,-7.8,-4.6,10.4,3.7,-4.2,0.0,0,1,0,0,2,1,0,4.33,0,0,0,0
PT-101,2026-10-08T12:25:00,57,25.7,3.5,6.4,1,128.9,74.6,42.4,6.3,5895,135.5,80.2,36.5,6.3,16.5,135.33,134.98,135.4,134.41,3.17,4.6,-0.9,12.8,-5.2,6.6,5.6,-5.9,0.0,0,1,0,0,2,1,0,4.42,0,0,0,0
PT-101,2026-10-08T12:30:00,57,25.7,3.5,6.4,1,128.9,74.6,42.4,6.3,5895,134.4,80.3,43.1,6.3,5.4,136.4,134.73,135.4,134.48,3.17,-3.0,0.0,-7.6,7.0,5.5,5.7,0.7,0.0,0,1,0,0,2,1,0,4.5,0,0,0,0
PT-101,2026-10-08T12:35:00,57,25.7,3.5,6.4,1,128.9,74.6,42.4,6.3,5895,130.2,78.4,40.1,6.3,19.8,133.37,134.67,134.66,134.43,3.27,-0.8,-8.9,-5.6,-1.2,1.3,3.8,-2.3,0.0,0,1,0,0,2,1,0,4.58,0,0,0,0
PT-101,2026-10-08T12:40:00,57,25.7,3.5,6.4,1,128.9,74.6,42.4,6.3,5895,137.1,83.8,48.1,6.3,10.6,133.9,134.62,134.39,134.61,2.87,-0.6,-3.2,4.2,13.4,8.2,9.2,5.7,0.0,0,1,0,0,2,1,0,4.67,0,0,0,0
PT-101,2026-10-08T12:45:00,57,25.7,3.5,6.4,1,128.9,74.6,42.4,6.3,5895,134.8,80.0,33.3,6.3,21.7,134.03,135.22,134.56,134.72,2.83,7.2,2.0,2.6,-11.4,5.9,5.4,-9.1,0.0,0,1,0,0,2,1,0,4.75,0,0,0,0
PT-101,2026-10-08T12:50:00,57,25.7,3.5,6.4,1,128.9,74.6,42.4,6.3,5895,138.1,80.8,42.4,6.3,12.2,136.67,135.02,134.81,135.03,3.01,-2.4,3.0,5.0,8.4,9.2,6.2,0.0,0.0,0,1,0,0,2,1,0,4.83,0,0,0,0
PT-101,2026-10-08T12:55:00,57,25.7,3.5,6.4,1,128.9,74.6,42.4,6.3,5895,130.2,78.7,44.4,6.3,5.8,134.37,134.13,134.56,134.82,3.27,-10.6,-3.0,-3.0,15.8,1.3,4.1,2.0,0.0,0,1,0,0,2,1,0,4.92,0,0,0,0
PT-101,2026-10-08T13:00:00,57,25.7,3.5,6.4,1,128.9,74.6,42.4,6.3,5895,132.2,81.8,39.5,6.3,33.3,133.5,133.77,134.25,134.84,3.3,-4.4,-3.7,3.0,-7.2,3.3,7.2,-2.9,0.0,0,1,0,0,2,1,0,5.0,0,0,0,0
PT-101,2026-10-08T13:05:00,57,25.7,3.5,6.4,1,128.9,74.6,42.4,6.3,5895,139.3,80.9,36.3,6.3,20.9,133.9,135.28,134.98,134.94,3.38,18.2,8.7,5.0,-7.6,10.4,6.3,-6.1,0.0,0,1,0,0,2,1,0,5.08,0,0,0,0
PT-101,2026-10-08T13:10:00,57,25.7,3.5,6.4,1,128.9,74.6,42.4,6.3,5895,141.6,81.2,40.1,6.3,21.2,137.7,136.03,135.32,135.28,3.84,9.0,4.2,-5.2,-16.0,12.7,6.6,-2.3,0.0,0,1,0,0,2,1,0,5.17,0,0,0,0
PT-101,2026-10-08T13:15:00,57,25.7,3.5,6.4,1,128.9,74.6,42.4,6.3,5895,136.3,80.4,42.6,6.3,23.1,139.07,136.28,135.75,135.5,3.62,3.0,5.1,0.8,18.6,7.4,5.8,0.2,0.0,0,1,0,0,2,1,0,5.25,0,0,0,0
PT-101,2026-10-08T13:20:00,57,25.7,3.5,6.4,1,128.9,74.6,42.4,6.3,5895,134.9,80.8,40.1,6.3,24.7,137.6,135.75,135.38,135.43,3.45,-6.4,-4.4,0.0,-4.6,6.0,6.2,-2.3,0.0,0,1,0,0,2,1,0,5.33,0,0,0,0
PT-101,2026-10-08T13:25:00,57,25.7,3.5,6.4,1,128.9,74.6,42.4,6.3,5895,131.2,81.5,42.6,6.3,23.5,134.13,135.92,135.02,135.21,3.65,2.0,-4.3,5.6,-3.6,2.3,6.9,0.2,0.0,0,1,0,0,2,1,0,5.42,0,0,0,0
PT-101,2026-10-08T13:30:00,57,25.7,3.5,6.4,1,128.9,74.6,42.4,6.3,5895,134.8,90.3,35.3,6.3,34.8,133.63,136.35,135.06,135.23,3.65,5.2,0.4,17.0,-8.4,5.9,15.7,-7.1,0.0,0,1,0,0,2,1,0,5.5,0,0,0,0
PT-101,2026-10-08T13:35:00,57,25.7,3.5,6.4,1,128.9,74.6,42.4,6.3,5895,138.0,81.9,36.4,6.3,17.4,134.67,136.13,135.71,135.18,3.39,-2.6,7.8,2.0,0.2,9.1,7.3,-6.0,0.0,0,1,0,0,2,1,0,5.58,0,0,0,0
PT-101,2026-10-08T13:40:00,57,25.7,3.5,6.4,1,128.9,74.6,42.4,6.3,5895,134.4,83.4,37.5,6.3,26.8,135.73,134.93,135.48,134.94,3.38,-14.4,-2.7,4.4,-5.2,5.5,8.8,-4.9,0.0,0,1,0,0,2,1,0,5.67,0,0,0,0
PT-101,2026-10-08T13:45:00,57,25.7,3.5,6.4,1,128.9,74.6,42.4,6.3,5895,131.8,80.8,39.6,6.3,26.4,134.73,134.18,135.23,134.9,3.54,-9.0,-3.0,0.8,-6.0,2.9,6.2,-2.8,0.0,0,1,0,0,2,1,0,5.75,0,0,0,0
PT-101,2026-10-08T13:50:00,57,25.7,3.5,6.4,1,128.9,74.6,42.4,6.3,5895,141.2,81.9,38.7,6.3,21.3,135.8,135.23,135.49,135.15,3.86,12.6,3.1,2.2,-2.8,12.3,7.3,-3.7,0.0,0,1,0,0,2,1,0,5.83,0,0,0,0
PT-101,2026-10-08T13:55:00,57,25.7,3.5,6.4,1,128.9,74.6,42.4,6.3,5895,135.8,79.1,37.6,6.3,32.9,136.27,136.0,135.96,135.26,3.49,9.2,5.6,-4.8,-10.0,6.9,4.5,-4.8,0.0,0,1,0,0,2,1,0,5.92,0,0,0,0
PT-101,2026-10-08T14:00:00,57,25.7,3.5,6.4,1,128.9,74.6,42.4,6.3,5895,135.9,78.9,39.9,6.3,18.6,137.63,136.18,136.27,135.26,3.28,2.2,3.7,-22.8,9.2,7.0,4.3,-2.5,0.0,0,1,0,0,2,1,0,6.0,0,0,0,0
PT-101,2026-10-08T14:05:00,57,25.7,3.5,6.4,1,128.9,74.6,42.4,6.3,5895,136.7,77.4,47.8,6.3,11.8,136.13,135.97,136.05,135.51,3.15,-2.6,-2.6,-9.0,22.8,7.8,2.8,5.4,0.0,0,1,0,0,2,1,0,6.08,0,0,0,0
PT-101,2026-10-08T14:10:00,57,25.7,3.5,6.4,1,128.9,74.6,42.4,6.3,5895,136.0,78.8,36.3,6.3,18.4,136.2,136.23,135.58,135.45,2.62,3.2,-5.6,-9.2,-2.4,7.1,4.2,-6.1,0.0,0,1,0,0,2,1,0,6.17,0,0,0,0
PT-101,2026-10-08T14:15:00,57,25.7,3.5,6.4,1,128.9,74.6,42.4,6.3,5895,143.3,80.8,43.0,6.3,18.8,138.67,138.15,136.17,135.96,3.44,23.0,7.0,0.0,6.8,14.4,6.2,0.6,0.0,0,1,0,0,2,1,0,6.25,0,0,0,0
PT-101,2026-10-08T14:20:00,57,25.7,3.5,6.4,1,128.9,74.6,42.4,6.3,5895,132.5,78.7,41.9,6.3,6.4,137.27,136.7,135.97,135.67,3.59,-17.4,-2.4,-6.4,6.4,3.6,4.1,-0.5,0.0,0,1,0,0,2,1,0,6.33,0,0,0,0
PT-101,2026-10-08T14:25:00,57,25.7,3.5,6.4,1,128.9,74.6,42.4,6.3,5895,136.6,75.4,45.4,6.3,10.8,137.47,136.83,136.42,135.72,3.26,1.6,5.4,-7.4,15.6,7.7,0.8,3.0,0.0,0,1,0,0,2,1,0,6.42,0,0,0,0
PT-101,2026-10-08T14:30:00,57,25.7,3.5,6.4,1,128.9,74.6,42.4,6.3,5895,139.7,78.4,43.1,6.3,11.6,136.27,137.47,136.83,135.94,3.35,7.6,4.9,-1.0,6.4,10.8,3.8,0.7,0.0,0,1,0,0,2,1,0,6.5,0,0,0,0
PT-101,2026-10-08T14:35:00,57,25.7,3.5,6.4,1,128.9,74.6,42.4,6.3,5895,136.8,77.3,39.3,6.3,19.0,137.7,137.48,136.72,136.22,3.33,0.2,-1.2,-0.2,-17.0,7.9,2.7,-3.1,0.0,0,1,0,0,2,1,0,6.58,0,0,0,0
PT-101,2026-10-08T14:40:00,57,25.7,3.5,6.4,1,128.9,74.6,42.4,6.3,5895,136.5,80.0,38.8,6.3,14.3,137.67,137.57,136.9,136.19,3.25,1.0,2.1,2.4,5.0,7.6,5.4,-3.6,0.0,0,1,0,0,2,1,0,6.67,0,0,0,0
PT-101,2026-10-08T14:45:00,57,25.7,3.5,6.4,1,128.9,74.6,42.4,6.3,5895,139.0,78.5,39.3,6.3,23.2,137.43,136.85,137.5,136.37,2.86,-8.6,7.2,-4.6,-7.4,10.1,3.9,-3.1,0.0,0,1,0,0,2,1,0,6.75,0,0,0,0
PT-101,2026-10-08T14:50:00,57,25.7,3.5,6.4,1,128.9,74.6,42.4,6.3,5895,137.2,78.6,41.2,6.3,6.0,137.57,137.63,137.17,136.33,2.61,9.4,-4.0,-0.2,-1.4,8.3,4.0,-1.2,0.0,0,1,0,0,2,1,0,6.83,0,0,0,0
PT-101,2026-10-08T14:55:00,57,25.7,3.5,6.4,1,128.9,74.6,42.4,6.3,5895,133.1,82.6,40.0,6.3,17.6,136.43,137.05,136.94,136.45,2.85,-7.0,-2.7,14.4,-10.8,4.2,8.0,-2.4,0.0,0,1,0,0,2,1,0,6.92,0,0,0,0
PT-101,2026-10-08T15:00:00,57,25.7,3.5,6.4,1,128.9,74.6,42.4,6.3,5895,142.7,77.9,38.0,6.3,5.7,137.67,137.55,137.51,136.89,3.27,6.0,6.8,-1.0,-10.2,13.8,3.3,-4.4,0.0,0,1,0,0,2,1,0,7.0,0,0,0,0
PT-101,2026-10-08T15:05:00,57,25.7,3.5,6.4,1,128.9,74.6,42.4,6.3,5895,139.7,79.7,43.6,6.3,10.1,138.5,138.03,137.76,136.9,3.31,5.8,3.0,4.8,8.6,10.8,5.1,1.2,0.0,0,1,0,0,2,1,0,7.08,0,0,0,0
PT-101,2026-10-08T15:10:00,57,25.7,3.5,6.4,1,128.9,74.6,42.4,6.3,5895,137.1,78.3,41.8,6.3,9.2,139.83,138.13,137.85,136.72,3.28,1.2,1.1,-3.4,6.0,8.2,3.7,-0.6,0.0,0,1,0,0,2,1,0,7.17,0,0,0,0
PT-101,2026-10-08T15:15:00,57,25.7,3.5,6.4,1,128.9,74.6,42.4,6.3,5895,139.0,79.3,37.2,6.3,17.5,138.6,138.13,137.49,136.83,2.83,0.0,-4.3,1.6,-4.2,10.1,4.7,-5.2,0.0,0,1,0,0,2,1,0,7.25,0,0,0,0
PT-101,2026-10-08T15:20:00,57,25.7,3.5,6.4,1,128.9,74.6,42.4,6.3,5895,136.9,79.7,39.1,6.3,18.3,137.67,138.08,137.86,136.91,2.37,-0.6,4.4,2.2,-4.2,8.0,5.1,-3.3,0.0,0,1,0,0,2,1,0,7.33,0,0,0,0
PT-101,2026-10-08T15:25:00,57,25.7,3.5,6.4,1,128.9,74.6,42.4,6.3,5895,143.4,80.7,41.7,6.3,12.6,139.77,139.8,138.42,137.42,2.82,20.6,6.8,-3.8,3.4,14.5,6.1,-0.7,0.0,0,1,0,0,2,1,0,7.42,0,0,0,0
PT-101,2026-10-08T15:30:00,57,25.7,3.5,6.4,1,128.9,74.6,42.4,6.3,5895,139.7,75.2,42.2,6.3,19.2,140.0,139.3,138.42,137.62,2.82,-6.0,0.0,-5.4,8.4,10.8,0.6,-0.2,0.0,0,1,0,0,2,1,0,7.5,0,0,0,0
PT-101,2026-10-08T15:35:00,57,25.7,3.5,6.4,1,128.9,74.6,42.4,6.3,5895,142.4,81.8,42.0,6.3,16.2,141.83,139.75,138.89,137.81,2.98,5.4,5.6,4.2,-3.2,13.5,7.2,-0.4,0.0,0,1,0,0,2,1,0,7.58,0,0,0,0
PT-101,2026-10-08T15:40:00,57,25.7,3.5,6.4,1,128.9,74.6,42.4,6.3,5895,136.6,81.2,40.8,6.3,10.9,139.57,139.67,138.9,137.9,2.97,-1.0,0.1,5.8,-2.0,7.7,6.6,-1.6,0.0,0,1,0,0,2,1,0,7.67,0,0,0,0
PT-101,2026-10-08T15:45:00,57,25.7,3.5,6.4,1,128.9,74.6,42.4,6.3,5895,133.6,77.8,39.2,6.3,10.8,137.53,138.77,138.45,137.98,3.34,-10.8,-5.4,-3.0,4.0,4.7,3.2,-3.2,0.0,0,1,0,0,2,1,0,7.75,0,0,0,0
PT-101,2026-10-08T15:50:00,57,25.7,3.5,6.4,1,128.9,74.6,42.4,6.3,5895,139.4,77.4,47.0,6.3,10.0,136.53,139.18,138.63,137.9,3.33,5.0,2.2,-4.6,15.8,10.5,2.8,4.6,0.0,0,1,0,0,2,1,0,7.83,0,0,0,0
PT-101,2026-10-08T15:55:00,57,25.7,3.5,6.4,1,128.9,74.6,42.4,6.3,5895,136.5,80.0,40.7,6.3,17.6,136.5,138.03,138.92,137.93,2.94,-13.8,3.4,-1.4,-2.0,7.6,5.4,-1.7,0.0,0,1,0,0,2,1,0,7.92,0,0,0,0
PT-101,2026-10-08T16:00:00,57,25.7,3.5,6.4,1,128.9,74.6,42.4,6.3,5895,132.3,77.3,39.2,6.3,15.3,136.07,136.8,138.05,137.78,3.24,-14.8,-10.4,4.2,-6.0,3.4,2.7,-3.2,0.0,0,1,0,0,2,1,0,8.0,0,0,0,0
PT-101,2026-10-08T16:05:00,57,25.7,3.5,6.4,1,128.9,74.6,42.4,6.3,5895,136.7,79.5,42.8,6.3,6.9,135.17,135.85,137.8,137.78,3.21,-11.4,-3.0,-4.6,1.6,7.8,4.9,0.4,0.0,0,1,0,0,2,1,0,8.08,0,0,0,0
PT-101,2026-10-08T16:10:00,57,25.7,3.5,6.4,1,128.9,74.6,42.4,6.3,5895,141.2,76.1,43.7,6.3,11.6,136.73,136.62,138.14,138.0,3.35,9.2,4.1,-10.2,5.8,12.3,1.5,1.3,0.0,0,1,0,0,2,1,0,8.17,0,0,0,0
PT-101,2026-10-08T16:15:00,57,25.7,3.5,6.4,1,128.9,74.6,42.4,6.3,5895,132.6,78.7,41.8,6.3,7.5,136.83,136.45,137.61,137.55,3.69,-2.0,-6.4,1.8,5.2,3.7,4.1,-0.6,0.0,0,1,0,0,2,1,0,8.25,0,0,0,0
PT-101,2026-10-08T16:20:00,57,25.7,3.5,6.4,1,128.9,74.6,42.4,6.3,5895,130.4,79.3,37.3,6.3,19.9,134.73,134.95,137.07,137.46,4.24,-18.0,-6.5,3.8,-19.4,1.5,4.7,-5.1,0.0,0,1,0,0,2,1,0,8.33,0,0,0,0
PT-101,2026-10-08T16:25:00,57,25.7,3.5,6.4,1,128.9,74.6,42.4,6.3,5895,134.3,74.9,41.0,6.3,10.2,132.43,134.58,136.31,137.37,3.8,-4.4,-9.1,-10.2,0.6,5.4,0.3,-1.4,0.0,0,1,0,0,2,1,0,8.42,0,0,0,0
PT-101,2026-10-08T16:30:00,57,25.7,3.5,6.4,1,128.9,74.6,42.4,6.3,5895,135.7,79.5,42.2,6.3,21.6,133.47,135.15,135.98,137.2,3.64,6.8,-4.0,4.4,6.0,6.8,4.9,-0.2,0.0,0,1,0,0,2,1,0,8.5,0,0,0,0
PT-101,2026-10-08T16:35:00,57,25.7,3.5,6.4,1,128.9,74.6,42.4,6.3,5895,135.6,79.7,40.3,6.3,13.8,135.2,134.97,135.41,137.15,3.03,-2.2,-6.8,0.4,-5.0,6.7,5.1,-2.1,0.0,0,1,0,0,2,1,0,8.58,0,0,0,0
PT-101,2026-10-08T16:40:00,57,25.7,3.5,6.4,1,128.9,74.6,42.4,6.3,5895,139.7,81.4,36.5,6.3,24.7,137.0,134.72,135.67,137.28,3.26,-3.0,3.1,10.6,-14.4,10.8,6.8,-5.9,0.0,0,1,0,0,2,1,0,8.67,0,0,0,0
PT-101,2026-10-08T16:45:00,57,25.7,3.5,6.4,1,128.9,74.6,42.4,6.3,5895,134.2,78.7,47.5,6.3,8.5,136.5,134.98,135.72,137.08,3.23,3.2,0.6,0.0,11.4,5.3,4.1,5.1,0.0,0,1,0,0,2,1,0,8.75,0,0,0,0
PT-101,2026-10-08T16:50:00,57,25.7,3.5,6.4,1,128.9,74.6,42.4,6.3,5895,138.4,74.2,40.0,6.3,6.5,137.43,136.32,135.63,137.13,3.14,16.0,-1.0,-10.2,5.4,9.5,-0.4,-2.4,0.0,0,1,0,0,2,1,0,8.83,0,0,0,0
PT-101,2026-10-08T16:55:00,57,25.7,3.5,6.4,1,128.9,74.6,42.4,6.3,5895,134.0,80.1,38.1,6.3,12.1,135.53,136.27,135.42,137.17,3.16,-0.6,-2.5,10.4,-5.8,5.1,5.5,-4.3,0.0,0,1,0,0,2,1,0,8.92,0,0,0,0
PT-101,2026-10-08T17:00:00,57,25.7,3.5,6.4,1,128.9,74.6,42.4,6.3,5895,134.5,84.6,36.4,6.3,50.1,135.63,136.07,135.61,136.83,3.03,-2.4,2.2,10.2,-11.6,5.6,10.0,-6.0,0.0,0,0,1,0,2,1,0,9.0,0,0,0,0
PT-101,2026-10-08T17:05:00,57,25.7,3.5,6.4,1,128.9,74.6,42.4,6.3,5895,136.0,84.6,32.9,6.3,46.6,134.83,136.13,135.55,136.67,3.01,0.8,-0.7,9.8,-14.8,7.1,10.0,-9.5,0.0,0,0,1,0,2,1,0,9.08,0,0,0,0
PT-101,2026-10-08T17:10:00,57,25.7,3.5,6.4,1,128.9,74.6,42.4,6.3,5895,133.4,87.1,33.6,6.3,68.1,134.63,135.08,134.9,136.52,2.47,-12.6,-7.8,11.4,-5.8,4.5,12.5,-8.8,0.0,0,0,1,0,2,1,0,9.17,0,0,0,0
PT-101,2026-10-08T17:15:00,57,25.7,3.5,6.4,1,128.9,74.6,42.4,6.3,5895,134.8,82.5,36.5,6.3,51.4,134.73,135.18,135.08,136.35,2.37,1.2,2.2,7.6,-22.0,5.9,7.9,-5.9,0.0,0,0,1,0,2,1,0,9.25,0,0,0,0
PT-101,2026-10-08T17:20:00,57,25.7,3.5,6.4,1,128.9,74.6,42.4,6.3,5895,127.0,81.1,36.7,6.3,59.4,131.73,133.28,134.8,135.93,3.07,-22.8,-3.4,13.8,-6.6,-1.9,6.5,-5.7,0.0,0,0,1,0,2,1,0,9.33,0,0,0,0
PT-101,2026-10-08T17:25:00,57,25.7,3.5,6.4,1,128.9,74.6,42.4,6.3,5895,136.0,85.9,37.2,6.3,49.2,132.6,133.62,134.94,135.62,3.09,4.0,1.7,11.6,-1.8,7.1,11.3,-5.2,0.0,0,0,1,0,2,1,0,9.42,0,0,0,0
PT-101,2026-10-08T17:30:00,57,25.7,3.5,6.4,1,128.9,74.6,42.4,6.3,5895,134.0,82.2,31.4,6.3,57.0,132.33,133.53,134.8,135.39,3.09,-1.0,-1.7,-4.8,-10.0,5.1,7.6,-11.0,0.0,0,0,1,0,2,1,0,9.5,0,0,0,0
PT-101,2026-10-08T17:35:00,57,25.7,3.5,6.4,1,128.9,74.6,42.4,6.3,5895,133.1,85.6,32.9,6.3,66.9,134.37,133.05,134.59,135.0,3.12,-5.8,-2.5,2.0,0.0,4.2,11.0,-9.5,0.0,0,0,1,0,2,1,0,9.58,0,0,0,0
PT-101,2026-10-08T17:40:00,57,25.7,3.5,6.4,1,128.9,74.6,42.4,6.3,5895,130.9,82.5,36.2,6.3,46.1,132.67,132.63,133.86,134.76,2.83,-5.0,-8.8,-9.2,5.2,2.0,7.9,-6.2,0.0,0,0,1,0,2,1,0,9.67,0,0,0,0
PT-101,2026-10-08T17:45:00,57,25.7,3.5,6.4,1,128.9,74.6,42.4,6.3,5895,132.8,83.3,35.4,6.3,60.2,132.27,132.3,133.74,134.73,2.84,-4.0,-1.4,1.6,-2.2,3.9,8.7,-7.0,0.0,0,0,1,0,2,1,0,9.75,0,0,0,0
PT-101,2026-10-08T17:50:00,57,25.7,3.5,6.4,1,128.9,74.6,42.4,6.3,5895,129.0,84.8,35.9,6.3,64.8,130.9,132.63,132.96,134.3,2.73,4.0,-9.4,7.4,-1.6,0.1,10.2,-6.5,0.0,0,0,1,0,2,1,0,9.83,0,0,0,0
PT-101,2026-10-08T17:55:00,57,25.7,3.5,6.4,1,128.9,74.6,42.4,6.3,5895,130.4,86.1,34.8,6.3,58.0,130.73,131.7,132.66,134.04,2.8,-11.2,-3.6,0.4,-4.8,1.5,11.5,-7.6,0.0,0,0,1,0,2,1,0,9.92,0,0,0,0
PT-101,2026-10-08T18:00:00,57,25.7,3.5,6.4,1,128.9,74.6,42.4,6.3,5895,137.5,80.8,35.7,6.3,64.4,132.3,132.28,132.91,134.26,3.1,7.0,3.0,-2.8,8.6,8.6,6.2,-6.7,0.0,0,0,1,0,2,1,0,10.0,0,0,0,0
PT-101,2026-10-08T18:05:00,57,25.7,3.5,6.4,1,128.9,74.6,42.4,6.3,5895,131.4,76.3,40.8,6.3,7.3,133.1,132.0,132.52,134.04,2.97,-3.4,-4.6,-18.6,15.8,2.5,1.7,-1.6,0.0,0,0,1,0,2,1,0,10.08,0,0,0,0
PT-101,2026-10-08T18:10:00,57,25.7,3.5,6.4,1,128.9,74.6,42.4,6.3,5895,132.3,75.9,40.4,6.3,23.8,133.73,132.23,132.43,133.67,2.95,2.8,-1.1,-13.2,8.4,3.4,1.3,-2.0,0.0,0,0,1,0,2,1,0,10.17,0,0,0,0
PT-101,2026-10-08T18:15:00,57,25.7,3.5,6.4,1,128.9,74.6,42.4,6.3,5895,136.0,79.5,39.9,6.3,23.5,133.23,132.77,132.53,133.81,3.06,6.4,1.2,-7.6,9.0,7.1,4.9,-2.5,0.0,0,0,1,0,2,1,0,10.25,0,0,0,0
PT-101,2026-10-08T18:20:00,57,25.7,3.5,6.4,1,128.9,74.6,42.4,6.3,5895,131.4,81.0,39.1,6.3,24.8,133.23,133.17,132.9,133.85,2.56,4.8,4.4,-7.6,6.4,2.5,6.4,-3.3,0.0,0,0,1,0,2,1,0,10.33,0,0,0,0
PT-101,2026-10-08T18:25:00,57,25.7,3.5,6.4,1,128.9,74.6,42.4,6.3,5895,135.1,75.6,42.0,6.3,5.7,134.17,133.95,132.83,133.88,2.47,9.4,-0.9,-21.0,14.4,6.2,1.0,-0.4,0.0,0,0,1,0,2,1,0,10.42,0,0,0,0
PT-101,2026-10-08T18:30:00,57,25.7,3.5,6.4,1,128.9,74.6,42.4,6.3,5895,130.7,76.6,44.6,6.3,16.6,132.4,132.82,132.55,133.68,2.51,-13.6,-3.3,-8.4,17.8,1.8,2.0,2.2,0.0,0,0,1,0,2,1,0,10.5,0,0,0,0
PT-101,2026-10-08T18:35:00,57,25.7,3.5,6.4,1,128.9,74.6,42.4,6.3,5895,137.5,76.1,39.8,6.3,18.9,134.43,133.83,132.92,133.75,2.89,12.2,4.4,-0.4,-2.0,8.6,1.5,-2.6,0.0,0,0,1,0,2,1,0,10.58,0,0,0,0
PT-101,2026-10-08T18:40:00,57,25.7,3.5,6.4,1,128.9,74.6,42.4,6.3,5895,132.3,75.2,44.3,6.3,11.4,133.5,133.83,133.03,133.45,2.83,0.0,1.4,-1.4,7.8,3.4,0.6,1.9,0.0,0,0,1,0,2,1,0,10.67,0,0,0,0
PT-101,2026-10-08T18:45:00,57,25.7,3.5,6.4,1,128.9,74.6,42.4,6.3,5895,131.2,75.8,44.8,6.3,7.4,133.67,133.03,132.9,133.32,2.88,-9.6,-1.6,-7.4,9.8,2.3,1.2,2.4,0.0,0,0,1,0,2,1,0,10.75,0,0,0,0
PT-101,2026-10-08T18:50:00,57,25.7,3.5,6.4,1,128.9,74.6,42.4,6.3,5895,132.4,78.7,39.1,6.3,23.6,131.97,133.2,133.18,133.07,2.62,2.0,3.4,-4.6,0.0,3.5,4.1,-3.3,0.0,0,0,1,0,2,1,0,10.83,0,0,0,0
PT-101,2026-10-08T18:55:00,57,25.7,3.5,6.4,1,128.9,74.6,42.4,6.3,5895,132.2,74.5,46.4,6.3,5.9,131.93,132.72,133.33,133.0,2.49,-5.8,1.8,-2.2,8.8,3.3,-0.1,4.0,0.0,0,0,1,0,2,1,0,10.92,0,0,0,0
PT-101,2026-10-08T19:00:00,57,25.7,3.5,6.4,1,128.9,74.6,42.4,6.3,5895,137.5,77.3,40.5,6.3,16.5,134.03,133.85,133.33,133.12,2.49,13.6,0.0,1.4,-8.2,8.6,2.7,-1.9,0.0,0,0,1,0,2,1,0,11.0,0,0,0,0
PT-101,2026-10-08T19:05:00,57,25.7,3.5,6.4,1,128.9,74.6,42.4,6.3,5895,130.0,73.7,42.1,6.3,23.0,133.23,132.6,133.22,132.87,2.62,-15.0,-1.4,-4.8,4.6,1.1,-0.9,-0.3,0.0,0,0,1,0,2,1,0,11.08,0,0,0,0
PT-101,2026-10-08T19:10:00,57,25.7,3.5,6.4,1,128.9,74.6,42.4,6.3,5895,130.8,77.8,43.0,6.3,9.5,132.77,132.35,133.09,132.76,2.7,-3.0,-1.5,5.2,-2.6,1.9,3.2,0.6,0.0,0,0,1,0,2,1,0,11.17,0,0,0,0
PT-101,2026-10-08T19:15:00,57,25.7,3.5,6.4,1,128.9,74.6,42.4,6.3,5895,135.1,76.6,38.2,6.3,16.0,131.97,133.0,133.02,132.78,2.62,7.8,-0.9,1.6,-13.2,6.2,2.0,-4.2,0.0,0,0,1,0,2,1,0,11.25,0,0,0,0
PT-101,2026-10-08T19:20:00,57,25.7,3.5,6.4,1,128.9,74.6,42.4,6.3,5895,132.1,78.0,43.6,6.3,18.6,132.67,132.95,133.08,132.99,2.59,-0.6,0.7,-1.4,9.0,3.2,3.4,1.2,0.0,0,0,1,0,2,1,0,11.33,0,0,0,0
PT-101,2026-10-08T19:25:00,57,25.7,3.5,6.4,1,128.9,74.6,42.4,6.3,5895,127.9,77.6,46.3,6.3,11.0,131.7,132.23,132.48,132.65,2.9,-8.6,-7.2,6.2,-0.2,-1.0,3.0,3.9,0.0,0,0,1,0,2,1,0,11.42,0,0,0,0
PT-101,2026-10-08T19:30:00,57,25.7,3.5,6.4,1,128.9,74.6,42.4,6.3,5895,130.9,76.2,42.9,6.3,22.7,130.3,131.13,132.49,132.52,2.89,-13.2,0.2,-2.2,4.8,2.0,1.6,0.5,0.0,0,0,1,0,2,1,0,11.5,0,0,0,0
PT-101,2026-10-08T19:35:00,57,25.7,3.5,6.4,1,128.9,74.6,42.4,6.3,5895,129.6,73.0,38.1,6.3,8.0,129.47,131.07,131.83,132.38,2.52,-0.8,-7.9,-1.4,-8.0,0.7,-1.6,-4.3,0.0,0,0,1,0,2,1,0,11.58,0,0,0,0
PT-101,2026-10-08T19:40:00,57,25.7,3.5,6.4,1,128.9,74.6,42.4,6.3,5895,133.4,74.2,34.0,6.3,9.2,131.3,131.5,131.92,132.48,2.56,5.2,1.1,-7.2,-18.0,4.5,-0.4,-8.4,0.0,0,0,1,0,2,1,0,11.67,0,0,0,0
PT-101,2026-10-08T19:45:00,57,25.7,3.5,6.4,1,128.9,74.6,42.4,6.3,5895,129.0,77.2,45.3,6.3,18.6,130.67,130.48,131.74,132.32,2.69,-12.2,-2.2,1.2,14.2,0.1,2.6,2.9,0.0,0,0,1,0,2,1,0,11.75,0,0,0,0
PT-101,2026-10-08T19:50:00,57,25.7,3.5,6.4,1,128.9,74.6,42.4,6.3,5895,128.3,78.2,42.4,6.3,23.0,130.23,129.85,131.4,132.29,2.85,-7.6,-4.1,0.4,-2.4,-0.6,3.6,0.0,0.0,0,0,1,0,2,1,0,11.83,0,0,0,0
PT-101,2026-10-08T19:55:00,57,25.7,3.5,6.4,1,128.9,74.6,42.4,6.3,5895,135.5,74.3,42.7,6.3,21.2,130.93,131.12,131.67,132.5,3.09,15.2,3.3,-6.6,-7.2,6.6,-0.3,0.3,0.0,0,0,1,0,2,1,0,11.92,0,0,0,0
PT-101,2026-10-08T20:00:00,57,25.7,3.5,6.4,1,128.9,74.6,42.4,6.3,5895,129.0,75.5,38.9,6.3,23.7,130.93,130.8,130.97,132.15,2.56,-3.8,-8.5,-1.4,-8.0,0.1,0.9,-3.5,0.0,0,0,1,0,2,1,0,0.0,0,0,0,0
PT-101,2026-10-08T20:05:00,57,25.7,3.5,6.4,1,128.9,74.6,42.4,6.3,5895,127.4,71.2,45.8,6.3,9.1,130.63,130.43,130.75,131.98,2.75,-4.4,-2.6,-3.6,15.4,-1.5,-3.4,3.4,0.0,0,0,1,0,2,1,0,0.08,0,0,0,0
PT-101,2026-10-08T20:10:00,57,25.7,3.5,6.4,1,128.9,74.6,42.4,6.3,5895,128.9,77.1,38.7,6.3,24.6,128.43,129.68,130.59,131.84,2.8,-9.0,-1.9,5.8,9.4,0.0,2.5,-3.7,0.0,0,0,1,0,2,1,0,0.17,0,0,0,0
PT-101,2026-10-08T20:15:00,57,25.7,3.5,6.4,1,128.9,74.6,42.4,6.3,5895,129.9,75.8,40.2,6.3,16.1,128.73,129.83,130.16,131.59,2.42,1.8,-5.2,-2.8,-10.2,1.0,1.2,-2.2,0.0,0,0,1,0,2,1,0,0.25,0,0,0,0
PT-101,2026-10-08T20:20:00,57,25.7,3.5,6.4,1,128.9,74.6,42.4,6.3,5895,130.7,74.3,35.4,6.3,19.8,129.83,130.23,130.04,131.56,2.35,4.8,-1.4,-7.8,-14.0,1.8,-0.3,-7.0,0.0,0,0,1,0,2,1,0,0.33,0,0,0,0
PT-101,2026-10-08T20:25:00,57,25.7,3.5,6.4,1,128.9,74.6,42.4,6.3,5895,130.5,74.7,41.7,6.3,10.2,130.37,129.4,130.26,131.37,2.25,-10.0,2.6,0.8,-2.0,1.6,0.1,-0.7,0.0,0,0,1,0,2,1,0,0.42,0,0,0,0
PT-101,2026-10-08T20:30:00,57,25.7,3.5,6.4,1,128.9,74.6,42.4,6.3,5895,120.3,73.8,42.2,6.3,11.0,127.17,127.95,129.38,130.93,3.63,-17.4,-10.6,-3.4,6.6,-8.6,-0.8,-0.2,0.0,0,0,1,0,2,1,0,0.5,0,0,0,0
PT-101,2026-10-08T20:35:00,57,25.7,3.5,6.4,1,128.9,74.6,42.4,6.3,5895,132.5,72.6,44.1,6.3,6.3,127.77,128.8,129.62,130.72,3.74,10.2,2.9,2.8,-3.4,3.6,-2.0,1.7,0.0,0,0,1,0,2,1,0,0.58,0,0,0,0
PT-101,2026-10-08T20:40:00,57,25.7,3.5,6.4,1,128.9,74.6,42.4,6.3,5895,129.0,72.2,39.7,6.3,8.7,127.27,128.82,129.25,130.59,3.55,0.2,-4.4,-9.8,2.0,0.1,-2.4,-2.7,0.0,0,0,1,0,2,1,0,0.67,0,0,0,0
PT-101,2026-10-08T20:45:00,57,25.7,3.5,6.4,1,128.9,74.6,42.4,6.3,5895,121.9,76.1,37.8,6.3,22.4,127.8,127.48,128.66,130.2,4.14,-16.0,-7.1,0.6,-4.8,-7.0,1.5,-4.6,0.0,0,0,1,0,2,1,0,0.75,0,0,0,0
PT-101,2026-10-08T20:50:00,57,25.7,3.5,6.4,1,128.9,74.6,42.4,6.3,5895,130.1,73.6,41.4,6.3,5.8,127.0,127.38,128.81,130.1,4.15,-1.2,1.8,-1.4,12.0,1.2,-1.0,-1.0,0.0,0,0,1,0,2,1,0,0.83,0,0,0,0
PT-101,2026-10-08T20:55:00,57,25.7,3.5,6.4,1,128.9,74.6,42.4,6.3,5895,128.9,70.5,41.9,6.3,14.5,126.97,127.12,128.26,129.97,3.59,-3.2,-6.6,-8.4,0.4,0.0,-4.1,-0.5,0.0,0,0,1,0,2,1,0,0.92,0,0,0,0
PT-101,2026-10-08T21:00:00,57,25.7,3.5,6.4,1,128.9,74.6,42.4,6.3,5895,127.4,70.7,43.7,6.3,19.7,128.8,128.3,128.12,129.55,3.59,14.2,-1.6,-6.2,3.0,-1.5,-3.9,1.3,0.0,0,0,1,0,2,1,0,1.0,0,0,0,0
PT-101,2026-10-08T21:05:00,57,25.7,3.5,6.4,1,128.9,74.6,42.4,6.3,5895,119.0,75.2,36.2,6.3,10.6,125.1,126.05,127.42,129.09,4.46,-27.0,-8.4,5.2,-15.8,-9.9,0.6,-6.2,0.0,0,0,1,0,2,1,0,1.08,0,0,0,0
PT-101,2026-10-08T21:10:00,57,25.7,3.5,6.4,1,128.9,74.6,42.4,6.3,5895,120.8,69.6,44.7,6.3,6.6,122.4,124.68,126.75,128.67,4.81,-16.4,-8.1,-5.2,10.0,-8.1,-5.0,2.3,0.0,0,0,1,0,2,1,0,1.17,0,0,0,0
PT-101,2026-10-08T21:15:00,57,25.7,3.5,6.4,1,128.9,74.6,42.4,6.3,5895,130.4,76.8,43.5,6.3,23.0,123.4,126.1,126.79,128.48,4.84,17.0,0.5,1.4,11.4,1.5,2.2,1.1,0.0,0,0,1,0,2,1,0,1.25,0,0,0,0
PT-101,2026-10-08T21:20:00,57,25.7,3.5,6.4,1,128.9,74.6,42.4,6.3,5895,129.2,76.6,36.5,6.3,22.8,126.8,125.95,126.67,128.35,4.75,-1.8,-1.5,6.0,-9.8,0.3,2.0,-5.9,0.0,0,0,1,0,2,1,0,1.33,0,0,0,0
PT-101,2026-10-08T21:25:00,57,25.7,3.5,6.4,1,128.9,74.6,42.4,6.3,5895,122.8,77.0,39.1,6.3,17.1,127.47,124.93,126.02,128.14,4.71,-12.2,-7.7,13.0,-5.6,-6.1,2.4,-3.3,0.0,0,0,1,0,2,1,0,1.42,0,0,0,0
PT-101,2026-10-08T21:30:00,57,25.7,3.5,6.4,1,128.9,74.6,42.4,6.3,5895,127.4,71.8,39.5,6.3,9.0,126.47,124.93,126.62,128.0,4.35,0.0,7.1,2.2,-8.4,-1.5,-2.8,-2.9,0.0,0,0,1,0,2,1,0,1.5,0,0,0,0
PT-101,2026-10-08T21:35:00,57,25.7,3.5,6.4,1,128.9,74.6,42.4,6.3,5895,125.7,70.6,40.4,6.3,5.9,125.3,126.05,126.05,127.83,3.94,13.4,-6.8,-9.2,8.4,-3.2,-4.0,-2.0,0.0,0,0,1,0,2,1,0,1.58,0,0,0,0
PT-101,2026-10-08T21:40:00,57,25.7,3.5,6.4,1,128.9,74.6,42.4,6.3,5895,126.9,76.7,40.0,6.3,19.5,126.67,127.07,125.88,127.56,3.84,12.2,-2.1,14.2,-9.4,-2.0,2.1,-2.4,0.0,0,0,1,0,2,1,0,1.67,0,0,0,0
PT-101,2026-10-08T21:45:00,57,25.7,3.5,6.4,1,128.9,74.6,42.4,6.3,5895,125.2,72.4,39.2,6.3,11.0,125.93,126.2,126.15,127.4,3.65,-10.4,3.3,-8.8,-8.6,-3.7,-2.2,-3.2,0.0,0,0,1,0,2,1,0,1.75,0,0,0,0
PT-101,2026-10-08T21:50:00,57,25.7,3.5,6.4,1,128.9,74.6,42.4,6.3,5895,123.4,70.8,37.6,6.3,9.7,125.17,125.23,125.59,127.2,3.5,-11.6,-6.7,-11.6,2.2,-5.5,-3.8,-4.8,0.0,0,0,1,0,2,1,0,1.83,0,0,0,0
PT-101,2026-10-08T21:55:00,57,25.7,3.5,6.4,1,128.9,74.6,42.4,6.3,5895,131.7,71.5,39.4,6.3,7.4,126.77,126.72,125.82,127.04,3.82,17.8,2.8,-11.0,0.6,2.8,-3.1,-3.0,0.0,0,0,1,0,2,1,0,1.92,0,0,0,0
PT-102,2026-10-08T08:00:00,50,31.0,6.4,7.2,0,149.0,65.7,42.4,7.6,8122,152.7,68.8,39.9,7.6,16.6,152.7,152.7,152.7,152.7,0.0,0.0,0.0,0.0,0.0,3.7,3.1,-2.5,0.0,1,0,0,0,1,1,0,0.0,0,0,0,0
PT-102,2026-10-08T08:05:00,50,31.0,6.4,7.2,0,149.0,65.7,42.4,7.6,8122,148.3,70.0,40.5,7.6,23.4,150.5,150.5,150.5,150.5,3.11,0.0,0.0,0.0,0.0,-0.7,4.3,-1.9,0.0,1,0,0,0,1,1,0,0.08,0,0,0,0
PT-102,2026-10-08T08:10:00,50,31.0,6.4,7.2,0,149.0,65.7,42.4,7.6,8122,151.6,74.2,40.3,7.6,20.4,150.87,150.87,150.87,150.87,2.29,0.0,0.0,0.0,0.0,2.6,8.5,-2.1,0.0,1,0,0,0,1,1,0,0.17,0,0,0,0
PT-102,2026-10-08T08:15:00,50,31.0,6.4,7.2,0,149.0,65.7,42.4,7.6,8122,154.5,72.5,39.1,7.6,14.4,151.47,151.78,151.78,151.78,2.61,0.0,0.0,0.0,0.0,5.5,6.8,-3.3,0.0,1,0,0,0,1,1,0,0.25,0,0,0,0
PT-102,2026-10-08T08:20:00,50,31.0,6.4,7.2,0,149.0,65.7,42.4,7.6,8122,154.8,71.4,36.5,7.6,12.6,153.63,152.38,152.38,152.38,2.63,0.0,0.0,0.0,0.0,5.8,5.7,-5.9,0.0,1,0,0,0,1,1,0,0.33,0,0,0,0
PT-102,2026-10-08T08:25:00,50,31.0,6.4,7.2,0,149.0,65.7,42.4,7.6,8122,149.7,70.9,38.6,7.6,20.9,153.0,151.93,151.93,151.93,2.6,0.0,0.0,0.0,0.0,0.7,5.2,-3.8,0.0,1,0,0,0,1,1,0,0.42,0,0,0,0
PT-102,2026-10-08T08:30:00,50,31.0,6.4,7.2,0,149.0,65.7,42.4,7.6,8122,141.2,78.6,39.3,7.6,47.0,148.57,150.02,150.4,150.4,4.7,-23.0,0.0,19.6,-1.2,-7.8,12.9,-3.1,0.0,1,0,0,0,1,1,0,0.5,0,0,0,0
PT-102,2026-10-08T08:35:00,50,31.0,6.4,7.2,0,149.0,65.7,42.4,7.6,8122,147.6,82.5,32.6,7.6,70.3,146.17,149.9,150.05,150.05,4.46,-1.4,0.0,25.0,-15.8,-1.4,16.8,-9.8,0.0,1,0,0,0,1,1,0,0.58,0,0,0,0
PT-102,2026-10-08T08:40:00,50,31.0,6.4,7.2,0,149.0,65.7,42.4,7.6,8122,145.1,74.5,32.6,7.6,46.0,144.63,148.82,149.5,149.5,4.49,-13.0,0.0,0.6,-15.4,-3.9,8.8,-9.8,0.0,1,0,0,0,1,1,0,0.67,0,0,0,0
PT-102,2026-10-08T08:45:00,50,31.0,6.4,7.2,0,149.0,65.7,42.4,7.6,8122,151.1,76.8,36.7,7.6,63.2,147.93,148.25,149.66,149.66,4.26,-6.8,0.0,8.6,-4.8,2.1,11.1,-5.7,0.0,1,0,0,0,1,1,0,0.75,0,0,0,0
PT-102,2026-10-08T08:50:00,50,31.0,6.4,7.2,0,149.0,65.7,42.4,7.6,8122,152.5,77.7,34.5,7.6,58.4,149.57,147.87,149.92,149.92,4.13,-4.6,0.0,12.6,-4.0,3.5,12.0,-7.9,0.0,1,0,0,0,1,1,0,0.83,0,0,0,0
PT-102,2026-10-08T08:55:00,50,31.0,6.4,7.2,0,149.0,65.7,42.4,7.6,8122,153.5,80.3,33.9,7.6,75.0,152.37,148.5,150.22,150.22,4.07,7.6,0.0,18.8,-9.4,4.5,14.6,-8.5,0.0,1,0,0,0,1,1,0,0.92,0,0,0,0
PT-102,2026-10-08T09:00:00,50,31.0,6.4,7.2,0,149.0,65.7,42.4,7.6,8122,144.9,75.7,38.1,7.6,51.1,150.3,149.12,149.57,149.81,4.26,7.4,-7.8,-5.8,-2.4,-4.1,10.0,-4.3,0.0,1,0,0,0,1,1,0,1.0,0,0,0,0
PT-102,2026-10-08T09:05:00,50,31.0,6.4,7.2,0,149.0,65.7,42.4,7.6,8122,146.6,73.2,33.2,7.6,50.3,148.33,148.95,149.42,149.58,4.33,-2.0,-1.7,-18.6,1.2,-2.4,7.5,-9.2,0.0,1,0,0,0,1,1,0,1.08,0,0,0,0
PT-102,2026-10-08T09:10:00,50,31.0,6.4,7.2,0,149.0,65.7,42.4,7.6,8122,147.3,75.8,33.0,7.6,53.2,146.27,149.32,149.07,149.43,4.31,4.4,-4.3,2.6,0.8,-1.7,10.1,-9.4,0.0,1,0,0,0,1,1,0,1.17,0,0,0,0
PT-102,2026-10-08T09:15:00,50,31.0,6.4,7.2,0,149.0,65.7,42.4,7.6,8122,147.8,77.0,32.0,7.6,71.8,147.23,148.77,148.51,149.32,3.97,-6.6,-6.7,0.4,-9.4,-1.2,11.3,-10.4,0.0,1,0,0,0,1,1,0,1.25,0,0,0,0
PT-102,2026-10-08T09:20:00,50,31.0,6.4,7.2,0,149.0,65.7,42.4,7.6,8122,146.8,77.0,34.9,7.6,48.6,147.3,147.82,147.84,149.18,3.45,-11.4,-8.0,-1.4,0.8,-2.2,11.3,-7.5,0.0,1,0,0,0,1,1,0,1.33,0,0,0,0
PT-102,2026-10-08T09:25:00,50,31.0,6.4,7.2,0,149.0,65.7,42.4,7.6,8122,147.6,78.7,34.4,7.6,61.5,147.4,146.83,147.67,149.09,3.4,-11.8,-2.1,-3.2,1.0,-1.4,13.0,-8.0,0.0,1,0,0,0,1,1,0,1.42,0,0,0,0
PT-102,2026-10-08T09:30:00,50,31.0,6.4,7.2,0,149.0,65.7,42.4,7.6,8122,152.1,75.0,34.2,7.6,51.1,148.83,148.03,148.58,149.25,2.94,14.4,10.9,-1.4,-7.8,3.1,9.3,-8.2,0.0,1,0,0,0,1,1,0,1.5,0,0,0,0
PT-102,2026-10-08T09:35:00,50,31.0,6.4,7.2,0,149.0,65.7,42.4,7.6,8122,150.1,65.1,42.1,7.6,6.0,149.93,148.62,148.78,149.29,2.96,7.0,2.5,-16.2,17.8,1.1,-0.6,-0.3,0.0,1,0,0,0,1,1,0,1.58,0,0,0,0
PT-102,2026-10-08T09:40:00,50,31.0,6.4,7.2,0,149.0,65.7,42.4,7.6,8122,157.0,68.6,42.4,7.6,6.2,153.07,150.23,149.78,149.66,3.54,19.4,11.9,-14.4,18.8,8.0,2.9,0.0,0.0,1,0,0,0,1,1,0,1.67,0,0,0,0
PT-102,2026-10-08T09:45:00,50,31.0,6.4,7.2,0,149.0,65.7,42.4,7.6,8122,151.6,70.2,37.8,7.6,17.7,152.9,150.87,149.82,149.75,3.56,7.6,0.5,-13.6,11.6,2.6,4.5,-4.6,0.0,1,0,0,0,1,1,0,1.75,0,0,0,0
PT-102,2026-10-08T09:50:00,50,31.0,6.4,7.2,0,149.0,65.7,42.4,7.6,8122,156.2,71.8,42.2,7.6,11.8,154.93,152.43,150.12,150.03,3.96,18.8,3.7,-10.4,14.6,7.2,6.1,-0.2,0.0,1,0,0,0,1,1,0,1.83,0,0,0,0
PT-102,2026-10-08T09:55:00,50,31.0,6.4,7.2,0,149.0,65.7,42.4,7.6,8122,154.9,72.6,40.8,7.6,17.9,154.23,153.65,150.24,150.23,4.08,14.6,1.4,-12.2,12.8,5.9,6.9,-1.6,0.0,1,0,0,0,1,1,0,1.92,0,0,0,0
PT-102,2026-10-08T10:00:00,50,31.0,6.4,7.2,0,149.0,65.7,42.4,7.6,8122,153.7,72.9,45.5,7.6,18.3,154.93,153.92,150.98,150.27,3.82,3.2,8.8,-4.2,22.6,4.7,7.2,3.1,0.0,1,0,0,0,1,1,0,2.0,0,0,0,0
PT-102,2026-10-08T10:05:00,50,31.0,6.4,7.2,0,149.0,65.7,42.4,7.6,8122,153.8,74.7,42.2,7.6,18.7,154.13,154.53,151.58,150.5,3.63,7.4,7.2,19.2,0.2,4.8,9.0,-0.2,0.0,1,0,0,0,1,1,0,2.08,0,0,0,0
PT-102,2026-10-08T10:10:00,50,31.0,6.4,7.2,0,149.0,65.7,42.4,7.6,8122,154.7,71.2,43.1,7.6,16.5,154.07,154.15,152.19,150.63,3.46,-4.6,7.4,5.2,1.4,5.7,5.5,0.7,0.0,1,0,0,0,1,1,0,2.17,0,0,0,0
PT-102,2026-10-08T10:15:00,50,31.0,6.4,7.2,0,149.0,65.7,42.4,7.6,8122,157.0,71.8,40.9,7.6,17.3,155.17,155.05,152.96,150.73,3.42,10.8,9.2,3.2,6.2,8.0,6.1,-1.5,0.0,1,0,0,0,1,1,0,2.25,0,0,0,0
PT-102,2026-10-08T10:20:00,50,31.0,6.4,7.2,0,149.0,65.7,42.4,7.6,8122,153.1,74.2,41.2,7.6,24.7,154.93,154.53,153.48,150.66,2.82,-6.2,6.3,4.8,-2.0,4.1,8.5,-1.2,0.0,1,0,0,0,1,1,0,2.33,0,0,0,0
PT-102,2026-10-08T10:25:00,50,31.0,6.4,7.2,0,149.0,65.7,42.4,7.6,8122,154.0,68.1,39.4,7.6,22.6,154.7,154.38,154.02,150.84,2.12,-1.8,6.4,-9.0,-2.8,5.0,2.4,-3.0,0.0,1,0,0,0,1,1,0,2.42,0,0,0,0
PT-102,2026-10-08T10:30:00,50,31.0,6.4,7.2,0,149.0,65.7,42.4,7.6,8122,149.9,73.0,37.8,7.6,14.4,152.33,153.75,153.83,151.2,2.38,-7.6,-2.2,0.2,-15.4,0.9,7.3,-4.6,0.0,1,0,0,0,1,1,0,2.5,0,0,0,0
PT-102,2026-10-08T10:35:00,50,31.0,6.4,7.2,0,149.0,65.7,42.4,7.6,8122,156.2,73.5,42.2,7.6,5.5,153.37,154.15,154.34,151.56,2.16,4.8,6.1,-2.4,0.0,7.2,7.8,-0.2,0.0,1,0,0,0,1,1,0,2.58,0,0,0,0
PT-102,2026-10-08T10:40:00,50,31.0,6.4,7.2,0,149.0,65.7,42.4,7.6,8122,156.6,67.7,44.8,7.6,7.6,154.23,154.47,154.31,152.04,2.11,3.8,-0.4,-7.0,3.4,7.6,2.0,2.4,0.0,1,0,0,0,1,1,0,2.67,0,0,0,0
PT-102,2026-10-08T10:45:00,50,31.0,6.4,7.2,0,149.0,65.7,42.4,7.6,8122,161.0,71.1,44.2,7.6,14.2,157.93,155.13,155.09,152.45,2.68,8.0,9.4,-1.4,6.6,12.0,5.4,1.8,0.0,1,0,0,0,1,1,0,2.75,0,0,0,0
PT-102,2026-10-08T10:50:00,50,31.0,6.4,7.2,0,149.0,65.7,42.4,7.6,8122,161.1,70.7,39.2,7.6,12.4,159.57,156.47,155.5,152.81,3.19,16.0,4.9,-7.0,-4.0,12.1,5.0,-3.2,0.0,1,0,0,0,1,1,0,2.83,0,0,0,0
PT-102,2026-10-08T10:55:00,50,31.0,6.4,7.2,0,149.0,65.7,42.4,7.6,8122,158.5,67.9,42.1,7.6,14.8,160.2,157.22,155.8,153.02,3.3,9.0,3.6,-0.4,5.4,9.5,2.2,-0.3,0.0,1,0,0,0,1,1,0,2.92,0,0,0,0
PT-102,2026-10-08T11:00:00,50,31.0,6.4,7.2,0,149.0,65.7,42.4,7.6,8122,153.9,68.1,40.6,7.6,10.4,157.83,157.88,155.82,153.4,3.29,8.0,0.2,-9.8,5.6,4.9,2.4,-1.8,0.0,1,0,0,0,1,1,0,3.0,0,0,0,0
PT-102,2026-10-08T11:05:00,50,31.0,6.4,7.2,0,149.0,65.7,42.4,7.6,8122,155.6,75.9,39.8,7.6,14.8,156.0,157.78,155.97,153.77,3.23,-1.2,1.8,4.8,-4.8,6.6,10.2,-2.6,0.0,1,0,0,0,1,1,0,3.08,0,0,0,0
PT-102,2026-10-08T11:10:00,50,31.0,6.4,7.2,0,149.0,65.7,42.4,7.6,8122,153.8,75.3,39.0,7.6,20.0,154.43,157.32,155.89,154.04,3.27,-5.6,-0.9,15.2,-11.6,4.8,9.6,-3.4,0.0,1,0,0,0,1,1,0,3.17,0,0,0,0
PT-102,2026-10-08T11:15:00,50,31.0,6.4,7.2,0,149.0,65.7,42.4,7.6,8122,154.9,68.8,39.4,7.6,7.7,154.77,156.3,155.72,154.34,3.26,-12.2,-2.1,-4.6,-9.6,5.9,3.1,-3.0,0.0,1,0,0,0,1,1,0,3.25,0,0,0,0
PT-102,2026-10-08T11:20:00,50,31.0,6.4,7.2,0,149.0,65.7,42.4,7.6,8122,157.7,69.0,40.7,7.6,18.5,155.47,155.73,156.1,154.79,3.19,-6.8,4.6,-3.4,3.0,8.7,3.3,-1.7,0.0,1,0,0,0,1,1,0,3.33,0,0,0,0
PT-102,2026-10-08T11:25:00,50,31.0,6.4,7.2,0,149.0,65.7,42.4,7.6,8122,149.4,72.1,37.5,7.6,22.1,154.0,154.22,155.72,154.87,3.7,-18.2,-4.6,8.4,-9.2,0.4,6.4,-4.9,0.0,1,0,0,0,1,1,0,3.42,0,0,0,0
PT-102,2026-10-08T11:30:00,50,31.0,6.4,7.2,0,149.0,65.7,42.4,7.6,8122,154.9,71.4,40.8,7.6,12.5,154.0,154.38,156.13,154.98,3.24,2.0,5.0,6.6,0.4,5.9,5.7,-1.6,0.0,1,0,0,0,1,1,0,3.5,0,0,0,0
PT-102,2026-10-08T11:35:00,50,31.0,6.4,7.2,0,149.0,65.7,42.4,7.6,8122,150.9,69.8,41.2,7.6,10.7,151.73,153.6,155.69,155.02,3.58,-9.4,-5.3,-12.2,2.8,1.9,4.1,-1.2,0.0,1,0,0,0,1,1,0,3.58,0,0,0,0
PT-102,2026-10-08T11:40:00,50,31.0,6.4,7.2,0,149.0,65.7,42.4,7.6,8122,156.4,69.7,43.4,7.6,6.0,154.07,154.03,155.67,154.99,3.57,5.2,-0.2,-11.2,8.8,7.4,4.0,1.0,0.0,1,0,0,0,1,1,0,3.67,0,0,0,0
PT-102,2026-10-08T11:45:00,50,31.0,6.4,7.2,0,149.0,65.7,42.4,7.6,8122,154.4,71.0,38.1,7.6,8.2,153.9,153.95,155.12,155.11,3.16,-1.0,-6.6,4.4,-2.6,5.4,5.3,-4.3,0.0,1,0,0,0,1,1,0,3.75,0,0,0,0
PT-102,2026-10-08T11:50:00,50,31.0,6.4,7.2,0,149.0,65.7,42.4,7.6,8122,158.4,70.8,45.0,7.6,5.1,156.4,154.07,154.9,155.2,2.77,1.4,-2.7,3.6,8.6,9.4,5.1,2.6,0.0,1,0,0,0,1,1,0,3.83,0,0,0,0
PT-102,2026-10-08T11:55:00,50,31.0,6.4,7.2,0,149.0,65.7,42.4,7.6,8122,157.8,70.3,41.3,7.6,13.2,156.87,155.47,154.84,155.32,2.7,16.8,-0.7,-3.6,7.6,8.8,4.6,-1.1,0.0,1,0,0,0,1,1,0,3.92,0,0,0,0
PT-102,2026-10-08T12:00:00,50,31.0,6.4,7.2,0,149.0,65.7,42.4,7.6,8122,156.4,74.2,43.0,7.6,18.9,157.53,155.72,155.05,155.43,2.71,3.0,2.5,5.6,4.4,7.4,8.5,0.6,0.0,0,1,0,0,1,1,0,4.0,0,0,0,0
PT-102,2026-10-08T12:05:00,50,31.0,6.4,7.2,0,149.0,65.7,42.4,7.6,8122,155.9,72.1,42.3,7.6,18.2,156.7,156.55,155.08,155.52,2.72,10.0,0.3,4.6,2.2,6.9,6.4,-0.1,0.0,0,1,0,0,1,1,0,4.08,0,0,0,0
PT-102,2026-10-08T12:10:00,50,31.0,6.4,7.2,0,149.0,65.7,42.4,7.6,8122,151.5,71.3,41.9,7.6,10.0,154.6,155.73,154.88,155.39,2.89,-9.8,-2.3,3.2,-3.0,2.5,5.6,-0.5,0.0,0,1,0,0,1,1,0,4.17,0,0,0,0
PT-102,2026-10-08T12:15:00,50,31.0,6.4,7.2,0,149.0,65.7,42.4,7.6,8122,158.3,71.7,43.2,7.6,12.9,155.23,156.38,155.17,155.44,3.06,7.8,3.4,1.4,10.2,9.3,6.0,0.8,0.0,0,1,0,0,1,1,0,4.25,0,0,0,0
PT-102,2026-10-08T12:20:00,50,31.0,6.4,7.2,0,149.0,65.7,42.4,7.6,8122,158.2,72.9,41.1,7.6,17.3,156.0,156.35,155.21,155.65,3.1,-0.4,0.5,4.2,-7.8,9.2,7.2,-1.3,0.0,0,1,0,0,1,1,0,4.33,0,0,0,0
PT-102,2026-10-08T12:25:00,50,31.0,6.4,7.2,0,149.0,65.7,42.4,7.6,8122,159.5,71.1,41.5,7.6,5.0,158.67,156.63,156.05,155.88,2.73,3.4,10.1,1.6,0.4,10.5,5.4,-0.9,0.0,0,1,0,0,1,1,0,4.42,0,0,0,0
PT-102,2026-10-08T12:30:00,50,31.0,6.4,7.2,0,149.0,65.7,42.4,7.6,8122,155.6,71.1,39.9,7.6,18.9,157.77,156.5,156.11,156.12,2.71,-1.6,0.7,-6.2,-6.2,6.6,5.4,-2.5,0.0,0,1,0,0,1,1,0,4.5,0,0,0,0
PT-102,2026-10-08T12:35:00,50,31.0,6.4,7.2,0,149.0,65.7,42.4,7.6,8122,158.7,71.2,37.8,7.6,18.4,157.93,156.97,156.76,156.22,2.24,5.6,7.8,-1.8,-9.0,9.7,5.5,-4.6,0.0,0,1,0,0,1,1,0,4.58,0,0,0,0
PT-102,2026-10-08T12:40:00,50,31.0,6.4,7.2,0,149.0,65.7,42.4,7.6,8122,157.8,72.5,39.0,7.6,17.8,157.37,158.02,156.88,156.28,2.25,12.6,1.4,2.4,-5.8,8.8,6.8,-3.4,0.0,0,1,0,0,1,1,0,4.67,0,0,0,0
PT-102,2026-10-08T12:45:00,50,31.0,6.4,7.2,0,149.0,65.7,42.4,7.6,8122,155.7,74.4,40.8,7.6,21.4,157.4,157.58,156.98,156.05,2.15,-5.2,1.3,5.4,-4.8,6.7,8.7,-1.6,0.0,0,1,0,0,1,1,0,4.75,0,0,0,0
PT-102,2026-10-08T12:50:00,50,31.0,6.4,7.2,0,149.0,65.7,42.4,7.6,8122,155.8,75.9,43.7,7.6,15.3,156.43,157.18,156.77,155.83,2.13,-4.8,-2.6,6.0,5.2,6.8,10.2,1.3,0.0,0,1,0,0,1,1,0,4.83,0,0,0,0
PT-102,2026-10-08T12:55:00,50,31.0,6.4,7.2,0,149.0,65.7,42.4,7.6,8122,154.1,74.0,38.9,7.6,23.7,155.2,156.28,156.46,155.65,2.23,-10.8,-3.7,5.8,-5.2,5.1,8.3,-3.5,0.0,0,1,0,0,1,1,0,4.92,0,0,0,0
PT-102,2026-10-08T13:00:00,50,31.0,6.4,7.2,0,149.0,65.7,42.4,7.6,8122,155.6,73.6,36.4,7.6,25.2,155.17,156.28,156.39,155.72,2.24,0.0,-0.8,5.0,-7.0,6.6,7.9,-6.0,0.0,0,1,0,0,1,1,0,5.0,0,0,0,0
PT-102,2026-10-08T13:05:00,50,31.0,6.4,7.2,0,149.0,65.7,42.4,7.6,8122,163.8,73.5,41.4,7.6,30.6,157.83,157.13,157.05,156.06,3.09,10.2,7.9,4.6,7.2,14.8,7.8,-1.0,0.0,0,1,0,0,1,1,0,5.08,0,0,0,0
PT-102,2026-10-08T13:10:00,50,31.0,6.4,7.2,0,149.0,65.7,42.4,7.6,8122,154.0,72.1,39.2,7.6,19.4,157.8,156.5,157.26,156.07,2.74,-7.6,2.5,-0.8,0.4,5.0,6.4,-3.2,0.0,0,1,0,0,1,1,0,5.17,0,0,0,0
PT-102,2026-10-08T13:15:00,50,31.0,6.4,7.2,0,149.0,65.7,42.4,7.6,8122,150.4,77.4,38.5,7.6,31.5,156.07,155.62,156.6,155.88,3.35,-10.6,-7.9,6.0,-4.6,1.4,11.7,-3.9,0.0,0,1,0,0,1,1,0,5.25,0,0,0,0
PT-102,2026-10-08T13:20:00,50,31.0,6.4,7.2,0,149.0,65.7,42.4,7.6,8122,155.1,73.7,39.7,7.6,24.4,153.17,155.5,156.34,155.78,3.34,-1.4,-3.1,-4.4,-8.0,6.1,8.0,-2.7,0.0,0,1,0,0,1,1,0,5.33,0,0,0,0
PT-102,2026-10-08T13:25:00,50,31.0,6.4,7.2,0,149.0,65.7,42.4,7.6,8122,155.7,77.7,40.9,7.6,33.2,153.73,155.77,156.02,156.04,3.19,3.2,-3.8,7.4,4.0,6.7,12.0,-1.5,0.0,0,1,0,0,1,1,0,5.42,0,0,0,0
PT-102,2026-10-08T13:30:00,50,31.0,6.4,7.2,0,149.0,65.7,42.4,7.6,8122,160.5,72.0,39.4,7.6,32.2,157.1,156.58,156.43,156.27,3.43,9.8,4.9,-3.2,6.0,11.5,6.3,-3.0,0.0,0,1,0,0,1,1,0,5.5,0,0,0,0
PT-102,2026-10-08T13:35:00,50,31.0,6.4,7.2,0,149.0,65.7,42.4,7.6,8122,164.9,75.0,38.2,7.6,29.9,160.37,156.77,156.95,156.85,4.19,2.2,6.2,3.0,-6.4,15.9,9.3,-4.2,0.0,0,1,0,0,1,1,0,5.58,0,0,0,0
PT-102,2026-10-08T13:40:00,50,31.0,6.4,7.2,0,149.0,65.7,42.4,7.6,8122,153.2,74.0,40.0,7.6,23.1,159.53,156.63,156.57,156.72,4.31,-1.6,-4.6,3.8,1.6,4.2,8.3,-2.4,0.0,0,1,0,0,1,1,0,5.67,0,0,0,0
PT-102,2026-10-08T13:45:00,50,31.0,6.4,7.2,0,149.0,65.7,42.4,7.6,8122,158.3,74.0,41.1,7.6,24.7,158.8,157.95,156.78,156.88,4.33,15.8,2.6,-6.8,5.2,9.3,8.3,-1.3,0.0,0,1,0,0,1,1,0,5.75,0,0,0,0
PT-102,2026-10-08T13:50:00,50,31.0,6.4,7.2,0,149.0,65.7,42.4,7.6,8122,153.4,71.6,37.7,7.6,16.6,154.97,157.67,156.58,156.67,4.43,-3.4,-2.4,-4.2,-4.0,4.4,5.9,-4.7,0.0,0,1,0,0,1,1,0,5.83,0,0,0,0
PT-102,2026-10-08T13:55:00,50,31.0,6.4,7.2,0,149.0,65.7,42.4,7.6,8122,152.6,73.1,38.6,7.6,28.5,154.77,157.15,156.46,156.46,4.53,-6.2,-1.5,-9.2,-4.6,3.6,7.4,-3.8,0.0,0,1,0,0,1,1,0,5.92,0,0,0,0
PT-102,2026-10-08T14:00:00,50,31.0,6.4,7.2,0,149.0,65.7,42.4,7.6,8122,164.3,73.5,39.6,7.6,19.0,156.77,157.78,157.18,156.79,5.05,7.6,8.7,3.0,0.4,15.3,7.8,-2.8,0.0,0,1,0,0,1,1,0,6.0,0,0,0,0
PT-102,2026-10-08T14:05:00,50,31.0,6.4,7.2,0,149.0,65.7,42.4,7.6,8122,158.0,71.2,42.0,7.6,11.7,158.3,156.63,156.7,156.88,4.61,-13.8,-5.8,-7.6,7.6,9.0,5.5,-0.4,0.0,0,1,0,0,1,1,0,6.08,0,0,0,0
PT-102,2026-10-08T14:10:00,50,31.0,6.4,7.2,0,149.0,65.7,42.4,7.6,8122,160.3,67.6,43.3,7.6,13.9,160.87,157.82,157.22,157.24,4.64,14.2,6.3,-12.8,6.6,11.3,1.9,0.9,0.0,0,1,0,0,1,1,0,6.17,0,0,0,0
PT-102,2026-10-08T14:15:00,50,31.0,6.4,7.2,0,149.0,65.7,42.4,7.6,8122,154.9,70.4,41.5,7.6,6.0,157.73,157.25,157.6,157.1,4.2,-6.8,4.5,-7.2,0.8,5.9,4.7,-0.9,0.0,0,1,0,0,1,1,0,6.25,0,0,0,0
PT-102,2026-10-08T14:20:00,50,31.0,6.4,7.2,0,149.0,65.7,42.4,7.6,8122,163.6,68.1,39.4,7.6,19.2,159.6,158.95,158.31,157.33,4.45,20.4,8.5,-7.0,3.4,14.6,2.4,-3.0,0.0,0,1,0,0,1,1,0,6.33,0,0,0,0
PT-102,2026-10-08T14:25:00,50,31.0,6.4,7.2,0,149.0,65.7,42.4,7.6,8122,152.8,68.1,42.2,7.6,10.7,157.1,158.98,158.07,157.05,4.67,0.4,-2.9,-10.0,7.2,3.8,2.4,-0.2,0.0,0,1,0,0,1,1,0,6.42,0,0,0,0
PT-102,2026-10-08T14:30:00,50,31.0,6.4,7.2,0,149.0,65.7,42.4,7.6,8122,159.1,68.3,39.6,7.6,17.8,158.5,158.12,157.95,157.19,4.62,-10.4,-1.4,-10.4,0.0,10.1,2.6,-2.8,0.0,0,1,0,0,1,1,0,6.5,0,0,0,0
PT-102,2026-10-08T14:35:00,50,31.0,6.4,7.2,0,149.0,65.7,42.4,7.6,8122,157.3,74.0,41.5,7.6,17.1,156.4,158.0,157.32,157.13,4.07,-1.4,-7.6,5.6,-1.0,8.3,8.3,-0.9,0.0,0,1,0,0,1,1,0,6.58,0,0,0,0
PT-102,2026-10-08T14:40:00,50,31.0,6.4,7.2,0,149.0,65.7,42.4,7.6,8122,157.8,68.4,42.0,7.6,5.7,158.07,157.58,157.7,157.13,3.86,-5.0,4.6,1.6,-2.6,8.8,2.7,-0.4,0.0,0,1,0,0,1,1,0,6.67,0,0,0,0
PT-102,2026-10-08T14:45:00,50,31.0,6.4,7.2,0,149.0,65.7,42.4,7.6,8122,160.4,66.2,39.3,7.6,15.9,158.5,158.5,157.88,157.33,3.94,11.0,2.1,-8.4,-4.4,11.4,0.5,-3.1,0.0,0,1,0,0,1,1,0,6.75,0,0,0,0
PT-102,2026-10-08T14:50:00,50,31.0,6.4,7.2,0,149.0,65.7,42.4,7.6,8122,164.5,69.2,41.1,7.6,16.9,160.9,158.65,158.8,157.69,4.09,1.8,11.1,2.2,3.4,15.5,3.5,-1.3,0.0,0,1,0,0,1,1,0,6.83,0,0,0,0
PT-102,2026-10-08T14:55:00,50,31.0,6.4,7.2,0,149.0,65.7,42.4,7.6,8122,154.6,71.4,35.7,7.6,18.9,159.83,158.95,158.97,157.71,3.85,3.6,2.0,6.6,-13.0,5.6,5.7,-6.7,0.0,0,1,0,0,1,1,0,6.92,0,0,0,0
PT-102,2026-10-08T15:00:00,50,31.0,6.4,7.2,0,149.0,65.7,42.4,7.6,8122,161.9,69.9,42.9,7.6,15.5,160.33,159.42,158.77,157.98,3.6,5.6,-2.4,3.2,6.6,12.9,4.2,0.5,0.0,0,1,0,0,1,1,0,7.0,0,0,0,0
PT-102,2026-10-08T15:05:00,50,31.0,6.4,7.2,0,149.0,65.7,42.4,7.6,8122,151.2,72.8,42.4,7.6,23.5,155.9,158.4,158.2,157.45,4.22,-12.2,-6.8,-2.4,1.8,2.2,7.1,0.0,0.0,0,1,0,0,1,1,0,7.08,0,0,0,0
PT-102,2026-10-08T15:10:00,50,31.0,6.4,7.2,0,149.0,65.7,42.4,7.6,8122,157.8,71.9,41.1,7.6,24.8,156.97,158.4,157.99,157.61,4.16,0.0,-2.5,7.0,-1.8,8.8,6.2,-1.3,0.0,0,1,0,0,1,1,0,7.17,0,0,0,0
PT-102,2026-10-08T15:15:00,50,31.0,6.4,7.2,0,149.0,65.7,42.4,7.6,8122,157.6,70.7,42.4,7.6,19.4,155.53,157.93,158.22,157.91,4.05,-5.6,2.7,9.0,6.2,8.6,5.0,0.0,0.0,0,1,0,0,1,1,0,7.25,0,0,0,0
PT-102,2026-10-08T15:20:00,50,31.0,6.4,7.2,0,149.0,65.7,42.4,7.6,8122,160.2,72.9,36.0,7.6,24.5,158.53,157.22,157.93,158.12,3.75,-8.6,-3.4,7.4,-10.2,11.2,7.2,-6.4,0.0,0,1,0,0,1,1,0,7.33,0,0,0,0
PT-102,2026-10-08T15:25:00,50,31.0,6.4,7.2,0,149.0,65.7,42.4,7.6,8122,161.4,69.5,38.7,7.6,10.5,159.73,158.35,158.65,158.36,3.49,13.6,8.6,-3.8,6.0,12.4,3.8,-3.7,0.0,0,1,0,0,1,1,0,7.42,0,0,0,0
PT-102,2026-10-08T15:30:00,50,31.0,6.4,7.2,0,149.0,65.7,42.4,7.6,8122,161.5,71.1,39.7,7.6,24.7,161.03,158.28,158.85,158.4,3.59,-0.8,2.4,2.4,-6.4,12.5,5.4,-2.7,0.0,0,1,0,0,1,1,0,7.5,0,0,0,0
PT-102,2026-10-08T15:35:00,50,31.0,6.4,7.2,0,149.0,65.7,42.4,7.6,8122,160.0,71.6,37.8,7.6,21.2,160.97,159.75,159.08,158.2,3.57,17.6,2.7,-2.4,-9.2,11.0,5.9,-4.6,0.0,0,1,0,0,1,1,0,7.58,0,0,0,0
PT-102,2026-10-08T15:40:00,50,31.0,6.4,7.2,0,149.0,65.7,42.4,7.6,8122,156.6,69.2,43.6,7.6,14.8,159.37,159.55,158.98,158.34,3.62,-2.4,-1.2,-5.4,5.0,7.6,3.5,1.2,0.0,0,1,0,0,1,1,0,7.67,0,0,0,0
PT-102,2026-10-08T15:45:00,50,31.0,6.4,7.2,0,149.0,65.7,42.4,7.6,8122,151.4,70.0,43.0,7.6,21.0,156.0,158.52,158.22,158.05,4.19,-12.4,-9.0,-1.4,1.2,2.4,4.3,0.6,0.0,0,1,0,0,1,1,0,7.75,0,0,0,0
PT-102,2026-10-08T15:50:00,50,31.0,6.4,7.2,0,149.0,65.7,42.4,7.6,8122,154.4,69.2,42.0,7.6,10.1,154.13,157.55,157.38,158.09,3.81,-11.6,-10.1,-7.4,12.0,5.4,3.5,-0.4,0.0,0,1,0,0,1,1,0,7.83,0,0,0,0
PT-102,2026-10-08T15:55:00,50,31.0,6.4,7.2,0,149.0,65.7,42.4,7.6,8122,158.1,69.3,41.3,7.6,22.3,154.63,157.0,157.68,158.32,3.71,-6.6,3.5,-0.4,5.2,9.1,3.6,-1.1,0.0,0,1,0,0,1,1,0,7.92,0,0,0,0
PT-102,2026-10-08T16:00:00,50,31.0,6.4,7.2,0,149.0,65.7,42.4,7.6,8122,154.7,71.5,37.3,7.6,24.3,155.73,155.87,157.08,157.92,3.54,-13.6,-7.2,0.8,-4.8,5.7,5.8,-5.1,0.0,0,1,0,0,1,1,0,8.0,0,0,0,0
PT-102,2026-10-08T16:05:00,50,31.0,6.4,7.2,0,149.0,65.7,42.4,7.6,8122,151.5,67.8,38.2,7.6,10.7,154.77,154.45,157.1,157.65,3.5,-17.0,0.3,-7.6,0.8,2.5,2.1,-4.2,0.0,0,1,0,0,1,1,0,8.08,0,0,0,0
PT-102,2026-10-08T16:10:00,50,31.0,6.4,7.2,0,149.0,65.7,42.4,7.6,8122,149.2,73.0,40.8,7.6,19.3,151.8,153.22,156.38,157.19,4.16,-14.8,-8.6,7.6,-5.6,0.2,7.3,-1.6,0.0,0,1,0,0,1,1,0,8.17,0,0,0,0
PT-102,2026-10-08T16:15:00,50,31.0,6.4,7.2,0,149.0,65.7,42.4,7.6,8122,161.0,70.4,41.3,7.6,11.5,153.9,154.82,156.67,157.44,4.36,19.2,3.4,0.8,-3.4,12.0,4.7,-1.1,0.0,0,1,0,0,1,1,0,8.25,0,0,0,0
PT-102,2026-10-08T16:20:00,50,31.0,6.4,7.2,0,149.0,65.7,42.4,7.6,8122,158.4,69.3,40.3,7.6,22.6,156.2,155.48,156.52,157.22,4.26,8.0,-1.8,0.2,-3.4,9.4,3.6,-2.1,0.0,0,1,0,0,1,1,0,8.33,0,0,0,0
PT-102,2026-10-08T16:25:00,50,31.0,6.4,7.2,0,149.0,65.7,42.4,7.6,8122,154.6,69.0,38.4,7.6,14.9,158.0,154.9,155.95,157.3,4.0,-7.0,-6.8,-0.6,-5.8,5.6,3.3,-4.0,0.0,0,1,0,0,1,1,0,8.42,0,0,0,0
PT-102,2026-10-08T16:30:00,50,31.0,6.4,7.2,0,149.0,65.7,42.4,7.6,8122,156.7,72.2,41.6,7.6,15.6,156.57,155.23,155.55,157.2,3.61,4.0,-4.8,1.4,8.6,7.7,6.5,-0.8,0.0,0,1,0,0,1,1,0,8.5,0,0,0,0
PT-102,2026-10-08T16:35:00,50,31.0,6.4,7.2,0,149.0,65.7,42.4,7.6,8122,156.5,69.4,38.4,7.6,24.8,155.93,156.07,155.26,157.17,3.35,10.0,-3.5,3.2,0.4,7.5,3.7,-4.0,0.0,0,1,0,0,1,1,0,8.58,0,0,0,0
PT-102,2026-10-08T16:40:00,50,31.0,6.4,7.2,0,149.0,65.7,42.4,7.6,8122,157.4,72.5,36.0,7.6,24.0,156.87,157.43,155.33,157.15,3.39,16.4,0.8,-1.0,-9.6,8.4,6.8,-6.4,0.0,0,1,0,0,1,1,0,8.67,0,0,0,0
PT-102,2026-10-08T16:45:00,50,31.0,6.4,7.2,0,149.0,65.7,42.4,7.6,8122,157.7,68.7,38.2,7.6,17.9,157.2,156.88,155.85,157.04,3.21,-6.6,6.3,-3.4,-6.2,8.7,3.0,-4.2,0.0,0,1,0,0,1,1,0,8.75,0,0,0,0
PT-102,2026-10-08T16:50:00,50,31.0,6.4,7.2,0,149.0,65.7,42.4,7.6,8122,155.3,70.5,38.1,7.6,20.1,156.8,156.37,155.93,156.65,3.18,-6.2,0.9,2.4,-4.4,6.3,4.8,-4.3,0.0,0,1,0,0,1,1,0,8.83,0,0,0,0
PT-102,2026-10-08T16:55:00,50,31.0,6.4,7.2,0,149.0,65.7,42.4,7.6,8122,151.4,70.6,40.2,7.6,21.0,154.8,155.83,155.37,156.52,3.35,-6.4,-6.7,3.2,3.6,2.4,4.9,-2.2,0.0,0,1,0,0,1,1,0,8.92,0,0,0,0
PT-102,2026-10-08T17:00:00,50,31.0,6.4,7.2,0,149.0,65.7,42.4,7.6,8122,156.1,81.4,35.8,7.6,74.6,154.27,155.73,155.48,156.28,3.35,-1.2,1.4,18.4,-11.6,7.1,15.7,-6.6,0.0,0,0,1,0,1,1,0,9.0,0,0,0,0
PT-102,2026-10-08T17:05:00,50,31.0,6.4,7.2,0,149.0,65.7,42.4,7.6,8122,153.4,75.8,34.1,7.6,63.9,153.63,155.22,155.64,156.37,3.18,-6.2,1.9,12.8,-8.6,4.4,10.1,-8.3,0.0,0,0,1,0,1,1,0,9.08,0,0,0,0
PT-102,2026-10-08T17:10:00,50,31.0,6.4,7.2,0,149.0,65.7,42.4,7.6,8122,154.9,74.7,39.3,7.6,50.6,154.8,154.8,156.12,156.25,2.48,-5.0,5.7,4.4,6.6,5.9,9.0,-3.1,0.0,0,0,1,0,1,1,0,9.17,0,0,0,0
PT-102,2026-10-08T17:15:00,50,31.0,6.4,7.2,0,149.0,65.7,42.4,7.6,8122,149.5,70.5,37.4,7.6,47.9,152.6,153.43,155.16,155.91,2.64,-16.4,-11.5,3.6,-1.6,0.5,4.8,-5.0,0.0,0,0,1,0,1,1,0,9.25,0,0,0,0
PT-102,2026-10-08T17:20:00,50,31.0,6.4,7.2,0,149.0,65.7,42.4,7.6,8122,162.4,75.5,37.6,7.6,73.0,155.6,154.62,155.49,156.0,3.27,14.2,4.0,10.0,-1.0,13.4,9.8,-4.8,0.0,0,0,1,0,1,1,0,9.33,0,0,0,0
PT-102,2026-10-08T17:25:00,50,31.0,6.4,7.2,0,149.0,65.7,42.4,7.6,8122,147.7,76.6,31.4,7.6,60.9,153.2,154.0,154.92,155.43,3.97,-7.4,-6.9,12.0,-17.6,-1.3,10.9,-11.0,0.0,0,0,1,0,1,1,0,9.42,0,0,0,0
PT-102,2026-10-08T17:30:00,50,31.0,6.4,7.2,0,149.0,65.7,42.4,7.6,8122,145.8,75.0,42.0,7.6,47.8,151.97,152.28,154.01,154.78,4.7,-20.6,-10.9,-12.8,12.4,-3.2,9.3,-0.4,0.0,0,0,1,0,1,1,0,9.5,0,0,0,0
PT-102,2026-10-08T17:35:00,50,31.0,6.4,7.2,0,149.0,65.7,42.4,7.6,8122,156.0,71.5,35.9,7.6,58.4,149.83,152.72,153.97,154.61,4.68,5.2,-0.5,-8.6,3.6,7.0,5.8,-6.5,0.0,0,0,1,0,1,1,0,9.58,0,0,0,0
PT-102,2026-10-08T17:40:00,50,31.0,6.4,7.2,0,149.0,65.7,42.4,7.6,8122,157.7,74.3,33.9,7.6,74.5,153.17,153.18,153.99,154.66,4.7,5.6,0.3,-0.8,-10.8,8.7,8.6,-8.5,0.0,0,0,1,0,1,1,0,9.67,0,0,0,0
PT-102,2026-10-08T17:45:00,50,31.0,6.4,7.2,0,149.0,65.7,42.4,7.6,8122,151.9,77.1,33.6,7.6,66.2,155.2,153.58,153.51,154.68,4.58,4.8,-5.8,13.2,-7.6,2.9,11.4,-8.8,0.0,0,0,1,0,1,1,0,9.75,0,0,0,0
PT-102,2026-10-08T17:50:00,50,31.0,6.4,7.2,0,149.0,65.7,42.4,7.6,8122,154.4,75.5,38.3,7.6,55.3,154.67,152.25,153.43,154.68,4.56,-16.0,-0.9,0.0,1.4,5.4,9.8,-4.1,0.0,0,0,1,0,1,1,0,9.83,0,0,0,0
PT-102,2026-10-08T17:55:00,50,31.0,6.4,7.2,0,149.0,65.7,42.4,7.6,8122,147.5,71.5,31.3,7.6,66.6,151.27,152.22,153.11,154.24,4.85,-0.4,-3.9,-10.2,-0.2,-1.5,5.8,-11.1,0.0,0,0,1,0,1,1,0,9.92,0,0,0,0
PT-102,2026-10-08T18:00:00,50,31.0,6.4,7.2,0,149.0,65.7,42.4,7.6,8122,153.4,75.4,35.5,7.6,74.4,151.77,153.48,152.88,154.18,4.76,15.2,-2.7,0.8,-13.0,4.4,9.7,-6.9,0.0,0,0,1,0,1,1,0,10.0,0,0,0,0
PT-102,2026-10-08T18:05:00,50,31.0,6.4,7.2,0,149.0,65.7,42.4,7.6,8122,157.8,68.9,43.7,7.6,9.9,152.9,153.78,153.25,154.45,4.96,3.6,4.4,-5.2,15.6,8.8,3.2,1.3,0.0,0,0,1,0,1,1,0,10.08,0,0,0,0
PT-102,2026-10-08T18:10:00,50,31.0,6.4,7.2,0,149.0,65.7,42.4,7.6,8122,145.6,70.4,43.1,7.6,10.1,152.27,151.77,152.48,154.3,5.39,-24.2,-9.3,-7.8,18.4,-3.4,4.7,0.7,0.0,0,0,1,0,1,1,0,10.17,0,0,0,0
PT-102,2026-10-08T18:15:00,50,31.0,6.4,7.2,0,149.0,65.7,42.4,7.6,8122,152.1,66.3,37.5,7.6,16.9,151.83,151.8,152.69,153.92,5.31,0.4,2.6,-21.6,7.8,3.1,0.6,-4.9,0.0,0,0,1,0,1,1,0,10.25,0,0,0,0
PT-102,2026-10-08T18:20:00,50,31.0,6.4,7.2,0,149.0,65.7,42.4,7.6,8122,158.8,61.7,43.7,7.6,6.7,152.17,152.53,152.39,153.94,4.79,8.8,-3.6,-27.6,10.8,9.8,-4.0,1.3,0.0,0,0,1,0,1,1,0,10.33,0,0,0,0
PT-102,2026-10-08T18:25:00,50,31.0,6.4,7.2,0,149.0,65.7,42.4,7.6,8122,147.8,70.8,38.6,7.6,21.3,152.9,152.58,152.4,153.66,4.78,0.6,0.1,-1.4,14.6,-1.2,5.1,-3.8,0.0,0,0,1,0,1,1,0,10.42,0,0,0,0
PT-102,2026-10-08T18:30:00,50,31.0,6.4,7.2,0,149.0,65.7,42.4,7.6,8122,155.2,67.2,40.8,7.6,20.7,153.93,152.88,153.18,153.6,4.35,3.6,9.4,-16.4,10.6,6.2,1.5,-1.6,0.0,0,0,1,0,1,1,0,10.5,0,0,0,0
PT-102,2026-10-08T18:35:00,50,31.0,6.4,7.2,0,149.0,65.7,42.4,7.6,8122,160.3,66.7,40.7,7.6,11.2,154.43,153.3,153.54,153.75,4.76,5.0,4.3,-4.4,-6.0,11.3,1.0,-1.7,0.0,0,0,1,0,1,1,0,10.58,0,0,0,0
PT-102,2026-10-08T18:40:00,50,31.0,6.4,7.2,0,149.0,65.7,42.4,7.6,8122,151.9,67.6,35.4,7.6,16.2,155.8,154.35,153.06,153.52,4.59,12.6,-5.8,-5.6,-15.4,2.9,1.9,-7.0,0.0,0,0,1,0,1,1,0,10.67,0,0,0,0
PT-102,2026-10-08T18:45:00,50,31.0,6.4,7.2,0,149.0,65.7,42.4,7.6,8122,151.6,69.3,42.9,7.6,6.0,154.6,154.27,153.03,153.27,4.6,-1.0,-0.3,6.0,10.8,2.6,3.6,0.5,0.0,0,0,1,0,1,1,0,10.75,0,0,0,0
PT-102,2026-10-08T18:50:00,50,31.0,6.4,7.2,0,149.0,65.7,42.4,7.6,8122,149.2,67.2,41.5,7.6,12.8,150.9,152.67,152.6,153.02,4.71,-19.2,-5.2,11.0,-4.4,0.2,1.5,-0.9,0.0,0,0,1,0,1,1,0,10.83,0,0,0,0
PT-102,2026-10-08T18:55:00,50,31.0,6.4,7.2,0,149.0,65.7,42.4,7.6,8122,152.7,64.7,40.2,7.6,9.8,151.17,153.48,153.03,153.07,4.42,9.8,5.2,-12.2,3.2,3.7,-1.0,-2.2,0.0,0,0,1,0,1,1,0,10.92,0,0,0,0
PT-102,2026-10-08T19:00:00,50,31.0,6.4,7.2,0,149.0,65.7,42.4,7.6,8122,156.0,68.9,39.3,7.6,6.3,152.63,153.62,153.25,153.07,4.51,1.6,2.6,3.4,-3.0,7.0,3.2,-3.1,0.0,0,0,1,0,1,1,0,11.0,0,0,0,0
PT-102,2026-10-08T19:05:00,50,31.0,6.4,7.2,0,149.0,65.7,42.4,7.6,8122,149.8,65.5,36.9,7.6,21.4,152.83,151.87,152.58,152.92,4.36,-21.0,-8.0,-2.4,-7.6,0.8,-0.2,-5.5,0.0,0,0,1,0,1,1,0,11.08,0,0,0,0
PT-102,2026-10-08T19:10:00,50,31.0,6.4,7.2,0,149.0,65.7,42.4,7.6,8122,153.7,66.2,44.9,7.6,15.2,153.17,152.17,153.26,152.87,3.77,3.6,8.1,-2.8,19.0,4.7,0.5,2.5,0.0,0,0,1,0,1,1,0,11.17,0,0,0,0
PT-102,2026-10-08T19:15:00,50,31.0,6.4,7.2,0,149.0,65.7,42.4,7.6,8122,151.4,63.6,40.6,7.6,10.7,151.63,152.13,153.2,152.95,3.79,-0.4,-0.7,-11.4,-4.6,2.4,-2.1,-1.8,0.0,0,0,1,0,1,1,0,11.25,0,0,0,0
PT-102,2026-10-08T19:20:00,50,31.0,6.4,7.2,0,149.0,65.7,42.4,7.6,8122,154.0,62.7,44.3,7.6,10.4,153.03,152.93,152.8,152.6,3.38,9.6,-4.8,-9.0,5.6,5.0,-3.0,1.9,0.0,0,0,1,0,1,1,0,11.33,0,0,0,0
PT-102,2026-10-08T19:25:00,50,31.0,6.4,7.2,0,149.0,65.7,42.4,7.6,8122,149.4,66.0,44.7,7.6,9.7,151.6,152.38,152.93,152.67,3.19,-6.6,1.6,2.6,9.0,0.4,0.3,2.3,0.0,0,0,1,0,1,1,0,11.42,0,0,0,0
PT-102,2026-10-08T19:30:00,50,31.0,6.4,7.2,0,149.0,65.7,42.4,7.6,8122,157.7,67.4,43.1,7.6,7.2,153.7,152.67,153.14,153.16,3.43,3.4,2.5,-3.0,7.6,8.7,1.7,0.7,0.0,0,0,1,0,1,1,0,11.5,0,0,0,0
PT-102,2026-10-08T19:35:00,50,31.0,6.4,7.2,0,149.0,65.7,42.4,7.6,8122,146.9,62.9,41.8,7.6,18.7,151.33,152.18,152.02,152.78,3.04,-5.8,-13.4,-5.2,9.8,-2.1,-2.8,-0.6,0.0,0,0,1,0,1,1,0,11.58,0,0,0,0
PT-102,2026-10-08T19:40:00,50,31.0,6.4,7.2,0,149.0,65.7,42.4,7.6,8122,149.1,62.7,42.9,7.6,6.4,151.23,151.42,151.79,152.42,3.16,-9.2,-2.8,-7.0,-4.0,0.1,-3.0,0.5,0.0,0,0,1,0,1,1,0,11.67,0,0,0,0
PT-102,2026-10-08T19:45:00,50,31.0,6.4,7.2,0,149.0,65.7,42.4,7.6,8122,148.8,64.4,43.4,7.6,15.1,148.27,150.98,151.56,152.3,3.28,-5.2,-2.8,1.6,5.6,-0.2,-1.3,1.0,0.0,0,0,1,0,1,1,0,11.75,0,0,0,0
PT-102,2026-10-08T19:50:00,50,31.0,6.4,7.2,0,149.0,65.7,42.4,7.6,8122,154.1,72.1,39.2,7.6,23.2,150.67,151.0,151.97,152.28,3.26,0.2,4.9,18.8,-10.2,5.1,6.4,-3.2,0.0,0,0,1,0,1,1,0,11.83,0,0,0,0
PT-102,2026-10-08T19:55:00,50,31.0,6.4,7.2,0,149.0,65.7,42.4,7.6,8122,147.3,64.3,35.4,7.6,8.7,150.07,150.65,151.52,152.28,3.51,-4.2,-5.4,-3.4,-18.6,-1.7,-1.4,-7.0,0.0,0,0,1,0,1,1,0,11.92,0,0,0,0
PT-102,2026-10-08T20:00:00,50,31.0,6.4,7.2,0,149.0,65.7,42.4,7.6,8122,152.1,63.6,45.9,7.6,6.2,151.17,149.72,151.19,152.22,3.23,-11.2,-3.9,-7.6,5.6,3.1,-2.1,3.5,0.0,0,0,1,0,1,1,0,0.0,0,0,0,0
PT-102,2026-10-08T20:05:00,50,31.0,6.4,7.2,0,149.0,65.7,42.4,7.6,8122,146.9,66.9,43.3,7.6,6.4,148.77,149.72,150.95,151.77,3.44,0.0,-2.9,8.0,3.0,-2.1,1.2,0.9,0.0,0,0,1,0,1,1,0,0.08,0,0,0,0
PT-102,2026-10-08T20:10:00,50,31.0,6.4,7.2,0,149.0,65.7,42.4,7.6,8122,146.9,70.5,38.9,7.6,16.0,148.63,149.35,150.38,151.82,3.51,-4.4,-6.8,15.6,-8.0,-2.1,4.8,-3.5,0.0,0,0,1,0,1,1,0,0.17,0,0,0,0
PT-102,2026-10-08T20:15:00,50,31.0,6.4,7.2,0,149.0,65.7,42.4,7.6,8122,144.1,66.4,43.0,7.6,11.9,145.97,148.57,149.78,151.49,3.92,-9.4,-7.3,4.0,-0.8,-4.9,0.7,0.6,0.0,0,0,1,0,1,1,0,0.25,0,0,0,0
PT-102,2026-10-08T20:20:00,50,31.0,6.4,7.2,0,149.0,65.7,42.4,7.6,8122,149.1,67.1,43.6,7.6,22.4,146.7,147.73,149.37,151.08,3.69,-10.0,-4.9,-10.0,8.8,0.1,1.4,1.2,0.0,0,0,1,0,1,1,0,0.33,0,0,0,0
PT-102,2026-10-08T20:25:00,50,31.0,6.4,7.2,0,149.0,65.7,42.4,7.6,8122,149.9,64.6,37.5,7.6,8.3,147.7,148.17,149.41,151.17,3.7,5.2,0.5,0.6,4.2,0.9,-1.1,-4.9,0.0,0,0,1,0,1,1,0,0.42,0,0,0,0
PT-102,2026-10-08T20:30:00,50,31.0,6.4,7.2,0,149.0,65.7,42.4,7.6,8122,145.0,62.1,36.4,7.6,5.7,148.0,146.98,148.35,150.75,2.82,-14.2,-12.7,-3.0,-19.0,-4.0,-3.6,-6.0,0.0,0,0,1,0,1,1,0,0.5,0,0,0,0
PT-102,2026-10-08T20:35:00,50,31.0,6.4,7.2,0,149.0,65.7,42.4,7.6,8122,145.2,65.8,34.7,7.6,15.8,146.7,146.7,148.21,150.12,2.94,-3.4,-1.7,-2.2,-17.2,-3.8,0.1,-7.7,0.0,0,0,1,0,1,1,0,0.58,0,0,0,0
PT-102,2026-10-08T20:40:00,50,31.0,6.4,7.2,0,149.0,65.7,42.4,7.6,8122,147.4,68.0,39.2,7.6,24.2,145.87,146.78,148.07,149.93,2.93,1.0,-1.7,-5.0,0.6,-1.6,2.3,-3.2,0.0,0,0,1,0,1,1,0,0.67,0,0,0,0
PT-102,2026-10-08T20:45:00,50,31.0,6.4,7.2,0,149.0,65.7,42.4,7.6,8122,146.1,65.3,40.0,7.6,5.8,146.23,147.12,147.84,149.7,2.98,4.0,-2.7,-2.2,-6.0,-2.9,-0.4,-2.4,0.0,0,0,1,0,1,1,0,0.75,0,0,0,0
PT-102,2026-10-08T20:50:00,50,31.0,6.4,7.2,0,149.0,65.7,42.4,7.6,8122,149.3,60.4,39.3,7.6,17.3,147.6,147.15,147.44,149.7,2.31,0.4,-4.8,-13.4,-8.6,0.3,-5.3,-3.1,0.0,0,0,1,0,1,1,0,0.83,0,0,0,0
PT-102,2026-10-08T20:55:00,50,31.0,6.4,7.2,0,149.0,65.7,42.4,7.6,8122,142.6,59.5,43.9,7.6,10.4,146.0,145.93,147.05,149.28,2.7,-14.6,-4.7,-10.2,12.8,-6.4,-6.2,1.5,0.0,0,0,1,0,1,1,0,0.92,0,0,0,0
PT-102,2026-10-08T21:00:00,50,31.0,6.4,7.2,0,149.0,65.7,42.4,7.6,8122,145.6,67.9,41.2,7.6,23.7,145.83,146.03,146.51,148.85,2.2,1.2,-6.5,11.6,9.6,-3.4,2.2,-1.2,0.0,0,0,1,0,1,1,0,1.0,0,0,0,0
PT-102,2026-10-08T21:05:00,50,31.0,6.4,7.2,0,149.0,65.7,42.4,7.6,8122,151.0,66.5,43.9,7.6,20.0,146.4,147.0,146.85,148.9,2.55,11.6,4.1,1.4,18.4,2.0,0.8,1.5,0.0,0,0,1,0,1,1,0,1.08,0,0,0,0
PT-102,2026-10-08T21:10:00,50,31.0,6.4,7.2,0,149.0,65.7,42.4,7.6,8122,153.8,63.0,39.4,7.6,7.3,150.13,148.07,147.42,148.9,3.25,12.8,6.9,-10.0,0.4,4.8,-2.7,-3.0,0.0,0,0,1,0,1,1,0,1.17,0,0,0,0
PT-102,2026-10-08T21:15:00,50,31.0,6.4,7.2,0,149.0,65.7,42.4,7.6,8122,149.3,65.3,40.0,7.6,10.5,151.37,148.6,147.86,148.82,3.11,6.4,5.2,0.0,0.0,0.3,-0.4,-2.4,0.0,0,0,1,0,1,1,0,1.25,0,0,0,0
PT-102,2026-10-08T21:20:00,50,31.0,6.4,7.2,0,149.0,65.7,42.4,7.6,8122,146.4,67.2,35.8,7.6,9.8,149.83,148.12,147.63,148.5,3.11,-5.8,-2.7,13.6,-7.0,-2.6,1.5,-6.6,0.0,0,0,1,0,1,1,0,1.33,0,0,0,0
PT-102,2026-10-08T21:25:00,50,31.0,6.4,7.2,0,149.0,65.7,42.4,7.6,8122,143.2,63.5,41.2,7.6,8.5,146.3,148.22,147.08,148.24,3.26,1.2,-6.7,8.0,-5.4,-5.8,-2.2,-1.2,0.0,0,0,1,0,1,1,0,1.42,0,0,0,0
PT-102,2026-10-08T21:30:00,50,31.0,6.4,7.2,0,149.0,65.7,42.4,7.6,8122,147.4,65.3,41.0,7.6,7.1,145.67,148.52,147.28,147.81,3.2,3.6,2.4,-5.2,-0.4,-1.6,-0.4,-1.4,0.0,0,0,1,0,1,1,0,1.5,0,0,0,0
PT-102,2026-10-08T21:35:00,50,31.0,6.4,7.2,0,149.0,65.7,42.4,7.6,8122,144.4,65.7,43.4,7.6,18.3,145.0,147.42,147.21,147.71,3.25,-13.2,-0.8,-1.6,-1.0,-4.6,0.0,1.0,0.0,0,0,1,0,1,1,0,1.58,0,0,0,0
PT-102,2026-10-08T21:40:00,50,31.0,6.4,7.2,0,149.0,65.7,42.4,7.6,8122,144.7,62.0,36.4,7.6,23.4,145.5,145.9,146.98,147.52,3.33,-18.2,-2.7,-2.0,-6.0,-4.3,-3.7,-6.0,0.0,0,0,1,0,1,1,0,1.67,0,0,0,0
PT-102,2026-10-08T21:45:00,50,31.0,6.4,7.2,0,149.0,65.7,42.4,7.6,8122,143.9,64.8,39.3,7.6,13.5,144.33,145.0,146.8,147.32,3.44,-10.8,-2.2,-1.0,-1.4,-5.1,-0.9,-3.1,0.0,0,0,1,0,1,1,0,1.75,0,0,0,0
PT-102,2026-10-08T21:50:00,50,31.0,6.4,7.2,0,149.0,65.7,42.4,7.6,8122,139.6,64.0,44.3,7.6,11.9,142.73,143.87,145.99,146.72,3.91,-13.6,-9.7,-6.4,17.0,-9.4,-1.7,1.9,0.0,0,0,1,0,1,1,0,1.83,0,0,0,0
PT-102,2026-10-08T21:55:00,50,31.0,6.4,7.2,0,149.0,65.7,42.4,7.6,8122,141.4,62.5,36.3,7.6,22.0,141.63,143.57,145.89,146.47,4.02,-3.6,-1.2,-2.0,-9.8,-7.6,-3.2,-6.1,0.0,0,0,1,0,1,1,0,1.92,0,0,0,0
PT-103,2026-10-08T08:00:00,44,23.3,4.8,6.6,1,112.5,65.8,51.1,7.2,6688,123.3,82.0,35.4,3.8,3.2,123.3,123.3,123.3,123.3,0.0,0.0,0.0,0.0,0.0,10.8,16.2,-15.7,-3.4,1,0,0,0,3,1,0,0.0,0,0,0,0
PT-103,2026-10-08T08:05:00,44,23.3,4.8,6.6,1,112.5,65.8,51.1,7.2,6688,121.0,79.3,32.0,3.8,6.7,122.15,122.15,122.15,122.15,1.63,0.0,0.0,0.0,0.0,8.5,13.5,-19.1,-3.4,1,0,0,0,3,1,0,0.08,0,0,0,0
PT-103,2026-10-08T08:10:00,44,23.3,4.8,6.6,1,112.5,65.8,51.1,7.2,6688,121.9,80.3,37.2,3.8,3.8,122.07,122.07,122.07,122.07,1.16,0.0,0.0,0.0,0.0,9.4,14.5,-13.9,-3.4,1,0,0,0,3,1,0,0.17,0,0,0,0
PT-103,2026-10-08T08:15:00,44,23.3,4.8,6.6,1,112.5,65.8,51.1,7.2,6688,124.0,82.4,34.1,3.8,7.7,122.3,122.55,122.55,122.55,1.35,0.0,0.0,0.0,0.0,11.5,16.6,-17.0,-3.4,1,0,0,0,3,1,0,0.25,0,0,0,0
PT-103,2026-10-08T08:20:00,44,23.3,4.8,6.6,1,112.5,65.8,51.1,7.2,6688,125.2,82.3,33.0,3.8,4.7,123.7,123.08,123.08,123.08,1.67,0.0,0.0,0.0,0.0,12.7,16.5,-18.1,-3.4,1,0,0,0,3,1,0,0.33,0,0,0,0
PT-103,2026-10-08T08:25:00,44,23.3,4.8,6.6,1,112.5,65.8,51.1,7.2,6688,123.2,78.5,33.8,3.8,4.9,124.13,123.1,123.1,123.1,1.49,0.0,0.0,0.0,0.0,10.7,12.7,-17.3,-3.4,1,0,0,0,3,1,0,0.42,0,0,0,0
PT-103,2026-10-08T08:30:00,44,23.3,4.8,6.6,1,112.5,65.8,51.1,7.2,6688,122.1,78.3,38.2,3.8,28.7,123.5,122.9,122.96,122.96,1.41,-2.4,0.0,-7.4,5.6,9.6,12.5,-12.9,-3.4,1,0,0,0,3,1,0,0.5,0,0,0,0
PT-103,2026-10-08T08:35:00,44,23.3,4.8,6.6,1,112.5,65.8,51.1,7.2,6688,122.6,81.8,34.0,3.8,26.2,122.63,123.17,122.91,122.91,1.31,3.2,0.0,5.0,4.0,10.1,16.0,-17.1,-3.4,1,0,0,0,3,1,0,0.58,0,0,0,0
PT-103,2026-10-08T08:40:00,44,23.3,4.8,6.6,1,112.5,65.8,51.1,7.2,6688,119.2,83.5,37.3,3.8,22.4,121.3,122.72,122.5,122.5,1.74,-5.4,0.0,6.4,0.2,6.7,17.7,-13.8,-3.4,1,0,0,0,3,1,0,0.67,0,0,0,0
PT-103,2026-10-08T08:45:00,44,23.3,4.8,6.6,1,112.5,65.8,51.1,7.2,6688,119.3,78.2,37.0,3.8,28.6,120.37,121.93,122.18,122.18,1.93,-9.4,0.0,-8.4,5.8,6.8,12.4,-14.1,-3.4,1,0,0,0,3,1,0,0.75,0,0,0,0
PT-103,2026-10-08T08:50:00,44,23.3,4.8,6.6,1,112.5,65.8,51.1,7.2,6688,118.7,81.1,34.7,3.8,19.9,119.07,120.85,121.86,121.86,2.11,-13.0,0.0,-2.4,3.4,6.2,15.3,-16.4,-3.4,1,0,0,0,3,1,0,0.83,0,0,0,0
PT-103,2026-10-08T08:55:00,44,23.3,4.8,6.6,1,112.5,65.8,51.1,7.2,6688,119.1,80.4,35.9,3.8,19.8,119.03,120.17,121.63,121.63,2.17,-8.2,0.0,3.8,4.2,6.6,14.6,-15.2,-3.4,1,0,0,0,3,1,0,0.92,0,0,0,0
PT-103,2026-10-08T09:00:00,44,23.3,4.8,6.6,1,112.5,65.8,51.1,7.2,6688,121.1,77.8,37.4,3.8,23.2,119.63,120.0,121.45,121.59,2.1,-2.0,-2.2,-1.0,-1.6,8.6,12.0,-13.7,-3.4,1,0,0,0,3,1,0,1.0,0,0,0,0
PT-103,2026-10-08T09:05:00,44,23.3,4.8,6.6,1,112.5,65.8,51.1,7.2,6688,120.6,79.5,37.1,3.8,24.9,120.27,119.67,121.42,121.52,2.11,-4.0,-0.4,-4.6,6.2,8.1,13.7,-14.0,-3.4,1,0,0,0,3,1,0,1.08,0,0,0,0
PT-103,2026-10-08T09:10:00,44,23.3,4.8,6.6,1,112.5,65.8,51.1,7.2,6688,121.9,82.0,35.0,3.8,28.0,121.2,120.12,121.42,121.55,2.11,5.4,0.0,-3.0,-4.6,9.4,16.2,-16.1,-3.4,1,0,0,0,3,1,0,1.17,0,0,0,0
PT-103,2026-10-08T09:15:00,44,23.3,4.8,6.6,1,112.5,65.8,51.1,7.2,6688,125.1,80.0,32.3,3.8,20.8,122.53,121.08,121.51,121.77,2.26,11.6,1.1,3.6,-9.4,12.6,14.2,-18.8,-3.4,1,0,0,0,3,1,0,1.25,0,0,0,0
PT-103,2026-10-08T09:20:00,44,23.3,4.8,6.6,1,112.5,65.8,51.1,7.2,6688,124.5,77.8,37.0,3.8,26.7,123.83,122.05,121.45,121.93,2.16,11.6,-0.7,-6.6,4.6,12.0,12.0,-14.1,-3.4,1,0,0,0,3,1,0,1.33,0,0,0,0
PT-103,2026-10-08T09:25:00,44,23.3,4.8,6.6,1,112.5,65.8,51.1,7.2,6688,126.7,80.4,39.0,3.8,26.9,125.43,123.32,121.74,122.19,2.61,15.2,3.5,0.0,6.2,14.2,14.6,-12.1,-3.4,1,0,0,0,3,1,0,1.42,0,0,0,0
PT-103,2026-10-08T09:30:00,44,23.3,4.8,6.6,1,112.5,65.8,51.1,7.2,6688,126.7,87.1,37.0,3.8,19.7,125.97,124.25,122.12,122.43,2.98,11.2,4.6,18.6,-0.8,14.2,21.3,-14.1,-3.4,1,0,0,0,3,1,0,1.5,0,0,0,0
PT-103,2026-10-08T09:35:00,44,23.3,4.8,6.6,1,112.5,65.8,51.1,7.2,6688,127.2,77.3,36.6,3.8,3.6,126.87,125.35,122.51,122.67,3.32,13.2,4.6,-4.4,-1.0,14.7,11.5,-14.5,-3.4,1,0,0,0,3,1,0,1.58,0,0,0,0
PT-103,2026-10-08T09:40:00,44,23.3,4.8,6.6,1,112.5,65.8,51.1,7.2,6688,127.6,82.1,35.0,3.8,6.8,127.17,126.3,123.21,122.9,3.44,11.4,8.4,0.2,0.0,15.1,16.3,-16.1,-3.4,1,0,0,0,3,1,0,1.67,0,0,0,0
PT-103,2026-10-08T09:45:00,44,23.3,4.8,6.6,1,112.5,65.8,51.1,7.2,6688,127.7,80.2,36.1,3.8,9.2,127.5,126.73,123.91,123.12,3.43,5.2,8.4,0.4,7.6,15.2,14.4,-15.0,-3.4,1,0,0,0,3,1,0,1.75,0,0,0,0
PT-103,2026-10-08T09:50:00,44,23.3,4.8,6.6,1,112.5,65.8,51.1,7.2,6688,129.5,79.5,34.7,3.8,2.5,128.27,127.57,124.81,123.4,3.35,10.0,10.8,3.4,-4.6,17.0,13.7,-16.4,-3.4,1,0,0,0,3,1,0,1.83,0,0,0,0
PT-103,2026-10-08T09:55:00,44,23.3,4.8,6.6,1,112.5,65.8,51.1,7.2,6688,131.3,80.9,34.8,3.8,4.2,129.5,128.33,125.82,123.73,3.32,9.2,12.2,1.0,-8.4,18.8,15.1,-16.3,-3.4,1,0,0,0,3,1,0,1.92,0,0,0,0
PT-103,2026-10-08T10:00:00,44,23.3,4.8,6.6,1,112.5,65.8,51.1,7.2,6688,128.6,80.5,33.3,3.8,4.7,129.8,128.65,126.45,123.95,3.04,3.8,7.5,-13.2,-7.4,16.1,14.7,-17.8,-3.4,1,0,0,0,3,1,0,2.0,0,0,0,0
PT-103,2026-10-08T10:05:00,44,23.3,4.8,6.6,1,112.5,65.8,51.1,7.2,6688,132.8,81.2,38.5,3.8,9.6,130.9,129.58,127.47,124.44,2.94,11.2,12.2,7.8,3.8,20.3,15.4,-12.6,-3.4,1,0,0,0,3,1,0,2.08,0,0,0,0
PT-103,2026-10-08T10:10:00,44,23.3,4.8,6.6,1,112.5,65.8,51.1,7.2,6688,133.0,80.6,37.2,3.8,5.8,131.47,130.48,128.39,124.9,2.77,10.8,11.1,-3.0,4.4,20.5,14.8,-13.9,-3.4,1,0,0,0,3,1,0,2.17,0,0,0,0
PT-103,2026-10-08T10:15:00,44,23.3,4.8,6.6,1,112.5,65.8,51.1,7.2,6688,131.8,85.0,36.0,3.8,7.1,132.53,131.17,128.95,125.23,2.72,8.2,6.7,9.6,-0.2,19.3,19.2,-15.1,-3.4,1,0,0,0,3,1,0,2.25,0,0,0,0
PT-103,2026-10-08T10:20:00,44,23.3,4.8,6.6,1,112.5,65.8,51.1,7.2,6688,133.0,84.5,38.0,3.8,8.8,132.6,131.75,129.66,125.55,2.56,7.0,8.5,10.0,6.6,20.5,18.7,-13.1,-3.4,1,0,0,0,3,1,0,2.33,0,0,0,0
PT-103,2026-10-08T10:25:00,44,23.3,4.8,6.6,1,112.5,65.8,51.1,7.2,6688,134.7,80.8,37.3,3.8,4.3,133.17,132.32,130.33,126.03,2.76,6.8,8.0,-0.2,5.0,22.2,15.0,-13.8,-3.4,1,0,0,0,3,1,0,2.42,0,0,0,0
PT-103,2026-10-08T10:30:00,44,23.3,4.8,6.6,1,112.5,65.8,51.1,7.2,6688,135.2,81.4,37.1,3.8,8.6,134.3,133.42,131.03,126.58,2.83,13.2,8.5,1.8,7.6,22.7,15.6,-14.0,-3.4,1,0,0,0,3,1,0,2.5,0,0,0,0
PT-103,2026-10-08T10:35:00,44,23.3,4.8,6.6,1,112.5,65.8,51.1,7.2,6688,134.5,80.8,33.1,3.8,6.9,134.8,133.7,131.64,127.07,2.71,3.4,7.3,-0.8,-10.8,22.0,15.0,-18.0,-3.4,1,0,0,0,3,1,0,2.58,0,0,0,0
PT-103,2026-10-08T10:40:00,44,23.3,4.8,6.6,1,112.5,65.8,51.1,7.2,6688,130.1,81.4,36.3,3.8,5.5,133.27,133.22,131.85,127.53,2.46,-5.8,2.5,1.6,-1.8,17.6,15.6,-14.8,-3.4,1,0,0,0,3,1,0,2.67,0,0,0,0
PT-103,2026-10-08T10:45:00,44,23.3,4.8,6.6,1,112.5,65.8,51.1,7.2,6688,130.7,80.7,34.2,3.8,9.7,131.77,133.03,132.1,128.0,2.13,-2.2,3.0,-8.6,-3.6,18.2,14.9,-16.9,-3.4,1,0,0,0,3,1,0,2.75,0,0,0,0
PT-103,2026-10-08T10:50:00,44,23.3,4.8,6.6,1,112.5,65.8,51.1,7.2,6688,135.0,81.9,33.3,3.8,7.9,131.93,133.37,132.56,128.68,2.11,4.0,5.5,-5.2,-9.4,22.5,16.1,-17.8,-3.4,1,0,0,0,3,1,0,2.83,0,0,0,0
PT-103,2026-10-08T10:55:00,44,23.3,4.8,6.6,1,112.5,65.8,51.1,7.2,6688,137.1,81.1,36.8,3.8,3.6,134.27,133.77,133.04,129.43,2.44,4.8,5.8,0.6,-1.0,24.6,15.3,-14.3,-3.4,1,0,0,0,3,1,0,2.92,0,0,0,0
PT-103,2026-10-08T11:00:00,44,23.3,4.8,6.6,1,112.5,65.8,51.1,7.2,6688,136.4,76.8,37.9,3.8,4.3,136.17,133.97,133.69,130.07,2.17,2.4,7.8,-9.2,1.6,23.9,11.0,-13.2,-3.4,1,0,0,0,3,1,0,3.0,0,0,0,0
PT-103,2026-10-08T11:05:00,44,23.3,4.8,6.6,1,112.5,65.8,51.1,7.2,6688,136.7,79.7,34.3,3.8,9.7,136.73,134.33,134.02,130.74,2.31,4.4,3.9,-2.2,2.4,24.2,13.9,-16.8,-3.4,1,0,0,0,3,1,0,3.08,0,0,0,0
PT-103,2026-10-08T11:10:00,44,23.3,4.8,6.6,1,112.5,65.8,51.1,7.2,6688,138.4,80.8,37.4,3.8,7.2,137.17,135.72,134.47,131.43,2.6,16.6,5.4,-1.2,2.2,25.9,15.0,-13.7,-3.4,1,0,0,0,3,1,0,3.17,0,0,0,0
PT-103,2026-10-08T11:15:00,44,23.3,4.8,6.6,1,112.5,65.8,51.1,7.2,6688,136.8,85.0,36.2,3.8,5.1,137.3,136.73,134.88,131.92,2.54,12.2,5.0,8.6,4.0,24.3,19.2,-14.9,-3.4,1,0,0,0,3,1,0,3.25,0,0,0,0
PT-103,2026-10-08T11:20:00,44,23.3,4.8,6.6,1,112.5,65.8,51.1,7.2,6688,135.7,82.9,38.2,3.8,5.0,136.97,136.85,135.11,132.38,2.47,1.4,2.7,2.0,9.8,23.2,17.1,-12.9,-3.4,1,0,0,0,3,1,0,3.33,0,0,0,0
PT-103,2026-10-08T11:25:00,44,23.3,4.8,6.6,1,112.5,65.8,51.1,7.2,6688,137.1,82.0,41.4,3.8,6.5,136.53,136.85,135.31,132.82,2.53,0.0,2.4,1.8,9.2,24.6,16.2,-9.7,-3.4,1,0,0,0,3,1,0,3.42,0,0,0,0
PT-103,2026-10-08T11:30:00,44,23.3,4.8,6.6,1,112.5,65.8,51.1,7.2,6688,137.7,85.5,31.1,3.8,9.8,136.83,137.07,135.52,133.28,2.62,2.6,2.5,17.4,-13.6,25.2,19.7,-20.0,-3.4,1,0,0,0,3,1,0,3.5,0,0,0,0
PT-103,2026-10-08T11:35:00,44,23.3,4.8,6.6,1,112.5,65.8,51.1,7.2,6688,137.0,81.4,34.2,3.8,3.3,137.27,137.12,135.72,133.68,2.64,0.6,2.5,3.4,-0.2,24.5,15.6,-16.9,-3.4,1,0,0,0,3,1,0,3.58,0,0,0,0
PT-103,2026-10-08T11:40:00,44,23.3,4.8,6.6,1,112.5,65.8,51.1,7.2,6688,137.9,80.6,39.9,3.8,8.0,137.53,137.03,136.38,134.11,2.01,-1.0,7.8,-0.4,5.0,25.4,14.8,-11.2,-3.4,1,0,0,0,3,1,0,3.67,0,0,0,0
PT-103,2026-10-08T11:45:00,44,23.3,4.8,6.6,1,112.5,65.8,51.1,7.2,6688,137.9,82.6,33.8,3.8,7.6,137.6,137.22,136.98,134.54,0.97,2.2,7.2,-4.8,-4.8,25.4,16.8,-17.3,-3.4,1,0,0,0,3,1,0,3.75,0,0,0,0
PT-103,2026-10-08T11:50:00,44,23.3,4.8,6.6,1,112.5,65.8,51.1,7.2,6688,140.9,84.0,33.7,3.8,8.0,138.9,138.08,137.47,135.01,1.31,10.4,5.9,2.2,-9.0,28.4,18.2,-17.4,-3.4,1,0,0,0,3,1,0,3.83,0,0,0,0
PT-103,2026-10-08T11:55:00,44,23.3,4.8,6.6,1,112.5,65.8,51.1,7.2,6688,140.2,80.7,34.3,3.8,4.6,139.67,138.6,137.72,135.38,1.52,6.2,3.1,-2.6,-14.2,27.7,14.9,-16.8,-3.4,1,0,0,0,3,1,0,3.92,0,0,0,0
PT-103,2026-10-08T12:00:00,44,23.3,4.8,6.6,1,112.5,65.8,51.1,7.2,6688,141.0,83.6,37.2,3.8,4.5,140.7,139.15,138.11,135.9,1.72,6.6,4.6,-3.8,12.2,28.5,17.8,-13.9,-3.4,0,1,0,0,3,1,0,4.0,0,0,0,0
PT-103,2026-10-08T12:05:00,44,23.3,4.8,6.6,1,112.5,65.8,51.1,7.2,6688,142.4,80.4,35.7,3.8,7.5,141.2,140.05,138.58,136.3,2.05,10.8,5.7,-2.0,3.0,29.9,14.6,-15.4,-3.4,0,1,0,0,3,1,0,4.08,0,0,0,0
PT-103,2026-10-08T12:10:00,44,23.3,4.8,6.6,1,112.5,65.8,51.1,7.2,6688,142.1,82.5,37.9,3.8,5.5,141.83,140.75,138.89,136.68,2.29,8.4,3.7,3.8,-4.0,29.6,16.7,-13.2,-3.4,0,1,0,0,3,1,0,4.17,0,0,0,0
PT-103,2026-10-08T12:15:00,44,23.3,4.8,6.6,1,112.5,65.8,51.1,7.2,6688,145.2,82.3,36.9,3.8,8.0,143.23,141.97,139.59,137.24,2.81,14.6,8.4,-0.6,6.2,32.7,16.5,-14.2,-3.4,0,1,0,0,3,1,0,4.25,0,0,0,0
PT-103,2026-10-08T12:20:00,44,23.3,4.8,6.6,1,112.5,65.8,51.1,7.2,6688,142.3,79.5,38.0,3.8,3.4,143.2,142.2,140.14,137.62,2.62,2.8,6.6,-9.0,8.6,29.8,13.7,-13.1,-3.4,0,1,0,0,3,1,0,4.33,0,0,0,0
PT-103,2026-10-08T12:25:00,44,23.3,4.8,6.6,1,112.5,65.8,51.1,7.2,6688,145.7,79.7,36.2,3.8,9.5,144.4,143.12,140.86,138.08,2.88,11.0,8.6,-2.0,3.8,33.2,13.9,-14.9,-3.4,0,1,0,0,3,1,0,4.42,0,0,0,0
PT-103,2026-10-08T12:30:00,44,23.3,4.8,6.6,1,112.5,65.8,51.1,7.2,6688,148.0,80.8,36.3,3.8,3.7,145.33,144.28,141.72,138.62,3.35,14.0,10.3,-5.6,-1.8,35.5,15.0,-14.8,-3.4,0,1,0,0,3,1,0,4.5,0,0,0,0
PT-103,2026-10-08T12:35:00,44,23.3,4.8,6.6,1,112.5,65.8,51.1,7.2,6688,147.3,81.5,33.8,3.8,8.2,147.0,145.1,142.58,139.15,3.35,9.8,10.3,2.2,-3.8,34.8,15.7,-17.3,-3.4,0,1,0,0,3,1,0,4.58,0,0,0,0
PT-103,2026-10-08T12:40:00,44,23.3,4.8,6.6,1,112.5,65.8,51.1,7.2,6688,148.1,79.9,35.8,3.8,5.9,147.8,146.1,143.42,139.9,3.35,12.0,10.2,-5.2,-4.2,35.6,14.1,-15.3,-3.4,0,1,0,0,3,1,0,4.67,0,0,0,0
PT-103,2026-10-08T12:45:00,44,23.3,4.8,6.6,1,112.5,65.8,51.1,7.2,6688,148.5,83.5,36.2,3.8,3.4,147.97,146.65,144.31,140.64,3.15,6.6,10.6,2.4,-1.4,36.0,17.7,-14.9,-3.4,0,1,0,0,3,1,0,4.75,0,0,0,0
PT-103,2026-10-08T12:50:00,44,23.3,4.8,6.6,1,112.5,65.8,51.1,7.2,6688,148.7,78.7,34.4,3.8,8.4,148.43,147.72,144.96,141.21,3.19,12.8,7.8,-1.6,-7.2,36.2,12.9,-16.7,-3.4,0,1,0,0,3,1,0,4.83,0,0,0,0
PT-103,2026-10-08T12:55:00,44,23.3,4.8,6.6,1,112.5,65.8,51.1,7.2,6688,148.0,80.4,39.3,3.8,5.4,148.4,148.1,145.61,141.67,2.91,4.6,7.8,1.4,6.2,35.5,14.6,-11.8,-3.4,0,1,0,0,3,1,0,4.92,0,0,0,0
PT-103,2026-10-08T13:00:00,44,23.3,4.8,6.6,1,112.5,65.8,51.1,7.2,6688,152.4,81.8,36.7,3.8,12.1,149.7,148.83,146.56,142.33,3.13,8.8,11.4,2.0,0.8,39.9,16.0,-14.4,-3.4,0,1,0,0,3,1,0,5.0,0,0,0,0
PT-103,2026-10-08T13:05:00,44,23.3,4.8,6.6,1,112.5,65.8,51.1,7.2,6688,153.8,83.7,36.9,3.8,13.5,151.4,149.92,147.51,143.05,3.46,13.0,11.4,4.4,6.2,41.3,17.9,-14.2,-3.4,0,1,0,0,3,1,0,5.08,0,0,0,0
PT-103,2026-10-08T13:10:00,44,23.3,4.8,6.6,1,112.5,65.8,51.1,7.2,6688,155.8,81.6,35.2,3.8,11.0,154.0,151.2,148.65,143.77,3.76,15.4,13.7,3.4,-1.2,43.3,15.8,-15.9,-3.4,0,1,0,0,3,1,0,5.17,0,0,0,0
PT-103,2026-10-08T13:15:00,44,23.3,4.8,6.6,1,112.5,65.8,51.1,7.2,6688,156.4,83.9,40.0,3.8,9.2,155.33,152.52,149.58,144.59,4.19,15.8,11.2,0.8,7.6,43.9,18.1,-11.1,-3.4,0,1,0,0,3,1,0,5.25,0,0,0,0
PT-103,2026-10-08T13:20:00,44,23.3,4.8,6.6,1,112.5,65.8,51.1,7.2,6688,156.8,82.7,38.0,3.8,11.8,156.33,153.87,150.79,145.47,3.99,16.2,14.5,8.0,7.2,44.3,16.9,-13.1,-3.4,0,1,0,0,3,1,0,5.33,0,0,0,0
PT-103,2026-10-08T13:25:00,44,23.3,4.8,6.6,1,112.5,65.8,51.1,7.2,6688,154.9,84.4,36.5,3.8,12.9,156.03,155.02,151.56,146.21,3.8,13.8,9.2,8.0,-5.6,42.4,18.6,-14.6,-3.4,0,1,0,0,3,1,0,5.42,0,0,0,0
PT-103,2026-10-08T13:30:00,44,23.3,4.8,6.6,1,112.5,65.8,51.1,7.2,6688,154.2,77.9,38.0,3.8,9.2,155.3,155.32,152.08,146.9,3.69,3.6,6.2,-7.8,2.6,41.7,12.1,-13.1,-3.4,0,1,0,0,3,1,0,5.5,0,0,0,0
PT-103,2026-10-08T13:35:00,44,23.3,4.8,6.6,1,112.5,65.8,51.1,7.2,6688,154.7,83.7,38.7,3.8,7.6,154.6,155.47,152.69,147.63,3.43,1.8,7.4,0.0,3.6,42.2,17.9,-12.4,-3.4,0,1,0,0,3,1,0,5.58,0,0,0,0
PT-103,2026-10-08T13:40:00,44,23.3,4.8,6.6,1,112.5,65.8,51.1,7.2,6688,154.3,83.7,34.8,3.8,7.6,154.4,155.22,153.21,148.32,3.13,-3.0,6.2,4.2,-0.8,41.8,17.9,-16.3,-3.4,0,1,0,0,3,1,0,5.67,0,0,0,0
PT-103,2026-10-08T13:45:00,44,23.3,4.8,6.6,1,112.5,65.8,51.1,7.2,6688,157.8,82.9,34.6,3.8,9.0,155.6,155.45,153.98,149.15,3.01,2.8,9.3,-2.0,-10.8,45.3,17.1,-16.5,-3.4,0,1,0,0,3,1,0,5.75,0,0,0,0
PT-103,2026-10-08T13:50:00,44,23.3,4.8,6.6,1,112.5,65.8,51.1,7.2,6688,158.1,82.3,33.1,3.8,7.3,156.73,155.67,154.77,149.86,2.71,2.6,9.4,-0.8,-9.8,45.6,16.5,-18.0,-3.4,0,1,0,0,3,1,0,5.83,0,0,0,0
PT-103,2026-10-08T13:55:00,44,23.3,4.8,6.6,1,112.5,65.8,51.1,7.2,6688,156.4,80.4,32.1,3.8,10.7,157.43,155.92,155.47,150.54,1.71,3.0,8.4,-8.0,-8.8,43.9,14.6,-19.0,-3.4,0,1,0,0,3,1,0,5.92,0,0,0,0
PT-103,2026-10-08T14:00:00,44,23.3,4.8,6.6,1,112.5,65.8,51.1,7.2,6688,157.5,85.8,39.8,3.8,6.9,157.33,156.47,155.89,151.22,1.5,6.6,5.1,15.8,3.6,45.0,20.0,-11.3,-3.4,0,1,0,0,3,1,0,6.0,0,0,0,0
PT-103,2026-10-08T14:05:00,44,23.3,4.8,6.6,1,112.5,65.8,51.1,7.2,6688,160.3,81.2,33.9,3.8,9.4,158.07,157.4,156.43,151.97,1.81,11.2,6.5,-5.0,-9.6,47.8,15.4,-17.2,-3.4,0,1,0,0,3,1,0,6.08,0,0,0,0
PT-103,2026-10-08T14:10:00,44,23.3,4.8,6.6,1,112.5,65.8,51.1,7.2,6688,160.9,83.3,37.3,3.8,5.1,159.57,158.5,156.86,152.75,2.21,13.2,5.1,-0.8,5.0,48.4,17.5,-13.8,-3.4,0,1,0,0,3,1,0,6.17,0,0,0,0
PT-103,2026-10-08T14:15:00,44,23.3,4.8,6.6,1,112.5,65.8,51.1,7.2,6688,161.1,76.9,36.6,3.8,3.5,160.77,159.05,157.25,153.42,2.51,6.6,4.7,-12.0,4.0,48.6,11.1,-14.5,-3.4,0,1,0,0,3,1,0,6.25,0,0,0,0
PT-103,2026-10-08T14:20:00,44,23.3,4.8,6.6,1,112.5,65.8,51.1,7.2,6688,161.0,78.4,34.9,3.8,4.8,161.0,159.53,157.6,154.2,2.73,5.8,4.2,-7.8,3.6,48.5,12.6,-16.2,-3.4,0,1,0,0,3,1,0,6.33,0,0,0,0
PT-103,2026-10-08T14:25:00,44,23.3,4.8,6.6,1,112.5,65.8,51.1,7.2,6688,162.6,77.4,38.9,3.8,7.2,161.57,160.57,158.24,154.9,2.93,12.4,7.7,-6.0,13.6,50.1,11.6,-12.2,-3.4,0,1,0,0,3,1,0,6.42,0,0,0,0
PT-103,2026-10-08T14:30:00,44,23.3,4.8,6.6,1,112.5,65.8,51.1,7.2,6688,164.7,81.6,38.7,3.8,8.5,162.77,161.77,159.12,155.6,3.17,14.4,10.5,-8.4,-2.2,52.2,15.8,-12.4,-3.4,0,1,0,0,3,1,0,6.5,0,0,0,0
PT-103,2026-10-08T14:35:00,44,23.3,4.8,6.6,1,112.5,65.8,51.1,7.2,6688,164.9,79.6,37.4,3.8,8.8,164.07,162.53,159.97,156.33,3.25,9.2,10.2,-3.2,7.0,52.4,13.8,-13.7,-3.4,0,1,0,0,3,1,0,6.58,0,0,0,0
PT-103,2026-10-08T14:40:00,44,23.3,4.8,6.6,1,112.5,65.8,51.1,7.2,6688,166.7,80.6,33.6,3.8,9.0,165.43,163.5,161.0,157.1,3.25,11.6,12.4,-5.4,-7.4,54.2,14.8,-17.5,-3.4,0,1,0,0,3,1,0,6.67,0,0,0,0
PT-103,2026-10-08T14:45:00,44,23.3,4.8,6.6,1,112.5,65.8,51.1,7.2,6688,164.0,79.4,36.2,3.8,2.1,165.2,163.98,161.52,157.75,3.19,5.8,6.2,5.0,-0.8,51.5,13.6,-14.9,-3.4,0,1,0,0,3,1,0,6.75,0,0,0,0
PT-103,2026-10-08T14:50:00,44,23.3,4.8,6.6,1,112.5,65.8,51.1,7.2,6688,162.9,76.6,38.5,3.8,8.1,164.53,164.3,161.92,158.34,3.02,3.8,4.8,-3.6,7.2,50.4,10.8,-12.6,-3.4,0,1,0,0,3,1,0,6.83,0,0,0,0
PT-103,2026-10-08T14:55:00,44,23.3,4.8,6.6,1,112.5,65.8,51.1,7.2,6688,166.2,84.9,34.7,3.8,2.8,164.37,164.9,162.73,159.1,2.7,7.2,9.8,15.0,-8.4,53.7,19.1,-16.4,-3.4,0,1,0,0,3,1,0,6.92,0,0,0,0
PT-103,2026-10-08T15:00:00,44,23.3,4.8,6.6,1,112.5,65.8,51.1,7.2,6688,165.4,79.9,36.4,3.8,2.6,164.83,165.02,163.39,159.64,2.23,1.4,7.9,-3.4,-4.6,52.9,14.1,-14.7,-3.4,0,1,0,0,3,1,0,7.0,0,0,0,0
PT-103,2026-10-08T15:05:00,44,23.3,4.8,6.6,1,112.5,65.8,51.1,7.2,6688,163.3,79.2,36.0,3.8,4.4,164.97,164.75,163.64,160.04,2.01,-3.2,3.0,-0.8,-2.8,50.8,13.4,-15.1,-3.4,0,1,0,0,3,1,0,7.08,0,0,0,0
PT-103,2026-10-08T15:10:00,44,23.3,4.8,6.6,1,112.5,65.8,51.1,7.2,6688,162.3,78.2,34.6,3.8,6.3,163.67,164.02,163.76,160.31,1.87,-8.8,1.4,-4.8,2.0,49.8,12.4,-16.5,-3.4,0,1,0,0,3,1,0,7.17,0,0,0,0
PT-103,2026-10-08T15:15:00,44,23.3,4.8,6.6,1,112.5,65.8,51.1,7.2,6688,164.0,82.7,33.8,3.8,2.8,163.2,164.02,164.0,160.62,1.68,0.0,2.9,6.6,-4.8,51.5,16.9,-17.3,-3.4,0,1,0,0,3,1,0,7.25,0,0,0,0
PT-103,2026-10-08T15:20:00,44,23.3,4.8,6.6,1,112.5,65.8,51.1,7.2,6688,163.1,78.1,35.6,3.8,6.5,163.13,164.05,164.18,160.89,1.43,0.4,2.1,3.0,-5.8,50.6,12.3,-15.5,-3.4,0,1,0,0,3,1,0,7.33,0,0,0,0
PT-103,2026-10-08T15:25:00,44,23.3,4.8,6.6,1,112.5,65.8,51.1,7.2,6688,162.2,81.6,34.6,3.8,7.8,163.1,163.38,164.14,161.19,1.47,-8.0,-0.4,-6.6,-0.2,49.7,15.8,-16.5,-3.4,0,1,0,0,3,1,0,7.42,0,0,0,0
PT-103,2026-10-08T15:30:00,44,23.3,4.8,6.6,1,112.5,65.8,51.1,7.2,6688,165.3,78.5,33.2,3.8,5.8,163.53,163.37,164.19,161.65,1.5,-0.2,0.6,-2.8,-6.4,52.8,12.7,-17.9,-3.4,0,1,0,0,3,1,0,7.5,0,0,0,0
PT-103,2026-10-08T15:35:00,44,23.3,4.8,6.6,1,112.5,65.8,51.1,7.2,6688,163.7,76.2,35.9,3.8,4.4,163.73,163.43,164.09,162.03,1.49,0.8,-1.2,-6.0,-0.2,51.2,10.4,-15.2,-3.4,0,1,0,0,3,1,0,7.58,0,0,0,0
PT-103,2026-10-08T15:40:00,44,23.3,4.8,6.6,1,112.5,65.8,51.1,7.2,6688,161.3,81.2,34.7,3.8,9.6,163.43,163.27,163.64,162.32,1.45,-2.0,-5.4,6.0,0.2,48.8,15.4,-16.4,-3.4,0,1,0,0,3,1,0,7.67,0,0,0,0
PT-103,2026-10-08T15:45:00,44,23.3,4.8,6.6,1,112.5,65.8,51.1,7.2,6688,163.5,81.3,36.7,3.8,4.3,162.83,163.18,163.6,162.56,1.44,-1.0,-0.5,-2.8,5.8,51.0,15.5,-14.4,-3.4,0,1,0,0,3,1,0,7.75,0,0,0,0
PT-103,2026-10-08T15:50:00,44,23.3,4.8,6.6,1,112.5,65.8,51.1,7.2,6688,163.4,79.6,38.3,3.8,2.8,162.73,163.23,163.64,162.78,1.43,0.6,0.5,3.0,5.4,50.9,13.8,-12.8,-3.4,0,1,0,0,3,1,0,7.83,0,0,0,0
PT-103,2026-10-08T15:55:00,44,23.3,4.8,6.6,1,112.5,65.8,51.1,7.2,6688,161.2,84.3,36.5,3.8,2.2,162.7,163.07,163.22,162.98,1.34,-2.0,-5.0,5.4,3.8,48.7,18.5,-14.6,-3.4,0,1,0,0,3,1,0,7.92,0,0,0,0
PT-103,2026-10-08T16:00:00,44,23.3,4.8,6.6,1,112.5,65.8,51.1,7.2,6688,160.2,81.3,36.5,3.8,7.8,161.6,162.22,162.79,163.09,1.41,-10.2,-5.2,5.6,6.6,47.7,15.5,-14.6,-3.4,0,1,0,0,3,1,0,8.0,0,0,0,0
PT-103,2026-10-08T16:05:00,44,23.3,4.8,6.6,1,112.5,65.8,51.1,7.2,6688,161.3,74.6,36.8,3.8,4.4,160.9,161.82,162.62,163.13,1.46,-4.8,-2.0,-3.2,1.8,48.8,8.8,-14.3,-3.4,0,1,0,0,3,1,0,8.08,0,0,0,0
PT-103,2026-10-08T16:10:00,44,23.3,4.8,6.6,1,112.5,65.8,51.1,7.2,6688,159.9,77.5,34.6,3.8,8.2,160.47,161.58,162.42,163.09,1.66,-2.8,-2.4,-7.4,-0.2,47.4,11.7,-16.5,-3.4,0,1,0,0,3,1,0,8.17,0,0,0,0
PT-103,2026-10-08T16:15:00,44,23.3,4.8,6.6,1,112.5,65.8,51.1,7.2,6688,159.8,80.2,37.4,3.8,3.4,160.33,160.97,162.07,163.04,1.74,-7.4,-4.2,-2.2,1.4,47.3,14.4,-13.7,-3.4,0,1,0,0,3,1,0,8.25,0,0,0,0
PT-103,2026-10-08T16:20:00,44,23.3,4.8,6.6,1,112.5,65.8,51.1,7.2,6688,162.5,78.4,34.2,3.8,3.3,160.73,160.82,162.02,163.1,1.72,-1.8,-0.6,-2.4,-8.2,50.0,12.6,-16.9,-3.4,0,1,0,0,3,1,0,8.33,0,0,0,0
PT-103,2026-10-08T16:25:00,44,23.3,4.8,6.6,1,112.5,65.8,51.1,7.2,6688,159.1,79.9,37.1,3.8,3.8,160.47,160.47,161.77,162.95,1.91,-4.2,-3.1,-8.8,1.2,46.6,14.1,-14.0,-3.4,0,1,0,0,3,1,0,8.42,0,0,0,0
PT-103,2026-10-08T16:30:00,44,23.3,4.8,6.6,1,112.5,65.8,51.1,7.2,6688,160.3,78.2,34.7,3.8,6.8,160.63,160.48,161.35,162.77,1.59,0.2,-5.0,-6.2,-3.6,47.8,12.4,-16.4,-3.4,0,1,0,0,3,1,0,8.5,0,0,0,0
PT-103,2026-10-08T16:35:00,44,23.3,4.8,6.6,1,112.5,65.8,51.1,7.2,6688,157.8,79.4,33.1,3.8,6.9,159.07,159.9,160.86,162.48,1.7,-7.0,-5.9,9.6,-7.4,45.3,13.6,-18.0,-3.4,0,1,0,0,3,1,0,8.58,0,0,0,0
PT-103,2026-10-08T16:40:00,44,23.3,4.8,6.6,1,112.5,65.8,51.1,7.2,6688,156.7,81.2,36.8,3.8,8.2,158.27,159.37,160.48,162.06,2.07,-6.4,-4.6,7.4,4.4,44.2,15.4,-14.3,-3.4,0,1,0,0,3,1,0,8.67,0,0,0,0
PT-103,2026-10-08T16:45:00,44,23.3,4.8,6.6,1,112.5,65.8,51.1,7.2,6688,160.1,79.1,37.8,3.8,6.9,158.2,159.42,160.19,161.9,1.84,0.6,-3.4,-2.2,0.8,47.6,13.3,-13.3,-3.4,0,1,0,0,3,1,0,8.75,0,0,0,0
PT-103,2026-10-08T16:50:00,44,23.3,4.8,6.6,1,112.5,65.8,51.1,7.2,6688,162.4,76.7,36.5,3.8,2.2,159.73,159.4,160.11,161.88,1.7,-0.2,-1.0,-3.4,4.6,49.9,10.9,-14.6,-3.4,0,1,0,0,3,1,0,8.83,0,0,0,0
PT-103,2026-10-08T16:55:00,44,23.3,4.8,6.6,1,112.5,65.8,51.1,7.2,6688,162.8,76.4,36.6,3.8,7.7,161.77,160.02,160.24,161.73,1.85,7.4,1.6,-7.0,-1.0,50.3,10.6,-14.5,-3.4,0,1,0,0,3,1,0,8.92,0,0,0,0
PT-103,2026-10-08T17:00:00,44,23.3,4.8,6.6,1,112.5,65.8,51.1,7.2,6688,162.8,78.5,36.9,3.8,18.1,162.67,160.43,160.46,161.62,1.99,5.0,2.6,0.6,4.4,50.3,12.7,-14.2,-3.4,0,0,1,0,3,1,0,9.0,0,0,0,0
PT-103,2026-10-08T17:05:00,44,23.3,4.8,6.6,1,112.5,65.8,51.1,7.2,6688,160.6,79.1,36.3,3.8,27.9,162.07,160.9,160.4,161.51,1.97,5.6,-0.7,-0.6,6.4,48.1,13.3,-14.8,-3.4,0,0,1,0,3,1,0,9.08,0,0,0,0
PT-103,2026-10-08T17:10:00,44,23.3,4.8,6.6,1,112.5,65.8,51.1,7.2,6688,160.2,75.3,39.1,3.8,29.6,161.2,161.48,160.42,161.42,1.97,7.0,0.3,-11.8,4.6,47.7,9.5,-12.0,-3.4,0,0,1,0,3,1,0,9.17,0,0,0,0
PT-103,2026-10-08T17:15:00,44,23.3,4.8,6.6,1,112.5,65.8,51.1,7.2,6688,158.8,79.4,37.0,3.8,25.2,159.87,161.27,160.34,161.21,2.02,-2.6,-1.0,0.6,-1.6,46.3,13.6,-14.1,-3.4,0,0,1,0,3,1,0,9.25,0,0,0,0
PT-103,2026-10-08T17:20:00,44,23.3,4.8,6.6,1,112.5,65.8,51.1,7.2,6688,157.0,78.5,35.5,3.8,18.5,158.67,160.37,159.88,160.95,2.11,-10.8,-5.5,3.6,-2.0,44.5,12.7,-15.6,-3.4,0,0,1,0,3,1,0,9.33,0,0,0,0
PT-103,2026-10-08T17:25:00,44,23.3,4.8,6.6,1,112.5,65.8,51.1,7.2,6688,157.9,79.9,37.7,3.8,29.4,157.9,159.55,159.78,160.78,2.17,-9.8,-1.2,7.0,2.2,45.4,14.1,-13.4,-3.4,0,0,1,0,3,1,0,9.42,0,0,0,0
PT-103,2026-10-08T17:30:00,44,23.3,4.8,6.6,1,112.5,65.8,51.1,7.2,6688,157.4,74.1,36.9,3.8,26.7,157.43,158.65,159.54,160.45,2.27,-10.8,-2.9,-8.8,0.0,44.9,8.3,-14.2,-3.4,0,0,1,0,3,1,0,9.5,0,0,0,0
PT-103,2026-10-08T17:35:00,44,23.3,4.8,6.6,1,112.5,65.8,51.1,7.2,6688,160.5,76.9,35.2,3.8,25.3,158.6,158.63,159.77,160.31,2.21,-0.2,2.7,-4.4,-2.2,48.0,11.1,-15.9,-3.4,0,0,1,0,3,1,0,9.58,0,0,0,0
PT-103,2026-10-08T17:40:00,44,23.3,4.8,6.6,1,112.5,65.8,51.1,7.2,6688,161.6,75.6,37.8,3.8,23.0,159.83,158.87,160.17,160.33,2.04,2.8,4.9,0.6,-2.6,49.1,9.8,-13.3,-3.4,0,0,1,0,3,1,0,9.67,0,0,0,0
PT-103,2026-10-08T17:45:00,44,23.3,4.8,6.6,1,112.5,65.8,51.1,7.2,6688,163.1,77.9,34.7,3.8,29.8,161.73,159.58,160.43,160.31,2.21,8.6,3.0,-3.0,-4.6,50.6,12.1,-16.4,-3.4,0,0,1,0,3,1,0,9.75,0,0,0,0
PT-103,2026-10-08T17:50:00,44,23.3,4.8,6.6,1,112.5,65.8,51.1,7.2,6688,164.8,77.6,39.7,3.8,19.2,163.17,160.88,160.62,160.37,2.49,15.6,2.4,-1.8,8.4,52.3,11.8,-11.4,-3.4,0,0,1,0,3,1,0,9.83,0,0,0,0
PT-103,2026-10-08T17:55:00,44,23.3,4.8,6.6,1,112.5,65.8,51.1,7.2,6688,164.2,76.3,31.7,3.8,24.6,164.03,161.93,160.74,160.49,2.63,12.6,1.4,-7.2,-12.0,51.7,10.5,-19.4,-3.4,0,0,1,0,3,1,0,9.92,0,0,0,1
PT-103,2026-10-08T18:00:00,44,23.3,4.8,6.6,1,112.5,65.8,51.1,7.2,6688,165.2,75.7,34.4,3.8,23.5,164.73,163.23,160.94,160.7,2.88,15.6,2.4,3.2,-5.0,52.7,9.9,-16.7,-3.4,0,0,1,0,3,1,0,10.0,0,0,0,1
PT-103,2026-10-08T18:05:00,44,23.3,4.8,6.6,1,112.5,65.8,51.1,7.2,6688,165.4,76.9,36.6,3.8,4.1,164.93,164.05,161.34,160.87,3.15,9.8,4.8,0.0,2.8,52.9,11.1,-14.5,-3.4,0,0,1,0,3,1,0,10.08,0,0,0,1
PT-103,2026-10-08T18:10:00,44,23.3,4.8,6.6,1,112.5,65.8,51.1,7.2,6688,165.1,76.9,40.2,3.8,8.4,165.23,164.63,161.75,161.09,3.31,7.0,4.9,2.6,4.8,52.6,11.1,-10.9,-3.4,0,0,1,0,3,1,0,10.17,0,0,0,1
PT-103,2026-10-08T18:15:00,44,23.3,4.8,6.6,1,112.5,65.8,51.1,7.2,6688,164.6,77.8,34.2,3.8,7.1,165.03,164.88,162.23,161.29,3.26,3.0,5.8,-0.2,-1.0,52.1,12.0,-16.9,-3.4,0,0,1,0,3,1,0,10.25,0,0,0,1
PT-103,2026-10-08T18:20:00,44,23.3,4.8,6.6,1,112.5,65.8,51.1,7.2,6688,166.4,79.0,37.0,3.8,9.8,165.37,165.15,163.02,161.45,3.01,3.2,9.4,2.8,-5.4,53.9,13.2,-14.1,-3.4,0,0,1,0,3,1,0,10.33,0,0,0,1
PT-103,2026-10-08T18:25:00,44,23.3,4.8,6.6,1,112.5,65.8,51.1,7.2,6688,167.6,77.9,35.0,3.8,5.0,166.2,165.72,163.83,161.8,2.8,6.8,9.7,3.2,6.6,55.1,12.1,-16.1,-3.4,0,0,1,0,3,1,0,10.42,0,0,0,1
PT-103,2026-10-08T18:30:00,44,23.3,4.8,6.6,1,112.5,65.8,51.1,7.2,6688,173.0,78.1,37.4,3.8,4.1,169.0,167.02,165.12,162.33,3.15,15.6,15.6,4.8,6.0,60.5,12.3,-13.7,-3.4,0,0,1,0,3,1,0,10.5,0,0,0,1
PT-103,2026-10-08T18:35:00,44,23.3,4.8,6.6,1,112.5,65.8,51.1,7.2,6688,173.9,79.4,35.7,3.8,8.6,171.5,168.43,166.24,163.0,3.69,17.0,13.4,5.0,-1.8,61.4,13.6,-15.4,-3.4,0,0,1,0,3,1,0,10.58,0,0,0,1
PT-103,2026-10-08T18:40:00,44,23.3,4.8,6.6,1,112.5,65.8,51.1,7.2,6688,171.3,74.9,37.1,3.8,6.0,172.73,169.47,167.05,163.61,3.64,12.4,9.7,-4.0,-6.2,58.8,9.1,-14.0,-3.4,0,0,1,0,3,1,0,10.67,0,0,0,1
PT-103,2026-10-08T18:45:00,44,23.3,4.8,6.6,1,112.5,65.8,51.1,7.2,6688,176.3,77.3,36.7,3.8,6.3,173.83,171.42,168.15,164.29,4.28,23.4,13.2,-1.0,5.0,63.8,11.5,-14.4,-3.4,0,0,1,0,3,1,0,10.75,0,0,0,1
PT-103,2026-10-08T18:50:00,44,23.3,4.8,6.6,1,112.5,65.8,51.1,7.2,6688,176.6,76.6,37.2,3.8,8.2,174.73,173.12,169.13,164.88,4.77,20.4,11.8,-4.8,0.4,64.1,10.8,-13.9,-3.4,0,0,1,0,3,1,0,10.83,0,0,0,1
PT-103,2026-10-08T18:55:00,44,23.3,4.8,6.6,1,112.5,65.8,51.1,7.2,6688,177.3,76.7,36.2,3.8,4.2,176.73,174.73,170.22,165.48,5.03,19.4,13.1,-2.4,2.4,64.8,10.9,-14.9,-3.4,0,0,1,0,3,1,0,10.92,0,0,0,1
PT-103,2026-10-08T19:00:00,44,23.3,4.8,6.6,1,112.5,65.8,51.1,7.2,6688,175.4,74.5,36.5,3.8,8.3,176.43,175.13,171.08,166.01,4.96,4.8,10.2,-7.2,-1.8,62.9,8.7,-14.6,-3.4,0,0,1,0,3,1,0,11.0,0,0,0,1
PT-103,2026-10-08T19:05:00,44,23.3,4.8,6.6,1,112.5,65.8,51.1,7.2,6688,175.7,73.4,35.8,3.8,5.5,176.13,175.43,171.93,166.64,4.78,3.6,10.3,-12.0,0.2,63.2,7.6,-15.3,-3.4,0,0,1,0,3,1,0,11.08,0,0,0,1
PT-103,2026-10-08T19:10:00,44,23.3,4.8,6.6,1,112.5,65.8,51.1,7.2,6688,172.8,77.1,35.3,3.8,3.8,174.63,175.68,172.58,167.16,4.27,3.0,7.7,4.4,-3.6,60.3,11.3,-15.8,-3.4,0,0,1,0,3,1,0,11.17,0,0,0,1
PT-103,2026-10-08T19:15:00,44,23.3,4.8,6.6,1,112.5,65.8,51.1,7.2,6688,173.0,74.4,38.3,3.8,4.7,173.83,175.13,173.28,167.75,3.45,-6.6,8.4,-5.8,3.2,60.5,8.6,-12.8,-3.4,0,0,1,0,3,1,0,11.25,0,0,0,1
PT-103,2026-10-08T19:20:00,44,23.3,4.8,6.6,1,112.5,65.8,51.1,7.2,6688,171.5,77.4,34.2,3.8,9.7,172.43,174.28,173.7,168.36,2.77,-10.2,5.1,1.6,-6.0,59.0,11.6,-16.9,-3.4,0,0,1,0,3,1,0,11.33,0,0,0,1
PT-103,2026-10-08T19:25:00,44,23.3,4.8,6.6,1,112.5,65.8,51.1,7.2,6688,173.0,74.4,34.3,3.8,4.1,172.5,173.57,174.15,168.99,2.03,-8.6,5.4,-4.6,-3.8,60.5,8.6,-16.8,-3.4,0,0,1,0,3,1,0,11.42,0,0,0,1
PT-103,2026-10-08T19:30:00,44,23.3,4.8,6.6,1,112.5,65.8,51.1,7.2,6688,175.8,76.3,32.3,3.8,5.7,173.43,173.63,174.38,169.75,2.05,0.8,2.8,3.6,-8.4,63.3,10.5,-18.8,-3.4,0,0,1,0,3,1,0,11.5,0,0,0,1
PT-103,2026-10-08T19:35:00,44,23.3,4.8,6.6,1,112.5,65.8,51.1,7.2,6688,177.7,73.8,32.9,3.8,6.5,175.5,173.97,174.7,170.47,2.25,4.0,3.8,0.8,-5.8,65.2,8.0,-18.2,-3.4,0,0,1,0,3,1,0,11.58,0,0,0,1
PT-103,2026-10-08T19:40:00,44,23.3,4.8,6.6,1,112.5,65.8,51.1,7.2,6688,179.4,72.2,35.4,3.8,6.6,177.63,175.07,175.38,171.21,2.35,13.2,8.1,-9.8,0.2,66.9,6.4,-15.7,-3.4,0,0,1,0,3,1,0,11.67,0,0,0,1
PT-103,2026-10-08T19:45:00,44,23.3,4.8,6.6,1,112.5,65.8,51.1,7.2,6688,177.6,73.2,34.0,3.8,6.9,178.23,175.83,175.48,171.82,2.43,9.2,1.3,-2.4,-8.6,65.1,7.4,-17.1,-3.4,0,0,1,0,3,1,0,11.75,0,0,0,1
PT-103,2026-10-08T19:50:00,44,23.3,4.8,6.6,1,112.5,65.8,51.1,7.2,6688,177.9,78.3,39.5,3.8,7.0,178.3,176.9,175.59,172.36,2.51,12.8,1.3,1.8,10.6,65.4,12.5,-11.6,-3.4,0,0,1,0,3,1,0,11.83,0,0,0,1
PT-103,2026-10-08T19:55:00,44,23.3,4.8,6.6,1,112.5,65.8,51.1,7.2,6688,180.2,78.7,34.3,3.8,7.4,178.57,178.1,175.83,173.03,2.81,14.4,2.9,8.6,0.0,67.7,12.9,-16.8,-3.4,0,0,1,0,3,1,0,11.92,0,0,0,1
PT-103,2026-10-08T20:00:00,44,23.3,4.8,6.6,1,112.5,65.8,51.1,7.2,6688,178.5,74.8,33.6,3.8,8.4,178.87,178.55,176.09,173.58,2.91,5.4,3.1,-3.0,2.6,66.0,9.0,-17.5,-3.4,0,0,1,0,3,1,0,0.0,0,0,0,1
PT-103,2026-10-08T20:05:00,44,23.3,4.8,6.6,1,112.5,65.8,51.1,7.2,6688,180.1,75.5,33.5,3.8,4.3,179.6,178.95,176.46,174.2,3.12,4.8,4.4,3.4,1.2,67.6,9.7,-17.6,-3.4,0,0,1,0,3,1,0,0.08,0,0,0,1
PT-103,2026-10-08T20:10:00,44,23.3,4.8,6.6,1,112.5,65.8,51.1,7.2,6688,183.7,73.4,36.0,3.8,4.1,180.77,179.67,177.37,174.97,3.52,8.6,10.9,2.4,1.2,71.2,7.6,-15.1,-3.4,0,0,1,0,3,1,0,0.17,0,0,0,1
PT-103,2026-10-08T20:15:00,44,23.3,4.8,6.6,1,112.5,65.8,51.1,7.2,6688,184.6,72.2,37.2,3.8,9.1,182.8,180.83,178.33,175.8,3.8,14.0,11.6,-2.0,6.4,72.1,6.4,-13.9,-3.4,0,0,1,0,3,1,0,0.25,0,0,0,1
PT-103,2026-10-08T20:20:00,44,23.3,4.8,6.6,1,112.5,65.8,51.1,7.2,6688,186.7,77.7,37.7,3.8,6.4,185.0,182.3,179.6,176.65,3.84,17.6,15.2,-1.2,-3.6,74.2,11.9,-13.4,-3.4,0,0,1,0,3,1,0,0.33,0,0,0,1
PT-103,2026-10-08T20:25:00,44,23.3,4.8,6.6,1,112.5,65.8,51.1,7.2,6688,185.9,76.6,36.4,3.8,7.7,185.73,183.25,180.68,177.41,3.63,11.4,12.9,-4.2,4.2,73.4,10.8,-14.7,-3.4,0,0,1,0,3,1,0,0.42,0,0,0,1
PT-103,2026-10-08T20:30:00,44,23.3,4.8,6.6,1,112.5,65.8,51.1,7.2,6688,184.4,73.9,36.1,3.8,5.2,185.67,184.23,181.39,177.89,3.42,11.8,8.6,-1.8,5.0,71.9,8.1,-15.0,-3.4,0,0,1,0,3,1,0,0.5,0,0,0,1
PT-103,2026-10-08T20:35:00,44,23.3,4.8,6.6,1,112.5,65.8,51.1,7.2,6688,186.2,77.4,34.7,3.8,7.9,185.5,185.25,182.1,178.4,3.47,12.2,8.5,3.8,2.4,73.7,11.6,-16.4,-3.4,0,0,1,0,3,1,0,0.58,0,0,0,1
PT-103,2026-10-08T20:40:00,44,23.3,4.8,6.6,1,112.5,65.8,51.1,7.2,6688,189.6,79.8,36.1,3.8,9.7,186.73,186.23,182.95,179.16,3.96,11.8,10.2,12.8,0.2,77.1,14.0,-15.0,-3.4,0,0,1,0,3,1,0,0.67,0,0,0,1
PT-103,2026-10-08T20:45:00,44,23.3,4.8,6.6,1,112.5,65.8,51.1,7.2,6688,188.7,74.9,37.1,3.8,4.4,188.17,186.92,183.88,179.68,3.89,8.2,11.1,5.4,-0.2,76.2,9.1,-14.0,-3.4,0,0,1,0,3,1,0,0.75,0,0,0,1
PT-103,2026-10-08T20:50:00,44,23.3,4.8,6.6,1,112.5,65.8,51.1,7.2,6688,185.3,78.3,38.3,3.8,7.2,187.87,186.68,184.49,180.04,3.42,-2.8,7.4,1.2,1.2,72.8,12.5,-12.8,-3.4,0,0,1,0,3,1,0,0.83,0,0,0,1
PT-103,2026-10-08T20:55:00,44,23.3,4.8,6.6,1,112.5,65.8,51.1,7.2,6688,185.5,73.7,35.2,3.8,8.1,186.5,186.62,184.93,180.38,3.14,-0.8,5.3,-5.8,-2.4,73.0,7.9,-15.9,-3.4,0,0,1,0,3,1,0,0.92,0,0,0,1
PT-103,2026-10-08T21:00:00,44,23.3,4.8,6.6,1,112.5,65.8,51.1,7.2,6688,184.4,75.0,34.9,3.8,3.7,185.07,186.62,185.42,180.76,2.43,0.0,5.9,2.2,-2.4,71.9,9.2,-16.2,-3.4,0,0,1,0,3,1,0,1.0,0,0,0,1
PT-103,2026-10-08T21:05:00,44,23.3,4.8,6.6,1,112.5,65.8,51.1,7.2,6688,187.2,76.9,37.4,3.8,3.8,185.7,186.78,186.02,181.24,1.79,2.0,7.1,-1.0,5.4,74.7,11.1,-13.7,-3.4,0,0,1,0,3,1,0,1.08,0,0,0,1
PT-103,2026-10-08T21:10:00,44,23.3,4.8,6.6,1,112.5,65.8,51.1,7.2,6688,191.3,78.9,38.0,3.8,5.6,187.63,187.07,186.65,182.01,2.2,3.4,7.6,-1.8,3.8,78.8,13.1,-13.1,-3.4,0,0,1,0,3,1,0,1.17,0,0,0,1
PT-103,2026-10-08T21:15:00,44,23.3,4.8,6.6,1,112.5,65.8,51.1,7.2,6688,189.8,77.2,34.3,3.8,9.0,189.43,187.25,187.08,182.71,2.27,2.2,5.2,4.6,-5.6,77.3,11.4,-16.8,-3.4,0,0,1,0,3,1,0,1.25,0,0,0,1
PT-103,2026-10-08T21:20:00,44,23.3,4.8,6.6,1,112.5,65.8,51.1,7.2,6688,193.0,71.2,37.1,3.8,4.8,191.37,188.53,187.61,183.6,2.83,15.4,6.3,-14.2,-2.4,80.5,5.4,-14.0,-3.4,0,0,1,0,3,1,0,1.33,0,0,0,1
PT-103,2026-10-08T21:25:00,44,23.3,4.8,6.6,1,112.5,65.8,51.1,7.2,6688,195.9,72.5,40.4,3.8,8.4,192.9,190.27,188.44,184.56,3.64,20.8,10.0,-2.4,10.4,83.4,6.7,-10.7,-3.4,0,0,1,0,3,1,0,1.42,0,0,0,1
PT-103,2026-10-08T21:30:00,44,23.3,4.8,6.6,1,112.5,65.8,51.1,7.2,6688,196.6,74.4,36.8,3.8,4.6,195.17,192.3,189.46,185.43,4.08,24.4,12.2,-1.2,3.8,84.1,8.6,-14.3,-3.4,0,0,1,0,3,1,0,1.5,0,0,0,1
PT-103,2026-10-08T21:35:00,44,23.3,4.8,6.6,1,112.5,65.8,51.1,7.2,6688,196.5,72.6,38.5,3.8,3.5,196.33,193.85,190.32,186.21,4.41,18.6,10.3,-8.6,2.2,84.0,6.8,-12.6,-3.4,0,0,1,0,3,1,0,1.58,0,0,0,1
PT-103,2026-10-08T21:40:00,44,23.3,4.8,6.6,1,112.5,65.8,51.1,7.2,6688,197.6,76.0,34.6,3.8,7.3,196.9,194.9,190.98,186.97,4.87,12.6,8.0,-5.8,-6.8,85.1,10.2,-16.5,-3.4,0,0,1,0,3,1,0,1.67,0,0,0,1
PT-103,2026-10-08T21:45:00,44,23.3,4.8,6.6,1,112.5,65.8,51.1,7.2,6688,201.2,74.4,35.2,3.8,4.7,198.43,196.8,192.02,187.95,5.62,22.8,12.5,-5.6,1.8,88.7,8.6,-15.9,-3.4,0,0,1,0,3,1,0,1.75,0,0,0,1
PT-103,2026-10-08T21:50:00,44,23.3,4.8,6.6,1,112.5,65.8,51.1,7.2,6688,201.0,77.2,35.0,3.8,3.4,199.93,198.13,193.33,188.91,5.73,16.0,15.7,12.0,-4.2,88.5,11.4,-16.1,-3.4,0,0,1,0,3,1,0,1.83,0,0,0,1
PT-103,2026-10-08T21:55:00,44,23.3,4.8,6.6,1,112.5,65.8,51.1,7.2,6688,200.6,73.3,38.7,3.8,6.8,200.93,198.92,194.59,189.76,5.51,9.4,15.1,1.6,-3.4,88.1,7.5,-12.4,-3.4,0,0,1,0,3,1,0,1.92,0,0,0,1
PT-104,2026-10-08T08:00:00,55,24.7,7.0,7.8,1,157.4,76.3,52.6,7.4,5874,161.6,75.6,53.1,7.4,24.6,161.6,161.6,161.6,161.6,0.0,0.0,0.0,0.0,0.0,4.2,-0.7,0.5,0.0,1,0,0,0,1,1,0,0.0,0,0,0,0
PT-104,2026-10-08T08:05:00,55,24.7,7.0,7.8,1,157.4,76.3,52.6,7.4,5874,162.1,74.3,52.4,7.4,18.1,161.85,161.85,161.85,161.85,0.35,0.0,0.0,0.0,0.0,4.7,-2.0,-0.2,0.0,1,0,0,0,1,1,0,0.08,0,0,0,0
PT-104,2026-10-08T08:10:00,55,24.7,7.0,7.8,1,157.4,76.3,52.6,7.4,5874,161.9,76.1,50.5,7.4,5.5,161.87,161.87,161.87,161.87,0.25,0.0,0.0,0.0,0.0,4.5,-0.2,-2.1,0.0,1,0,0,0,1,1,0,0.17,0,0,0,0
PT-104,2026-10-08T08:15:00,55,24.7,7.0,7.8,1,157.4,76.3,52.6,7.4,5874,152.9,77.5,50.1,7.4,16.6,158.97,159.62,159.62,159.62,4.49,0.0,0.0,0.0,0.0,-4.5,1.2,-2.5,0.0,1,0,0,0,1,1,0,0.25,0,0,0,0
PT-104,2026-10-08T08:20:00,55,24.7,7.0,7.8,1,157.4,76.3,52.6,7.4,5874,156.2,73.9,54.3,7.4,16.6,157.0,158.94,158.94,158.94,4.18,0.0,0.0,0.0,0.0,-1.2,-2.4,1.7,0.0,1,0,0,0,1,1,0,0.33,0,0,0,0
PT-104,2026-10-08T08:25:00,55,24.7,7.0,7.8,1,157.4,76.3,52.6,7.4,5874,160.3,75.1,51.6,7.4,15.6,156.47,159.17,159.17,159.17,3.78,0.0,0.0,0.0,0.0,2.9,-1.2,-1.0,0.0,1,0,0,0,1,1,0,0.42,0,0,0,0
PT-104,2026-10-08T08:30:00,55,24.7,7.0,7.8,1,157.4,76.3,52.6,7.4,5874,160.4,75.6,49.8,7.4,57.6,158.97,158.97,159.34,159.34,3.48,-2.4,0.0,0.0,-6.6,3.0,-0.7,-2.8,0.0,1,0,0,0,1,1,0,0.5,0,0,0,1
PT-104,2026-10-08T08:35:00,55,24.7,7.0,7.8,1,157.4,76.3,52.6,7.4,5874,161.2,76.5,52.3,7.4,54.2,160.63,158.82,159.57,159.57,3.29,-1.8,0.0,4.4,-0.2,3.8,0.2,-0.3,0.0,1,0,0,0,1,1,0,0.58,0,0,0,1
PT-104,2026-10-08T08:40:00,55,24.7,7.0,7.8,1,157.4,76.3,52.6,7.4,5874,153.8,78.1,52.9,7.4,62.9,158.47,157.47,158.93,158.93,3.63,-16.2,0.0,4.0,4.8,-3.6,1.8,0.3,0.0,1,0,0,0,1,1,0,0.67,0,0,0,1
PT-104,2026-10-08T08:45:00,55,24.7,7.0,7.8,1,157.4,76.3,52.6,7.4,5874,160.0,74.8,49.6,7.4,54.7,158.33,158.65,159.04,159.04,3.44,14.2,0.0,-5.4,-1.0,2.6,-1.5,-3.0,0.0,1,0,0,0,1,1,0,0.75,0,0,0,1
PT-104,2026-10-08T08:50:00,55,24.7,7.0,7.8,1,157.4,76.3,52.6,7.4,5874,160.7,77.1,53.0,7.4,62.4,158.17,159.4,159.19,159.19,3.3,9.0,0.0,6.4,-2.6,3.3,0.8,0.4,0.0,1,0,0,0,1,1,0,0.83,0,0,0,1
PT-104,2026-10-08T08:55:00,55,24.7,7.0,7.8,1,157.4,76.3,52.6,7.4,5874,149.2,74.0,52.4,7.4,64.4,156.63,157.55,158.36,158.36,4.27,-22.2,0.0,-2.2,1.6,-8.2,-2.3,-0.2,0.0,1,0,0,0,1,1,0,0.92,0,0,0,1
PT-104,2026-10-08T09:00:00,55,24.7,7.0,7.8,1,157.4,76.3,52.6,7.4,5874,156.1,73.4,51.3,7.4,69.5,155.33,156.83,157.9,158.18,4.18,-8.6,-5.5,-4.4,3.0,-1.3,-2.9,-1.3,0.0,1,0,0,0,1,1,0,1.0,0,0,0,1
PT-104,2026-10-08T09:05:00,55,24.7,7.0,7.8,1,157.4,76.3,52.6,7.4,5874,159.7,74.3,49.7,7.4,64.4,155.0,156.58,157.7,158.29,4.02,-3.0,-2.4,-4.4,-5.2,2.3,-2.0,-2.9,0.0,1,0,0,0,1,1,0,1.08,0,0,0,1
PT-104,2026-10-08T09:10:00,55,24.7,7.0,7.8,1,157.4,76.3,52.6,7.4,5874,151.9,73.1,51.6,7.4,68.1,155.9,156.27,156.87,157.87,4.1,-3.8,-10.0,-10.0,-2.6,-5.5,-3.2,-1.0,0.0,1,0,0,0,1,1,0,1.17,0,0,0,1
PT-104,2026-10-08T09:15:00,55,24.7,7.0,7.8,1,157.4,76.3,52.6,7.4,5874,154.9,79.1,52.1,7.4,69.3,155.5,155.42,157.03,157.68,3.97,-10.2,2.0,8.6,5.0,-2.5,2.8,-0.5,0.0,1,0,0,0,1,1,0,1.25,0,0,0,1
PT-104,2026-10-08T09:20:00,55,24.7,7.0,7.8,1,157.4,76.3,52.6,7.4,5874,154.7,73.1,52.2,7.4,65.4,153.83,154.42,156.91,157.51,4.02,-12.0,-1.5,-8.0,-1.6,-2.7,-3.2,-0.4,0.0,1,0,0,0,1,1,0,1.33,0,0,0,1
PT-104,2026-10-08T09:25:00,55,24.7,7.0,7.8,1,157.4,76.3,52.6,7.4,5874,156.6,74.3,55.0,7.4,49.5,155.4,155.65,156.6,157.46,3.87,14.8,-3.7,0.6,5.2,-0.8,-2.0,2.4,0.0,1,0,0,0,1,1,0,1.42,0,0,0,1
PT-104,2026-10-08T09:30:00,55,24.7,7.0,7.8,1,157.4,76.3,52.6,7.4,5874,158.1,76.8,54.7,7.4,65.6,156.47,155.98,156.41,157.49,3.72,4.0,-2.3,6.8,6.8,0.7,0.5,2.1,0.0,1,0,0,0,1,1,0,1.5,0,0,0,1
PT-104,2026-10-08T09:35:00,55,24.7,7.0,7.8,1,157.4,76.3,52.6,7.4,5874,153.1,74.6,53.2,7.4,20.0,155.93,154.88,155.73,157.27,3.5,-13.2,-8.1,0.6,7.0,-4.3,-1.7,0.6,0.0,1,0,0,0,1,1,0,1.58,0,0,0,1
PT-104,2026-10-08T09:40:00,55,24.7,7.0,7.8,1,157.4,76.3,52.6,7.4,5874,155.4,76.3,51.5,7.4,12.6,155.53,155.47,155.87,157.18,3.45,7.0,1.6,6.4,-0.2,-2.0,0.0,-1.1,0.0,1,0,0,0,1,1,0,1.67,0,0,0,1
PT-104,2026-10-08T09:45:00,55,24.7,7.0,7.8,1,157.4,76.3,52.6,7.4,5874,156.0,77.8,49.6,7.4,24.6,154.83,155.65,155.53,157.13,3.2,2.2,-4.0,-2.6,-5.0,-1.4,1.5,-3.0,0.0,1,0,0,0,1,1,0,1.75,0,0,0,1
PT-104,2026-10-08T09:50:00,55,24.7,7.0,7.8,1,157.4,76.3,52.6,7.4,5874,157.5,75.7,52.5,7.4,14.4,156.3,156.12,155.27,157.14,2.84,5.6,-3.2,5.2,0.6,0.1,-0.6,-0.1,0.0,1,0,0,0,1,1,0,1.83,0,0,0,1
PT-104,2026-10-08T09:55:00,55,24.7,7.0,7.8,1,157.4,76.3,52.6,7.4,5874,157.6,78.0,51.6,7.4,24.1,157.03,156.28,155.97,157.16,2.17,2.0,8.4,7.4,-6.8,0.2,1.7,-1.0,0.0,1,0,0,0,1,1,0,1.92,0,0,0,1
PT-104,2026-10-08T10:00:00,55,24.7,7.0,7.8,1,157.4,76.3,52.6,7.4,5874,152.9,76.7,53.1,7.4,24.4,156.0,155.42,155.7,156.8,2.34,-10.4,-3.2,-0.2,-3.2,-4.5,0.4,0.5,0.0,1,0,0,0,1,1,0,2.0,0,0,0,1
PT-104,2026-10-08T10:05:00,55,24.7,7.0,7.8,1,157.4,76.3,52.6,7.4,5874,157.8,74.4,58.6,7.4,18.3,156.1,156.2,155.54,156.62,2.1,9.4,-1.9,-0.4,10.8,0.4,-1.9,6.0,0.0,1,0,0,0,1,1,0,2.08,0,0,0,1
PT-104,2026-10-08T10:10:00,55,24.7,7.0,7.8,1,157.4,76.3,52.6,7.4,5874,163.0,79.8,52.7,7.4,11.4,157.9,157.47,156.47,156.67,2.7,15.2,11.1,7.0,2.4,5.6,3.5,0.1,0.0,1,0,0,0,1,1,0,2.17,0,0,0,1
PT-104,2026-10-08T10:15:00,55,24.7,7.0,7.8,1,157.4,76.3,52.6,7.4,5874,168.8,80.2,49.2,7.4,24.5,163.2,159.6,157.62,157.33,4.41,25.6,13.9,4.8,-0.8,11.4,3.9,-3.4,0.0,1,0,0,0,1,1,0,2.25,0,0,0,1
PT-104,2026-10-08T10:20:00,55,24.7,7.0,7.8,1,157.4,76.3,52.6,7.4,5874,174.5,79.5,50.0,7.4,19.4,168.77,162.43,159.28,158.09,6.45,34.0,19.8,7.6,-5.0,17.1,3.2,-2.6,0.0,1,0,0,0,1,1,0,2.33,0,0,0,1
PT-104,2026-10-08T10:25:00,55,24.7,7.0,7.8,1,157.4,76.3,52.6,7.4,5874,178.8,78.7,48.9,7.4,12.2,174.03,165.97,161.12,158.86,8.48,42.4,22.2,1.4,-5.4,21.4,2.4,-3.7,0.0,1,0,0,0,1,1,0,2.42,0,0,0,1
PT-104,2026-10-08T10:30:00,55,24.7,7.0,7.8,1,157.4,76.3,52.6,7.4,5874,182.9,81.2,48.8,7.4,13.2,178.73,170.97,163.19,159.8,10.46,60.0,24.8,9.0,-8.6,25.5,4.9,-3.8,0.0,1,0,0,0,1,1,0,2.5,0,0,0,1
PT-104,2026-10-08T10:35:00,55,24.7,7.0,7.8,1,157.4,76.3,52.6,7.4,5874,187.2,80.9,49.1,7.4,22.0,182.97,175.87,166.03,160.88,11.99,58.8,34.1,13.0,-19.0,29.8,4.6,-3.5,0.0,1,0,0,0,1,1,0,2.58,0,0,0,1
PT-104,2026-10-08T10:40:00,55,24.7,7.0,7.8,1,157.4,76.3,52.6,7.4,5874,192.2,77.4,46.1,7.4,22.5,187.43,180.73,169.1,162.48,13.62,58.4,36.8,-4.8,-13.2,34.8,1.1,-6.5,0.0,1,0,0,0,1,1,0,2.67,0,0,0,1
PT-104,2026-10-08T10:45:00,55,24.7,7.0,7.8,1,157.4,76.3,52.6,7.4,5874,197.3,81.8,42.0,7.4,9.7,192.23,185.48,172.54,164.04,15.14,57.0,41.3,3.2,-14.4,39.9,5.5,-10.6,0.0,1,0,0,0,1,1,0,2.75,0,0,0,1
PT-104,2026-10-08T10:50:00,55,24.7,7.0,7.8,1,157.4,76.3,52.6,7.4,5874,201.4,84.6,43.7,7.4,5.4,196.97,189.97,176.2,165.73,16.43,53.8,43.9,10.2,-12.6,44.0,8.3,-8.9,0.0,1,0,0,0,1,1,0,2.83,0,0,0,1
PT-104,2026-10-08T10:55:00,55,24.7,7.0,7.8,1,157.4,76.3,52.6,7.4,5874,206.0,84.9,45.4,7.4,24.9,201.57,194.5,180.23,168.1,17.36,54.4,48.4,12.4,-7.0,48.6,8.6,-7.2,0.0,1,0,0,0,1,1,0,2.92,0,0,0,1
PT-104,2026-10-08T11:00:00,55,24.7,7.0,7.8,1,157.4,76.3,52.6,7.4,5874,210.4,81.9,43.4,7.4,19.1,205.93,199.08,185.02,170.36,17.06,55.0,57.5,1.4,-10.8,53.0,5.6,-9.2,0.0,1,0,0,0,1,1,0,3.0,0,0,0,1
PT-104,2026-10-08T11:05:00,55,24.7,7.0,7.8,1,157.4,76.3,52.6,7.4,5874,215.4,82.7,41.3,7.4,18.1,210.6,203.78,189.82,172.68,16.81,56.4,57.6,3.6,-15.6,58.0,6.4,-11.3,0.0,1,0,0,0,1,1,0,3.08,0,0,0,1
PT-104,2026-10-08T11:10:00,55,24.7,7.0,7.8,1,157.4,76.3,52.6,7.4,5874,219.2,84.2,42.5,7.4,19.0,215.0,208.28,194.51,175.49,16.48,54.0,56.2,13.6,-7.2,61.8,7.9,-10.1,0.0,1,0,0,0,1,1,0,3.17,0,0,0,1
PT-104,2026-10-08T11:15:00,55,24.7,7.0,7.8,1,157.4,76.3,52.6,7.4,5874,224.7,83.9,40.5,7.4,16.8,219.77,212.85,199.17,178.4,16.45,54.8,55.9,4.2,-3.0,67.3,7.6,-12.1,0.0,1,0,0,0,1,1,0,3.25,0,0,0,1
PT-104,2026-10-08T11:20:00,55,24.7,7.0,7.8,1,157.4,76.3,52.6,7.4,5874,229.0,82.2,39.6,7.4,20.6,224.3,217.45,203.71,181.49,16.55,55.2,54.5,-4.8,-8.2,71.6,5.9,-13.0,0.0,1,0,0,0,1,1,0,3.33,0,0,0,1
PT-104,2026-10-08T11:25:00,55,24.7,7.0,7.8,1,157.4,76.3,52.6,7.4,5874,234.9,84.9,38.2,7.4,19.3,229.53,222.27,208.38,184.75,16.79,57.8,56.1,0.0,-14.4,77.5,8.6,-14.4,0.0,1,0,0,0,1,1,0,3.42,0,0,0,1
PT-104,2026-10-08T11:30:00,55,24.7,7.0,7.8,1,157.4,76.3,52.6,7.4,5874,240.1,87.6,40.7,7.4,14.3,234.67,227.22,213.15,188.17,17.02,59.4,57.2,11.4,-5.4,82.7,11.3,-11.9,0.0,1,0,0,0,1,1,0,3.5,0,0,0,1
PT-104,2026-10-08T11:35:00,55,24.7,7.0,7.8,1,157.4,76.3,52.6,7.4,5874,245.3,87.3,33.8,7.4,14.3,240.1,232.2,217.99,192.01,17.23,59.8,58.1,9.2,-15.0,87.9,11.0,-18.8,0.0,1,0,0,0,1,1,0,3.58,0,0,0,1
PT-104,2026-10-08T11:40:00,55,24.7,7.0,7.8,1,157.4,76.3,52.6,7.4,5874,250.3,87.7,35.3,7.4,22.5,245.23,237.38,222.83,195.97,17.48,62.2,58.1,7.0,-14.4,92.9,11.4,-17.3,0.0,1,0,0,0,1,1,0,3.67,0,0,0,1
PT-104,2026-10-08T11:45:00,55,24.7,7.0,7.8,1,157.4,76.3,52.6,7.4,5874,249.2,89.0,35.1,7.4,5.4,248.27,241.47,227.16,199.85,17.01,49.0,51.9,10.2,-10.8,91.8,12.7,-17.5,0.0,1,0,0,0,1,1,0,3.75,0,0,0,1
PT-104,2026-10-08T11:50:00,55,24.7,7.0,7.8,1,157.4,76.3,52.6,7.4,5874,248.0,86.3,38.8,7.4,18.8,249.17,244.63,231.04,203.62,15.87,38.0,46.6,8.2,-1.6,90.6,10.0,-13.8,0.0,1,0,0,0,1,1,0,3.83,0,0,0,1
PT-104,2026-10-08T11:55:00,55,24.7,7.0,7.8,1,157.4,76.3,52.6,7.4,5874,246.5,90.2,34.8,7.4,7.0,247.9,246.57,234.42,207.32,14.29,23.2,40.5,10.6,-6.8,89.1,13.9,-17.8,0.0,1,0,0,0,1,1,0,3.92,0,0,0,1
PT-104,2026-10-08T12:00:00,55,24.7,7.0,7.8,1,157.4,76.3,52.6,7.4,5874,245.8,83.0,39.0,7.4,8.5,246.77,247.52,237.37,211.2,12.41,11.4,35.4,-9.2,-3.4,88.4,6.7,-13.6,0.0,0,1,0,0,1,1,0,4.0,0,0,0,1
PT-104,2026-10-08T12:05:00,55,24.7,7.0,7.8,1,157.4,76.3,52.6,7.4,5874,245.0,89.1,41.7,7.4,21.6,245.77,247.47,239.83,214.83,10.43,-0.6,29.6,3.6,15.8,87.6,12.8,-10.9,0.0,0,1,0,0,1,1,0,4.08,0,0,0,1
PT-104,2026-10-08T12:10:00,55,24.7,7.0,7.8,1,157.4,76.3,52.6,7.4,5874,244.1,86.1,38.8,7.4,12.4,244.97,246.43,241.91,218.21,8.19,-12.4,24.9,-3.2,7.0,86.7,9.8,-13.8,0.0,0,1,0,0,1,1,0,4.17,0,0,0,1
PT-104,2026-10-08T12:15:00,55,24.7,7.0,7.8,1,157.4,76.3,52.6,7.4,5874,243.2,89.0,37.9,7.4,17.4,244.1,245.43,243.45,221.31,6.14,-12.0,18.5,0.0,5.6,85.8,12.7,-14.7,0.0,0,1,0,0,1,1,0,4.25,0,0,0,1
PT-104,2026-10-08T12:20:00,55,24.7,7.0,7.8,1,157.4,76.3,52.6,7.4,5874,241.9,91.4,34.2,7.4,23.9,243.07,244.42,244.52,224.12,4.21,-12.2,12.9,10.2,-9.2,84.5,15.1,-18.4,0.0,0,1,0,0,1,1,0,4.33,0,0,0,1
PT-104,2026-10-08T12:25:00,55,24.7,7.0,7.8,1,157.4,76.3,52.6,7.4,5874,241.2,84.2,37.6,7.4,15.1,242.1,243.53,245.05,226.72,3.16,-10.6,6.3,-12.0,5.6,83.8,7.9,-15.0,0.0,0,1,0,0,1,1,0,4.42,0,0,0,1
PT-104,2026-10-08T12:30:00,55,24.7,7.0,7.8,1,157.4,76.3,52.6,7.4,5874,240.2,87.1,37.6,7.4,13.7,241.1,242.6,245.06,229.1,3.15,-11.2,0.1,8.2,-2.8,82.8,10.8,-15.0,0.0,0,1,0,0,1,1,0,4.5,0,0,0,1
PT-104,2026-10-08T12:35:00,55,24.7,7.0,7.8,1,157.4,76.3,52.6,7.4,5874,239.2,89.1,36.8,7.4,21.9,240.2,241.63,244.55,231.27,3.57,-11.6,-6.1,0.0,-9.8,81.8,12.8,-15.8,0.0,0,1,0,0,1,1,0,4.58,0,0,0,1
PT-104,2026-10-08T12:40:00,55,24.7,7.0,7.8,1,157.4,76.3,52.6,7.4,5874,238.6,88.6,36.9,7.4,22.8,239.33,240.72,243.58,233.2,3.45,-11.0,-11.7,5.0,-3.8,81.2,12.3,-15.7,0.0,0,1,0,0,1,1,0,4.67,0,0,0,1
PT-104,2026-10-08T12:45:00,55,24.7,7.0,7.8,1,157.4,76.3,52.6,7.4,5874,238.0,88.5,41.2,7.4,11.5,238.6,239.85,242.64,234.9,3.3,-10.4,-11.2,-1.0,6.6,80.6,12.2,-11.4,0.0,0,1,0,0,1,1,0,4.75,0,0,0,1
PT-104,2026-10-08T12:50:00,55,24.7,7.0,7.8,1,157.4,76.3,52.6,7.4,5874,237.0,83.9,33.9,7.4,22.8,237.87,239.03,241.72,236.38,3.2,-9.8,-11.0,-15.0,-0.6,79.6,7.6,-18.7,0.0,0,1,0,0,1,1,0,4.83,0,0,0,1
PT-104,2026-10-08T12:55:00,55,24.7,7.0,7.8,1,157.4,76.3,52.6,7.4,5874,235.9,84.4,36.9,7.4,22.1,236.97,238.15,240.84,237.63,3.23,-10.6,-10.6,0.4,-1.4,78.5,8.1,-15.7,0.0,0,1,0,0,1,1,0,4.92,0,0,0,1
PT-104,2026-10-08T13:00:00,55,24.7,7.0,7.8,1,157.4,76.3,52.6,7.4,5874,234.7,86.2,36.4,7.4,21.6,235.87,237.23,239.92,238.64,3.27,-11.0,-11.1,-1.8,-2.4,77.3,9.9,-16.2,0.0,0,1,0,0,1,1,0,5.0,0,0,0,1
PT-104,2026-10-08T13:05:00,55,24.7,7.0,7.8,1,157.4,76.3,52.6,7.4,5874,234.0,85.1,41.7,7.4,18.5,234.87,236.37,239.0,239.42,3.26,-10.4,-11.0,-8.0,9.8,76.6,8.8,-10.9,0.0,0,1,0,0,1,1,0,5.08,0,0,0,1
PT-104,2026-10-08T13:10:00,55,24.7,7.0,7.8,1,157.4,76.3,52.6,7.4,5874,233.4,84.1,39.6,7.4,28.0,234.03,235.5,238.11,240.01,3.2,-10.4,-10.7,-9.0,5.4,76.0,7.8,-13.0,0.0,0,1,0,0,1,1,0,5.17,0,0,0,1
PT-104,2026-10-08T13:15:00,55,24.7,7.0,7.8,1,157.4,76.3,52.6,7.4,5874,232.4,87.0,41.1,7.4,30.8,233.27,234.57,237.21,240.33,3.15,-11.2,-10.8,-3.0,-0.2,75.0,10.7,-11.5,0.0,0,1,0,0,1,1,0,5.25,0,0,0,1
PT-104,2026-10-08T13:20:00,55,24.7,7.0,7.8,1,157.4,76.3,52.6,7.4,5874,231.8,86.5,40.3,7.4,19.7,232.53,233.7,236.37,240.45,3.14,-10.4,-10.1,5.2,12.8,74.4,10.2,-12.3,0.0,0,1,0,0,1,1,0,5.33,0,0,0,1
PT-104,2026-10-08T13:25:00,55,24.7,7.0,7.8,1,157.4,76.3,52.6,7.4,5874,230.6,83.9,40.6,7.4,20.3,231.6,232.82,235.48,240.27,3.14,-10.6,-10.6,-1.0,7.4,73.2,7.6,-12.0,0.0,0,1,0,0,1,1,0,5.42,0,0,0,1
PT-104,2026-10-08T13:30:00,55,24.7,7.0,7.8,1,157.4,76.3,52.6,7.4,5874,229.7,85.1,38.5,7.4,20.4,230.7,231.98,234.61,239.83,3.17,-10.0,-10.5,-2.2,4.2,72.3,8.8,-14.1,0.0,0,1,0,0,1,1,0,5.5,0,0,0,1
PT-104,2026-10-08T13:35:00,55,24.7,7.0,7.8,1,157.4,76.3,52.6,7.4,5874,228.5,82.2,38.8,7.4,32.2,229.6,231.07,233.72,239.13,3.27,-11.0,-10.7,-5.8,-5.8,71.1,5.9,-13.8,0.0,0,1,0,0,1,1,0,5.58,0,0,0,1
PT-104,2026-10-08T13:40:00,55,24.7,7.0,7.8,1,157.4,76.3,52.6,7.4,5874,227.2,88.7,37.1,7.4,15.9,228.47,230.03,232.77,238.17,3.37,-12.4,-11.4,9.2,-5.0,69.8,12.4,-15.5,0.0,0,1,0,0,1,1,0,5.67,0,0,0,1
PT-104,2026-10-08T13:45:00,55,24.7,7.0,7.8,1,157.4,76.3,52.6,7.4,5874,226.1,83.4,40.6,7.4,34.4,227.27,228.98,231.78,237.21,3.44,-12.6,-11.9,-7.2,-1.0,68.7,7.1,-12.0,0.0,0,1,0,0,1,1,0,5.75,0,0,0,1
PT-104,2026-10-08T13:50:00,55,24.7,7.0,7.8,1,157.4,76.3,52.6,7.4,5874,225.3,85.0,42.6,7.4,34.3,226.2,227.9,230.8,236.26,3.49,-13.0,-11.7,-3.0,4.6,67.9,8.7,-10.0,0.0,0,1,0,0,1,1,0,5.83,0,0,0,1
PT-104,2026-10-08T13:55:00,55,24.7,7.0,7.8,1,157.4,76.3,52.6,7.4,5874,224.2,83.2,42.3,7.4,18.5,225.2,226.83,229.82,235.33,3.56,-12.8,-11.7,-1.4,3.4,66.8,6.9,-10.3,0.0,0,1,0,0,1,1,0,5.92,0,0,0,1
PT-104,2026-10-08T14:00:00,55,24.7,7.0,7.8,1,157.4,76.3,52.6,7.4,5874,222.9,82.6,40.7,7.4,30.0,224.13,225.7,228.84,234.38,3.72,-13.6,-11.8,-5.0,4.4,65.5,6.3,-11.9,0.0,0,1,0,0,1,1,0,6.0,0,0,0,1
PT-104,2026-10-08T14:05:00,55,24.7,7.0,7.8,1,157.4,76.3,52.6,7.4,5874,222.4,84.5,38.8,7.4,16.3,223.17,224.68,227.88,233.44,3.77,-12.2,-11.6,4.6,0.0,65.0,8.2,-13.8,0.0,0,1,0,0,1,1,0,6.08,0,0,0,1
PT-104,2026-10-08T14:10:00,55,24.7,7.0,7.8,1,157.4,76.3,52.6,7.4,5874,221.1,83.3,45.5,7.4,23.4,222.13,223.67,226.85,232.48,3.8,-12.2,-12.3,-10.8,16.8,63.7,7.0,-7.1,0.0,0,1,0,0,1,1,0,6.17,0,0,0,1
PT-104,2026-10-08T14:15:00,55,24.7,7.0,7.8,1,157.4,76.3,52.6,7.4,5874,219.9,83.3,41.4,7.4,10.1,221.13,222.63,225.81,231.51,3.85,-12.4,-12.5,-0.2,1.6,62.5,7.0,-11.2,0.0,0,1,0,0,1,1,0,6.25,0,0,0,1
PT-104,2026-10-08T14:20:00,55,24.7,7.0,7.8,1,157.4,76.3,52.6,7.4,5874,218.8,81.5,42.4,7.4,18.6,219.93,221.55,224.72,230.55,3.84,-13.0,-13.0,-7.0,-0.4,61.4,5.2,-10.2,0.0,0,1,0,0,1,1,0,6.33,0,0,0,1
PT-104,2026-10-08T14:25:00,55,24.7,7.0,7.8,1,157.4,76.3,52.6,7.4,5874,217.6,84.4,37.9,7.4,14.7,218.77,220.45,223.64,229.56,3.87,-13.2,-13.0,2.4,-8.8,60.2,8.1,-14.7,0.0,0,1,0,0,1,1,0,6.42,0,0,0,1
PT-104,2026-10-08T14:30:00,55,24.7,7.0,7.8,1,157.4,76.3,52.6,7.4,5874,217.1,82.9,39.8,7.4,7.7,217.83,219.48,222.59,228.6,3.78,-11.6,-12.6,0.6,-1.8,59.7,6.6,-12.8,0.0,0,1,0,0,1,1,0,6.5,0,0,0,1
PT-104,2026-10-08T14:35:00,55,24.7,7.0,7.8,1,157.4,76.3,52.6,7.4,5874,216.6,83.6,43.1,7.4,19.5,217.1,218.52,221.6,227.66,3.65,-11.6,-11.9,-1.8,8.6,59.2,7.3,-9.5,0.0,0,1,0,0,1,1,0,6.58,0,0,0,1
PT-104,2026-10-08T14:40:00,55,24.7,7.0,7.8,1,157.4,76.3,52.6,7.4,5874,215.4,83.2,40.9,7.4,7.3,216.37,217.57,220.62,226.69,3.59,-11.4,-11.8,-0.2,-9.2,58.0,6.9,-11.7,0.0,0,1,0,0,1,1,0,6.67,0,0,0,1
PT-104,2026-10-08T14:45:00,55,24.7,7.0,7.8,1,157.4,76.3,52.6,7.4,5874,214.0,82.4,41.6,7.4,21.7,215.33,216.58,219.61,225.69,3.61,-11.8,-12.1,-1.8,0.4,56.6,6.1,-11.0,0.0,0,1,0,0,1,1,0,6.75,0,0,0,1
PT-104,2026-10-08T14:50:00,55,24.7,7.0,7.8,1,157.4,76.3,52.6,7.4,5874,213.1,82.6,46.9,7.4,9.2,214.17,215.63,218.59,224.7,3.58,-11.4,-12.2,2.2,9.0,55.7,6.3,-5.7,0.0,0,1,0,0,1,1,0,6.83,0,0,0,1
PT-104,2026-10-08T14:55:00,55,24.7,7.0,7.8,1,157.4,76.3,52.6,7.4,5874,212.0,82.0,43.9,7.4,13.3,213.03,214.7,217.58,223.7,3.58,-11.2,-12.2,-4.8,12.0,54.6,5.7,-8.7,0.0,0,1,0,0,1,1,0,6.92,0,0,0,1
PT-104,2026-10-08T15:00:00,55,24.7,7.0,7.8,1,157.4,76.3,52.6,7.4,5874,211.2,85.9,44.9,7.4,23.4,212.1,213.72,216.6,222.72,3.59,-11.8,-11.7,6.0,10.2,53.8,9.6,-7.7,0.0,0,1,0,0,1,1,0,7.0,0,0,0,1
PT-104,2026-10-08T15:05:00,55,24.7,7.0,7.8,1,157.4,76.3,52.6,7.4,5874,210.2,85.0,44.1,7.4,9.2,211.13,212.65,215.58,221.73,3.52,-12.8,-12.2,2.8,2.0,52.8,8.7,-8.5,0.0,0,1,0,0,1,1,0,7.08,0,0,0,1
PT-104,2026-10-08T15:10:00,55,24.7,7.0,7.8,1,157.4,76.3,52.6,7.4,5874,209.4,82.0,42.2,7.4,23.2,210.27,211.65,214.61,220.73,3.48,-12.0,-11.7,-2.4,2.6,52.0,5.7,-10.4,0.0,0,1,0,0,1,1,0,7.17,0,0,0,1
PT-104,2026-10-08T15:15:00,55,24.7,7.0,7.8,1,157.4,76.3,52.6,7.4,5874,207.9,84.2,43.0,7.4,5.7,209.17,210.63,213.61,219.71,3.54,-12.2,-12.0,3.6,2.8,50.5,7.9,-9.6,0.0,0,1,0,0,1,1,0,7.25,0,0,0,1
PT-104,2026-10-08T15:20:00,55,24.7,7.0,7.8,1,157.4,76.3,52.6,7.4,5874,207.1,80.5,43.0,7.4,18.2,208.13,209.63,212.63,218.68,3.59,-12.0,-11.7,-4.2,-7.8,49.7,4.2,-9.6,0.0,0,1,0,0,1,1,0,7.33,0,0,0,1
PT-104,2026-10-08T15:25:00,55,24.7,7.0,7.8,1,157.4,76.3,52.6,7.4,5874,205.9,75.8,44.0,7.4,23.7,206.97,208.62,211.66,217.65,3.71,-12.2,-11.7,-12.4,0.2,48.5,-0.5,-8.6,0.0,0,1,0,0,1,1,0,7.42,0,0,0,1
PT-104,2026-10-08T15:30:00,55,24.7,7.0,7.8,1,157.4,76.3,52.6,7.4,5874,204.5,85.3,43.8,7.4,24.1,205.83,207.5,210.61,216.6,3.81,-13.4,-12.6,-1.2,-2.2,47.1,9.0,-8.8,0.0,0,1,0,0,1,1,0,7.5,0,0,0,1
PT-104,2026-10-08T15:35:00,55,24.7,7.0,7.8,1,157.4,76.3,52.6,7.4,5874,203.3,81.0,44.6,7.4,21.2,204.57,206.35,209.5,215.55,3.84,-13.8,-13.3,-8.0,1.0,45.9,4.7,-8.0,0.0,0,1,0,0,1,1,0,7.58,0,0,0,1
PT-104,2026-10-08T15:40:00,55,24.7,7.0,7.8,1,157.4,76.3,52.6,7.4,5874,202.1,85.6,46.3,7.4,17.3,203.3,205.13,208.39,214.5,3.9,-14.6,-13.3,7.2,8.2,44.7,9.3,-6.3,0.0,0,1,0,0,1,1,0,7.67,0,0,0,1
PT-104,2026-10-08T15:45:00,55,24.7,7.0,7.8,1,157.4,76.3,52.6,7.4,5874,201.5,80.0,43.9,7.4,19.1,202.3,204.07,207.35,213.48,3.94,-12.8,-12.5,-8.4,1.8,44.1,3.7,-8.7,0.0,0,1,0,0,1,1,0,7.75,0,0,0,1
PT-104,2026-10-08T15:50:00,55,24.7,7.0,7.8,1,157.4,76.3,52.6,7.4,5874,200.9,84.6,42.8,7.4,22.4,201.5,203.03,206.33,212.46,3.89,-12.4,-12.2,8.2,-0.4,43.5,8.3,-9.8,0.0,0,1,0,0,1,1,0,7.83,0,0,0,1
PT-104,2026-10-08T15:55:00,55,24.7,7.0,7.8,1,157.4,76.3,52.6,7.4,5874,199.8,87.8,45.7,7.4,21.3,200.73,202.02,205.32,211.45,3.87,-12.2,-12.2,24.0,3.4,42.4,11.5,-6.9,0.0,0,1,0,0,1,1,0,7.92,0,0,0,1
PT-104,2026-10-08T16:00:00,55,24.7,7.0,7.8,1,157.4,76.3,52.6,7.4,5874,198.7,80.6,39.3,7.4,13.0,199.8,201.05,204.28,210.44,3.83,-11.6,-12.5,-9.4,-9.0,41.3,4.3,-13.3,0.0,0,1,0,0,1,1,0,8.0,0,0,0,1
PT-104,2026-10-08T16:05:00,55,24.7,7.0,7.8,1,157.4,76.3,52.6,7.4,5874,198.0,78.7,43.8,7.4,18.0,198.83,200.17,203.26,209.42,3.73,-10.6,-12.2,-4.6,-1.6,40.6,2.4,-8.8,0.0,0,1,0,0,1,1,0,8.08,0,0,0,1
PT-104,2026-10-08T16:10:00,55,24.7,7.0,7.8,1,157.4,76.3,52.6,7.4,5874,197.1,76.7,45.6,7.4,5.4,197.93,199.33,202.23,208.42,3.57,-10.0,-12.3,-17.8,-1.4,39.7,0.4,-7.0,0.0,0,1,0,0,1,1,0,8.17,0,0,0,1
PT-104,2026-10-08T16:15:00,55,24.7,7.0,7.8,1,157.4,76.3,52.6,7.4,5874,196.1,81.0,44.8,7.4,8.1,197.07,198.43,201.25,207.43,3.5,-10.8,-11.8,2.0,1.8,38.7,4.7,-7.8,0.0,0,1,0,0,1,1,0,8.25,0,0,0,1
PT-104,2026-10-08T16:20:00,55,24.7,7.0,7.8,1,157.4,76.3,52.6,7.4,5874,194.9,81.2,44.7,7.4,18.2,196.03,197.43,200.23,206.43,3.41,-12.0,-12.2,-6.8,3.8,37.5,4.9,-7.9,0.0,0,1,0,0,1,1,0,8.33,0,0,0,1
PT-104,2026-10-08T16:25:00,55,24.7,7.0,7.8,1,157.4,76.3,52.6,7.4,5874,193.5,78.0,49.6,7.4,7.9,194.83,196.38,199.2,205.43,3.42,-12.6,-12.4,-19.6,7.8,36.1,1.7,-3.0,0.0,0,1,0,0,1,1,0,8.42,0,0,0,1
PT-104,2026-10-08T16:30:00,55,24.7,7.0,7.8,1,157.4,76.3,52.6,7.4,5874,192.7,77.9,46.3,7.4,7.3,193.7,195.38,198.22,204.41,3.45,-12.0,-11.8,-5.4,14.0,35.3,1.6,-6.3,0.0,0,1,0,0,1,1,0,8.5,0,0,0,1
PT-104,2026-10-08T16:35:00,55,24.7,7.0,7.8,1,157.4,76.3,52.6,7.4,5874,191.7,78.9,48.4,7.4,18.2,192.63,194.33,197.25,203.38,3.52,-12.6,-11.6,0.4,9.2,34.3,2.6,-4.2,0.0,0,1,0,0,1,1,0,8.58,0,0,0,1
PT-104,2026-10-08T16:40:00,55,24.7,7.0,7.8,1,157.4,76.3,52.6,7.4,5874,190.9,83.5,50.4,7.4,24.6,191.77,193.3,196.32,202.35,3.6,-12.4,-11.2,13.6,9.6,33.5,7.2,-2.2,0.0,0,1,0,0,1,1,0,8.67,0,0,0,1
PT-104,2026-10-08T16:45:00,55,24.7,7.0,7.8,1,157.4,76.3,52.6,7.4,5874,189.8,80.7,47.5,7.4,17.7,190.8,192.25,195.34,201.35,3.66,-12.6,-11.7,-0.6,5.4,32.4,4.4,-5.1,0.0,0,1,0,0,1,1,0,8.75,0,0,0,1
PT-104,2026-10-08T16:50:00,55,24.7,7.0,7.8,1,157.4,76.3,52.6,7.4,5874,189.0,77.5,44.7,7.4,6.0,189.9,191.27,194.35,200.34,3.63,-11.8,-11.9,-7.4,0.0,31.6,1.2,-7.9,0.0,0,1,0,0,1,1,0,8.83,0,0,0,1
PT-104,2026-10-08T16:55:00,55,24.7,7.0,7.8,1,157.4,76.3,52.6,7.4,5874,188.4,81.9,46.6,7.4,6.7,189.07,190.42,193.4,199.36,3.56,-10.2,-11.4,7.8,-6.0,31.0,5.6,-6.0,0.0,0,1,0,0,1,1,0,8.92,0,0,0,1
PT-104,2026-10-08T17:00:00,55,24.7,7.0,7.8,1,157.4,76.3,52.6,7.4,5874,187.4,81.1,42.5,7.4,55.2,188.27,189.53,192.46,198.37,3.53,-10.6,-11.3,6.4,-7.6,30.0,4.8,-10.1,0.0,0,0,1,0,1,1,0,9.0,0,0,0,1
PT-104,2026-10-08T17:05:00,55,24.7,7.0,7.8,1,157.4,76.3,52.6,7.4,5874,186.2,77.1,44.6,7.4,61.1,187.33,188.62,191.48,197.37,3.48,-11.0,-11.8,-3.6,-7.6,28.8,0.8,-8.0,0.0,0,0,1,0,1,1,0,9.08,0,0,0,1
PT-104,2026-10-08T17:10:00,55,24.7,7.0,7.8,1,157.4,76.3,52.6,7.4,5874,185.1,79.9,46.0,7.4,48.2,186.23,187.65,190.48,196.35,3.45,-11.6,-12.0,-7.2,-8.8,27.7,3.6,-6.6,0.0,0,0,1,0,1,1,0,9.17,0,0,0,1
PT-104,2026-10-08T17:15:00,55,24.7,7.0,7.8,1,157.4,76.3,52.6,7.4,5874,183.9,77.5,47.5,7.4,56.2,185.07,186.67,189.46,195.35,3.43,-11.8,-12.2,-6.4,0.0,26.5,1.2,-5.1,0.0,0,0,1,0,1,1,0,9.25,0,0,0,1
PT-104,2026-10-08T17:20:00,55,24.7,7.0,7.8,1,157.4,76.3,52.6,7.4,5874,182.8,78.5,49.9,7.4,67.5,183.93,185.63,188.45,194.34,3.47,-12.4,-12.1,2.0,10.4,25.4,2.2,-2.7,0.0,0,0,1,0,1,1,0,9.33,0,0,0,1
PT-104,2026-10-08T17:25:00,55,24.7,7.0,7.8,1,157.4,76.3,52.6,7.4,5874,182.3,78.6,50.6,7.4,69.1,183.0,184.62,187.52,193.36,3.49,-12.2,-11.2,-6.6,8.0,24.9,2.3,-2.0,0.0,0,0,1,0,1,1,0,9.42,0,0,0,1
PT-104,2026-10-08T17:30:00,55,24.7,7.0,7.8,1,157.4,76.3,52.6,7.4,5874,181.4,79.5,47.9,7.4,64.8,182.17,183.62,186.58,192.4,3.49,-12.0,-11.3,-3.2,10.8,24.0,3.2,-4.7,0.0,0,0,1,0,1,1,0,9.5,0,0,0,1
PT-104,2026-10-08T17:35:00,55,24.7,7.0,7.8,1,157.4,76.3,52.6,7.4,5874,180.4,77.9,44.9,7.4,60.8,181.37,182.65,185.63,191.44,3.51,-11.6,-11.3,1.6,0.6,23.0,1.6,-7.7,0.0,0,0,1,0,1,1,0,9.58,0,0,0,0
PT-104,2026-10-08T17:40:00,55,24.7,7.0,7.8,1,157.4,76.3,52.6,7.4,5874,179.0,80.4,48.3,7.4,68.9,180.27,181.63,184.64,190.48,3.56,-12.2,-11.9,1.0,4.6,21.6,4.1,-4.3,0.0,0,0,1,0,1,1,0,9.67,0,0,0,0
PT-104,2026-10-08T17:45:00,55,24.7,7.0,7.8,1,157.4,76.3,52.6,7.4,5874,177.9,80.2,51.0,7.4,50.7,179.1,180.63,183.65,189.5,3.65,-12.0,-11.9,5.4,7.0,20.5,3.9,-1.6,0.0,0,0,1,0,1,1,0,9.75,0,0,0,0
PT-104,2026-10-08T17:50:00,55,24.7,7.0,7.8,1,157.4,76.3,52.6,7.4,5874,176.5,79.7,46.8,7.4,50.9,177.8,179.58,182.61,188.48,3.77,-12.6,-12.5,2.4,-6.2,19.1,3.4,-5.8,0.0,0,0,1,0,1,1,0,9.83,0,0,0,0
PT-104,2026-10-08T17:55:00,55,24.7,7.0,7.8,1,157.4,76.3,52.6,7.4,5874,175.2,80.9,46.1,7.4,54.9,176.53,178.4,181.51,187.45,3.85,-14.2,-13.2,4.6,-9.0,17.8,4.6,-6.5,0.0,0,0,1,0,1,1,0,9.92,0,0,0,0
PT-104,2026-10-08T18:00:00,55,24.7,7.0,7.8,1,157.4,76.3,52.6,7.4,5874,174.5,75.7,49.5,7.4,47.9,175.4,177.25,180.43,186.45,3.86,-13.8,-12.9,-7.6,3.2,17.1,-0.6,-3.1,0.0,0,0,1,0,1,1,0,10.0,0,0,0,0
PT-104,2026-10-08T18:05:00,55,24.7,7.0,7.8,1,157.4,76.3,52.6,7.4,5874,173.0,81.3,45.2,7.4,8.6,174.23,176.02,179.33,185.4,3.94,-14.8,-13.2,6.8,0.6,15.6,5.0,-7.4,0.0,0,0,1,0,1,1,0,10.08,0,0,0,0
PT-104,2026-10-08T18:10:00,55,24.7,7.0,7.8,1,157.4,76.3,52.6,7.4,5874,172.1,76.5,48.7,7.4,13.1,173.2,174.87,178.25,184.36,4.0,-13.8,-13.0,-7.8,0.8,14.7,0.2,-3.9,0.0,0,0,1,0,1,1,0,10.17,0,0,0,0
PT-104,2026-10-08T18:15:00,55,24.7,7.0,7.8,1,157.4,76.3,52.6,7.4,5874,171.4,79.5,53.1,7.4,9.8,172.17,173.78,177.21,183.33,4.02,-13.0,-12.5,-1.4,4.2,14.0,3.2,0.5,0.0,0,0,1,0,1,1,0,10.25,0,0,0,0
PT-104,2026-10-08T18:20:00,55,24.7,7.0,7.8,1,157.4,76.3,52.6,7.4,5874,170.6,75.2,52.3,7.4,22.9,171.37,172.8,176.19,182.32,4.02,-11.8,-12.2,-9.0,11.0,13.2,-1.1,-0.3,0.0,0,0,1,0,1,1,0,10.33,0,0,0,0
PT-104,2026-10-08T18:25:00,55,24.7,7.0,7.8,1,157.4,76.3,52.6,7.4,5874,169.2,83.1,51.6,7.4,15.2,170.4,171.8,175.1,181.31,3.99,-12.0,-13.1,4.4,11.0,11.8,6.8,-1.0,0.0,0,0,1,0,1,1,0,10.42,0,0,0,0
PT-104,2026-10-08T18:30:00,55,24.7,7.0,7.8,1,157.4,76.3,52.6,7.4,5874,167.9,71.9,50.0,7.4,22.6,169.23,170.7,173.98,180.27,3.96,-13.2,-13.5,-7.6,1.0,10.5,-4.4,-2.6,0.0,0,0,1,0,1,1,0,10.5,0,0,0,0
PT-104,2026-10-08T18:35:00,55,24.7,7.0,7.8,1,157.4,76.3,52.6,7.4,5874,166.7,76.7,51.2,7.4,13.5,167.93,169.65,172.83,179.23,3.91,-12.6,-13.7,-9.2,12.0,9.3,0.4,-1.4,0.0,0,0,1,0,1,1,0,10.58,0,0,0,0
PT-104,2026-10-08T18:40:00,55,24.7,7.0,7.8,1,157.4,76.3,52.6,7.4,5874,165.5,78.8,47.9,7.4,10.2,166.7,168.55,171.71,178.18,3.92,-13.2,-13.5,4.6,-1.6,8.1,2.5,-4.7,0.0,0,0,1,0,1,1,0,10.67,0,0,0,0
PT-104,2026-10-08T18:45:00,55,24.7,7.0,7.8,1,157.4,76.3,52.6,7.4,5874,164.5,74.7,54.7,7.4,22.7,165.57,167.4,170.59,177.12,3.9,-13.8,-13.4,-9.6,3.2,7.1,-1.6,2.1,0.0,0,0,1,0,1,1,0,10.75,0,0,0,0
PT-104,2026-10-08T18:50:00,55,24.7,7.0,7.8,1,157.4,76.3,52.6,7.4,5874,163.2,75.5,53.1,7.4,19.6,164.4,166.17,169.48,176.05,3.96,-14.8,-13.3,0.6,1.6,5.8,-0.8,0.5,0.0,0,0,1,0,1,1,0,10.83,0,0,0,0
PT-104,2026-10-08T18:55:00,55,24.7,7.0,7.8,1,157.4,76.3,52.6,7.4,5874,162.5,75.8,53.1,7.4,14.6,163.4,165.05,168.42,174.97,3.99,-13.4,-12.7,-14.6,3.0,5.1,-0.5,0.5,0.0,0,0,1,0,1,1,0,10.92,0,0,0,0
PT-104,2026-10-08T19:00:00,55,24.7,7.0,7.8,1,157.4,76.3,52.6,7.4,5874,161.6,73.2,51.0,7.4,14.5,162.43,164.0,167.35,173.89,3.94,-12.6,-12.9,2.6,2.0,4.2,-3.1,-1.6,0.0,0,0,1,0,1,1,0,11.0,0,0,0,0
PT-104,2026-10-08T19:05:00,55,24.7,7.0,7.8,1,157.4,76.3,52.6,7.4,5874,160.6,75.0,55.6,7.4,18.1,161.57,162.98,166.32,172.82,3.95,-12.2,-12.4,-3.4,8.8,3.2,-1.3,3.0,0.0,0,0,1,0,1,1,0,11.08,0,0,0,0
PT-104,2026-10-08T19:10:00,55,24.7,7.0,7.8,1,157.4,76.3,52.6,7.4,5874,160.0,75.6,52.0,7.4,19.2,160.73,162.07,165.31,171.78,3.89,-11.0,-12.1,-6.4,8.2,2.6,-0.7,-0.6,0.0,0,0,1,0,1,1,0,11.17,0,0,0,0
PT-104,2026-10-08T19:15:00,55,24.7,7.0,7.8,1,157.4,76.3,52.6,7.4,5874,160.0,75.4,53.1,7.4,18.6,160.2,161.32,164.36,170.78,3.65,-9.0,-11.4,1.4,-3.2,2.6,-0.9,0.5,0.0,0,0,1,0,1,1,0,11.25,0,0,0,0
PT-104,2026-10-08T19:20:00,55,24.7,7.0,7.8,1,157.4,76.3,52.6,7.4,5874,160.0,75.9,54.3,7.4,5.3,160.0,160.78,163.48,169.83,3.26,-6.4,-10.6,0.8,2.4,2.6,-0.4,1.7,0.0,0,0,1,0,1,1,0,11.33,0,0,0,0
PT-104,2026-10-08T19:25:00,55,24.7,7.0,7.8,1,157.4,76.3,52.6,7.4,5874,160.0,78.0,52.7,7.4,11.6,160.0,160.37,162.71,168.9,2.85,-5.0,-9.2,4.4,-0.8,2.6,1.7,0.1,0.0,0,0,1,0,1,1,0,11.42,0,0,0,0
PT-104,2026-10-08T19:30:00,55,24.7,7.0,7.8,1,157.4,76.3,52.6,7.4,5874,160.0,78.1,51.0,7.4,7.5,160.0,160.1,162.05,168.01,2.42,-3.2,-7.9,9.8,0.0,2.6,1.8,-1.6,0.0,0,0,1,0,1,1,0,11.5,0,0,0,0
PT-104,2026-10-08T19:35:00,55,24.7,7.0,7.8,1,157.4,76.3,52.6,7.4,5874,160.0,77.0,52.0,7.4,19.5,160.0,160.0,161.49,167.16,1.98,-1.2,-6.7,4.0,-7.2,2.6,0.7,-0.6,0.0,0,0,1,0,1,1,0,11.58,0,0,0,0
PT-104,2026-10-08T19:40:00,55,24.7,7.0,7.8,1,157.4,76.3,52.6,7.4,5874,160.0,76.2,51.3,7.4,23.9,160.0,160.0,161.03,166.37,1.56,0.0,-5.5,1.2,-1.4,2.6,-0.1,-1.3,0.0,0,0,1,0,1,1,0,11.67,0,0,0,0
PT-104,2026-10-08T19:45:00,55,24.7,7.0,7.8,1,157.4,76.3,52.6,7.4,5874,160.0,79.1,55.5,7.4,21.0,160.0,160.0,160.66,165.62,1.14,0.0,-4.5,7.4,4.8,2.6,2.8,2.9,0.0,0,0,1,0,1,1,0,11.75,0,0,0,0
PT-104,2026-10-08T19:50:00,55,24.7,7.0,7.8,1,157.4,76.3,52.6,7.4,5874,160.0,72.9,52.8,7.4,24.6,160.0,160.0,160.39,164.94,0.82,0.0,-3.2,-6.0,-3.0,2.6,-3.4,0.2,0.0,0,0,1,0,1,1,0,11.83,0,0,0,0
PT-104,2026-10-08T19:55:00,55,24.7,7.0,7.8,1,157.4,76.3,52.6,7.4,5874,160.0,75.2,54.0,7.4,12.7,160.0,160.0,160.18,164.3,0.48,0.0,-2.5,-5.6,2.6,2.6,-1.1,1.4,0.0,0,0,1,0,1,1,0,11.92,0,0,0,0
PT-104,2026-10-08T20:00:00,55,24.7,7.0,7.8,1,157.4,76.3,52.6,7.4,5874,160.0,75.4,52.8,7.4,9.7,160.0,160.0,160.05,163.7,0.17,0.0,-1.6,-5.4,3.6,2.6,-0.9,0.2,0.0,0,0,1,0,1,1,0,0.0,0,0,0,0
PT-104,2026-10-08T20:05:00,55,24.7,7.0,7.8,1,157.4,76.3,52.6,7.4,5874,160.0,72.3,48.7,7.4,15.3,160.0,160.0,160.0,163.16,0.0,0.0,-0.6,-9.4,-6.6,2.6,-4.0,-3.9,0.0,0,0,1,0,1,1,0,0.08,0,0,0,0
PT-104,2026-10-08T20:10:00,55,24.7,7.0,7.8,1,157.4,76.3,52.6,7.4,5874,160.0,76.1,52.3,7.4,16.8,160.0,160.0,160.0,162.65,0.0,0.0,0.0,-0.2,2.0,2.6,-0.2,-0.3,0.0,0,0,1,0,1,1,0,0.17,0,0,0,0
PT-104,2026-10-08T20:15:00,55,24.7,7.0,7.8,1,157.4,76.3,52.6,7.4,5874,160.0,74.8,50.0,7.4,16.3,160.0,160.0,160.0,162.18,0.0,0.0,0.0,-8.6,-11.0,2.6,-1.5,-2.6,0.0,0,0,1,0,1,1,0,0.25,0,0,0,0
PT-104,2026-10-08T20:20:00,55,24.7,7.0,7.8,1,157.4,76.3,52.6,7.4,5874,160.0,73.1,56.7,7.4,18.4,160.0,160.0,160.0,161.74,0.0,0.0,0.0,0.4,7.8,2.6,-3.2,4.1,0.0,0,0,1,0,1,1,0,0.33,0,0,0,0
PT-104,2026-10-08T20:25:00,55,24.7,7.0,7.8,1,157.4,76.3,52.6,7.4,5874,160.0,78.6,53.0,7.4,18.1,160.0,160.0,160.0,161.35,0.0,0.0,0.0,6.8,-2.0,2.6,2.3,0.4,0.0,0,0,1,0,1,1,0,0.42,0,0,0,0
PT-104,2026-10-08T20:30:00,55,24.7,7.0,7.8,1,157.4,76.3,52.6,7.4,5874,160.0,80.2,55.3,7.4,15.1,160.0,160.0,160.0,161.02,0.0,0.0,0.0,9.6,5.0,2.6,3.9,2.7,0.0,0,0,1,0,1,1,0,0.5,0,0,0,0
PT-104,2026-10-08T20:35:00,55,24.7,7.0,7.8,1,157.4,76.3,52.6,7.4,5874,160.0,78.1,49.3,7.4,8.7,160.0,160.0,160.0,160.75,0.0,0.0,0.0,11.6,1.2,2.6,1.8,-3.3,0.0,0,0,1,0,1,1,0,0.58,0,0,0,0
PT-104,2026-10-08T20:40:00,55,24.7,7.0,7.8,1,157.4,76.3,52.6,7.4,5874,160.0,78.2,51.1,7.4,11.5,160.0,160.0,160.0,160.52,0.0,0.0,0.0,4.2,-2.4,2.6,1.9,-1.5,0.0,0,0,1,0,1,1,0,0.67,0,0,0,0
PT-104,2026-10-08T20:45:00,55,24.7,7.0,7.8,1,157.4,76.3,52.6,7.4,5874,160.0,75.9,53.7,7.4,19.1,160.0,160.0,160.0,160.33,0.0,0.0,0.0,2.2,7.4,2.6,-0.4,1.1,0.0,0,0,1,0,1,1,0,0.75,0,0,0,0
PT-104,2026-10-08T20:50:00,55,24.7,7.0,7.8,1,157.4,76.3,52.6,7.4,5874,160.0,75.8,50.1,7.4,7.7,160.0,160.0,160.0,160.2,0.0,0.0,0.0,5.4,-13.2,2.6,-0.5,-2.5,0.0,0,0,1,0,1,1,0,0.83,0,0,0,0
PT-104,2026-10-08T20:55:00,55,24.7,7.0,7.8,1,157.4,76.3,52.6,7.4,5874,160.0,77.5,49.9,7.4,14.6,160.0,160.0,160.0,160.09,0.0,0.0,0.0,-2.2,-6.2,2.6,1.2,-2.7,0.0,0,0,1,0,1,1,0,0.92,0,0,0,0
PT-104,2026-10-08T21:00:00,55,24.7,7.0,7.8,1,157.4,76.3,52.6,7.4,5874,160.0,75.4,51.0,7.4,5.8,160.0,160.0,160.0,160.02,0.0,0.0,0.0,-9.6,-8.6,2.6,-0.9,-1.6,0.0,0,0,1,0,1,1,0,1.0,0,0,0,0
PT-104,2026-10-08T21:05:00,55,24.7,7.0,7.8,1,157.4,76.3,52.6,7.4,5874,160.0,76.7,50.7,7.4,5.9,160.0,160.0,160.0,160.0,0.0,0.0,0.0,-2.8,2.8,2.6,0.4,-1.9,0.0,0,0,1,0,1,1,0,1.08,0,0,0,0
PT-104,2026-10-08T21:10:00,55,24.7,7.0,7.8,1,157.4,76.3,52.6,7.4,5874,160.0,76.7,52.2,7.4,11.5,160.0,160.0,160.0,160.0,0.0,0.0,0.0,-3.0,2.2,2.6,0.4,-0.4,0.0,0,0,1,0,1,1,0,1.17,0,0,0,0
PT-104,2026-10-08T21:15:00,55,24.7,7.0,7.8,1,157.4,76.3,52.6,7.4,5874,160.0,76.0,51.5,7.4,17.7,160.0,160.0,160.0,160.0,0.0,0.0,0.0,0.2,-4.4,2.6,-0.3,-1.1,0.0,0,0,1,0,1,1,0,1.25,0,0,0,0
PT-104,2026-10-08T21:20:00,55,24.7,7.0,7.8,1,157.4,76.3,52.6,7.4,5874,160.0,78.2,53.1,7.4,23.3,160.0,160.0,160.0,160.0,0.0,0.0,0.0,4.8,6.0,2.6,1.9,0.5,0.0,0,0,1,0,1,1,0,1.33,0,0,0,0
PT-104,2026-10-08T21:25:00,55,24.7,7.0,7.8,1,157.4,76.3,52.6,7.4,5874,160.0,76.8,55.7,7.4,22.2,160.0,160.0,160.0,160.0,0.0,0.0,0.0,-1.4,11.6,2.6,0.5,3.1,0.0,0,0,1,0,1,1,0,1.42,0,0,0,0
PT-104,2026-10-08T21:30:00,55,24.7,7.0,7.8,1,157.4,76.3,52.6,7.4,5874,160.0,77.3,51.3,7.4,22.2,160.0,160.0,160.0,160.0,0.0,0.0,0.0,3.8,0.6,2.6,1.0,-1.3,0.0,0,0,1,0,1,1,0,1.5,0,0,0,0
PT-104,2026-10-08T21:35:00,55,24.7,7.0,7.8,1,157.4,76.3,52.6,7.4,5874,160.0,78.2,51.8,7.4,19.1,160.0,160.0,160.0,160.0,0.0,0.0,0.0,3.0,2.2,2.6,1.9,-0.8,0.0,0,0,1,0,1,1,0,1.58,0,0,0,0
PT-104,2026-10-08T21:40:00,55,24.7,7.0,7.8,1,157.4,76.3,52.6,7.4,5874,160.0,78.6,49.9,7.4,17.2,160.0,160.0,160.0,160.0,0.0,0.0,0.0,3.8,-4.6,2.6,2.3,-2.7,0.0,0,0,1,0,1,1,0,1.67,0,0,0,0
PT-104,2026-10-08T21:45:00,55,24.7,7.0,7.8,1,157.4,76.3,52.6,7.4,5874,160.0,75.7,50.0,7.4,11.6,160.0,160.0,160.0,160.0,0.0,0.0,0.0,-0.6,-3.0,2.6,-0.6,-2.6,0.0,0,0,1,0,1,1,0,1.75,0,0,0,0
PT-104,2026-10-08T21:50:00,55,24.7,7.0,7.8,1,157.4,76.3,52.6,7.4,5874,160.0,75.9,52.7,7.4,11.7,160.0,160.0,160.0,160.0,0.0,0.0,0.0,-4.6,-0.8,2.6,-0.4,0.1,0.0,0,0,1,0,1,1,0,1.83,0,0,0,0
PT-104,2026-10-08T21:55:00,55,24.7,7.0,7.8,1,157.4,76.3,52.6,7.4,5874,160.0,75.4,53.4,7.4,5.3,160.0,160.0,160.0,160.0,0.0,0.0,0.0,-2.8,-4.6,2.6,-0.9,0.8,0.0,0,0,1,0,1,1,0,1.92,0,0,0,0
PT-105,2026-10-08T08:00:00,71,27.4,14.8,8.3,1,154.7,74.1,39.0,7.1,9886,181.9,88.7,20.6,7.1,24.2,181.9,181.9,181.9,181.9,0.0,0.0,0.0,0.0,0.0,27.2,14.6,-18.4,0.0,1,0,0,0,2,1,0,0.0,0,0,0,1
PT-105,2026-10-08T08:05:00,71,27.4,14.8,8.3,1,154.7,74.1,39.0,7.1,9886,183.9,89.2,20.3,7.1,7.1,182.9,182.9,182.9,182.9,1.41,0.0,0.0,0.0,0.0,29.2,15.1,-18.7,0.0,1,0,0,0,2,1,0,0.08,0,0,0,1
PT-105,2026-10-08T08:10:00,71,27.4,14.8,8.3,1,154.7,74.1,39.0,7.1,9886,187.7,89.9,20.0,7.1,16.6,184.5,184.5,184.5,184.5,2.95,0.0,0.0,0.0,0.0,33.0,15.8,-19.0,0.0,1,0,0,0,2,1,0,0.17,0,0,0,1
PT-105,2026-10-08T08:15:00,71,27.4,14.8,8.3,1,154.7,74.1,39.0,7.1,9886,190.6,90.1,19.6,7.1,24.2,187.4,186.02,186.02,186.02,3.88,0.0,0.0,0.0,0.0,35.9,16.0,-19.4,0.0,1,0,0,0,2,1,0,0.25,0,0,0,1
PT-105,2026-10-08T08:20:00,71,27.4,14.8,8.3,1,154.7,74.1,39.0,7.1,9886,193.1,90.4,19.2,7.1,10.0,190.47,187.44,187.44,187.44,4.62,0.0,0.0,0.0,0.0,38.4,16.3,-19.8,0.0,1,0,0,0,2,1,0,0.33,0,0,0,1
PT-105,2026-10-08T08:25:00,71,27.4,14.8,8.3,1,154.7,74.1,39.0,7.1,9886,196.0,90.9,18.6,7.1,14.2,193.23,188.87,188.87,188.87,5.41,0.0,0.0,0.0,0.0,41.3,16.8,-20.4,0.0,1,0,0,0,2,1,0,0.42,0,0,0,1
PT-105,2026-10-08T08:30:00,71,27.4,14.8,8.3,1,154.7,74.1,39.0,7.1,9886,198.9,91.1,18.2,7.1,60.7,196.0,191.7,190.3,190.3,6.23,34.0,0.0,4.8,-4.8,44.2,17.0,-20.8,0.0,1,0,0,0,2,1,0,0.5,0,0,0,1
PT-105,2026-10-08T08:35:00,71,27.4,14.8,8.3,1,154.7,74.1,39.0,7.1,9886,200.9,91.5,17.8,7.1,48.9,198.6,194.53,191.62,191.62,6.88,34.0,0.0,4.6,-5.0,46.2,17.4,-21.2,0.0,1,0,0,0,2,1,0,0.58,0,0,0,1
PT-105,2026-10-08T08:40:00,71,27.4,14.8,8.3,1,154.7,74.1,39.0,7.1,9886,204.2,91.9,17.2,7.1,59.4,201.33,197.28,193.02,193.02,7.68,33.0,0.0,4.0,-5.6,49.5,17.8,-21.8,0.0,1,0,0,0,2,1,0,0.67,0,0,0,1
PT-105,2026-10-08T08:45:00,71,27.4,14.8,8.3,1,154.7,74.1,39.0,7.1,9886,207.4,92.1,16.7,7.1,60.6,204.17,200.08,194.46,194.46,8.55,33.6,0.0,4.0,-5.8,52.7,18.0,-22.3,0.0,1,0,0,0,2,1,0,0.75,0,0,0,1
PT-105,2026-10-08T08:50:00,71,27.4,14.8,8.3,1,154.7,74.1,39.0,7.1,9886,209.5,92.4,16.4,7.1,68.4,207.03,202.82,195.83,195.83,9.29,32.8,0.0,4.0,-5.6,54.8,18.3,-22.6,0.0,1,0,0,0,2,1,0,0.83,0,0,0,1
PT-105,2026-10-08T08:55:00,71,27.4,14.8,8.3,1,154.7,74.1,39.0,7.1,9886,212.5,93.0,16.2,7.1,69.0,209.8,205.57,197.22,197.22,10.08,33.0,0.0,4.2,-4.8,57.8,18.9,-22.8,0.0,1,0,0,0,2,1,0,0.92,0,0,0,1
PT-105,2026-10-08T09:00:00,71,27.4,14.8,8.3,1,154.7,74.1,39.0,7.1,9886,215.4,93.3,16.0,7.1,49.9,212.47,208.32,200.01,198.62,10.09,33.0,33.5,4.4,-4.4,60.7,19.2,-23.0,0.0,1,0,0,0,2,1,0,1.0,0,0,0,1
PT-105,2026-10-08T09:05:00,71,27.4,14.8,8.3,1,154.7,74.1,39.0,7.1,9886,218.0,93.9,15.5,7.1,67.0,215.3,211.17,202.85,200.0,9.94,34.2,34.1,4.8,-4.6,63.3,19.8,-23.5,0.0,1,0,0,0,2,1,0,1.08,0,0,0,1
PT-105,2026-10-08T09:10:00,71,27.4,14.8,8.3,1,154.7,74.1,39.0,7.1,9886,219.9,94.5,15.1,7.1,66.3,217.77,213.78,205.53,201.33,9.83,31.4,32.2,5.2,-4.2,65.2,20.4,-23.9,0.0,1,0,0,0,2,1,0,1.17,0,0,0,1
PT-105,2026-10-08T09:15:00,71,27.4,14.8,8.3,1,154.7,74.1,39.0,7.1,9886,223.6,95.0,15.0,7.1,56.8,220.5,216.48,208.28,202.72,9.89,32.4,33.0,5.8,-3.4,68.9,20.9,-24.0,0.0,1,0,0,0,2,1,0,1.25,0,0,0,1
PT-105,2026-10-08T09:20:00,71,27.4,14.8,8.3,1,154.7,74.1,39.0,7.1,9886,226.1,95.6,15.0,7.1,60.4,223.2,219.25,211.03,204.09,9.87,33.2,33.0,6.4,-2.8,71.4,21.5,-24.0,0.0,1,0,0,0,2,1,0,1.33,0,0,0,1
PT-105,2026-10-08T09:25:00,71,27.4,14.8,8.3,1,154.7,74.1,39.0,7.1,9886,229.0,96.1,15.0,7.1,45.9,226.23,222.0,213.78,205.48,9.9,33.0,33.0,6.2,-2.4,74.3,22.0,-24.0,0.0,1,0,0,0,2,1,0,1.42,0,0,0,1
PT-105,2026-10-08T09:30:00,71,27.4,14.8,8.3,1,154.7,74.1,39.0,7.1,9886,232.1,96.3,15.0,7.1,48.7,229.07,224.78,216.55,206.88,10.0,33.4,33.2,6.0,-2.0,77.4,22.2,-24.0,0.0,1,0,0,0,2,1,0,1.5,0,0,0,1
PT-105,2026-10-08T09:35:00,71,27.4,14.8,8.3,1,154.7,74.1,39.0,7.1,9886,235.6,96.6,15.0,7.1,21.2,232.23,227.72,219.44,208.32,10.08,35.2,34.7,5.4,-1.0,80.9,22.5,-24.0,0.0,1,0,0,0,2,1,0,1.58,0,0,0,1
PT-105,2026-10-08T09:40:00,71,27.4,14.8,8.3,1,154.7,74.1,39.0,7.1,9886,239.4,97.1,15.0,7.1,22.6,235.7,230.97,222.38,209.8,10.36,39.0,35.2,5.2,-0.2,84.7,23.0,-24.0,0.0,1,0,0,0,2,1,0,1.67,0,0,0,1
PT-105,2026-10-08T09:45:00,71,27.4,14.8,8.3,1,154.7,74.1,39.0,7.1,9886,242.5,97.5,15.0,7.1,16.7,239.17,234.12,225.3,211.28,10.69,37.8,35.1,5.0,0.0,87.8,23.4,-24.0,0.0,1,0,0,0,2,1,0,1.75,0,0,0,1
PT-105,2026-10-08T09:50:00,71,27.4,14.8,8.3,1,154.7,74.1,39.0,7.1,9886,245.9,98.2,15.0,7.1,24.1,242.6,237.42,228.33,212.79,10.96,39.6,36.4,5.2,0.0,91.2,24.1,-24.0,0.0,1,0,0,0,2,1,0,1.83,0,0,0,1
PT-105,2026-10-08T09:55:00,71,27.4,14.8,8.3,1,154.7,74.1,39.0,7.1,9886,248.2,98.7,15.0,7.1,23.6,245.53,240.62,231.31,214.26,11.12,38.4,35.7,5.2,0.0,93.5,24.6,-24.0,0.0,1,0,0,0,2,1,0,1.92,0,0,0,1
PT-105,2026-10-08T10:00:00,71,27.4,14.8,8.3,1,154.7,74.1,39.0,7.1,9886,251.8,99.1,15.0,7.1,9.2,248.63,243.9,234.34,217.18,11.35,39.4,36.4,5.6,0.0,97.1,25.0,-24.0,0.0,1,0,0,0,2,1,0,2.0,0,0,0,1
PT-105,2026-10-08T10:05:00,71,27.4,14.8,8.3,1,154.7,74.1,39.0,7.1,9886,254.6,99.3,15.0,7.1,13.4,251.53,247.07,237.39,220.12,11.47,38.0,36.6,5.4,0.0,99.9,25.2,-24.0,0.0,1,0,0,0,2,1,0,2.08,0,0,0,1
PT-105,2026-10-08T10:10:00,71,27.4,14.8,8.3,1,154.7,74.1,39.0,7.1,9886,257.5,100.0,15.0,7.1,21.4,254.63,250.08,240.52,223.03,11.4,36.2,37.6,5.8,0.0,102.8,25.9,-24.0,0.0,1,0,0,0,2,1,0,2.17,0,0,0,1
PT-105,2026-10-08T10:15:00,71,27.4,14.8,8.3,1,154.7,74.1,39.0,7.1,9886,259.9,100.6,15.0,7.1,13.7,257.33,252.98,243.55,225.92,11.31,34.8,36.3,6.2,0.0,105.2,26.5,-24.0,0.0,1,0,0,0,2,1,0,2.25,0,0,0,1
PT-105,2026-10-08T10:20:00,71,27.4,14.8,8.3,1,154.7,74.1,39.0,7.1,9886,261.8,100.9,15.0,7.1,16.8,259.73,255.63,246.52,228.78,11.0,31.8,35.7,5.4,0.0,107.1,26.8,-24.0,0.0,1,0,0,0,2,1,0,2.33,0,0,0,1
PT-105,2026-10-08T10:25:00,71,27.4,14.8,8.3,1,154.7,74.1,39.0,7.1,9886,265.0,101.6,15.0,7.1,22.0,262.23,258.43,249.52,231.65,10.69,33.6,36.0,5.8,0.0,110.3,27.5,-24.0,0.0,1,0,0,0,2,1,0,2.42,0,0,0,1
PT-105,2026-10-08T10:30:00,71,27.4,14.8,8.3,1,154.7,74.1,39.0,7.1,9886,267.8,102.3,15.0,7.1,14.8,264.87,261.1,252.5,234.52,10.36,32.0,35.7,6.4,0.0,113.1,28.2,-24.0,0.0,1,0,0,0,2,1,0,2.5,0,0,0,1
PT-105,2026-10-08T10:35:00,71,27.4,14.8,8.3,1,154.7,74.1,39.0,7.1,9886,269.8,102.8,15.0,7.1,14.9,267.53,263.63,255.35,237.4,9.99,30.4,34.2,7.0,0.0,115.1,28.7,-24.0,0.0,1,0,0,0,2,1,0,2.58,0,0,0,1
PT-105,2026-10-08T10:40:00,71,27.4,14.8,8.3,1,154.7,74.1,39.0,7.1,9886,271.6,103.5,15.0,7.1,11.5,269.73,265.98,258.03,240.2,9.63,28.2,32.2,7.0,0.0,116.9,29.4,-24.0,0.0,1,0,0,0,2,1,0,2.67,0,0,0,1
PT-105,2026-10-08T10:45:00,71,27.4,14.8,8.3,1,154.7,74.1,39.0,7.1,9886,274.9,103.9,15.0,7.1,14.0,272.1,268.48,260.73,243.02,9.42,30.0,32.4,6.6,0.0,120.2,29.8,-24.0,0.0,1,0,0,0,2,1,0,2.75,0,0,0,1
PT-105,2026-10-08T10:50:00,71,27.4,14.8,8.3,1,154.7,74.1,39.0,7.1,9886,277.1,104.5,15.0,7.1,17.5,274.53,271.03,263.33,245.83,9.26,30.6,31.2,7.2,0.0,122.4,30.4,-24.0,0.0,1,0,0,0,2,1,0,2.83,0,0,0,1
PT-105,2026-10-08T10:55:00,71,27.4,14.8,8.3,1,154.7,74.1,39.0,7.1,9886,279.7,105.1,15.0,7.1,5.9,277.23,273.48,265.96,248.63,9.04,29.4,31.5,7.0,0.0,125.0,31.0,-24.0,0.0,1,0,0,0,2,1,0,2.92,0,0,0,1
PT-105,2026-10-08T11:00:00,71,27.4,14.8,8.3,1,154.7,74.1,39.0,7.1,9886,282.2,105.4,15.0,7.1,18.8,279.67,275.88,268.49,251.42,8.97,28.8,30.4,6.2,0.0,127.5,31.3,-24.0,0.0,1,0,0,0,2,1,0,3.0,0,0,0,1
PT-105,2026-10-08T11:05:00,71,27.4,14.8,8.3,1,154.7,74.1,39.0,7.1,9886,285.8,105.9,15.0,7.1,6.6,282.57,278.55,271.09,254.24,9.1,32.0,31.2,6.2,0.0,131.1,31.8,-24.0,0.0,1,0,0,0,2,1,0,3.08,0,0,0,1
PT-105,2026-10-08T11:10:00,71,27.4,14.8,8.3,1,154.7,74.1,39.0,7.1,9886,289.1,106.4,15.0,7.1,21.5,285.7,281.47,273.73,257.12,9.38,35.0,31.6,5.8,0.0,134.4,32.3,-24.0,0.0,1,0,0,0,2,1,0,3.17,0,0,0,1
PT-105,2026-10-08T11:15:00,71,27.4,14.8,8.3,1,154.7,74.1,39.0,7.1,9886,292.6,106.8,15.0,7.1,23.5,289.17,284.42,276.45,260.0,9.74,35.4,32.7,5.8,0.0,137.9,32.7,-24.0,0.0,1,0,0,0,2,1,0,3.25,0,0,0,1
PT-105,2026-10-08T11:20:00,71,27.4,14.8,8.3,1,154.7,74.1,39.0,7.1,9886,295.9,107.2,15.0,7.1,22.0,292.53,287.55,279.29,262.91,10.04,37.6,34.1,5.4,0.0,141.2,33.1,-24.0,0.0,1,0,0,0,2,1,0,3.33,0,0,0,1
PT-105,2026-10-08T11:25:00,71,27.4,14.8,8.3,1,154.7,74.1,39.0,7.1,9886,298.8,107.6,15.0,7.1,17.4,295.77,290.73,282.11,265.82,10.41,38.2,33.8,5.0,0.0,144.1,33.5,-24.0,0.0,1,0,0,0,2,1,0,3.42,0,0,0,1
PT-105,2026-10-08T11:30:00,71,27.4,14.8,8.3,1,154.7,74.1,39.0,7.1,9886,301.1,107.9,15.0,7.1,5.8,298.6,293.88,284.88,268.69,10.68,37.8,33.3,5.0,0.0,146.4,33.8,-24.0,0.0,1,0,0,0,2,1,0,3.5,0,0,0,1
PT-105,2026-10-08T11:35:00,71,27.4,14.8,8.3,1,154.7,74.1,39.0,7.1,9886,303.7,108.2,15.0,7.1,16.0,301.2,296.87,287.71,271.53,10.81,35.8,33.9,4.6,0.0,149.0,34.1,-24.0,0.0,1,0,0,0,2,1,0,3.58,0,0,0,1
PT-105,2026-10-08T11:40:00,71,27.4,14.8,8.3,1,154.7,74.1,39.0,7.1,9886,306.2,108.7,15.0,7.1,6.7,303.67,299.72,290.59,274.31,10.74,34.2,34.6,4.6,0.0,151.5,34.6,-24.0,0.0,1,0,0,0,2,1,0,3.67,0,0,0,1
PT-105,2026-10-08T11:45:00,71,27.4,14.8,8.3,1,154.7,74.1,39.0,7.1,9886,308.6,109.0,15.0,7.1,12.0,306.17,302.38,293.4,277.07,10.67,32.0,33.7,4.4,0.0,153.9,34.9,-24.0,0.0,1,0,0,0,2,1,0,3.75,0,0,0,1
PT-105,2026-10-08T11:50:00,71,27.4,14.8,8.3,1,154.7,74.1,39.0,7.1,9886,311.5,109.2,15.0,7.1,15.6,308.77,304.98,296.27,279.8,10.51,31.2,34.4,4.0,0.0,156.8,35.1,-24.0,0.0,1,0,0,0,2,1,0,3.83,0,0,0,1
PT-105,2026-10-08T11:55:00,71,27.4,14.8,8.3,1,154.7,74.1,39.0,7.1,9886,315.1,109.6,15.0,7.1,22.4,311.73,307.7,299.22,282.59,10.4,32.6,35.4,4.0,0.0,160.4,35.5,-24.0,0.0,1,0,0,0,2,1,0,3.92,0,0,0,1
PT-105,2026-10-08T12:00:00,71,27.4,14.8,8.3,1,154.7,74.1,39.0,7.1,9886,317.3,110.3,15.0,7.1,5.7,314.63,310.4,302.14,285.32,10.11,32.4,35.1,4.8,0.0,162.6,36.2,-24.0,0.0,0,1,0,0,2,1,0,4.0,0,0,0,1
PT-105,2026-10-08T12:05:00,71,27.4,14.8,8.3,1,154.7,74.1,39.0,7.1,9886,319.2,110.6,15.0,7.1,16.4,317.2,312.98,304.92,288.01,9.8,31.0,33.4,4.8,0.0,164.5,36.5,-24.0,0.0,0,1,0,0,2,1,0,4.08,0,0,0,1
PT-105,2026-10-08T12:10:00,71,27.4,14.8,8.3,1,154.7,74.1,39.0,7.1,9886,321.3,111.2,15.0,7.1,15.0,319.27,315.5,307.61,290.67,9.48,30.2,32.2,5.0,0.0,166.6,37.1,-24.0,0.0,0,1,0,0,2,1,0,4.17,0,0,0,1
PT-105,2026-10-08T12:15:00,71,27.4,14.8,8.3,1,154.7,74.1,39.0,7.1,9886,324.7,111.8,15.0,7.1,21.3,321.73,318.18,310.28,293.37,9.38,32.2,32.1,5.6,0.0,170.0,37.7,-24.0,0.0,0,1,0,0,2,1,0,4.25,0,0,0,1
PT-105,2026-10-08T12:20:00,71,27.4,14.8,8.3,1,154.7,74.1,39.0,7.1,9886,327.3,112.3,15.0,7.1,8.4,324.43,320.82,312.9,296.1,9.39,31.6,31.4,6.2,0.0,172.6,38.2,-24.0,0.0,0,1,0,0,2,1,0,4.33,0,0,0,1
PT-105,2026-10-08T12:25:00,71,27.4,14.8,8.3,1,154.7,74.1,39.0,7.1,9886,329.6,112.6,15.0,7.1,22.1,327.2,323.23,315.47,298.79,9.39,29.0,30.8,6.0,0.0,174.9,38.5,-24.0,0.0,0,1,0,0,2,1,0,4.42,0,0,0,1
PT-105,2026-10-08T12:30:00,71,27.4,14.8,8.3,1,154.7,74.1,39.0,7.1,9886,332.1,113.0,15.0,7.1,14.4,329.67,325.7,318.05,301.47,9.34,29.6,31.0,5.4,0.0,177.4,38.9,-24.0,0.0,0,1,0,0,2,1,0,4.5,0,0,0,1
PT-105,2026-10-08T12:35:00,71,27.4,14.8,8.3,1,154.7,74.1,39.0,7.1,9886,334.1,113.5,15.0,7.1,18.3,331.93,328.18,320.58,304.15,9.22,29.8,30.4,5.8,0.0,179.4,39.4,-24.0,0.0,0,1,0,0,2,1,0,4.58,0,0,0,1
PT-105,2026-10-08T12:40:00,71,27.4,14.8,8.3,1,154.7,74.1,39.0,7.1,9886,337.1,113.9,15.0,7.1,18.6,334.43,330.82,323.16,306.88,9.15,31.6,30.9,5.4,0.0,182.4,39.8,-24.0,0.0,0,1,0,0,2,1,0,4.67,0,0,0,1
PT-105,2026-10-08T12:45:00,71,27.4,14.8,8.3,1,154.7,74.1,39.0,7.1,9886,339.7,114.2,15.0,7.1,5.4,336.97,333.32,325.75,309.58,9.06,30.0,31.1,4.8,0.0,185.0,40.1,-24.0,0.0,0,1,0,0,2,1,0,4.75,0,0,0,1
PT-105,2026-10-08T12:50:00,71,27.4,14.8,8.3,1,154.7,74.1,39.0,7.1,9886,342.2,114.8,15.0,7.1,7.7,339.67,335.8,328.31,312.29,9.0,29.8,30.7,5.0,0.0,187.5,40.7,-24.0,0.0,0,1,0,0,2,1,0,4.83,0,0,0,1
PT-105,2026-10-08T12:55:00,71,27.4,14.8,8.3,1,154.7,74.1,39.0,7.1,9886,345.1,115.0,15.0,7.1,16.4,342.33,338.38,330.81,315.01,9.16,31.0,30.0,4.8,0.0,190.4,40.9,-24.0,0.0,0,1,0,0,2,1,0,4.92,0,0,0,1
PT-105,2026-10-08T13:00:00,71,27.4,14.8,8.3,1,154.7,74.1,39.0,7.1,9886,347.2,115.7,15.0,7.1,20.5,344.83,340.9,333.3,317.72,9.22,30.2,29.9,5.4,0.0,192.5,41.6,-24.0,0.0,0,1,0,0,2,1,0,5.0,0,0,0,1
PT-105,2026-10-08T13:05:00,71,27.4,14.8,8.3,1,154.7,74.1,39.0,7.1,9886,350.1,116.0,15.0,7.1,27.0,347.47,343.57,335.88,320.4,9.24,32.0,30.9,5.0,0.0,195.4,41.9,-24.0,0.0,0,1,0,0,2,1,0,5.08,0,0,0,1
PT-105,2026-10-08T13:10:00,71,27.4,14.8,8.3,1,154.7,74.1,39.0,7.1,9886,353.1,116.2,15.0,7.1,20.3,350.13,346.23,338.52,323.07,9.24,32.0,31.8,4.6,0.0,198.4,42.1,-24.0,0.0,0,1,0,0,2,1,0,5.17,0,0,0,1
PT-105,2026-10-08T13:15:00,71,27.4,14.8,8.3,1,154.7,74.1,39.0,7.1,9886,355.9,116.5,15.0,7.1,27.7,353.03,348.93,341.12,325.7,9.39,32.4,31.2,4.6,0.0,201.2,42.4,-24.0,0.0,0,1,0,0,2,1,0,5.25,0,0,0,1
PT-105,2026-10-08T13:20:00,71,27.4,14.8,8.3,1,154.7,74.1,39.0,7.1,9886,359.6,116.9,15.0,7.1,31.3,356.2,351.83,343.82,328.36,9.69,34.8,32.3,4.2,0.0,204.9,42.8,-24.0,0.0,0,1,0,0,2,1,0,5.33,0,0,0,1
PT-105,2026-10-08T13:25:00,71,27.4,14.8,8.3,1,154.7,74.1,39.0,7.1,9886,362.9,117.2,15.0,7.1,17.6,359.47,354.8,346.59,331.03,10.01,35.6,33.3,4.4,0.0,208.2,43.1,-24.0,0.0,0,1,0,0,2,1,0,5.42,0,0,0,1
PT-105,2026-10-08T13:30:00,71,27.4,14.8,8.3,1,154.7,74.1,39.0,7.1,9886,366.0,117.8,15.0,7.1,18.5,362.83,357.93,349.42,333.73,10.33,37.6,33.9,4.2,0.0,211.3,43.7,-24.0,0.0,0,1,0,0,2,1,0,5.5,0,0,0,1
PT-105,2026-10-08T13:35:00,71,27.4,14.8,8.3,1,154.7,74.1,39.0,7.1,9886,368.9,118.3,15.0,7.1,23.9,365.93,361.07,352.32,336.45,10.52,37.6,34.8,4.6,0.0,214.2,44.2,-24.0,0.0,0,1,0,0,2,1,0,5.58,0,0,0,1
PT-105,2026-10-08T13:40:00,71,27.4,14.8,8.3,1,154.7,74.1,39.0,7.1,9886,370.7,118.9,15.0,7.1,17.8,368.53,364.0,355.12,339.14,10.57,35.2,33.6,5.4,0.0,216.0,44.8,-24.0,0.0,0,1,0,0,2,1,0,5.67,0,0,0,1
PT-105,2026-10-08T13:45:00,71,27.4,14.8,8.3,1,154.7,74.1,39.0,7.1,9886,373.1,119.3,15.0,7.1,19.4,370.9,366.87,357.9,341.82,10.54,34.4,33.4,5.6,0.0,218.4,45.2,-24.0,0.0,0,1,0,0,2,1,0,5.75,0,0,0,1
PT-105,2026-10-08T13:50:00,71,27.4,14.8,8.3,1,154.7,74.1,39.0,7.1,9886,376.1,119.9,15.0,7.1,27.0,373.3,369.62,360.72,344.52,10.49,33.0,33.9,6.0,0.0,221.4,45.8,-24.0,0.0,0,1,0,0,2,1,0,5.83,0,0,0,1
PT-105,2026-10-08T13:55:00,71,27.4,14.8,8.3,1,154.7,74.1,39.0,7.1,9886,379.1,120.0,15.0,7.1,31.0,376.1,372.32,363.56,347.18,10.48,32.4,34.0,5.6,0.0,224.4,45.9,-24.0,0.0,0,1,0,0,2,1,0,5.92,0,0,0,1
PT-105,2026-10-08T14:00:00,71,27.4,14.8,8.3,1,154.7,74.1,39.0,7.1,9886,380.0,120.0,15.0,7.1,23.0,378.4,374.65,366.29,349.8,10.1,28.0,32.8,4.4,0.0,225.3,45.9,-24.0,0.0,0,1,0,0,2,1,0,6.0,0,0,0,1
PT-105,2026-10-08T14:05:00,71,27.4,14.8,8.3,1,154.7,74.1,39.0,7.1,9886,380.0,120.0,15.0,7.1,13.3,379.7,376.5,368.78,352.33,9.4,22.2,29.9,3.4,0.0,225.3,45.9,-24.0,0.0,0,1,0,0,2,1,0,6.08,0,0,0,1
PT-105,2026-10-08T14:10:00,71,27.4,14.8,8.3,1,154.7,74.1,39.0,7.1,9886,380.0,120.0,15.0,7.1,8.0,380.0,378.05,371.02,354.78,8.49,18.6,26.9,2.2,0.0,225.3,45.9,-24.0,0.0,0,1,0,0,2,1,0,6.17,0,0,0,1
PT-105,2026-10-08T14:15:00,71,27.4,14.8,8.3,1,154.7,74.1,39.0,7.1,9886,380.0,120.0,15.0,7.1,14.3,380.0,379.2,373.03,357.08,7.36,13.8,24.1,1.4,0.0,225.3,45.9,-24.0,0.0,0,1,0,0,2,1,0,6.25,0,0,0,1
PT-105,2026-10-08T14:20:00,71,27.4,14.8,8.3,1,154.7,74.1,39.0,7.1,9886,380.0,120.0,15.0,7.1,21.8,380.0,379.85,374.73,359.28,6.24,7.8,20.4,0.2,0.0,225.3,45.9,-24.0,0.0,0,1,0,0,2,1,0,6.33,0,0,0,1
PT-105,2026-10-08T14:25:00,71,27.4,14.8,8.3,1,154.7,74.1,39.0,7.1,9886,380.0,120.0,15.0,7.1,24.7,380.0,380.0,376.16,361.38,5.15,1.8,17.1,0.0,0.0,225.3,45.9,-24.0,0.0,0,1,0,0,2,1,0,6.42,0,0,0,1
PT-105,2026-10-08T14:30:00,71,27.4,14.8,8.3,1,154.7,74.1,39.0,7.1,9886,380.0,120.0,15.0,7.1,12.2,380.0,380.0,377.33,363.37,4.13,0.0,14.0,0.0,0.0,225.3,45.9,-24.0,0.0,0,1,0,0,2,1,0,6.5,0,0,0,1
PT-105,2026-10-08T14:35:00,71,27.4,14.8,8.3,1,154.7,74.1,39.0,7.1,9886,380.0,120.0,15.0,7.1,16.6,380.0,380.0,378.25,365.28,3.21,0.0,11.1,0.0,0.0,225.3,45.9,-24.0,0.0,0,1,0,0,2,1,0,6.58,0,0,0,1
PT-105,2026-10-08T14:40:00,71,27.4,14.8,8.3,1,154.7,74.1,39.0,7.1,9886,380.0,120.0,15.0,7.1,13.5,380.0,380.0,379.02,367.07,2.18,0.0,9.3,0.0,0.0,225.3,45.9,-24.0,0.0,0,1,0,0,2,1,0,6.67,0,0,0,1
PT-105,2026-10-08T14:45:00,71,27.4,14.8,8.3,1,154.7,74.1,39.0,7.1,9886,380.0,120.0,15.0,7.1,21.4,380.0,380.0,379.6,368.75,1.13,0.0,6.9,0.0,0.0,225.3,45.9,-24.0,0.0,0,1,0,0,2,1,0,6.75,0,0,0,1
PT-105,2026-10-08T14:50:00,71,27.4,14.8,8.3,1,154.7,74.1,39.0,7.1,9886,380.0,120.0,15.0,7.1,23.3,380.0,380.0,379.92,370.32,0.26,0.0,3.9,0.0,0.0,225.3,45.9,-24.0,0.0,0,1,0,0,2,1,0,6.83,0,0,0,1
PT-105,2026-10-08T14:55:00,71,27.4,14.8,8.3,1,154.7,74.1,39.0,7.1,9886,380.0,120.0,15.0,7.1,17.8,380.0,380.0,380.0,371.78,0.0,0.0,0.9,0.0,0.0,225.3,45.9,-24.0,0.0,0,1,0,0,2,1,0,6.92,0,0,0,1
PT-105,2026-10-08T15:00:00,71,27.4,14.8,8.3,1,154.7,74.1,39.0,7.1,9886,380.0,120.0,15.0,7.1,14.7,380.0,380.0,380.0,373.15,0.0,0.0,0.0,0.0,0.0,225.3,45.9,-24.0,0.0,0,1,0,0,2,1,0,7.0,0,0,0,1
PT-105,2026-10-08T15:05:00,71,27.4,14.8,8.3,1,154.7,74.1,39.0,7.1,9886,380.0,120.0,15.0,7.1,18.7,380.0,380.0,380.0,374.39,0.0,0.0,0.0,0.0,0.0,225.3,45.9,-24.0,0.0,0,1,0,0,2,1,0,7.08,0,0,0,1
PT-105,2026-10-08T15:10:00,71,27.4,14.8,8.3,1,154.7,74.1,39.0,7.1,9886,380.0,120.0,15.0,7.1,15.9,380.0,380.0,380.0,375.51,0.0,0.0,0.0,0.0,0.0,225.3,45.9,-24.0,0.0,0,1,0,0,2,1,0,7.17,0,0,0,1
PT-105,2026-10-08T15:15:00,71,27.4,14.8,8.3,1,154.7,74.1,39.0,7.1,9886,380.0,120.0,15.0,7.1,16.6,380.0,380.0,380.0,376.52,0.0,0.0,0.0,0.0,0.0,225.3,45.9,-24.0,0.0,0,1,0,0,2,1,0,7.25,0,0,0,1
PT-105,2026-10-08T15:20:00,71,27.4,14.8,8.3,1,154.7,74.1,39.0,7.1,9886,380.0,120.0,15.0,7.1,14.2,380.0,380.0,380.0,377.37,0.0,0.0,0.0,0.0,0.0,225.3,45.9,-24.0,0.0,0,1,0,0,2,1,0,7.33,0,0,0,1
PT-105,2026-10-08T15:25:00,71,27.4,14.8,8.3,1,154.7,74.1,39.0,7.1,9886,380.0,120.0,15.0,7.1,19.7,380.0,380.0,380.0,378.08,0.0,0.0,0.0,0.0,0.0,225.3,45.9,-24.0,0.0,0,1,0,0,2,1,0,7.42,0,0,0,1
PT-105,2026-10-08T15:30:00,71,27.4,14.8,8.3,1,154.7,74.1,39.0,7.1,9886,380.0,120.0,15.0,7.1,18.2,380.0,380.0,380.0,378.66,0.0,0.0,0.0,0.0,0.0,225.3,45.9,-24.0,0.0,0,1,0,0,2,1,0,7.5,0,0,0,1
PT-105,2026-10-08T15:35:00,71,27.4,14.8,8.3,1,154.7,74.1,39.0,7.1,9886,380.0,120.0,15.0,7.1,5.5,380.0,380.0,380.0,379.12,0.0,0.0,0.0,0.0,0.0,225.3,45.9,-24.0,0.0,0,1,0,0,2,1,0,7.58,0,0,0,1
PT-105,2026-10-08T15:40:00,71,27.4,14.8,8.3,1,154.7,74.1,39.0,7.1,9886,380.0,120.0,15.0,7.1,23.4,380.0,380.0,380.0,379.51,0.0,0.0,0.0,0.0,0.0,225.3,45.9,-24.0,0.0,0,1,0,0,2,1,0,7.67,0,0,0,1
PT-105,2026-10-08T15:45:00,71,27.4,14.8,8.3,1,154.7,74.1,39.0,7.1,9886,380.0,120.0,15.0,7.1,16.6,380.0,380.0,380.0,379.8,0.0,0.0,0.0,0.0,0.0,225.3,45.9,-24.0,0.0,0,1,0,0,2,1,0,7.75,0,0,0,1
PT-105,2026-10-08T15:50:00,71,27.4,14.8,8.3,1,154.7,74.1,39.0,7.1,9886,380.0,120.0,15.0,7.1,5.6,380.0,380.0,380.0,379.96,0.0,0.0,0.0,0.0,0.0,225.3,45.9,-24.0,0.0,0,1,0,0,2,1,0,7.83,0,0,0,1
PT-105,2026-10-08T15:55:00,71,27.4,14.8,8.3,1,154.7,74.1,39.0,7.1,9886,380.0,120.0,15.0,7.1,12.3,380.0,380.0,380.0,380.0,0.0,0.0,0.0,0.0,0.0,225.3,45.9,-24.0,0.0,0,1,0,0,2,1,0,7.92,0,0,0,1
PT-105,2026-10-08T16:00:00,71,27.4,14.8,8.3,1,154.7,74.1,39.0,7.1,9886,380.0,120.0,15.0,7.1,5.9,380.0,380.0,380.0,380.0,0.0,0.0,0.0,0.0,0.0,225.3,45.9,-24.0,0.0,0,1,0,0,2,1,0,8.0,0,0,0,1
PT-105,2026-10-08T16:05:00,71,27.4,14.8,8.3,1,154.7,74.1,39.0,7.1,9886,380.0,120.0,15.0,7.1,20.8,380.0,380.0,380.0,380.0,0.0,0.0,0.0,0.0,0.0,225.3,45.9,-24.0,0.0,0,1,0,0,2,1,0,8.08,0,0,0,1
PT-105,2026-10-08T16:10:00,71,27.4,14.8,8.3,1,154.7,74.1,39.0,7.1,9886,380.0,120.0,15.0,7.1,23.0,380.0,380.0,380.0,380.0,0.0,0.0,0.0,0.0,0.0,225.3,45.9,-24.0,0.0,0,1,0,0,2,1,0,8.17,0,0,0,1
PT-105,2026-10-08T16:15:00,71,27.4,14.8,8.3,1,154.7,74.1,39.0,7.1,9886,380.0,120.0,15.0,7.1,20.9,380.0,380.0,380.0,380.0,0.0,0.0,0.0,0.0,0.0,225.3,45.9,-24.0,0.0,0,1,0,0,2,1,0,8.25,0,0,0,1
PT-105,2026-10-08T16:20:00,71,27.4,14.8,8.3,1,154.7,74.1,39.0,7.1,9886,380.0,120.0,15.0,7.1,24.0,380.0,380.0,380.0,380.0,0.0,0.0,0.0,0.0,0.0,225.3,45.9,-24.0,0.0,0,1,0,0,2,1,0,8.33,0,0,0,1
PT-105,2026-10-08T16:25:00,71,27.4,14.8,8.3,1,154.7,74.1,39.0,7.1,9886,380.0,120.0,15.0,7.1,16.2,380.0,380.0,380.0,380.0,0.0,0.0,0.0,0.0,0.0,225.3,45.9,-24.0,0.0,0,1,0,0,2,1,0,8.42,0,0,0,1
PT-105,2026-10-08T16:30:00,71,27.4,14.8,8.3,1,154.7,74.1,39.0,7.1,9886,380.0,120.0,15.0,7.1,15.3,380.0,380.0,380.0,380.0,0.0,0.0,0.0,0.0,0.0,225.3,45.9,-24.0,0.0,0,1,0,0,2,1,0,8.5,0,0,0,1
PT-105,2026-10-08T16:35:00,71,27.4,14.8,8.3,1,154.7,74.1,39.0,7.1,9886,380.0,120.0,15.0,7.1,11.2,380.0,380.0,380.0,380.0,0.0,0.0,0.0,0.0,0.0,225.3,45.9,-24.0,0.0,0,1,0,0,2,1,0,8.58,0,0,0,1
PT-105,2026-10-08T16:40:00,71,27.4,14.8,8.3,1,154.7,74.1,39.0,7.1,9886,380.0,120.0,15.0,7.1,10.8,380.0,380.0,380.0,380.0,0.0,0.0,0.0,0.0,0.0,225.3,45.9,-24.0,0.0,0,1,0,0,2,1,0,8.67,0,0,0,1
PT-105,2026-10-08T16:45:00,71,27.4,14.8,8.3,1,154.7,74.1,39.0,7.1,9886,380.0,120.0,15.0,7.1,6.9,380.0,380.0,380.0,380.0,0.0,0.0,0.0,0.0,0.0,225.3,45.9,-24.0,0.0,0,1,0,0,2,1,0,8.75,0,0,0,1
PT-105,2026-10-08T16:50:00,71,27.4,14.8,8.3,1,154.7,74.1,39.0,7.1,9886,380.0,120.0,15.0,7.1,12.7,380.0,380.0,380.0,380.0,0.0,0.0,0.0,0.0,0.0,225.3,45.9,-24.0,0.0,0,1,0,0,2,1,0,8.83,0,0,0,1
PT-105,2026-10-08T16:55:00,71,27.4,14.8,8.3,1,154.7,74.1,39.0,7.1,9886,380.0,120.0,15.0,7.1,5.1,380.0,380.0,380.0,380.0,0.0,0.0,0.0,0.0,0.0,225.3,45.9,-24.0,0.0,0,1,0,0,2,1,0,8.92,0,0,0,1
PT-105,2026-10-08T17:00:00,71,27.4,14.8,8.3,1,154.7,74.1,39.0,7.1,9886,380.0,120.0,15.0,7.1,73.8,380.0,380.0,380.0,380.0,0.0,0.0,0.0,0.0,0.0,225.3,45.9,-24.0,0.0,0,0,1,0,2,1,0,9.0,0,0,0,1
PT-105,2026-10-08T17:05:00,71,27.4,14.8,8.3,1,154.7,74.1,39.0,7.1,9886,380.0,120.0,15.0,7.1,56.9,380.0,380.0,380.0,380.0,0.0,0.0,0.0,0.0,0.0,225.3,45.9,-24.0,0.0,0,0,1,0,2,1,0,9.08,0,0,0,1
PT-105,2026-10-08T17:10:00,71,27.4,14.8,8.3,1,154.7,74.1,39.0,7.1,9886,380.0,120.0,15.0,7.1,57.4,380.0,380.0,380.0,380.0,0.0,0.0,0.0,0.0,0.0,225.3,45.9,-24.0,0.0,0,0,1,0,2,1,0,9.17,0,0,0,1
PT-105,2026-10-08T17:15:00,71,27.4,14.8,8.3,1,154.7,74.1,39.0,7.1,9886,380.0,120.0,15.0,7.1,66.0,380.0,380.0,380.0,380.0,0.0,0.0,0.0,0.0,0.0,225.3,45.9,-24.0,0.0,0,0,1,0,2,1,0,9.25,0,0,0,1
PT-105,2026-10-08T17:20:00,71,27.4,14.8,8.3,1,154.7,74.1,39.0,7.1,9886,380.0,120.0,15.0,7.1,56.4,380.0,380.0,380.0,380.0,0.0,0.0,0.0,0.0,0.0,225.3,45.9,-24.0,0.0,0,0,1,0,2,1,0,9.33,0,0,0,1
PT-105,2026-10-08T17:25:00,71,27.4,14.8,8.3,1,154.7,74.1,39.0,7.1,9886,380.0,120.0,15.0,7.1,50.0,380.0,380.0,380.0,380.0,0.0,0.0,0.0,0.0,0.0,225.3,45.9,-24.0,0.0,0,0,1,0,2,1,0,9.42,0,0,0,1
PT-105,2026-10-08T17:30:00,71,27.4,14.8,8.3,1,154.7,74.1,39.0,7.1,9886,380.0,120.0,15.0,7.1,61.5,380.0,380.0,380.0,380.0,0.0,0.0,0.0,0.0,0.0,225.3,45.9,-24.0,0.0,0,0,1,0,2,1,0,9.5,0,0,0,1
PT-105,2026-10-08T17:35:00,71,27.4,14.8,8.3,1,154.7,74.1,39.0,7.1,9886,380.0,120.0,15.0,7.1,61.5,380.0,380.0,380.0,380.0,0.0,0.0,0.0,0.0,0.0,225.3,45.9,-24.0,0.0,0,0,1,0,2,1,0,9.58,0,0,0,1
PT-105,2026-10-08T17:40:00,71,27.4,14.8,8.3,1,154.7,74.1,39.0,7.1,9886,380.0,120.0,15.0,7.1,47.8,380.0,380.0,380.0,380.0,0.0,0.0,0.0,0.0,0.0,225.3,45.9,-24.0,0.0,0,0,1,0,2,1,0,9.67,0,0,0,1
PT-105,2026-10-08T17:45:00,71,27.4,14.8,8.3,1,154.7,74.1,39.0,7.1,9886,380.0,120.0,15.0,7.1,60.3,380.0,380.0,380.0,380.0,0.0,0.0,0.0,0.0,0.0,225.3,45.9,-24.0,0.0,0,0,1,0,2,1,0,9.75,0,0,0,1
PT-105,2026-10-08T17:50:00,71,27.4,14.8,8.3,1,154.7,74.1,39.0,7.1,9886,380.0,120.0,15.0,7.1,72.5,380.0,380.0,380.0,380.0,0.0,0.0,0.0,0.0,0.0,225.3,45.9,-24.0,0.0,0,0,1,0,2,1,0,9.83,0,0,0,1
PT-105,2026-10-08T17:55:00,71,27.4,14.8,8.3,1,154.7,74.1,39.0,7.1,9886,380.0,120.0,15.0,7.1,69.4,380.0,380.0,380.0,380.0,0.0,0.0,0.0,0.0,0.0,225.3,45.9,-24.0,0.0,0,0,1,0,2,1,0,9.92,0,0,0,1
PT-105,2026-10-08T18:00:00,71,27.4,14.8,8.3,1,154.7,74.1,39.0,7.1,9886,380.0,120.0,15.0,7.1,64.5,380.0,380.0,380.0,380.0,0.0,0.0,0.0,0.0,0.0,225.3,45.9,-24.0,0.0,0,0,1,0,2,1,0,10.0,0,0,0,1
PT-105,2026-10-08T18:05:00,71,27.4,14.8,8.3,1,154.7,74.1,39.0,7.1,9886,380.0,120.0,15.0,7.1,23.3,380.0,380.0,380.0,380.0,0.0,0.0,0.0,0.0,0.0,225.3,45.9,-24.0,0.0,0,0,1,0,2,1,0,10.08,0,0,0,1
PT-105,2026-10-08T18:10:00,71,27.4,14.8,8.3,1,154.7,74.1,39.0,7.1,9886,380.0,120.0,15.0,7.1,18.5,380.0,380.0,380.0,380.0,0.0,0.0,0.0,0.0,0.0,225.3,45.9,-24.0,0.0,0,0,1,0,2,1,0,10.17,0,0,0,1
PT-105,2026-10-08T18:15:00,71,27.4,14.8,8.3,1,154.7,74.1,39.0,7.1,9886,380.0,120.0,15.0,7.1,17.8,380.0,380.0,380.0,380.0,0.0,0.0,0.0,0.0,0.0,225.3,45.9,-24.0,0.0,0,0,1,0,2,1,0,10.25,0,0,0,1
PT-105,2026-10-08T18:20:00,71,27.4,14.8,8.3,1,154.7,74.1,39.0,7.1,9886,380.0,120.0,15.0,7.1,11.5,380.0,380.0,380.0,380.0,0.0,0.0,0.0,0.0,0.0,225.3,45.9,-24.0,0.0,0,0,1,0,2,1,0,10.33,0,0,0,1
PT-105,2026-10-08T18:25:00,71,27.4,14.8,8.3,1,154.7,74.1,39.0,7.1,9886,380.0,120.0,15.0,7.1,15.1,380.0,380.0,380.0,380.0,0.0,0.0,0.0,0.0,0.0,225.3,45.9,-24.0,0.0,0,0,1,0,2,1,0,10.42,0,0,0,1
PT-105,2026-10-08T18:30:00,71,27.4,14.8,8.3,1,154.7,74.1,39.0,7.1,9886,380.0,120.0,15.0,7.1,7.3,380.0,380.0,380.0,380.0,0.0,0.0,0.0,0.0,0.0,225.3,45.9,-24.0,0.0,0,0,1,0,2,1,0,10.5,0,0,0,1
PT-105,2026-10-08T18:35:00,71,27.4,14.8,8.3,1,154.7,74.1,39.0,7.1,9886,380.0,120.0,15.0,7.1,15.2,380.0,380.0,380.0,380.0,0.0,0.0,0.0,0.0,0.0,225.3,45.9,-24.0,0.0,0,0,1,0,2,1,0,10.58,0,0,0,1
PT-105,2026-10-08T18:40:00,71,27.4,14.8,8.3,1,154.7,74.1,39.0,7.1,9886,380.0,120.0,15.0,7.1,21.0,380.0,380.0,380.0,380.0,0.0,0.0,0.0,0.0,0.0,225.3,45.9,-24.0,0.0,0,0,1,0,2,1,0,10.67,0,0,0,1
PT-105,2026-10-08T18:45:00,71,27.4,14.8,8.3,1,154.7,74.1,39.0,7.1,9886,380.0,120.0,15.0,7.1,10.3,380.0,380.0,380.0,380.0,0.0,0.0,0.0,0.0,0.0,225.3,45.9,-24.0,0.0,0,0,1,0,2,1,0,10.75,0,0,0,1
PT-105,2026-10-08T18:50:00,71,27.4,14.8,8.3,1,154.7,74.1,39.0,7.1,9886,380.0,120.0,15.0,7.1,23.0,380.0,380.0,380.0,380.0,0.0,0.0,0.0,0.0,0.0,225.3,45.9,-24.0,0.0,0,0,1,0,2,1,0,10.83,0,0,0,1
PT-105,2026-10-08T18:55:00,71,27.4,14.8,8.3,1,154.7,74.1,39.0,7.1,9886,380.0,120.0,15.0,7.1,20.2,380.0,380.0,380.0,380.0,0.0,0.0,0.0,0.0,0.0,225.3,45.9,-24.0,0.0,0,0,1,0,2,1,0,10.92,0,0,0,1
PT-105,2026-10-08T19:00:00,71,27.4,14.8,8.3,1,154.7,74.1,39.0,7.1,9886,380.0,120.0,15.0,7.1,7.4,380.0,380.0,380.0,380.0,0.0,0.0,0.0,0.0,0.0,225.3,45.9,-24.0,0.0,0,0,1,0,2,1,0,11.0,0,0,0,1
PT-105,2026-10-08T19:05:00,71,27.4,14.8,8.3,1,154.7,74.1,39.0,7.1,9886,380.0,120.0,15.0,7.1,22.1,380.0,380.0,380.0,380.0,0.0,0.0,0.0,0.0,0.0,225.3,45.9,-24.0,0.0,0,0,1,0,2,1,0,11.08,0,0,0,1
PT-105,2026-10-08T19:10:00,71,27.4,14.8,8.3,1,154.7,74.1,39.0,7.1,9886,380.0,120.0,15.0,7.1,18.2,380.0,380.0,380.0,380.0,0.0,0.0,0.0,0.0,0.0,225.3,45.9,-24.0,0.0,0,0,1,0,2,1,0,11.17,0,0,0,1
PT-105,2026-10-08T19:15:00,71,27.4,14.8,8.3,1,154.7,74.1,39.0,7.1,9886,380.0,120.0,15.0,7.1,13.5,380.0,380.0,380.0,380.0,0.0,0.0,0.0,0.0,0.0,225.3,45.9,-24.0,0.0,0,0,1,0,2,1,0,11.25,0,0,0,1
PT-105,2026-10-08T19:20:00,71,27.4,14.8,8.3,1,154.7,74.1,39.0,7.1,9886,380.0,120.0,15.0,7.1,24.0,380.0,380.0,380.0,380.0,0.0,0.0,0.0,0.0,0.0,225.3,45.9,-24.0,0.0,0,0,1,0,2,1,0,11.33,0,0,0,1
PT-105,2026-10-08T19:25:00,71,27.4,14.8,8.3,1,154.7,74.1,39.0,7.1,9886,380.0,120.0,15.0,7.1,20.2,380.0,380.0,380.0,380.0,0.0,0.0,0.0,0.0,0.0,225.3,45.9,-24.0,0.0,0,0,1,0,2,1,0,11.42,0,0,0,1
PT-105,2026-10-08T19:30:00,71,27.4,14.8,8.3,1,154.7,74.1,39.0,7.1,9886,380.0,120.0,15.0,7.1,16.4,380.0,380.0,380.0,380.0,0.0,0.0,0.0,0.0,0.0,225.3,45.9,-24.0,0.0,0,0,1,0,2,1,0,11.5,0,0,0,1
PT-105,2026-10-08T19:35:00,71,27.4,14.8,8.3,1,154.7,74.1,39.0,7.1,9886,380.0,120.0,15.0,7.1,18.4,380.0,380.0,380.0,380.0,0.0,0.0,0.0,0.0,0.0,225.3,45.9,-24.0,0.0,0,0,1,0,2,1,0,11.58,0,0,0,1
PT-105,2026-10-08T19:40:00,71,27.4,14.8,8.3,1,154.7,74.1,39.0,7.1,9886,380.0,120.0,15.0,7.1,20.4,380.0,380.0,380.0,380.0,0.0,0.0,0.0,0.0,0.0,225.3,45.9,-24.0,0.0,0,0,1,0,2,1,0,11.67,0,0,0,1
PT-105,2026-10-08T19:45:00,71,27.4,14.8,8.3,1,154.7,74.1,39.0,7.1,9886,380.0,120.0,15.0,7.1,18.0,380.0,380.0,380.0,380.0,0.0,0.0,0.0,0.0,0.0,225.3,45.9,-24.0,0.0,0,0,1,0,2,1,0,11.75,0,0,0,1
PT-105,2026-10-08T19:50:00,71,27.4,14.8,8.3,1,154.7,74.1,39.0,7.1,9886,380.0,120.0,15.0,7.1,6.5,380.0,380.0,380.0,380.0,0.0,0.0,0.0,0.0,0.0,225.3,45.9,-24.0,0.0,0,0,1,0,2,1,0,11.83,0,0,0,1
PT-105,2026-10-08T19:55:00,71,27.4,14.8,8.3,1,154.7,74.1,39.0,7.1,9886,380.0,120.0,15.0,7.1,14.5,380.0,380.0,380.0,380.0,0.0,0.0,0.0,0.0,0.0,225.3,45.9,-24.0,0.0,0,0,1,0,2,1,0,11.92,0,0,0,1
PT-105,2026-10-08T20:00:00,71,27.4,14.8,8.3,1,154.7,74.1,39.0,7.1,9886,380.0,120.0,15.0,7.1,23.0,380.0,380.0,380.0,380.0,0.0,0.0,0.0,0.0,0.0,225.3,45.9,-24.0,0.0,0,0,1,0,2,1,0,0.0,0,0,0,1
PT-105,2026-10-08T20:05:00,71,27.4,14.8,8.3,1,154.7,74.1,39.0,7.1,9886,380.0,120.0,15.0,7.1,8.6,380.0,380.0,380.0,380.0,0.0,0.0,0.0,0.0,0.0,225.3,45.9,-24.0,0.0,0,0,1,0,2,1,0,0.08,0,0,0,1
PT-105,2026-10-08T20:10:00,71,27.4,14.8,8.3,1,154.7,74.1,39.0,7.1,9886,380.0,120.0,15.0,7.1,24.9,380.0,380.0,380.0,380.0,0.0,0.0,0.0,0.0,0.0,225.3,45.9,-24.0,0.0,0,0,1,0,2,1,0,0.17,0,0,0,1
PT-105,2026-10-08T20:15:00,71,27.4,14.8,8.3,1,154.7,74.1,39.0,7.1,9886,380.0,120.0,15.0,7.1,24.6,380.0,380.0,380.0,380.0,0.0,0.0,0.0,0.0,0.0,225.3,45.9,-24.0,0.0,0,0,1,0,2,1,0,0.25,0,0,0,1
PT-105,2026-10-08T20:20:00,71,27.4,14.8,8.3,1,154.7,74.1,39.0,7.1,9886,380.0,120.0,15.0,7.1,15.8,380.0,380.0,380.0,380.0,0.0,0.0,0.0,0.0,0.0,225.3,45.9,-24.0,0.0,0,0,1,0,2,1,0,0.33,0,0,0,1
PT-105,2026-10-08T20:25:00,71,27.4,14.8,8.3,1,154.7,74.1,39.0,7.1,9886,380.0,120.0,15.0,7.1,16.8,380.0,380.0,380.0,380.0,0.0,0.0,0.0,0.0,0.0,225.3,45.9,-24.0,0.0,0,0,1,0,2,1,0,0.42,0,0,0,1
PT-105,2026-10-08T20:30:00,71,27.4,14.8,8.3,1,154.7,74.1,39.0,7.1,9886,380.0,120.0,15.0,7.1,24.1,380.0,380.0,380.0,380.0,0.0,0.0,0.0,0.0,0.0,225.3,45.9,-24.0,0.0,0,0,1,0,2,1,0,0.5,0,0,0,1
PT-105,2026-10-08T20:35:00,71,27.4,14.8,8.3,1,154.7,74.1,39.0,7.1,9886,380.0,120.0,15.0,7.1,15.1,380.0,380.0,380.0,380.0,0.0,0.0,0.0,0.0,0.0,225.3,45.9,-24.0,0.0,0,0,1,0,2,1,0,0.58,0,0,0,1
PT-105,2026-10-08T20:40:00,71,27.4,14.8,8.3,1,154.7,74.1,39.0,7.1,9886,380.0,120.0,15.0,7.1,10.9,380.0,380.0,380.0,380.0,0.0,0.0,0.0,0.0,0.0,225.3,45.9,-24.0,0.0,0,0,1,0,2,1,0,0.67,0,0,0,1
PT-105,2026-10-08T20:45:00,71,27.4,14.8,8.3,1,154.7,74.1,39.0,7.1,9886,380.0,120.0,15.0,7.1,18.5,380.0,380.0,380.0,380.0,0.0,0.0,0.0,0.0,0.0,225.3,45.9,-24.0,0.0,0,0,1,0,2,1,0,0.75,0,0,0,1
PT-105,2026-10-08T20:50:00,71,27.4,14.8,8.3,1,154.7,74.1,39.0,7.1,9886,380.0,120.0,15.0,7.1,21.8,380.0,380.0,380.0,380.0,0.0,0.0,0.0,0.0,0.0,225.3,45.9,-24.0,0.0,0,0,1,0,2,1,0,0.83,0,0,0,1
PT-105,2026-10-08T20:55:00,71,27.4,14.8,8.3,1,154.7,74.1,39.0,7.1,9886,380.0,120.0,15.0,7.1,10.6,380.0,380.0,380.0,380.0,0.0,0.0,0.0,0.0,0.0,225.3,45.9,-24.0,0.0,0,0,1,0,2,1,0,0.92,0,0,0,1
PT-105,2026-10-08T21:00:00,71,27.4,14.8,8.3,1,154.7,74.1,39.0,7.1,9886,380.0,120.0,15.0,7.1,22.0,380.0,380.0,380.0,380.0,0.0,0.0,0.0,0.0,0.0,225.3,45.9,-24.0,0.0,0,0,1,0,2,1,0,1.0,0,0,0,1
PT-105,2026-10-08T21:05:00,71,27.4,14.8,8.3,1,154.7,74.1,39.0,7.1,9886,380.0,120.0,15.0,7.1,24.2,380.0,380.0,380.0,380.0,0.0,0.0,0.0,0.0,0.0,225.3,45.9,-24.0,0.0,0,0,1,0,2,1,0,1.08,0,0,0,1
PT-105,2026-10-08T21:10:00,71,27.4,14.8,8.3,1,154.7,74.1,39.0,7.1,9886,380.0,120.0,15.0,7.1,24.8,380.0,380.0,380.0,380.0,0.0,0.0,0.0,0.0,0.0,225.3,45.9,-24.0,0.0,0,0,1,0,2,1,0,1.17,0,0,0,1
PT-105,2026-10-08T21:15:00,71,27.4,14.8,8.3,1,154.7,74.1,39.0,7.1,9886,380.0,120.0,15.0,7.1,14.4,380.0,380.0,380.0,380.0,0.0,0.0,0.0,0.0,0.0,225.3,45.9,-24.0,0.0,0,0,1,0,2,1,0,1.25,0,0,0,1
PT-105,2026-10-08T21:20:00,71,27.4,14.8,8.3,1,154.7,74.1,39.0,7.1,9886,380.0,120.0,15.0,7.1,15.8,380.0,380.0,380.0,380.0,0.0,0.0,0.0,0.0,0.0,225.3,45.9,-24.0,0.0,0,0,1,0,2,1,0,1.33,0,0,0,1
PT-105,2026-10-08T21:25:00,71,27.4,14.8,8.3,1,154.7,74.1,39.0,7.1,9886,380.0,120.0,15.0,7.1,14.3,380.0,380.0,380.0,380.0,0.0,0.0,0.0,0.0,0.0,225.3,45.9,-24.0,0.0,0,0,1,0,2,1,0,1.42,0,0,0,1
PT-105,2026-10-08T21:30:00,71,27.4,14.8,8.3,1,154.7,74.1,39.0,7.1,9886,380.0,120.0,15.0,7.1,23.2,380.0,380.0,380.0,380.0,0.0,0.0,0.0,0.0,0.0,225.3,45.9,-24.0,0.0,0,0,1,0,2,1,0,1.5,0,0,0,1
PT-105,2026-10-08T21:35:00,71,27.4,14.8,8.3,1,154.7,74.1,39.0,7.1,9886,380.0,120.0,15.0,7.1,12.1,380.0,380.0,380.0,380.0,0.0,0.0,0.0,0.0,0.0,225.3,45.9,-24.0,0.0,0,0,1,0,2,1,0,1.58,0,0,0,1
PT-105,2026-10-08T21:40:00,71,27.4,14.8,8.3,1,154.7,74.1,39.0,7.1,9886,380.0,120.0,15.0,7.1,12.9,380.0,380.0,380.0,380.0,0.0,0.0,0.0,0.0,0.0,225.3,45.9,-24.0,0.0,0,0,1,0,2,1,0,1.67,0,0,0,1
PT-105,2026-10-08T21:45:00,71,27.4,14.8,8.3,1,154.7,74.1,39.0,7.1,9886,380.0,120.0,15.0,7.1,24.1,380.0,380.0,380.0,380.0,0.0,0.0,0.0,0.0,0.0,225.3,45.9,-24.0,0.0,0,0,1,0,2,1,0,1.75,0,0,0,1
PT-105,2026-10-08T21:50:00,71,27.4,14.8,8.3,1,154.7,74.1,39.0,7.1,9886,380.0,120.0,15.0,7.1,16.0,380.0,380.0,380.0,380.0,0.0,0.0,0.0,0.0,0.0,225.3,45.9,-24.0,0.0,0,0,1,0,2,1,0,1.83,0,0,0,1
PT-105,2026-10-08T21:55:00,71,27.4,14.8,8.3,1,154.7,74.1,39.0,7.1,9886,380.0,120.0,15.0,7.1,10.1,380.0,380.0,380.0,380.0,0.0,0.0,0.0,0.0,0.0,225.3,45.9,-24.0,0.0,0,0,1,0,2,1,0,1.92,0,0,0,1
PT-106,2026-10-08T08:00:00,50,32.1,7.6,7.3,0,146.0,73.5,51.3,7.6,4568,144.7,75.0,54.3,7.6,22.6,144.7,144.7,144.7,144.7,0.0,0.0,0.0,0.0,0.0,-1.3,1.5,3.0,0.0,1,0,0,0,1,1,0,0.0,0,0,0,0
PT-106,2026-10-08T08:05:00,50,32.1,7.6,7.3,0,146.0,73.5,51.3,7.6,4568,146.2,74.4,50.0,7.6,22.0,145.45,145.45,145.45,145.45,1.06,0.0,0.0,0.0,0.0,0.2,0.9,-1.3,0.0,1,0,0,0,1,1,0,0.08,0,0,0,0
PT-106,2026-10-08T08:10:00,50,32.1,7.6,7.3,0,146.0,73.5,51.3,7.6,4568,140.3,75.7,49.6,7.6,12.7,143.73,143.73,143.73,143.73,3.07,0.0,0.0,0.0,0.0,-5.7,2.2,-1.7,0.0,1,0,0,0,1,1,0,0.17,0,0,0,0
PT-106,2026-10-08T08:15:00,50,32.1,7.6,7.3,0,146.0,73.5,51.3,7.6,4568,147.4,75.4,49.1,7.6,23.3,144.63,144.65,144.65,144.65,3.1,0.0,0.0,0.0,0.0,1.4,1.9,-2.2,0.0,1,0,0,0,1,1,0,0.25,0,0,0,0
PT-106,2026-10-08T08:20:00,50,32.1,7.6,7.3,0,146.0,73.5,51.3,7.6,4568,152.7,72.0,55.3,7.6,19.5,146.8,146.26,146.26,146.26,4.49,0.0,0.0,0.0,0.0,6.7,-1.5,4.0,0.0,1,0,0,0,1,1,0,0.33,0,0,0,0
PT-106,2026-10-08T08:25:00,50,32.1,7.6,7.3,0,146.0,73.5,51.3,7.6,4568,144.5,74.2,49.5,7.6,15.1,148.2,145.97,145.97,145.97,4.08,0.0,0.0,0.0,0.0,-1.5,0.7,-1.8,0.0,1,0,0,0,1,1,0,0.42,0,0,0,0
PT-106,2026-10-08T08:30:00,50,32.1,7.6,7.3,0,146.0,73.5,51.3,7.6,4568,146.6,75.0,49.5,7.6,69.4,147.93,146.28,146.06,146.06,3.73,3.8,0.0,0.0,-9.6,0.6,1.5,-1.8,0.0,1,0,0,0,1,1,0,0.5,0,0,0,0
PT-106,2026-10-08T08:35:00,50,32.1,7.6,7.3,0,146.0,73.5,51.3,7.6,4568,149.0,74.4,48.3,7.6,48.3,146.7,146.75,146.43,146.43,3.61,5.6,0.0,0.0,-3.4,3.0,0.9,-3.0,0.0,1,0,0,0,1,1,0,0.58,0,0,0,0
PT-106,2026-10-08T08:40:00,50,32.1,7.6,7.3,0,146.0,73.5,51.3,7.6,4568,145.3,79.0,48.1,7.6,51.1,146.97,147.58,146.3,146.3,3.4,10.0,0.0,6.6,-3.0,-0.7,5.5,-3.2,0.0,1,0,0,0,1,1,0,0.67,0,0,0,0
PT-106,2026-10-08T08:45:00,50,32.1,7.6,7.3,0,146.0,73.5,51.3,7.6,4568,142.5,80.5,51.1,7.6,47.2,145.6,146.77,145.92,145.92,3.42,-9.8,0.0,10.2,4.0,-3.5,7.0,-0.2,0.0,1,0,0,0,1,1,0,0.75,0,0,0,0
PT-106,2026-10-08T08:50:00,50,32.1,7.6,7.3,0,146.0,73.5,51.3,7.6,4568,150.8,75.1,53.8,7.6,47.5,146.2,146.45,146.36,146.36,3.56,-3.8,0.0,6.2,-3.0,4.8,1.6,2.5,0.0,1,0,0,0,1,1,0,0.83,0,0,0,0
PT-106,2026-10-08T08:55:00,50,32.1,7.6,7.3,0,146.0,73.5,51.3,7.6,4568,148.0,77.3,48.8,7.6,46.3,147.1,147.03,146.5,146.5,3.43,7.0,0.0,6.2,-1.4,2.0,3.8,-2.5,0.0,1,0,0,0,1,1,0,0.92,0,0,0,0
PT-106,2026-10-08T09:00:00,50,32.1,7.6,7.3,0,146.0,73.5,51.3,7.6,4568,147.8,77.3,54.3,7.6,63.5,148.87,147.23,146.76,146.6,3.4,2.4,3.1,4.6,9.6,1.8,3.8,3.0,0.0,1,0,0,0,1,1,0,1.0,0,0,0,0
PT-106,2026-10-08T09:05:00,50,32.1,7.6,7.3,0,146.0,73.5,51.3,7.6,4568,149.9,76.1,52.3,7.6,67.9,148.57,147.38,147.07,146.84,3.51,1.8,3.7,3.4,8.0,3.9,2.6,1.0,0.0,1,0,0,0,1,1,0,1.08,0,0,0,0
PT-106,2026-10-08T09:10:00,50,32.1,7.6,7.3,0,146.0,73.5,51.3,7.6,4568,148.4,73.5,49.9,7.6,71.1,148.7,147.9,147.74,146.94,2.8,6.2,8.1,-11.0,3.6,2.4,0.0,-1.4,0.0,1,0,0,0,1,1,0,1.17,0,0,0,0
PT-106,2026-10-08T09:15:00,50,32.1,7.6,7.3,0,146.0,73.5,51.3,7.6,4568,148.8,78.1,51.3,7.6,20.0,149.03,148.95,147.86,147.06,2.81,12.6,1.4,-4.8,0.4,2.8,4.6,0.0,0.0,1,0,0,0,1,1,0,1.25,0,0,1,0
PT-106,2026-10-08T09:20:00,50,32.1,7.6,7.3,0,146.0,73.5,51.3,7.6,4568,146.0,76.5,51.3,7.6,20.0,147.73,148.15,147.3,146.99,2.4,-9.6,-6.7,2.8,-5.0,0.0,3.0,0.0,0.0,1,0,0,0,1,1,0,1.33,0,1,1,0
PT-106,2026-10-08T09:25:00,50,32.1,7.6,7.3,0,146.0,73.5,51.3,7.6,4568,144.8,77.6,51.3,7.6,20.0,146.53,147.62,147.33,146.87,2.37,-6.4,0.3,0.6,5.0,-1.2,4.1,0.0,0.0,1,0,0,0,1,1,0,1.42,0,0,1,0
PT-106,2026-10-08T09:30:00,50,32.1,7.6,7.3,0,146.0,73.5,51.3,7.6,4568,146.0,78.1,51.3,7.6,20.0,145.6,147.32,147.28,146.83,2.39,-3.6,-0.6,1.6,-6.0,0.0,4.6,0.0,0.0,1,0,0,0,1,1,0,1.5,0,1,1,0
PT-106,2026-10-08T09:35:00,50,32.1,7.6,7.3,0,146.0,73.5,51.3,7.6,4568,152.0,77.9,51.3,7.6,20.0,147.6,147.67,147.52,147.08,2.72,4.2,3.0,3.6,-2.0,6.0,4.4,0.0,0.0,1,0,0,0,1,1,0,1.58,0,0,1,0
PT-106,2026-10-08T09:40:00,50,32.1,7.6,7.3,0,146.0,73.5,51.3,7.6,4568,146.0,76.7,51.3,7.6,20.0,148.0,147.27,147.58,147.03,2.67,-4.8,0.7,6.4,2.8,0.0,3.2,0.0,0.0,1,0,0,0,1,1,0,1.67,0,1,1,0
PT-106,2026-10-08T09:45:00,50,32.1,7.6,7.3,0,146.0,73.5,51.3,7.6,4568,148.3,76.5,51.3,7.6,20.0,148.77,147.18,148.07,147.09,2.14,-1.0,5.8,-3.2,0.0,2.3,3.0,0.0,0.0,1,0,0,0,1,1,0,1.75,0,0,1,0
PT-106,2026-10-08T09:50:00,50,32.1,7.6,7.3,0,146.0,73.5,51.3,7.6,4568,146.0,77.1,51.3,7.6,20.0,146.77,147.18,147.67,147.04,2.03,0.0,-4.8,1.2,0.0,0.0,3.6,0.0,0.0,1,0,0,0,1,1,0,1.83,0,1,1,0
PT-106,2026-10-08T09:55:00,50,32.1,7.6,7.3,0,146.0,73.5,51.3,7.6,4568,145.4,76.7,51.3,7.6,20.0,146.57,147.28,147.45,146.98,2.13,1.2,-2.6,-1.8,0.0,-0.6,3.2,0.0,0.0,1,0,0,0,1,1,0,1.92,0,0,1,0
PT-106,2026-10-08T10:00:00,50,32.1,7.6,7.3,0,146.0,73.5,51.3,7.6,4568,146.0,77.2,51.3,7.6,20.0,145.8,147.28,147.3,147.03,2.17,0.0,-1.8,-1.8,0.0,0.0,3.7,0.0,0.0,1,0,0,0,1,1,0,2.0,0,1,1,0
PT-106,2026-10-08T10:05:00,50,32.1,7.6,7.3,0,146.0,73.5,51.3,7.6,4568,149.0,78.6,51.3,7.6,20.0,146.8,146.78,147.22,147.15,2.08,-6.0,-0.9,1.4,0.0,3.0,5.1,0.0,0.0,1,0,0,0,1,1,0,2.08,0,0,1,0
PT-106,2026-10-08T10:10:00,50,32.1,7.6,7.3,0,146.0,73.5,51.3,7.6,4568,145.8,79.8,52.5,7.6,19.5,146.93,146.75,147.01,147.38,2.08,-0.4,-2.6,6.2,2.4,-0.2,6.3,1.2,0.0,1,0,0,0,1,1,0,2.17,0,0,0,0
PT-106,2026-10-08T10:15:00,50,32.1,7.6,7.3,0,146.0,73.5,51.3,7.6,4568,149.7,76.8,51.7,7.6,20.3,148.17,146.98,147.08,147.47,2.17,2.8,0.9,0.6,0.8,3.7,3.3,0.4,0.0,1,0,0,0,1,1,0,2.25,0,0,0,0
PT-106,2026-10-08T10:20:00,50,32.1,7.6,7.3,0,146.0,73.5,51.3,7.6,4568,148.8,77.5,50.5,7.6,7.6,148.1,147.45,147.32,147.31,2.19,5.6,2.8,0.8,-1.6,2.8,4.0,-0.8,0.0,1,0,0,0,1,1,0,2.33,0,0,0,0
PT-106,2026-10-08T10:25:00,50,32.1,7.6,7.3,0,146.0,73.5,51.3,7.6,4568,147.4,78.8,54.4,7.6,24.3,148.63,147.78,147.53,147.43,2.04,4.0,2.6,4.2,6.2,1.4,5.3,3.1,0.0,1,0,0,0,1,1,0,2.42,0,0,0,0
PT-106,2026-10-08T10:30:00,50,32.1,7.6,7.3,0,146.0,73.5,51.3,7.6,4568,151.7,77.4,50.4,7.6,5.7,149.3,148.73,148.01,147.64,2.3,11.4,5.7,0.4,-1.8,5.7,3.9,-0.9,0.0,1,0,0,0,1,1,0,2.5,0,0,0,0
PT-106,2026-10-08T10:35:00,50,32.1,7.6,7.3,0,146.0,73.5,51.3,7.6,4568,154.8,77.3,50.8,7.6,8.6,151.3,149.7,148.24,147.88,2.83,11.6,2.8,-2.6,-1.0,8.8,3.8,-0.5,0.0,1,0,0,0,1,1,0,2.58,0,0,0,0
PT-106,2026-10-08T10:40:00,50,32.1,7.6,7.3,0,146.0,73.5,51.3,7.6,4568,148.4,76.9,53.4,7.6,23.3,151.63,150.13,148.44,148.01,2.74,5.2,2.4,-5.8,1.8,2.4,3.4,2.1,0.0,1,0,0,0,1,1,0,2.67,0,0,0,0
PT-106,2026-10-08T10:45:00,50,32.1,7.6,7.3,0,146.0,73.5,51.3,7.6,4568,149.4,76.7,51.4,7.6,21.8,150.87,150.08,148.53,148.3,2.75,-0.6,1.1,-0.2,-0.6,3.4,3.2,0.1,0.0,1,0,0,0,1,1,0,2.75,0,0,0,0
PT-106,2026-10-08T10:50:00,50,32.1,7.6,7.3,0,146.0,73.5,51.3,7.6,4568,150.0,78.1,52.0,7.6,11.7,149.27,150.28,148.87,148.27,2.65,2.4,4.0,1.2,3.0,4.0,4.6,0.7,0.0,1,0,0,0,1,1,0,2.83,0,0,0,0
PT-106,2026-10-08T10:55:00,50,32.1,7.6,7.3,0,146.0,73.5,51.3,7.6,4568,148.7,79.0,49.1,7.6,22.3,149.37,150.5,149.14,148.3,2.42,2.6,3.3,0.4,-10.6,2.7,5.5,-2.2,0.0,1,0,0,0,1,1,0,2.92,0,0,0,0
PT-106,2026-10-08T11:00:00,50,32.1,7.6,7.3,0,146.0,73.5,51.3,7.6,4568,150.6,75.7,51.5,7.6,6.1,149.77,150.32,149.52,148.41,2.24,-2.2,4.6,-3.4,2.2,4.6,2.2,0.2,0.0,1,0,0,0,1,1,0,3.0,0,0,0,0
PT-106,2026-10-08T11:05:00,50,32.1,7.6,7.3,0,146.0,73.5,51.3,7.6,4568,147.6,80.3,53.2,7.6,6.6,148.97,149.12,149.41,148.32,2.3,-14.4,-1.4,6.0,4.8,1.6,6.8,1.9,0.0,1,0,0,0,1,1,0,3.08,0,0,0,0
PT-106,2026-10-08T11:10:00,50,32.1,7.6,7.3,0,146.0,73.5,51.3,7.6,4568,150.5,77.5,52.7,7.6,8.8,149.57,149.47,149.8,148.4,2.02,4.2,4.7,1.2,-1.4,4.5,4.0,1.4,0.0,1,0,0,0,1,1,0,3.17,0,0,0,0
PT-106,2026-10-08T11:15:00,50,32.1,7.6,7.3,0,146.0,73.5,51.3,7.6,4568,146.3,80.7,52.9,7.6,24.5,148.13,148.95,149.52,148.3,2.26,-6.2,-3.4,8.0,3.0,0.3,7.2,1.6,0.0,1,0,0,0,1,1,0,3.25,0,0,0,0
PT-106,2026-10-08T11:20:00,50,32.1,7.6,7.3,0,146.0,73.5,51.3,7.6,4568,152.4,78.5,51.2,7.6,6.6,149.73,149.35,149.82,148.57,2.39,4.8,3.6,0.8,-1.6,6.4,5.0,-0.1,0.0,1,0,0,0,1,1,0,3.33,0,0,0,0
PT-106,2026-10-08T11:25:00,50,32.1,7.6,7.3,0,146.0,73.5,51.3,7.6,4568,153.4,76.2,49.6,7.6,23.5,150.7,150.13,150.32,148.93,2.46,9.4,6.0,-5.6,1.0,7.4,2.7,-1.7,0.0,1,0,0,0,1,1,0,3.42,0,0,0,0
PT-106,2026-10-08T11:30:00,50,32.1,7.6,7.3,0,146.0,73.5,51.3,7.6,4568,148.3,76.7,50.1,7.6,23.1,151.37,149.75,150.03,149.02,2.48,-4.6,-3.4,2.0,-2.8,2.3,3.2,-1.2,0.0,1,0,0,0,1,1,0,3.5,0,0,0,0
PT-106,2026-10-08T11:35:00,50,32.1,7.6,7.3,0,146.0,73.5,51.3,7.6,4568,151.0,77.3,50.6,7.6,18.6,150.9,150.32,149.72,148.98,2.02,6.8,-3.8,-6.0,-5.2,5.0,3.8,-0.7,0.0,1,0,0,0,1,1,0,3.58,0,0,0,0
PT-106,2026-10-08T11:40:00,50,32.1,7.6,7.3,0,146.0,73.5,51.3,7.6,4568,148.0,77.2,50.1,7.6,8.0,149.1,149.9,149.68,149.06,2.05,-5.0,-0.4,-0.6,-5.2,2.0,3.7,-1.2,0.0,1,0,0,0,1,1,0,3.67,0,0,0,0
PT-106,2026-10-08T11:45:00,50,32.1,7.6,7.3,0,146.0,73.5,51.3,7.6,4568,153.6,80.7,54.7,7.6,9.6,150.87,151.12,150.03,149.28,2.33,14.6,4.2,0.0,3.6,7.6,7.2,3.4,0.0,1,0,0,0,1,1,0,3.75,0,0,0,0
PT-106,2026-10-08T11:50:00,50,32.1,7.6,7.3,0,146.0,73.5,51.3,7.6,4568,154.8,77.4,47.1,7.6,14.6,152.13,151.52,150.43,149.65,2.71,4.8,4.8,-2.2,-8.2,8.8,3.9,-4.2,0.0,1,0,0,0,1,1,0,3.83,0,0,0,0
PT-106,2026-10-08T11:55:00,50,32.1,7.6,7.3,0,146.0,73.5,51.3,7.6,4568,151.9,77.2,48.2,7.6,10.3,153.43,151.27,150.7,149.92,2.68,-3.0,3.2,2.0,-2.8,5.9,3.7,-3.1,0.0,1,0,0,0,1,1,0,3.92,0,0,0,0
PT-106,2026-10-08T12:00:00,50,32.1,7.6,7.3,0,146.0,73.5,51.3,7.6,4568,151.3,76.5,49.8,7.6,18.8,152.67,151.77,150.76,150.14,2.69,6.0,0.7,-0.4,-0.6,5.3,3.0,-1.5,0.0,0,1,0,0,1,1,0,4.0,0,0,0,0
PT-106,2026-10-08T12:05:00,50,32.1,7.6,7.3,0,146.0,73.5,51.3,7.6,4568,152.7,79.2,53.9,7.6,24.2,151.97,152.05,151.18,150.3,2.54,3.4,5.1,3.8,6.6,6.7,5.7,2.6,0.0,0,1,0,0,1,1,0,4.08,0,0,0,0
PT-106,2026-10-08T12:10:00,50,32.1,7.6,7.3,0,146.0,73.5,51.3,7.6,4568,146.0,76.7,51.3,7.6,20.0,150.0,151.72,150.81,150.3,2.95,-4.0,-4.5,-1.0,2.4,0.0,3.2,0.0,0.0,0,1,0,0,1,1,0,4.17,0,1,1,0
PT-106,2026-10-08T12:15:00,50,32.1,7.6,7.3,0,146.0,73.5,51.3,7.6,4568,152.0,76.4,51.3,7.6,20.0,150.23,151.45,151.28,150.4,2.59,-3.2,5.7,-8.6,-6.8,6.0,2.9,0.0,0.0,0,1,0,0,1,1,0,4.25,0,0,1,0
PT-106,2026-10-08T12:20:00,50,32.1,7.6,7.3,0,146.0,73.5,51.3,7.6,4568,146.0,78.9,51.3,7.6,20.0,148.0,149.98,150.75,150.28,2.97,-17.6,-6.4,3.0,8.4,0.0,5.4,0.0,0.0,0,1,0,0,1,1,0,4.33,0,1,1,0
PT-106,2026-10-08T12:25:00,50,32.1,7.6,7.3,0,146.0,73.5,51.3,7.6,4568,151.2,76.4,51.3,7.6,20.0,149.73,149.87,150.57,150.44,2.86,-1.4,-2.2,-1.6,6.2,5.2,2.9,0.0,0.0,0,1,0,0,1,1,0,4.42,0,0,1,0
PT-106,2026-10-08T12:30:00,50,32.1,7.6,7.3,0,146.0,73.5,51.3,7.6,4568,146.0,79.7,51.3,7.6,20.0,147.73,148.98,150.38,150.2,3.09,-10.6,-2.3,6.4,3.0,0.0,6.2,0.0,0.0,0,1,0,0,1,1,0,4.5,0,1,1,0
PT-106,2026-10-08T12:35:00,50,32.1,7.6,7.3,0,146.0,73.5,51.3,7.6,4568,155.1,81.0,51.3,7.6,20.0,150.77,149.38,150.72,150.22,3.38,4.8,4.1,3.6,-5.2,9.1,7.5,0.0,0.0,0,1,0,0,1,1,0,4.58,0,0,1,0
PT-106,2026-10-08T12:40:00,50,32.1,7.6,7.3,0,146.0,73.5,51.3,7.6,4568,146.0,76.5,51.3,7.6,20.0,149.03,149.38,150.55,150.12,3.57,0.0,-2.0,-0.4,0.0,0.0,3.0,0.0,0.0,0,1,0,0,1,1,0,4.67,0,1,1,0
PT-106,2026-10-08T12:45:00,50,32.1,7.6,7.3,0,146.0,73.5,51.3,7.6,4568,154.6,75.8,53.1,7.6,25.0,151.9,149.82,150.63,150.33,3.66,5.2,1.0,-1.2,3.6,8.6,2.3,1.8,0.0,0,1,0,0,1,1,0,4.75,0,0,0,0
PT-106,2026-10-08T12:50:00,50,32.1,7.6,7.3,0,146.0,73.5,51.3,7.6,4568,146.3,78.6,53.6,7.6,18.5,148.97,149.87,149.92,150.18,3.6,0.6,-8.5,-0.6,4.6,0.3,5.1,2.3,0.0,0,1,0,0,1,1,0,4.83,0,0,0,0
PT-106,2026-10-08T12:55:00,50,32.1,7.6,7.3,0,146.0,73.5,51.3,7.6,4568,152.1,75.9,55.9,7.6,23.9,151.0,150.02,149.94,150.32,3.61,1.8,0.2,-1.0,9.2,6.1,2.4,4.6,0.0,0,1,0,0,1,1,0,4.92,0,0,0,0
PT-106,2026-10-08T13:00:00,50,32.1,7.6,7.3,0,146.0,73.5,51.3,7.6,4568,152.9,78.8,55.5,7.6,29.8,150.43,151.17,150.07,150.42,3.7,13.8,1.6,-1.8,8.4,6.9,5.3,4.2,0.0,0,1,0,0,1,1,0,5.0,0,0,0,0
PT-106,2026-10-08T13:05:00,50,32.1,7.6,7.3,0,146.0,73.5,51.3,7.6,4568,155.1,82.1,52.6,7.6,28.8,153.37,151.17,150.28,150.73,3.91,0.0,2.4,2.2,2.6,9.1,8.6,1.3,0.0,0,1,0,0,1,1,0,5.08,0,0,0,0
PT-106,2026-10-08T13:10:00,50,32.1,7.6,7.3,0,146.0,73.5,51.3,7.6,4568,152.8,78.8,57.5,7.6,30.7,153.6,152.3,150.84,150.82,3.72,13.6,6.8,4.6,12.4,6.8,5.3,6.2,0.0,0,1,0,0,1,1,0,5.17,0,0,0,0
PT-106,2026-10-08T13:15:00,50,32.1,7.6,7.3,0,146.0,73.5,51.3,7.6,4568,156.9,77.2,49.5,7.6,22.3,154.93,152.68,151.25,151.27,4.11,4.6,4.9,2.8,-7.2,10.9,3.7,-1.8,0.0,0,1,0,0,1,1,0,5.25,0,0,0,0
PT-106,2026-10-08T13:20:00,50,32.1,7.6,7.3,0,146.0,73.5,51.3,7.6,4568,158.7,74.9,49.7,7.6,30.2,156.13,154.75,152.31,151.53,4.27,24.8,12.7,-7.4,-7.8,12.7,1.4,-1.6,0.0,0,1,0,0,1,1,0,5.33,0,0,0,0
PT-106,2026-10-08T13:25:00,50,32.1,7.6,7.3,0,146.0,73.5,51.3,7.6,4568,151.4,75.8,50.5,7.6,15.7,155.67,154.63,152.33,151.45,4.26,-1.4,0.2,-0.2,-10.8,5.4,2.3,-0.8,0.0,0,1,0,0,1,1,0,5.42,0,0,0,0
PT-106,2026-10-08T13:30:00,50,32.1,7.6,7.3,0,146.0,73.5,51.3,7.6,4568,150.7,76.6,47.7,7.6,23.5,153.6,154.27,152.72,151.55,3.82,-4.4,4.7,-4.4,-15.6,4.7,3.1,-3.6,0.0,0,1,0,0,1,1,0,5.5,0,0,0,0
PT-106,2026-10-08T13:35:00,50,32.1,7.6,7.3,0,146.0,73.5,51.3,7.6,4568,157.2,75.6,49.4,7.6,15.1,153.1,154.62,152.89,151.8,3.99,4.2,2.1,-13.0,-6.4,11.2,2.1,-1.9,0.0,0,1,0,0,1,1,0,5.58,0,0,0,0
PT-106,2026-10-08T13:40:00,50,32.1,7.6,7.3,0,146.0,73.5,51.3,7.6,4568,152.5,74.6,51.0,7.6,25.1,153.47,154.57,153.43,151.99,3.36,-0.6,6.5,-8.4,-13.0,6.5,1.1,-0.3,0.0,0,1,0,0,1,1,0,5.67,0,0,0,0
PT-106,2026-10-08T13:45:00,50,32.1,7.6,7.3,0,146.0,73.5,51.3,7.6,4568,159.7,78.0,45.6,7.6,26.6,156.47,155.03,153.86,152.25,3.81,5.6,5.1,1.6,-7.8,13.7,4.5,-5.7,0.0,0,1,0,0,1,1,0,5.75,0,0,0,0
PT-106,2026-10-08T13:50:00,50,32.1,7.6,7.3,0,146.0,73.5,51.3,7.6,4568,155.6,77.6,50.4,7.6,18.9,155.93,154.52,154.63,152.28,2.99,-6.2,9.3,5.4,1.4,9.6,4.1,-0.9,0.0,0,1,0,0,1,1,0,5.83,0,0,0,0
PT-106,2026-10-08T13:55:00,50,32.1,7.6,7.3,0,146.0,73.5,51.3,7.6,4568,145.7,72.4,51.4,7.6,27.7,153.67,153.57,154.1,152.02,3.91,-11.4,-6.4,-6.8,1.8,-0.3,-1.1,0.1,0.0,0,1,0,0,1,1,0,5.92,0,0,0,0
PT-106,2026-10-08T14:00:00,50,32.1,7.6,7.3,0,146.0,73.5,51.3,7.6,4568,152.4,79.2,54.5,7.6,20.9,151.23,153.85,154.06,152.07,3.93,3.4,-0.5,5.2,13.6,6.4,5.7,3.2,0.0,0,1,0,0,1,1,0,6.0,0,0,0,0
PT-106,2026-10-08T14:05:00,50,32.1,7.6,7.3,0,146.0,73.5,51.3,7.6,4568,158.2,77.7,46.9,7.6,8.1,152.1,154.02,154.32,152.3,4.1,2.0,3.1,4.2,-5.0,12.2,4.2,-4.4,0.0,0,1,0,0,1,1,0,6.08,0,0,0,0
PT-106,2026-10-08T14:10:00,50,32.1,7.6,7.3,0,146.0,73.5,51.3,7.6,4568,154.3,76.1,45.3,7.6,21.1,154.97,154.32,154.44,152.64,4.07,3.6,1.5,3.0,-11.4,8.3,2.6,-6.0,0.0,0,1,0,0,1,1,0,6.17,0,0,0,0
PT-106,2026-10-08T14:15:00,50,32.1,7.6,7.3,0,146.0,73.5,51.3,7.6,4568,155.9,77.3,55.2,7.6,15.2,156.13,153.68,154.36,152.8,4.03,-7.6,-1.0,-1.4,19.2,9.9,3.8,3.9,0.0,0,1,0,0,1,1,0,6.25,0,0,0,0
PT-106,2026-10-08T14:20:00,50,32.1,7.6,7.3,0,146.0,73.5,51.3,7.6,4568,151.5,79.5,56.5,7.6,20.9,153.9,153.0,153.76,153.03,3.86,-8.2,-7.2,3.8,12.2,5.5,6.0,5.2,0.0,0,1,0,0,1,1,0,6.33,0,0,0,0
PT-106,2026-10-08T14:25:00,50,32.1,7.6,7.3,0,146.0,73.5,51.3,7.6,4568,153.9,81.4,49.6,7.6,9.4,153.77,154.37,153.97,153.15,3.78,16.4,2.5,18.0,-3.6,7.9,7.9,-1.7,0.0,0,1,0,0,1,1,0,6.42,0,0,0,0
PT-106,2026-10-08T14:30:00,50,32.1,7.6,7.3,0,146.0,73.5,51.3,7.6,4568,151.0,77.8,51.5,7.6,20.6,152.13,154.13,153.99,153.35,3.76,-2.8,0.3,-2.8,-6.0,5.0,4.3,0.2,0.0,0,1,0,0,1,1,0,6.5,0,0,0,0
PT-106,2026-10-08T14:35:00,50,32.1,7.6,7.3,0,146.0,73.5,51.3,7.6,4568,157.1,79.3,53.2,7.6,5.1,154.0,153.95,153.98,153.44,3.75,-2.2,-0.1,3.2,12.6,11.1,5.8,1.9,0.0,0,1,0,0,1,1,0,6.58,0,0,0,0
PT-106,2026-10-08T14:40:00,50,32.1,7.6,7.3,0,146.0,73.5,51.3,7.6,4568,153.0,77.2,46.8,7.6,16.2,153.7,153.73,154.02,153.73,3.74,-2.6,0.5,2.2,3.0,7.0,3.7,-4.5,0.0,0,1,0,0,1,1,0,6.67,0,0,0,0
PT-106,2026-10-08T14:45:00,50,32.1,7.6,7.3,0,146.0,73.5,51.3,7.6,4568,150.3,77.1,50.1,7.6,20.0,153.47,152.8,153.24,153.55,3.41,-11.2,-9.4,-0.4,-10.2,4.3,3.6,-1.2,0.0,0,1,0,0,1,1,0,6.75,0,0,0,0
PT-106,2026-10-08T14:50:00,50,32.1,7.6,7.3,0,146.0,73.5,51.3,7.6,4568,159.4,76.1,53.8,7.6,23.5,154.23,154.12,153.56,154.1,3.8,15.8,3.8,-6.8,-5.4,13.4,2.6,2.5,0.0,0,1,0,0,1,1,0,6.83,0,0,0,0
PT-106,2026-10-08T14:55:00,50,32.1,7.6,7.3,0,146.0,73.5,51.3,7.6,4568,154.3,76.1,53.5,7.6,21.8,154.67,154.18,154.28,154.19,2.89,0.8,8.6,-10.6,7.8,8.3,2.6,2.2,0.0,0,1,0,0,1,1,0,6.92,0,0,0,0
PT-106,2026-10-08T15:00:00,50,32.1,7.6,7.3,0,146.0,73.5,51.3,7.6,4568,150.2,76.8,53.8,7.6,8.5,154.63,154.05,154.09,154.07,3.08,-1.6,-2.2,-2.0,4.6,4.2,3.3,2.5,0.0,0,1,0,0,1,1,0,7.0,0,0,0,0
PT-106,2026-10-08T15:05:00,50,32.1,7.6,7.3,0,146.0,73.5,51.3,7.6,4568,150.5,77.6,52.4,7.6,9.3,151.67,152.95,153.45,153.88,2.95,-13.2,-7.7,-3.4,-1.6,4.5,4.1,1.1,0.0,0,1,0,0,1,1,0,7.08,0,0,0,0
PT-106,2026-10-08T15:10:00,50,32.1,7.6,7.3,0,146.0,73.5,51.3,7.6,4568,151.8,77.4,51.6,7.6,17.6,150.83,152.75,153.24,153.84,2.97,-2.4,-2.5,0.4,9.6,5.8,3.9,0.3,0.0,0,1,0,0,1,1,0,7.17,0,0,0,0
PT-106,2026-10-08T15:15:00,50,32.1,7.6,7.3,0,146.0,73.5,51.3,7.6,4568,156.9,78.4,49.9,7.6,14.8,153.07,153.85,153.32,153.84,3.06,13.2,1.0,2.6,-0.4,10.9,4.9,-1.4,0.0,0,1,0,0,1,1,0,7.25,0,0,0,0
PT-106,2026-10-08T15:20:00,50,32.1,7.6,7.3,0,146.0,73.5,51.3,7.6,4568,152.5,73.2,50.8,7.6,9.1,153.73,152.7,153.41,153.58,3.02,-13.8,1.0,-5.8,-6.0,6.5,-0.3,-0.5,0.0,0,1,0,0,1,1,0,7.33,0,0,0,0
PT-106,2026-10-08T15:25:00,50,32.1,7.6,7.3,0,146.0,73.5,51.3,7.6,4568,150.9,71.7,47.7,7.6,5.4,153.43,152.13,153.16,153.56,3.1,-6.8,-3.0,-8.8,-11.6,4.9,-1.8,-3.6,0.0,0,1,0,0,1,1,0,7.42,0,0,0,0
PT-106,2026-10-08T15:30:00,50,32.1,7.6,7.3,0,146.0,73.5,51.3,7.6,4568,156.8,76.5,50.9,7.6,14.6,153.4,153.23,153.64,153.82,3.19,13.2,5.8,-0.6,-5.8,10.8,3.0,-0.4,0.0,0,1,0,0,1,1,0,7.5,0,0,0,0
PT-106,2026-10-08T15:35:00,50,32.1,7.6,7.3,0,146.0,73.5,51.3,7.6,4568,149.1,74.9,48.7,7.6,16.5,152.27,153.0,152.98,153.48,3.23,-2.8,-8.0,-5.4,-7.4,3.1,1.4,-2.6,0.0,0,1,0,0,1,1,0,7.58,0,0,0,0
PT-106,2026-10-08T15:40:00,50,32.1,7.6,7.3,0,146.0,73.5,51.3,7.6,4568,156.3,76.6,48.7,7.6,5.2,154.07,153.75,153.25,153.64,3.37,9.0,3.3,-1.6,-5.8,10.3,3.1,-2.6,0.0,0,1,0,0,1,1,0,7.67,0,0,0,0
PT-106,2026-10-08T15:45:00,50,32.1,7.6,7.3,0,146.0,73.5,51.3,7.6,4568,152.2,75.8,51.3,7.6,23.0,152.53,152.97,153.41,153.32,3.26,-9.4,1.9,-5.2,2.8,6.2,2.3,0.0,0.0,0,1,0,0,1,1,0,7.75,0,0,0,0
PT-106,2026-10-08T15:50:00,50,32.1,7.6,7.3,0,146.0,73.5,51.3,7.6,4568,154.0,74.1,46.5,7.6,16.2,154.17,153.22,152.96,153.26,2.68,3.0,-5.4,1.8,-8.6,8.0,0.6,-4.8,0.0,0,1,0,0,1,1,0,7.83,0,0,0,0
PT-106,2026-10-08T15:55:00,50,32.1,7.6,7.3,0,146.0,73.5,51.3,7.6,4568,156.9,75.3,48.2,7.6,8.9,154.37,154.22,153.17,153.72,2.9,12.0,2.6,7.2,1.0,10.9,1.8,-3.1,0.0,0,1,0,0,1,1,0,7.92,0,0,0,0
PT-106,2026-10-08T16:00:00,50,32.1,7.6,7.3,0,146.0,73.5,51.3,7.6,4568,153.7,74.7,50.3,7.6,12.4,154.87,153.7,153.47,153.78,2.74,-6.2,3.5,-3.6,-1.2,7.7,1.2,-1.0,0.0,0,1,0,0,1,1,0,8.0,0,0,0,0
PT-106,2026-10-08T16:05:00,50,32.1,7.6,7.3,0,146.0,73.5,51.3,7.6,4568,152.0,73.9,49.7,7.6,17.1,154.2,154.18,153.59,153.52,2.63,5.8,1.5,-2.0,2.0,6.0,0.4,-1.6,0.0,0,1,0,0,1,1,0,8.08,0,0,0,0
PT-106,2026-10-08T16:10:00,50,32.1,7.6,7.3,0,146.0,73.5,51.3,7.6,4568,152.4,76.7,50.2,7.6,23.6,152.7,153.53,153.64,153.44,2.6,-7.8,0.6,0.2,3.0,6.4,3.2,-1.1,0.0,0,1,0,0,1,1,0,8.17,0,0,0,0
PT-106,2026-10-08T16:15:00,50,32.1,7.6,7.3,0,146.0,73.5,51.3,7.6,4568,156.4,72.1,51.9,7.6,19.6,153.6,154.23,153.6,153.46,2.54,8.4,-0.5,-7.4,1.2,10.4,-1.4,0.6,0.0,0,1,0,0,1,1,0,8.25,0,0,0,0
PT-106,2026-10-08T16:20:00,50,32.1,7.6,7.3,0,146.0,73.5,51.3,7.6,4568,154.3,74.3,51.3,7.6,14.0,154.37,154.28,153.75,153.58,2.53,0.6,1.8,0.4,9.6,8.3,0.8,0.0,0.0,0,1,0,0,1,1,0,8.33,0,0,0,0
PT-106,2026-10-08T16:25:00,50,32.1,7.6,7.3,0,146.0,73.5,51.3,7.6,4568,158.0,74.1,51.1,7.6,24.6,156.23,154.47,154.34,153.75,2.63,2.2,7.1,-2.4,5.8,12.0,0.6,-0.2,0.0,0,1,0,0,1,1,0,8.42,0,0,0,0
PT-106,2026-10-08T16:30:00,50,32.1,7.6,7.3,0,146.0,73.5,51.3,7.6,4568,151.4,76.5,51.9,7.6,19.7,154.57,154.08,153.89,153.77,2.63,-4.6,-5.4,3.6,3.2,5.4,3.0,0.6,0.0,0,1,0,0,1,1,0,8.5,0,0,0,0
PT-106,2026-10-08T16:35:00,50,32.1,7.6,7.3,0,146.0,73.5,51.3,7.6,4568,150.9,75.4,50.3,7.6,14.1,153.43,153.9,154.04,153.51,2.37,-2.2,1.8,3.0,1.2,4.9,1.9,-1.0,0.0,0,1,0,0,1,1,0,8.58,0,0,0,0
PT-106,2026-10-08T16:40:00,50,32.1,7.6,7.3,0,146.0,73.5,51.3,7.6,4568,154.6,73.7,50.9,7.6,5.3,152.3,154.27,153.9,153.58,2.27,4.4,-1.7,-6.0,1.4,8.6,0.2,-0.4,0.0,0,1,0,0,1,1,0,8.67,0,0,0,0
PT-106,2026-10-08T16:45:00,50,32.1,7.6,7.3,0,146.0,73.5,51.3,7.6,4568,151.9,75.8,52.0,7.6,6.2,152.47,153.52,153.88,153.64,2.29,-9.0,-0.3,7.4,0.2,5.9,2.3,0.7,0.0,0,1,0,0,1,1,0,8.75,0,0,0,0
PT-106,2026-10-08T16:50:00,50,32.1,7.6,7.3,0,146.0,73.5,51.3,7.6,4568,157.4,74.8,53.0,7.6,22.1,154.63,154.03,154.16,153.56,2.51,6.2,3.4,1.0,3.4,11.4,1.3,1.7,0.0,0,1,0,0,1,1,0,8.83,0,0,0,0
PT-106,2026-10-08T16:55:00,50,32.1,7.6,7.3,0,146.0,73.5,51.3,7.6,4568,153.2,71.6,51.3,7.6,11.3,154.17,153.23,153.85,153.51,2.37,-9.6,-3.7,-5.0,0.4,7.2,-1.9,0.0,0.0,0,1,0,0,1,1,0,8.92,0,0,0,0
PT-106,2026-10-08T17:00:00,50,32.1,7.6,7.3,0,146.0,73.5,51.3,7.6,4568,149.2,75.0,49.9,7.6,61.9,153.27,152.87,153.48,153.47,2.72,-4.4,-4.5,-3.0,-4.0,3.2,1.5,-1.4,0.0,0,0,1,0,1,1,0,9.0,0,0,0,0
PT-106,2026-10-08T17:05:00,50,32.1,7.6,7.3,0,146.0,73.5,51.3,7.6,4568,152.1,75.7,55.3,7.6,68.3,151.5,153.07,153.48,153.54,2.72,2.4,0.1,0.6,10.0,6.1,2.2,4.0,0.0,0,0,1,0,1,1,0,9.08,0,0,0,0
PT-106,2026-10-08T17:10:00,50,32.1,7.6,7.3,0,146.0,73.5,51.3,7.6,4568,147.0,76.7,46.7,7.6,63.8,149.43,151.8,153.03,153.34,3.3,-15.2,-5.4,6.0,-8.4,1.0,3.2,-4.6,0.0,0,0,1,0,1,1,0,9.17,0,0,0,0
PT-106,2026-10-08T17:15:00,50,32.1,7.6,7.3,0,146.0,73.5,51.3,7.6,4568,155.2,73.1,49.6,7.6,60.2,151.43,152.35,152.93,153.27,3.2,6.6,-1.2,-5.4,-4.8,9.2,-0.4,-1.7,0.0,0,0,1,0,1,1,0,9.25,0,0,0,0
PT-106,2026-10-08T17:20:00,50,32.1,7.6,7.3,0,146.0,73.5,51.3,7.6,4568,148.2,74.5,52.4,7.6,62.5,150.13,150.82,152.43,153.09,3.44,-18.4,-6.1,-0.6,-1.2,2.2,1.0,1.1,0.0,0,0,1,0,1,1,0,9.33,0,0,0,0
PT-106,2026-10-08T17:25:00,50,32.1,7.6,7.3,0,146.0,73.5,51.3,7.6,4568,149.9,76.8,51.9,7.6,60.2,151.1,150.27,151.75,153.05,3.02,-6.6,-8.1,10.4,1.2,3.9,3.3,0.6,0.0,0,0,1,0,1,1,0,9.42,0,0,0,0
PT-106,2026-10-08T17:30:00,50,32.1,7.6,7.3,0,146.0,73.5,51.3,7.6,4568,147.4,73.9,52.4,7.6,57.1,148.5,149.97,151.42,152.65,3.27,-3.6,-4.0,-2.2,5.0,1.4,0.4,1.1,0.0,0,0,1,0,1,1,0,9.5,0,0,0,0
PT-106,2026-10-08T17:35:00,50,32.1,7.6,7.3,0,146.0,73.5,51.3,7.6,4568,152.8,73.4,51.8,7.6,52.7,150.03,150.08,151.57,152.81,3.29,1.4,1.9,-4.6,-7.0,6.8,-0.1,0.5,0.0,0,0,1,0,1,1,0,9.58,0,0,0,0
PT-106,2026-10-08T17:40:00,50,32.1,7.6,7.3,0,146.0,73.5,51.3,7.6,4568,149.7,77.2,49.4,7.6,50.3,149.97,150.53,151.17,152.53,3.18,5.4,-4.9,1.0,5.4,3.7,3.7,-1.9,0.0,0,0,1,0,1,1,0,9.67,0,0,0,0
PT-106,2026-10-08T17:45:00,50,32.1,7.6,7.3,0,146.0,73.5,51.3,7.6,4568,149.3,73.4,48.7,7.6,73.6,150.6,149.55,150.95,152.41,3.21,-11.8,-2.6,0.6,-1.8,3.3,-0.1,-2.6,0.0,0,0,1,0,1,1,0,9.75,0,0,0,0
PT-106,2026-10-08T17:50:00,50,32.1,7.6,7.3,0,146.0,73.5,51.3,7.6,4568,151.2,73.0,52.2,7.6,52.7,150.07,150.05,150.43,152.3,2.5,6.0,-6.2,-3.0,-0.4,5.2,-0.5,0.9,0.0,0,0,1,0,1,1,0,9.83,0,0,0,0
PT-106,2026-10-08T17:55:00,50,32.1,7.6,7.3,0,146.0,73.5,51.3,7.6,4568,151.0,74.7,51.7,7.6,62.3,150.5,150.23,150.25,152.05,2.36,2.2,-2.2,-4.2,-0.4,5.0,1.2,0.4,0.0,0,0,1,0,1,1,0,9.92,0,0,0,0
PT-106,2026-10-08T18:00:00,50,32.1,7.6,7.3,0,146.0,73.5,51.3,7.6,4568,153.7,71.2,52.7,7.6,46.6,151.97,151.28,150.62,152.05,2.53,12.6,4.5,-5.4,0.6,7.7,-2.3,1.4,0.0,0,0,1,0,1,1,0,10.0,0,0,0,0
PT-106,2026-10-08T18:05:00,50,32.1,7.6,7.3,0,146.0,73.5,51.3,7.6,4568,150.8,70.6,50.2,7.6,23.8,151.83,150.95,150.52,152.0,2.49,-4.0,-1.3,-5.6,-3.2,4.8,-2.9,-1.1,0.0,0,0,1,0,1,1,0,10.08,0,0,0,0
PT-106,2026-10-08T18:10:00,50,32.1,7.6,7.3,0,146.0,73.5,51.3,7.6,4568,151.7,76.4,52.5,7.6,15.1,152.07,151.28,150.91,151.97,2.24,4.0,4.7,-1.6,6.2,5.7,2.9,1.2,0.0,0,0,1,0,1,1,0,10.17,0,0,0,0
PT-106,2026-10-08T18:15:00,50,32.1,7.6,7.3,0,146.0,73.5,51.3,7.6,4568,149.0,71.9,51.0,7.6,23.4,150.5,151.23,150.39,151.66,1.84,-0.6,-6.2,-3.0,4.6,3.0,-1.6,-0.3,0.0,0,0,1,0,1,1,0,10.25,0,0,0,0
PT-106,2026-10-08T18:20:00,50,32.1,7.6,7.3,0,146.0,73.5,51.3,7.6,4568,151.2,72.5,51.8,7.6,21.5,150.63,151.23,150.64,151.53,1.71,0.0,3.0,-1.0,-0.8,5.2,-1.0,0.5,0.0,0,0,1,0,1,1,0,10.33,0,0,0,0
PT-106,2026-10-08T18:25:00,50,32.1,7.6,7.3,0,146.0,73.5,51.3,7.6,4568,153.7,73.9,51.4,7.6,12.7,151.3,151.68,150.96,151.35,1.91,5.4,3.8,-1.6,-0.6,7.7,0.4,0.1,0.0,0,0,1,0,1,1,0,10.42,0,0,0,0
PT-106,2026-10-08T18:30:00,50,32.1,7.6,7.3,0,146.0,73.5,51.3,7.6,4568,151.4,72.9,54.8,7.6,5.4,152.1,151.3,151.29,151.35,1.54,-4.6,4.0,3.4,4.2,5.4,-0.6,3.5,0.0,0,0,1,0,1,1,0,10.5,0,0,0,0
PT-106,2026-10-08T18:35:00,50,32.1,7.6,7.3,0,146.0,73.5,51.3,7.6,4568,150.2,71.7,51.2,7.6,7.6,151.77,151.2,151.08,151.33,1.49,-1.2,-2.6,2.2,2.0,4.2,-1.8,-0.1,0.0,0,0,1,0,1,1,0,10.58,0,0,0,0
PT-106,2026-10-08T18:40:00,50,32.1,7.6,7.3,0,146.0,73.5,51.3,7.6,4568,153.0,71.5,51.0,7.6,17.0,151.53,151.42,151.35,151.26,1.52,2.6,3.3,-9.8,-3.0,7.0,-2.0,-0.3,0.0,0,0,1,0,1,1,0,10.67,0,0,0,0
PT-106,2026-10-08T18:45:00,50,32.1,7.6,7.3,0,146.0,73.5,51.3,7.6,4568,149.1,71.5,52.9,7.6,5.8,150.77,151.43,151.33,151.14,1.55,0.2,-0.2,-0.8,3.8,3.1,-2.0,1.6,0.0,0,0,1,0,1,1,0,10.75,0,0,0,0
PT-106,2026-10-08T18:50:00,50,32.1,7.6,7.3,0,146.0,73.5,51.3,7.6,4568,148.4,76.6,52.0,7.6,24.2,150.17,150.97,151.1,150.77,1.76,-5.6,-2.8,8.2,0.4,2.4,3.1,0.7,0.0,0,0,1,0,1,1,0,10.83,0,0,0,0
PT-106,2026-10-08T18:55:00,50,32.1,7.6,7.3,0,146.0,73.5,51.3,7.6,4568,144.4,72.4,45.2,7.6,12.5,147.3,149.42,150.55,150.4,2.62,-18.6,-6.6,-3.0,-12.4,-1.6,-1.1,-6.1,0.0,0,0,1,0,1,1,0,10.92,0,0,0,0
PT-106,2026-10-08T19:00:00,50,32.1,7.6,7.3,0,146.0,73.5,51.3,7.6,4568,149.2,73.3,51.1,7.6,22.5,147.33,149.05,150.17,150.4,2.44,-4.4,-4.5,0.8,-7.4,3.2,-0.2,-0.2,0.0,0,0,1,0,1,1,0,11.0,0,0,0,0
PT-106,2026-10-08T19:05:00,50,32.1,7.6,7.3,0,146.0,73.5,51.3,7.6,4568,148.4,71.8,51.1,7.6,8.1,147.33,148.75,149.98,150.25,2.49,-3.6,-2.4,0.2,-0.2,2.4,-1.7,-0.2,0.0,0,0,1,0,1,1,0,11.08,0,0,0,0
PT-106,2026-10-08T19:10:00,50,32.1,7.6,7.3,0,146.0,73.5,51.3,7.6,4568,153.6,72.5,52.2,7.6,8.4,150.4,148.85,150.13,150.52,2.66,1.2,1.9,2.0,2.4,7.6,-1.0,0.9,0.0,0,0,1,0,1,1,0,11.17,0,0,0,0
PT-106,2026-10-08T19:15:00,50,32.1,7.6,7.3,0,146.0,73.5,51.3,7.6,4568,149.3,71.3,49.2,7.6,10.3,150.43,148.88,150.16,150.28,2.65,0.4,0.3,-0.4,-7.4,3.3,-2.2,-2.1,0.0,0,0,1,0,1,1,0,11.25,0,0,0,0
PT-106,2026-10-08T19:20:00,50,32.1,7.6,7.3,0,146.0,73.5,51.3,7.6,4568,150.5,74.8,48.7,7.6,23.0,151.13,149.23,150.1,150.37,2.63,4.2,-0.7,-3.6,-6.6,4.5,1.3,-2.6,0.0,0,0,1,0,1,1,0,11.33,0,0,0,0
PT-106,2026-10-08T19:25:00,50,32.1,7.6,7.3,0,146.0,73.5,51.3,7.6,4568,148.7,70.5,55.1,7.6,7.2,149.5,149.95,149.68,150.32,2.4,8.6,-5.0,-3.8,19.8,2.7,-3.0,3.8,0.0,0,0,1,0,1,1,0,11.42,0,0,0,0
PT-106,2026-10-08T19:30:00,50,32.1,7.6,7.3,0,146.0,73.5,51.3,7.6,4568,145.2,72.3,50.9,7.6,23.8,148.13,149.28,149.17,150.23,2.65,-8.0,-6.2,-2.0,-0.4,-0.8,-1.2,-0.4,0.0,0,0,1,0,1,1,0,11.5,0,0,0,0
PT-106,2026-10-08T19:35:00,50,32.1,7.6,7.3,0,146.0,73.5,51.3,7.6,4568,146.8,70.6,54.2,7.6,6.2,146.9,149.02,148.88,149.98,2.71,-3.2,-3.4,-2.4,6.2,0.8,-2.9,2.9,0.0,0,0,1,0,1,1,0,11.58,0,0,0,0
PT-106,2026-10-08T19:40:00,50,32.1,7.6,7.3,0,146.0,73.5,51.3,7.6,4568,145.5,70.9,52.1,7.6,13.1,145.83,147.67,148.26,149.8,2.53,-16.2,-7.5,-3.2,-0.2,-0.5,-2.6,0.8,0.0,0,0,1,0,1,1,0,11.67,0,0,0,0
PT-106,2026-10-08T19:45:00,50,32.1,7.6,7.3,0,146.0,73.5,51.3,7.6,4568,147.8,71.2,51.9,7.6,7.6,146.7,147.42,148.15,149.74,2.52,-3.0,-1.3,-0.2,5.4,1.8,-2.3,0.6,0.0,0,0,1,0,1,1,0,11.75,0,0,0,0
PT-106,2026-10-08T19:50:00,50,32.1,7.6,7.3,0,146.0,73.5,51.3,7.6,4568,140.6,71.8,48.0,7.6,19.7,144.63,145.77,147.5,149.3,3.33,-19.8,-7.8,-6.0,-1.4,-5.4,-1.7,-3.3,0.0,0,0,1,0,1,1,0,11.83,0,0,0,0
PT-106,2026-10-08T19:55:00,50,32.1,7.6,7.3,0,146.0,73.5,51.3,7.6,4568,147.4,71.3,52.0,7.6,5.2,145.27,145.55,147.75,149.15,3.18,-2.6,3.0,1.6,-6.2,1.4,-2.2,0.7,0.0,0,0,1,0,1,1,0,11.92,0,0,0,0
PT-106,2026-10-08T20:00:00,50,32.1,7.6,7.3,0,146.0,73.5,51.3,7.6,4568,145.2,72.6,49.8,7.6,24.8,144.4,145.55,147.42,148.8,3.22,0.0,-4.0,0.6,-2.2,-0.8,-0.9,-1.5,0.0,0,0,1,0,1,1,0,0.0,0,0,0,0
PT-106,2026-10-08T20:05:00,50,32.1,7.6,7.3,0,146.0,73.5,51.3,7.6,4568,146.0,72.8,49.8,7.6,11.2,146.2,145.42,147.22,148.6,3.23,-1.6,-2.4,4.4,-8.8,0.0,-0.7,-1.5,0.0,0,0,1,0,1,1,0,0.08,0,0,0,0
PT-106,2026-10-08T20:10:00,50,32.1,7.6,7.3,0,146.0,73.5,51.3,7.6,4568,146.8,70.9,49.1,7.6,24.0,146.0,145.63,146.65,148.39,2.53,2.6,-6.8,0.0,-6.0,0.8,-2.6,-2.2,0.0,0,0,1,0,1,1,0,0.17,0,0,0,0
PT-106,2026-10-08T20:15:00,50,32.1,7.6,7.3,0,146.0,73.5,51.3,7.6,4568,144.6,71.8,50.4,7.6,22.5,145.8,145.1,146.26,148.21,2.45,-6.4,-4.7,1.2,-3.0,-1.4,-1.7,-0.9,0.0,0,0,1,0,1,1,0,0.25,0,0,0,0
PT-106,2026-10-08T20:20:00,50,32.1,7.6,7.3,0,146.0,73.5,51.3,7.6,4568,149.1,70.0,55.7,7.6,17.9,146.83,146.52,146.14,148.12,2.25,17.0,-1.4,-3.6,15.4,3.1,-3.5,4.4,0.0,0,0,1,0,1,1,0,0.33,0,0,0,0
PT-106,2026-10-08T20:25:00,50,32.1,7.6,7.3,0,146.0,73.5,51.3,7.6,4568,145.2,69.9,48.6,7.6,13.2,146.3,146.15,145.85,147.77,2.11,-4.4,-3.5,-2.8,-6.8,-0.8,-3.6,-2.7,0.0,0,0,1,0,1,1,0,0.42,0,0,0,0
PT-106,2026-10-08T20:30:00,50,32.1,7.6,7.3,0,146.0,73.5,51.3,7.6,4568,153.4,68.2,50.9,7.6,18.5,149.23,147.52,146.53,147.85,3.02,16.4,8.2,-8.8,2.2,7.4,-5.3,-0.4,0.0,0,0,1,0,1,1,0,0.5,0,0,0,0
PT-106,2026-10-08T20:35:00,50,32.1,7.6,7.3,0,146.0,73.5,51.3,7.6,4568,139.0,73.3,53.2,7.6,12.2,145.87,146.35,145.88,147.38,3.71,-14.0,-7.8,1.0,6.8,-7.0,-0.2,1.9,0.0,0,0,1,0,1,1,0,0.58,0,0,0,0
PT-106,2026-10-08T20:40:00,50,32.1,7.6,7.3,0,146.0,73.5,51.3,7.6,4568,140.9,65.3,55.2,7.6,10.7,144.43,145.37,145.5,146.88,3.98,-11.8,-4.6,-11.2,12.2,-5.1,-8.2,3.9,0.0,0,0,1,0,1,1,0,0.67,0,0,0,0
PT-106,2026-10-08T20:45:00,50,32.1,7.6,7.3,0,146.0,73.5,51.3,7.6,4568,145.6,70.7,52.1,7.6,23.6,141.83,145.53,145.32,146.73,3.92,2.0,-2.2,-2.2,3.4,-0.4,-2.8,0.8,0.0,0,0,1,0,1,1,0,0.75,0,0,0,0
PT-106,2026-10-08T20:50:00,50,32.1,7.6,7.3,0,146.0,73.5,51.3,7.6,4568,149.1,68.3,51.8,7.6,17.4,145.2,145.53,146.02,146.76,3.75,0.0,8.5,-3.4,-7.8,3.1,-5.2,0.5,0.0,0,0,1,0,1,1,0,0.83,0,0,0,0
PT-106,2026-10-08T20:55:00,50,32.1,7.6,7.3,0,146.0,73.5,51.3,7.6,4568,141.8,72.7,50.8,7.6,8.8,145.5,144.97,145.56,146.65,3.91,-6.8,-5.6,5.6,4.4,-4.2,-0.8,-0.5,0.0,0,0,1,0,1,1,0,0.92,0,0,0,0
PT-106,2026-10-08T21:00:00,50,32.1,7.6,7.3,0,146.0,73.5,51.3,7.6,4568,146.8,71.8,54.0,7.6,5.2,145.9,143.87,145.69,146.55,3.93,-13.2,1.6,7.2,6.2,0.8,-1.7,2.7,0.0,0,0,1,0,1,1,0,1.0,0,0,0,0
PT-106,2026-10-08T21:05:00,50,32.1,7.6,7.3,0,146.0,73.5,51.3,7.6,4568,143.7,72.5,52.7,7.6,18.5,144.1,144.65,145.5,146.36,3.97,9.4,-2.3,-1.6,-1.0,-2.3,-1.0,1.4,0.0,0,0,1,0,1,1,0,1.08,0,0,0,0
PT-106,2026-10-08T21:10:00,50,32.1,7.6,7.3,0,146.0,73.5,51.3,7.6,4568,141.7,68.7,50.7,7.6,5.9,144.07,144.78,145.08,145.86,4.08,1.6,-5.1,6.8,-9.0,-4.3,-4.8,-0.6,0.0,0,0,1,0,1,1,0,1.17,0,0,0,0
PT-106,2026-10-08T21:15:00,50,32.1,7.6,7.3,0,146.0,73.5,51.3,7.6,4568,142.8,72.9,51.2,7.6,14.7,142.73,144.32,144.93,145.59,4.14,-5.6,-1.8,4.4,-1.8,-3.2,-0.6,-0.1,0.0,0,0,1,0,1,1,0,1.25,0,0,0,0
PT-106,2026-10-08T21:20:00,50,32.1,7.6,7.3,0,146.0,73.5,51.3,7.6,4568,143.7,71.2,55.0,7.6,7.4,142.73,143.42,144.48,145.31,3.93,-10.8,-5.4,5.8,6.4,-2.3,-2.3,3.7,0.0,0,0,1,0,1,1,0,1.33,0,0,0,0
PT-106,2026-10-08T21:25:00,50,32.1,7.6,7.3,0,146.0,73.5,51.3,7.6,4568,143.3,67.4,52.8,7.6,15.9,143.27,143.67,144.32,145.08,3.94,3.0,-1.9,-10.6,4.0,-2.7,-6.1,1.5,0.0,0,0,1,0,1,1,0,1.42,0,0,0,0
PT-106,2026-10-08T21:30:00,50,32.1,7.6,7.3,0,146.0,73.5,51.3,7.6,4568,142.1,69.8,48.2,7.6,8.6,143.03,142.88,143.38,144.95,2.73,-9.4,-11.3,-4.0,-11.6,-3.9,-3.7,-3.1,0.0,0,0,1,0,1,1,0,1.5,0,0,0,0
PT-106,2026-10-08T21:35:00,50,32.1,7.6,7.3,0,146.0,73.5,51.3,7.6,4568,140.8,69.9,52.8,7.6,7.7,142.07,142.4,143.52,144.7,2.51,-5.8,1.8,-5.2,0.2,-5.2,-3.6,1.5,0.0,0,0,1,0,1,1,0,1.58,0,0,0,0
PT-106,2026-10-08T21:40:00,50,32.1,7.6,7.3,0,146.0,73.5,51.3,7.6,4568,141.4,70.7,49.7,7.6,20.8,141.43,142.35,143.57,144.53,2.47,-0.6,0.5,4.0,-2.0,-4.6,-2.8,-1.6,0.0,0,0,1,0,1,1,0,1.67,0,0,0,0
PT-106,2026-10-08T21:45:00,50,32.1,7.6,7.3,0,146.0,73.5,51.3,7.6,4568,144.4,69.3,54.7,7.6,9.4,142.2,142.62,143.47,144.39,2.4,3.2,-1.2,-7.2,7.0,-1.6,-4.2,3.4,0.0,0,0,1,0,1,1,0,1.75,0,0,0,0
PT-106,2026-10-08T21:50:00,50,32.1,7.6,7.3,0,146.0,73.5,51.3,7.6,4568,143.6,68.1,51.8,7.6,10.5,143.13,142.6,143.01,144.52,1.63,-0.2,-5.5,-6.2,-6.4,-2.4,-5.4,0.5,0.0,0,0,1,0,1,1,0,1.83,0,0,0,0
PT-106,2026-10-08T21:55:00,50,32.1,7.6,7.3,0,146.0,73.5,51.3,7.6,4568,144.5,70.0,54.9,7.6,12.1,144.17,142.8,143.23,144.4,1.63,2.4,2.7,5.2,4.2,-1.5,-3.5,3.6,0.0,0,0,1,0,1,1,0,1.92,0,0,0,0
PT-107,2026-10-08T08:00:00,56,34.2,12.5,8.6,1,162.7,79.2,42.9,6.5,6743,159.5,79.6,34.7,6.5,19.2,159.5,159.5,159.5,159.5,0.0,0.0,0.0,0.0,0.0,-3.2,0.4,-8.2,0.0,1,0,0,0,2,1,0,0.0,0,0,0,0
PT-107,2026-10-08T08:05:00,56,34.2,12.5,8.6,1,162.7,79.2,42.9,6.5,6743,165.0,78.8,34.1,6.5,6.3,162.25,162.25,162.25,162.25,3.89,0.0,0.0,0.0,0.0,2.3,-0.4,-8.8,0.0,1,0,0,0,2,1,0,0.08,0,0,0,0
PT-107,2026-10-08T08:10:00,56,34.2,12.5,8.6,1,162.7,79.2,42.9,6.5,6743,161.8,77.9,35.7,6.5,10.6,162.1,162.1,162.1,162.1,2.76,0.0,0.0,0.0,0.0,-0.9,-1.3,-7.2,0.0,1,0,0,0,2,1,0,0.17,0,0,0,0
PT-107,2026-10-08T08:15:00,56,34.2,12.5,8.6,1,162.7,79.2,42.9,6.5,6743,162.1,79.5,36.8,6.5,22.3,162.97,162.1,162.1,162.1,2.26,0.0,0.0,0.0,0.0,-0.6,0.3,-6.1,0.0,1,0,0,0,2,1,0,0.25,0,0,0,0
PT-107,2026-10-08T08:20:00,56,34.2,12.5,8.6,1,162.7,79.2,42.9,6.5,6743,162.0,81.0,35.5,6.5,13.8,161.97,162.08,162.08,162.08,1.95,0.0,0.0,0.0,0.0,-0.7,1.8,-7.4,0.0,1,0,0,0,2,1,0,0.33,0,0,0,0
PT-107,2026-10-08T08:25:00,56,34.2,12.5,8.6,1,162.7,79.2,42.9,6.5,6743,160.4,84.0,37.1,6.5,8.1,161.5,161.8,161.8,161.8,1.88,0.0,0.0,0.0,0.0,-2.3,4.8,-5.8,0.0,1,0,0,0,2,1,0,0.42,0,0,0,0
PT-107,2026-10-08T08:30:00,56,34.2,12.5,8.6,1,162.7,79.2,42.9,6.5,6743,160.1,78.4,34.7,6.5,69.9,160.83,161.9,161.56,161.56,1.83,1.2,0.0,-2.4,0.0,-2.6,-0.8,-8.2,0.0,1,0,0,0,2,1,0,0.5,0,0,0,0
PT-107,2026-10-08T08:35:00,56,34.2,12.5,8.6,1,162.7,79.2,42.9,6.5,6743,165.2,76.6,38.6,6.5,56.7,161.9,161.93,162.01,162.01,2.13,0.4,0.0,-4.4,9.0,2.5,-2.6,-4.3,0.0,1,0,0,0,2,1,0,0.58,0,0,0,0
PT-107,2026-10-08T08:40:00,56,34.2,12.5,8.6,1,162.7,79.2,42.9,6.5,6743,163.1,75.3,34.5,6.5,47.0,162.8,162.15,162.13,162.13,2.02,2.6,0.0,-5.2,-2.4,0.4,-3.9,-8.4,0.0,1,0,0,0,2,1,0,0.67,0,0,0,0
PT-107,2026-10-08T08:45:00,56,34.2,12.5,8.6,1,162.7,79.2,42.9,6.5,6743,162.7,78.0,37.2,6.5,45.4,163.67,162.25,162.19,162.19,1.92,1.2,0.0,-3.0,0.8,0.0,-1.2,-5.7,0.0,1,0,0,0,2,1,0,0.75,0,0,0,0
PT-107,2026-10-08T08:50:00,56,34.2,12.5,8.6,1,162.7,79.2,42.9,6.5,6743,160.2,74.5,42.2,6.5,47.0,162.0,161.95,162.01,162.01,1.91,-3.6,0.0,-13.0,13.4,-2.5,-4.7,-0.7,0.0,1,0,0,0,2,1,0,0.83,0,0,0,1
PT-107,2026-10-08T08:55:00,56,34.2,12.5,8.6,1,162.7,79.2,42.9,6.5,6743,164.3,80.5,42.6,6.5,60.5,162.4,162.6,162.2,162.2,1.94,7.8,0.0,-7.0,11.0,1.6,1.3,-0.3,0.0,1,0,0,0,2,1,0,0.92,0,0,0,1
PT-107,2026-10-08T09:00:00,56,34.2,12.5,8.6,1,162.7,79.2,42.9,6.5,6743,164.2,79.2,35.7,6.5,50.0,162.9,163.28,162.59,162.35,1.82,8.2,4.7,1.6,2.0,1.5,0.0,-7.2,0.0,1,0,0,0,2,1,0,1.0,0,0,0,1
PT-107,2026-10-08T09:05:00,56,34.2,12.5,8.6,1,162.7,79.2,42.9,6.5,6743,164.1,76.5,36.9,6.5,54.7,164.2,163.1,162.52,162.48,1.73,-2.2,-0.9,-0.2,-3.4,1.4,-2.7,-6.0,0.0,1,0,0,0,2,1,0,1.08,1,0,0,1
PT-107,2026-10-08T09:10:00,56,34.2,12.5,8.6,1,162.7,79.2,42.9,6.5,6743,162.0,79.6,36.3,6.5,61.6,163.43,162.92,162.53,162.45,1.72,-2.2,0.2,8.6,3.6,-0.7,0.4,-6.6,0.0,1,0,0,0,2,1,0,1.17,1,0,0,1
PT-107,2026-10-08T09:15:00,56,34.2,12.5,8.6,1,162.7,79.2,42.9,6.5,6743,159.4,83.4,39.0,6.5,67.8,161.83,162.37,162.31,162.26,1.94,-6.6,-2.7,10.8,3.6,-3.3,4.2,-3.9,0.0,1,0,0,0,2,1,0,1.25,1,0,0,1
PT-107,2026-10-08T09:20:00,56,34.2,12.5,8.6,1,162.7,79.2,42.9,6.5,6743,164.9,77.4,33.7,6.5,60.3,162.1,163.15,162.55,162.41,2.08,9.4,2.9,5.8,-17.0,2.2,-1.8,-9.2,0.0,1,0,0,0,2,1,0,1.33,1,0,0,1
PT-107,2026-10-08T09:25:00,56,34.2,12.5,8.6,1,162.7,79.2,42.9,6.5,6743,159.3,84.8,35.2,6.5,53.3,161.2,162.32,162.46,162.24,2.2,-10.0,-1.1,8.6,-14.8,-3.4,5.6,-7.7,0.0,1,0,0,0,2,1,0,1.42,1,0,0,1
PT-107,2026-10-08T09:30:00,56,34.2,12.5,8.6,1,162.7,79.2,42.9,6.5,6743,161.2,79.8,37.5,6.5,63.9,161.8,161.82,162.55,162.18,2.11,-6.0,1.1,1.2,3.6,-1.5,0.6,-5.4,0.0,1,0,0,0,2,1,0,1.5,1,0,0,1
PT-107,2026-10-08T09:35:00,56,34.2,12.5,8.6,1,162.7,79.2,42.9,6.5,6743,160.1,78.5,36.4,6.5,16.7,160.2,161.15,162.12,162.08,2.05,-8.0,-5.1,4.0,-1.0,-2.6,-0.7,-6.5,0.0,1,0,0,0,2,1,0,1.58,1,0,0,1
PT-107,2026-10-08T09:40:00,56,34.2,12.5,8.6,1,162.7,79.2,42.9,6.5,6743,161.9,82.8,37.3,6.5,9.3,161.07,161.13,162.02,162.07,2.02,-0.2,-1.2,6.4,2.0,-0.8,3.6,-5.6,0.0,1,0,0,0,2,1,0,1.67,1,0,0,1
PT-107,2026-10-08T09:45:00,56,34.2,12.5,8.6,1,162.7,79.2,42.9,6.5,6743,163.8,79.6,42.7,6.5,10.6,161.93,161.87,162.12,162.15,2.08,8.8,1.1,-7.6,7.4,1.1,0.4,-0.2,0.0,1,0,0,0,2,1,0,1.75,1,0,0,1
PT-107,2026-10-08T09:50:00,56,34.2,12.5,8.6,1,162.7,79.2,42.9,6.5,6743,165.3,76.5,37.5,6.5,13.1,163.67,161.93,162.54,162.29,2.17,0.8,5.1,-1.8,7.6,2.6,-2.7,-5.4,0.0,1,0,0,0,2,1,0,1.83,1,0,0,1
PT-107,2026-10-08T09:55:00,56,34.2,12.5,8.6,1,162.7,79.2,42.9,6.5,6743,167.2,77.0,41.0,6.5,21.1,165.43,163.25,162.78,162.49,2.52,15.8,2.9,-15.6,11.6,4.5,-2.2,-1.9,0.0,1,0,0,0,2,1,0,1.92,1,0,0,1
PT-107,2026-10-08T10:00:00,56,34.2,12.5,8.6,1,162.7,79.2,42.9,6.5,6743,168.6,79.7,36.3,6.5,21.3,167.03,164.48,163.15,162.87,3.01,14.8,4.4,-0.2,-2.4,5.9,0.5,-6.6,0.0,1,0,0,0,2,1,0,2.0,1,0,0,1
PT-107,2026-10-08T10:05:00,56,34.2,12.5,8.6,1,162.7,79.2,42.9,6.5,6743,169.5,81.1,38.8,6.5,23.4,168.43,166.05,163.6,163.06,3.53,18.8,5.4,5.2,4.8,6.8,1.9,-4.1,0.0,1,0,0,0,2,1,0,2.08,1,0,0,1
PT-107,2026-10-08T10:10:00,56,34.2,12.5,8.6,1,162.7,79.2,42.9,6.5,6743,171.0,82.6,36.8,6.5,12.8,169.7,167.57,164.35,163.44,4.07,18.2,9.0,-0.4,-1.0,8.3,3.4,-6.1,0.0,1,0,0,0,2,1,0,2.17,1,0,0,1
PT-107,2026-10-08T10:15:00,56,34.2,12.5,8.6,1,162.7,79.2,42.9,6.5,6743,172.5,77.9,34.4,6.5,7.8,171.0,169.02,165.44,163.88,4.37,17.4,13.1,-3.4,-16.6,9.8,-1.3,-8.5,0.0,1,0,0,0,2,1,0,2.25,1,0,0,1
PT-107,2026-10-08T10:20:00,56,34.2,12.5,8.6,1,162.7,79.2,42.9,6.5,6743,173.4,82.1,38.6,6.5,5.8,172.3,170.37,166.15,164.35,4.93,16.2,8.5,11.2,2.2,10.7,2.9,-4.3,0.0,1,0,0,0,2,1,0,2.33,1,0,0,1
PT-107,2026-10-08T10:25:00,56,34.2,12.5,8.6,1,162.7,79.2,42.9,6.5,6743,174.6,83.2,36.5,6.5,22.2,173.5,171.6,167.42,164.94,4.97,14.8,15.3,12.4,-9.0,11.9,4.0,-6.4,0.0,1,0,0,0,2,1,0,2.42,1,0,0,1
PT-107,2026-10-08T10:30:00,56,34.2,12.5,8.6,1,162.7,79.2,42.9,6.5,6743,175.9,78.6,35.7,6.5,15.2,174.63,172.82,168.65,165.6,5.11,14.6,14.7,-2.2,-1.2,13.2,-0.6,-7.2,0.0,1,0,0,0,2,1,0,2.5,1,0,0,1
PT-107,2026-10-08T10:35:00,56,34.2,12.5,8.6,1,162.7,79.2,42.9,6.5,6743,176.8,79.6,38.8,6.5,14.1,175.77,174.03,170.04,166.08,4.84,14.6,16.7,-3.0,0.0,14.1,0.4,-4.1,0.0,1,0,0,0,2,1,0,2.58,1,0,0,1
PT-107,2026-10-08T10:40:00,56,34.2,12.5,8.6,1,162.7,79.2,42.9,6.5,6743,177.9,82.0,35.3,6.5,15.4,176.87,175.18,171.38,166.7,4.59,13.8,16.0,-1.2,-3.0,15.2,2.8,-7.6,0.0,1,0,0,0,2,1,0,2.67,1,0,0,1
PT-107,2026-10-08T10:45:00,56,34.2,12.5,8.6,1,162.7,79.2,42.9,6.5,6743,179.1,78.1,38.2,6.5,8.0,177.93,176.28,172.65,167.38,4.41,13.2,15.3,0.4,7.6,16.4,-1.1,-4.7,0.0,1,0,0,0,2,1,0,2.75,1,0,0,1
PT-107,2026-10-08T10:50:00,56,34.2,12.5,8.6,1,162.7,79.2,42.9,6.5,6743,180.6,81.7,33.9,6.5,18.0,179.2,177.48,173.92,168.23,4.3,14.4,15.3,-0.8,-9.4,17.9,2.5,-9.0,0.0,1,0,0,0,2,1,0,2.83,1,0,0,1
PT-107,2026-10-08T10:55:00,56,34.2,12.5,8.6,1,162.7,79.2,42.9,6.5,6743,182.3,80.4,34.4,6.5,12.2,180.67,178.77,175.18,168.98,4.37,15.4,15.1,-5.6,-4.2,19.6,1.2,-8.5,0.0,1,0,0,0,2,1,0,2.92,1,0,0,1
PT-107,2026-10-08T11:00:00,56,34.2,12.5,8.6,1,162.7,79.2,42.9,6.5,6743,183.4,81.5,36.6,6.5,11.4,182.1,180.02,176.42,169.78,4.43,15.0,14.8,5.8,1.8,20.7,2.3,-6.3,0.0,1,0,0,0,2,1,0,3.0,1,0,0,1
PT-107,2026-10-08T11:05:00,56,34.2,12.5,8.6,1,162.7,79.2,42.9,6.5,6743,184.7,74.3,36.4,6.5,15.0,183.47,181.33,177.68,170.64,4.44,15.8,15.2,-10.6,-4.8,22.0,-4.9,-6.5,0.0,1,0,0,0,2,1,0,3.08,1,0,0,1
PT-107,2026-10-08T11:10:00,56,34.2,12.5,8.6,1,162.7,79.2,42.9,6.5,6743,185.8,80.6,35.0,6.5,12.0,184.63,182.65,178.92,171.63,4.47,15.8,14.8,-2.8,-0.6,23.1,1.4,-7.9,0.0,1,0,0,0,2,1,0,3.17,1,0,0,1
PT-107,2026-10-08T11:15:00,56,34.2,12.5,8.6,1,162.7,79.2,42.9,6.5,6743,187.2,75.5,33.4,6.5,18.2,185.9,184.0,180.14,172.79,4.57,16.2,14.7,-5.2,-9.6,24.5,-3.7,-9.5,0.0,1,0,0,0,2,1,0,3.25,1,0,0,1
PT-107,2026-10-08T11:20:00,56,34.2,12.5,8.6,1,162.7,79.2,42.9,6.5,6743,188.1,81.4,35.8,6.5,10.6,187.03,185.25,181.37,173.76,4.57,15.0,14.7,-0.6,3.8,25.4,2.2,-7.1,0.0,1,0,0,0,2,1,0,3.33,1,0,0,1
PT-107,2026-10-08T11:25:00,56,34.2,12.5,8.6,1,162.7,79.2,42.9,6.5,6743,189.0,77.7,37.1,6.5,19.0,188.1,186.37,182.57,175.0,4.52,13.4,14.4,-5.4,5.4,26.3,-1.5,-5.8,0.0,1,0,0,0,2,1,0,3.42,1,0,0,1
PT-107,2026-10-08T11:30:00,56,34.2,12.5,8.6,1,162.7,79.2,42.9,6.5,6743,190.9,78.7,33.7,6.5,8.8,189.33,187.62,183.82,176.23,4.58,15.0,15.0,-5.6,-5.8,28.2,-0.5,-9.2,0.0,1,0,0,0,2,1,0,3.5,1,0,0,1
PT-107,2026-10-08T11:35:00,56,34.2,12.5,8.6,1,162.7,79.2,42.9,6.5,6743,191.9,77.3,37.3,6.5,18.0,190.6,188.82,185.08,177.56,4.55,14.4,15.1,6.0,1.8,29.2,-1.9,-5.6,0.0,1,0,0,0,2,1,0,3.58,1,0,0,1
PT-107,2026-10-08T11:40:00,56,34.2,12.5,8.6,1,162.7,79.2,42.9,6.5,6743,193.5,82.5,35.2,6.5,15.0,192.1,190.1,186.38,178.88,4.54,15.4,15.6,3.8,0.4,30.8,3.3,-7.7,0.0,1,0,0,0,2,1,0,3.67,1,0,0,1
PT-107,2026-10-08T11:45:00,56,34.2,12.5,8.6,1,162.7,79.2,42.9,6.5,6743,195.2,79.3,35.6,6.5,15.9,193.53,191.43,187.72,180.18,4.58,16.0,16.1,7.6,4.4,32.5,0.1,-7.3,0.0,1,0,0,0,2,1,0,3.75,1,0,0,1
PT-107,2026-10-08T11:50:00,56,34.2,12.5,8.6,1,162.7,79.2,42.9,6.5,6743,196.6,83.3,34.8,6.5,19.7,195.1,192.85,189.05,181.49,4.65,17.0,16.0,3.8,-2.0,33.9,4.1,-8.1,0.0,1,0,0,0,2,1,0,3.83,1,0,0,1
PT-107,2026-10-08T11:55:00,56,34.2,12.5,8.6,1,162.7,79.2,42.9,6.5,6743,198.3,79.4,37.9,6.5,15.9,196.7,194.4,190.38,182.78,4.83,18.6,16.0,3.4,1.6,35.6,0.2,-5.0,0.0,1,0,0,0,2,1,0,3.92,1,0,0,1
PT-107,2026-10-08T12:00:00,56,34.2,12.5,8.6,1,162.7,79.2,42.9,6.5,6743,199.1,76.5,37.1,6.5,8.3,198.0,195.77,191.69,184.05,4.89,16.4,15.7,-4.4,6.8,36.4,-2.7,-5.8,0.0,0,1,0,0,2,1,0,4.0,1,0,0,1
PT-107,2026-10-08T12:05:00,56,34.2,12.5,8.6,1,162.7,79.2,42.9,6.5,6743,200.4,77.7,40.7,6.5,9.1,199.27,197.18,193.0,185.34,4.95,17.0,15.7,0.8,6.8,37.7,-1.5,-2.2,0.0,0,1,0,0,2,1,0,4.08,1,0,0,1
PT-107,2026-10-08T12:10:00,56,34.2,12.5,8.6,1,162.7,79.2,42.9,6.5,6743,201.9,80.0,35.5,6.5,14.4,200.47,198.58,194.34,186.63,5.0,16.8,16.1,-5.0,0.6,39.2,0.8,-7.4,0.0,0,1,0,0,2,1,0,4.17,1,0,0,1
PT-107,2026-10-08T12:15:00,56,34.2,12.5,8.6,1,162.7,79.2,42.9,6.5,6743,203.3,76.6,36.6,6.5,12.1,201.87,199.93,195.68,187.91,5.07,16.2,16.1,-5.4,2.0,40.6,-2.6,-6.3,0.0,0,1,0,0,2,1,0,4.25,1,0,0,1
PT-107,2026-10-08T12:20:00,56,34.2,12.5,8.6,1,162.7,79.2,42.9,6.5,6743,204.2,80.2,36.8,6.5,15.6,203.13,201.2,197.02,189.2,5.01,15.2,16.1,-6.2,4.0,41.5,1.0,-6.1,0.0,0,1,0,0,2,1,0,4.33,1,0,0,1
PT-107,2026-10-08T12:25:00,56,34.2,12.5,8.6,1,162.7,79.2,42.9,6.5,6743,205.0,77.6,35.2,6.5,9.1,204.17,202.32,198.36,190.46,4.8,13.4,16.0,-3.6,-5.4,42.3,-1.6,-7.7,0.0,0,1,0,0,2,1,0,4.42,1,0,0,1
PT-107,2026-10-08T12:30:00,56,34.2,12.5,8.6,1,162.7,79.2,42.9,6.5,6743,206.5,77.7,37.6,6.5,23.0,205.23,203.55,199.66,191.74,4.71,14.8,15.6,2.4,1.0,43.8,-1.5,-5.3,0.0,0,1,0,0,2,1,0,4.5,1,0,0,1
PT-107,2026-10-08T12:35:00,56,34.2,12.5,8.6,1,162.7,79.2,42.9,6.5,6743,207.8,79.1,35.2,6.5,24.9,206.43,204.78,200.98,193.03,4.57,14.8,15.9,2.8,-11.0,45.1,-0.1,-7.7,0.0,0,1,0,0,2,1,0,4.58,1,0,0,1
PT-107,2026-10-08T12:40:00,56,34.2,12.5,8.6,1,162.7,79.2,42.9,6.5,6743,209.5,81.8,35.3,6.5,23.4,207.93,206.05,202.32,194.35,4.52,15.2,16.0,3.6,-0.4,46.8,2.6,-7.6,0.0,0,1,0,0,2,1,0,4.67,1,0,0,1
PT-107,2026-10-08T12:45:00,56,34.2,12.5,8.6,1,162.7,79.2,42.9,6.5,6743,211.0,75.2,36.3,6.5,7.9,209.43,207.33,203.63,195.68,4.56,15.4,15.8,-2.8,-0.6,48.3,-4.0,-6.6,0.0,0,1,0,0,2,1,0,4.75,1,0,0,1
PT-107,2026-10-08T12:50:00,56,34.2,12.5,8.6,1,162.7,79.2,42.9,6.5,6743,212.2,81.2,36.2,6.5,22.6,210.9,208.67,204.93,196.99,4.59,16.0,15.6,2.0,-1.2,49.5,2.0,-6.7,0.0,0,1,0,0,2,1,0,4.83,1,0,0,1
PT-107,2026-10-08T12:55:00,56,34.2,12.5,8.6,1,162.7,79.2,42.9,6.5,6743,213.2,81.2,34.2,6.5,16.2,212.13,210.03,206.18,198.28,4.65,16.4,14.9,7.2,-2.0,50.5,2.0,-8.7,0.0,0,1,0,0,2,1,0,4.92,1,0,0,1
PT-107,2026-10-08T13:00:00,56,34.2,12.5,8.6,1,162.7,79.2,42.9,6.5,6743,214.0,76.9,40.7,6.5,26.7,213.13,211.28,207.42,199.55,4.58,15.0,14.9,-1.6,6.2,51.3,-2.3,-2.2,0.0,0,1,0,0,2,1,0,5.0,1,0,0,1
PT-107,2026-10-08T13:05:00,56,34.2,12.5,8.6,1,162.7,79.2,42.9,6.5,6743,215.3,76.8,34.0,6.5,29.2,214.17,212.53,208.66,200.83,4.52,15.0,14.9,-4.6,-2.4,52.6,-2.4,-8.9,0.0,0,1,0,0,2,1,0,5.08,1,0,0,1
PT-107,2026-10-08T13:10:00,56,34.2,12.5,8.6,1,162.7,79.2,42.9,6.5,6743,217.1,77.3,34.5,6.5,23.5,215.47,213.8,209.92,202.13,4.59,15.2,15.2,-9.0,-1.6,54.4,-1.9,-8.4,0.0,0,1,0,0,2,1,0,5.17,1,0,0,1
PT-107,2026-10-08T13:15:00,56,34.2,12.5,8.6,1,162.7,79.2,42.9,6.5,6743,218.1,81.2,34.7,6.5,17.6,216.83,214.98,211.16,203.42,4.63,14.2,14.8,12.0,-3.2,55.4,2.0,-8.2,0.0,0,1,0,0,2,1,0,5.25,1,0,0,1
PT-107,2026-10-08T13:20:00,56,34.2,12.5,8.6,1,162.7,79.2,42.9,6.5,6743,220.0,76.4,35.3,6.5,19.5,218.4,216.28,212.48,204.75,4.72,15.6,15.8,-9.6,-1.8,57.3,-2.8,-7.6,0.0,0,1,0,0,2,1,0,5.33,1,0,0,1
PT-107,2026-10-08T13:25:00,56,34.2,12.5,8.6,1,162.7,79.2,42.9,6.5,6743,221.6,80.1,36.2,6.5,27.7,219.9,217.68,213.86,206.11,4.76,16.8,16.6,-2.2,4.0,58.9,0.9,-6.7,0.0,0,1,0,0,2,1,0,5.42,1,0,0,1
PT-107,2026-10-08T13:30:00,56,34.2,12.5,8.6,1,162.7,79.2,42.9,6.5,6743,222.6,79.3,35.6,6.5,24.3,221.4,219.12,215.2,207.43,4.77,17.2,16.1,4.8,-10.2,59.9,0.1,-7.3,0.0,0,1,0,0,2,1,0,5.5,1,0,0,1
PT-107,2026-10-08T13:35:00,56,34.2,12.5,8.6,1,162.7,79.2,42.9,6.5,6743,223.6,73.7,39.3,6.5,33.8,222.6,220.5,216.52,208.75,4.72,16.6,15.8,-6.2,10.6,60.9,-5.5,-3.6,0.0,0,1,0,0,2,1,0,5.58,1,0,0,1
PT-107,2026-10-08T13:40:00,56,34.2,12.5,8.6,1,162.7,79.2,42.9,6.5,6743,224.8,79.8,40.0,6.5,32.1,223.67,221.78,217.79,210.05,4.72,15.4,15.3,5.0,11.0,62.1,0.6,-2.9,0.0,0,1,0,0,2,1,0,5.67,1,0,0,1
PT-107,2026-10-08T13:45:00,56,34.2,12.5,8.6,1,162.7,79.2,42.9,6.5,6743,226.3,85.1,39.7,6.5,18.1,224.9,223.15,219.07,211.35,4.78,16.4,15.3,7.8,10.0,63.6,5.9,-3.2,0.0,0,1,0,0,2,1,0,5.75,1,0,0,1
PT-107,2026-10-08T13:50:00,56,34.2,12.5,8.6,1,162.7,79.2,42.9,6.5,6743,228.1,80.4,35.2,6.5,33.0,226.4,224.5,220.39,212.66,4.91,16.2,15.9,8.0,-0.2,65.4,1.2,-7.7,0.0,0,1,0,0,2,1,0,5.83,1,0,0,1
PT-107,2026-10-08T13:55:00,56,34.2,12.5,8.6,1,162.7,79.2,42.9,6.5,6743,229.7,80.0,32.6,6.5,33.5,228.03,225.85,221.77,213.97,5.02,16.2,16.5,-0.2,-7.2,67.0,0.8,-10.3,0.0,0,1,0,0,2,1,0,5.92,1,0,0,1
PT-107,2026-10-08T14:00:00,56,34.2,12.5,8.6,1,162.7,79.2,42.9,6.5,6743,230.6,77.1,35.5,6.5,27.1,229.47,227.18,223.15,215.28,4.97,16.0,16.6,-4.4,-0.2,67.9,-2.1,-7.4,0.0,0,1,0,0,2,1,0,6.0,1,0,0,1
PT-107,2026-10-08T14:05:00,56,34.2,12.5,8.6,1,162.7,79.2,42.9,6.5,6743,231.9,81.2,38.2,6.5,7.9,230.73,228.57,224.53,216.6,4.9,16.6,16.6,15.0,-2.2,69.2,2.0,-4.7,0.0,0,1,0,0,2,1,0,6.08,1,0,0,1
PT-107,2026-10-08T14:10:00,56,34.2,12.5,8.6,1,162.7,79.2,42.9,6.5,6743,233.5,81.5,35.5,6.5,10.6,232.0,230.02,225.9,217.91,4.93,17.4,16.4,3.4,-9.0,70.8,2.3,-7.4,0.0,0,1,0,0,2,1,0,6.17,1,0,0,1
PT-107,2026-10-08T14:15:00,56,34.2,12.5,8.6,1,162.7,79.2,42.9,6.5,6743,235.1,76.8,35.9,6.5,12.2,233.5,231.48,227.32,219.24,4.92,17.6,17.0,-16.6,-7.6,72.4,-2.4,-7.0,0.0,0,1,0,0,2,1,0,6.25,1,0,0,1
PT-107,2026-10-08T14:20:00,56,34.2,12.5,8.6,1,162.7,79.2,42.9,6.5,6743,236.3,78.6,36.5,6.5,22.6,234.97,232.85,228.68,220.58,4.97,16.4,16.3,-3.6,2.6,73.6,-0.6,-6.4,0.0,0,1,0,0,2,1,0,6.33,1,0,0,1
PT-107,2026-10-08T14:25:00,56,34.2,12.5,8.6,1,162.7,79.2,42.9,6.5,6743,237.3,77.1,36.0,6.5,21.0,236.23,234.12,229.98,221.92,5.0,15.2,15.7,-5.8,6.8,74.6,-2.1,-6.9,0.0,0,1,0,0,2,1,0,6.42,1,0,0,1
PT-107,2026-10-08T14:30:00,56,34.2,12.5,8.6,1,162.7,79.2,42.9,6.5,6743,238.2,82.6,35.7,6.5,16.8,237.27,235.38,231.28,223.24,4.94,15.2,15.6,11.0,0.4,75.5,3.4,-7.2,0.0,0,1,0,0,2,1,0,6.5,1,0,0,1
PT-107,2026-10-08T14:35:00,56,34.2,12.5,8.6,1,162.7,79.2,42.9,6.5,6743,239.1,76.9,32.9,6.5,20.9,238.2,236.58,232.58,224.55,4.77,14.4,15.5,-8.6,-10.6,76.4,-2.3,-10.0,0.0,0,1,0,0,2,1,0,6.58,1,0,0,1
PT-107,2026-10-08T14:40:00,56,34.2,12.5,8.6,1,162.7,79.2,42.9,6.5,6743,240.0,78.9,36.6,6.5,20.8,239.1,237.67,233.84,225.82,4.53,13.0,15.2,-5.2,2.2,77.3,-0.3,-6.3,0.0,0,1,0,0,2,1,0,6.67,1,0,0,1
PT-107,2026-10-08T14:45:00,56,34.2,12.5,8.6,1,162.7,79.2,42.9,6.5,6743,240.9,75.8,39.1,6.5,23.4,240.0,238.63,235.06,227.06,4.27,11.6,14.6,-2.0,6.4,78.2,-3.4,-3.8,0.0,0,1,0,0,2,1,0,6.75,1,0,0,1
PT-107,2026-10-08T14:50:00,56,34.2,12.5,8.6,1,162.7,79.2,42.9,6.5,6743,242.1,78.2,38.0,6.5,11.4,241.0,239.6,236.23,228.31,4.11,11.6,14.0,-0.8,3.0,79.4,-1.0,-4.9,0.0,0,1,0,0,2,1,0,6.83,1,0,0,1
PT-107,2026-10-08T14:55:00,56,34.2,12.5,8.6,1,162.7,79.2,42.9,6.5,6743,243.5,80.1,33.7,6.5,16.8,242.17,240.63,237.38,229.57,4.05,12.4,13.8,6.0,-4.6,80.8,0.9,-9.2,0.0,0,1,0,0,2,1,0,6.92,1,0,0,1
PT-107,2026-10-08T15:00:00,56,34.2,12.5,8.6,1,162.7,79.2,42.9,6.5,6743,244.8,81.2,36.5,6.5,12.1,243.47,241.73,238.56,230.85,3.96,13.2,14.2,-2.8,1.6,82.1,2.0,-6.4,0.0,0,1,0,0,2,1,0,7.0,1,0,0,1
PT-107,2026-10-08T15:05:00,56,34.2,12.5,8.6,1,162.7,79.2,42.9,6.5,6743,246.0,81.7,37.3,6.5,23.2,244.77,242.88,239.73,232.13,3.9,13.8,14.1,9.6,8.8,83.3,2.5,-5.6,0.0,0,1,0,0,2,1,0,7.08,1,0,0,1
PT-107,2026-10-08T15:10:00,56,34.2,12.5,8.6,1,162.7,79.2,42.9,6.5,6743,247.4,76.4,35.1,6.5,20.2,246.07,244.12,240.89,233.4,3.94,14.8,13.9,-5.0,-3.0,84.7,-2.8,-7.8,0.0,0,1,0,0,2,1,0,7.17,1,0,0,1
PT-107,2026-10-08T15:15:00,56,34.2,12.5,8.6,1,162.7,79.2,42.9,6.5,6743,249.0,77.0,38.1,6.5,7.3,247.47,245.47,242.05,234.68,4.12,16.2,13.9,2.4,-2.0,86.3,-2.2,-4.8,0.0,0,1,0,0,2,1,0,7.25,1,0,0,1
PT-107,2026-10-08T15:20:00,56,34.2,12.5,8.6,1,162.7,79.2,42.9,6.5,6743,250.9,78.9,37.6,6.5,11.2,249.1,246.93,243.27,235.97,4.41,17.6,14.6,1.4,-0.8,88.2,-0.3,-5.3,0.0,0,1,0,0,2,1,0,7.33,1,0,0,1
PT-107,2026-10-08T15:25:00,56,34.2,12.5,8.6,1,162.7,79.2,42.9,6.5,6743,252.3,79.6,38.5,6.5,17.7,250.73,248.4,244.52,237.25,4.69,17.6,15.0,-1.0,9.6,89.6,0.4,-4.4,0.0,0,1,0,0,2,1,0,7.42,1,0,0,1
PT-107,2026-10-08T15:30:00,56,34.2,12.5,8.6,1,162.7,79.2,42.9,6.5,6743,253.2,83.9,36.0,6.5,18.9,252.13,249.8,245.77,238.52,4.85,16.8,15.0,5.4,-1.0,90.5,4.7,-6.9,0.0,0,1,0,0,2,1,0,7.5,1,0,0,1
PT-107,2026-10-08T15:35:00,56,34.2,12.5,8.6,1,162.7,79.2,42.9,6.5,6743,254.5,81.7,35.6,6.5,16.4,253.33,251.22,247.05,239.81,4.96,17.0,15.4,0.0,-3.4,91.8,2.5,-7.3,0.0,0,1,0,0,2,1,0,7.58,1,0,0,1
PT-107,2026-10-08T15:40:00,56,34.2,12.5,8.6,1,162.7,79.2,42.9,6.5,6743,255.6,80.6,35.0,6.5,14.1,254.43,252.58,248.35,241.1,4.99,16.4,15.6,8.4,-0.2,92.9,1.4,-7.9,0.0,0,1,0,0,2,1,0,7.67,1,0,0,1
PT-107,2026-10-08T15:45:00,56,34.2,12.5,8.6,1,162.7,79.2,42.9,6.5,6743,257.5,81.7,35.8,6.5,24.3,255.87,254.0,249.73,242.4,5.03,17.0,16.6,9.4,-4.6,94.8,2.5,-7.1,0.0,0,1,0,0,2,1,0,7.75,1,0,0,1
PT-107,2026-10-08T15:50:00,56,34.2,12.5,8.6,1,162.7,79.2,42.9,6.5,6743,258.8,79.3,38.5,6.5,22.0,257.3,255.32,251.12,243.68,5.04,15.8,16.7,0.8,1.8,96.1,0.1,-4.4,0.0,0,1,0,0,2,1,0,7.83,1,0,0,1
PT-107,2026-10-08T15:55:00,56,34.2,12.5,8.6,1,162.7,79.2,42.9,6.5,6743,260.0,78.1,34.5,6.5,5.1,258.77,256.6,252.5,244.94,5.02,15.4,16.5,-3.0,-8.0,97.3,-1.1,-8.4,0.0,0,1,0,0,2,1,0,7.92,1,0,0,1
PT-107,2026-10-08T16:00:00,56,34.2,12.5,8.6,1,162.7,79.2,42.9,6.5,6743,261.7,78.2,38.0,6.5,23.3,260.17,258.02,253.91,246.23,5.04,17.0,16.9,-11.4,4.0,99.0,-1.0,-4.9,0.0,0,1,0,0,2,1,0,8.0,1,0,0,1
PT-107,2026-10-08T16:05:00,56,34.2,12.5,8.6,1,162.7,79.2,42.9,6.5,6743,262.7,79.4,35.3,6.5,18.7,261.47,259.38,255.3,247.52,4.96,16.4,16.7,-4.6,-0.6,100.0,0.2,-7.6,0.0,0,1,0,0,2,1,0,8.08,1,0,0,1
PT-107,2026-10-08T16:10:00,56,34.2,12.5,8.6,1,162.7,79.2,42.9,6.5,6743,263.8,78.7,37.7,6.5,21.5,262.73,260.75,256.67,248.78,4.84,16.4,16.4,-3.8,5.4,101.1,-0.5,-5.2,0.0,0,1,0,0,2,1,0,8.17,1,0,0,1
PT-107,2026-10-08T16:15:00,56,34.2,12.5,8.6,1,162.7,79.2,42.9,6.5,6743,265.0,79.7,36.3,6.5,23.6,263.83,262.0,258.0,250.02,4.74,15.0,16.0,-4.0,1.0,102.3,0.5,-6.6,0.0,0,1,0,0,2,1,0,8.25,1,0,0,1
PT-107,2026-10-08T16:20:00,56,34.2,12.5,8.6,1,162.7,79.2,42.9,6.5,6743,266.5,83.2,41.5,6.5,13.3,265.1,263.28,259.3,251.28,4.76,15.4,15.6,7.8,6.0,103.8,4.0,-1.4,0.0,0,1,0,0,2,1,0,8.33,1,0,0,1
PT-107,2026-10-08T16:25:00,56,34.2,12.5,8.6,1,162.7,79.2,42.9,6.5,6743,268.1,83.9,35.2,6.5,13.4,266.53,264.63,260.62,252.57,4.83,16.2,15.8,11.6,1.4,105.4,4.7,-7.7,0.0,0,1,0,0,2,1,0,8.42,1,0,0,1
PT-107,2026-10-08T16:30:00,56,34.2,12.5,8.6,1,162.7,79.2,42.9,6.5,6743,269.1,77.4,43.1,6.5,8.8,267.9,265.87,261.94,253.85,4.79,14.8,15.9,-1.6,10.2,106.4,-1.8,0.2,0.0,0,1,0,0,2,1,0,8.5,1,0,0,1
PT-107,2026-10-08T16:35:00,56,34.2,12.5,8.6,1,162.7,79.2,42.9,6.5,6743,270.9,78.4,36.4,6.5,5.1,269.37,267.23,263.31,255.18,4.81,16.4,16.4,-2.0,2.2,108.2,-0.8,-6.5,0.0,0,1,0,0,2,1,0,8.58,1,0,0,1
PT-107,2026-10-08T16:40:00,56,34.2,12.5,8.6,1,162.7,79.2,42.9,6.5,6743,272.0,80.8,34.3,6.5,16.3,270.67,268.6,264.68,256.51,4.75,16.4,16.4,4.2,-6.8,109.3,1.6,-8.6,0.0,0,1,0,0,2,1,0,8.67,1,0,0,1
PT-107,2026-10-08T16:45:00,56,34.2,12.5,8.6,1,162.7,79.2,42.9,6.5,6743,273.2,80.5,38.0,6.5,9.6,272.03,269.97,265.98,257.86,4.76,16.4,15.7,1.6,3.4,110.5,1.3,-4.9,0.0,0,1,0,0,2,1,0,8.75,1,0,0,1
PT-107,2026-10-08T16:50:00,56,34.2,12.5,8.6,1,162.7,79.2,42.9,6.5,6743,274.9,83.9,38.5,6.5,19.1,273.37,271.37,267.32,259.22,4.82,16.8,16.1,1.4,-6.0,112.2,4.7,-4.4,0.0,0,1,0,0,2,1,0,8.83,1,0,0,1
PT-107,2026-10-08T16:55:00,56,34.2,12.5,8.6,1,162.7,79.2,42.9,6.5,6743,276.7,86.6,37.6,6.5,18.3,274.93,272.8,268.72,260.61,4.92,17.2,16.7,5.4,4.8,114.0,7.4,-5.3,0.0,0,1,0,0,2,1,0,8.92,1,0,0,1
PT-107,2026-10-08T17:00:00,56,34.2,12.5,8.6,1,162.7,79.2,42.9,6.5,6743,277.9,74.8,36.3,6.5,54.5,276.5,274.27,270.07,261.99,5.04,17.6,16.2,-5.2,-13.6,115.2,-4.4,-6.6,0.0,0,0,1,0,2,1,0,9.0,1,0,0,1
PT-107,2026-10-08T17:05:00,56,34.2,12.5,8.6,1,162.7,79.2,42.9,6.5,6743,279.1,82.5,34.4,6.5,59.4,277.9,275.63,271.43,263.37,5.09,16.4,16.4,8.2,-4.0,116.4,3.3,-8.5,0.0,0,0,1,0,2,1,0,9.08,1,0,0,1
PT-107,2026-10-08T17:10:00,56,34.2,12.5,8.6,1,162.7,79.2,42.9,6.5,6743,280.5,79.6,35.8,6.5,57.3,279.17,277.05,272.82,264.75,5.09,17.0,16.7,-2.4,3.0,117.8,0.4,-7.1,0.0,0,0,1,0,2,1,0,9.17,1,0,0,1
PT-107,2026-10-08T17:15:00,56,34.2,12.5,8.6,1,162.7,79.2,42.9,6.5,6743,282.1,78.8,35.4,6.5,51.3,280.57,278.53,274.25,266.12,5.1,17.8,17.1,-3.4,-5.2,119.4,-0.4,-7.5,0.0,0,0,1,0,2,1,0,9.25,1,0,0,1
PT-107,2026-10-08T17:20:00,56,34.2,12.5,8.6,1,162.7,79.2,42.9,6.5,6743,283.3,79.8,38.7,6.5,47.8,281.97,279.93,275.65,267.48,5.08,16.8,16.8,-8.2,0.4,120.6,0.6,-4.2,0.0,0,0,1,0,2,1,0,9.33,1,0,0,1
PT-107,2026-10-08T17:25:00,56,34.2,12.5,8.6,1,162.7,79.2,42.9,6.5,6743,284.9,82.6,37.3,6.5,68.2,283.43,281.3,277.05,268.83,5.13,16.4,16.8,-8.0,-0.6,122.2,3.4,-5.6,0.0,0,0,1,0,2,1,0,9.42,1,0,0,1
PT-107,2026-10-08T17:30:00,56,34.2,12.5,8.6,1,162.7,79.2,42.9,6.5,6743,285.9,75.8,36.4,6.5,67.0,284.7,282.63,278.45,270.2,5.05,16.0,16.8,2.0,0.2,123.2,-3.4,-6.5,0.0,0,0,1,0,2,1,0,9.5,1,0,0,1
PT-107,2026-10-08T17:35:00,56,34.2,12.5,8.6,1,162.7,79.2,42.9,6.5,6743,286.9,80.6,37.8,6.5,68.5,285.9,283.93,279.78,271.55,4.99,15.6,16.0,-3.8,6.8,124.2,1.4,-5.1,0.0,0,0,1,0,2,1,0,9.58,1,0,0,1
PT-107,2026-10-08T17:40:00,56,34.2,12.5,8.6,1,162.7,79.2,42.9,6.5,6743,288.0,75.0,31.7,6.5,64.6,286.93,285.18,281.12,272.9,4.86,15.0,16.0,-9.2,-8.2,125.3,-4.2,-11.2,0.0,0,0,1,0,2,1,0,9.67,1,0,0,1
PT-107,2026-10-08T17:45:00,56,34.2,12.5,8.6,1,162.7,79.2,42.9,6.5,6743,289.4,77.0,39.0,6.5,66.3,288.1,286.4,282.47,274.22,4.7,14.6,16.2,-3.6,7.2,126.7,-2.2,-3.9,0.0,0,0,1,0,2,1,0,9.75,1,0,0,1
PT-107,2026-10-08T17:50:00,56,34.2,12.5,8.6,1,162.7,79.2,42.9,6.5,6743,290.2,80.0,38.8,6.5,55.4,289.2,287.55,283.74,275.53,4.54,13.8,15.3,0.4,0.2,127.5,0.8,-4.1,0.0,0,0,1,0,2,1,0,9.83,1,0,0,1
PT-107,2026-10-08T17:55:00,56,34.2,12.5,8.6,1,162.7,79.2,42.9,6.5,6743,291.4,76.9,37.7,6.5,53.6,290.33,288.63,284.97,276.84,4.45,13.0,14.7,-11.4,0.8,128.7,-2.3,-5.2,0.0,0,0,1,0,2,1,0,9.92,1,0,0,1
PT-107,2026-10-08T18:00:00,56,34.2,12.5,8.6,1,162.7,79.2,42.9,6.5,6743,292.7,80.9,38.5,6.5,70.0,291.43,289.77,286.2,278.13,4.36,13.6,14.8,10.2,4.2,130.0,1.7,-4.4,0.0,0,0,1,0,2,1,0,10.0,1,0,0,1
PT-107,2026-10-08T18:05:00,56,34.2,12.5,8.6,1,162.7,79.2,42.9,6.5,6743,293.6,83.6,34.9,6.5,9.5,292.57,290.88,287.41,279.42,4.22,13.4,14.5,6.0,-5.8,130.9,4.4,-8.0,0.0,0,0,1,0,2,1,0,10.08,1,0,0,1
PT-107,2026-10-08T18:10:00,56,34.2,12.5,8.6,1,162.7,79.2,42.9,6.5,6743,295.6,83.7,33.8,6.5,5.1,293.97,292.15,288.67,280.75,4.23,15.2,15.1,17.4,4.2,132.9,4.5,-9.1,0.0,0,0,1,0,2,1,0,10.17,1,0,0,1
PT-107,2026-10-08T18:15:00,56,34.2,12.5,8.6,1,162.7,79.2,42.9,6.5,6743,297.5,82.9,33.2,6.5,8.6,295.57,293.5,289.95,282.1,4.38,16.2,15.4,11.8,-11.6,134.8,3.7,-9.7,0.0,0,0,1,0,2,1,0,10.25,1,0,0,1
PT-107,2026-10-08T18:20:00,56,34.2,12.5,8.6,1,162.7,79.2,42.9,6.5,6743,299.3,79.3,36.4,6.5,9.9,297.47,295.02,291.28,283.47,4.61,18.2,16.0,-1.4,-4.8,136.6,0.1,-6.5,0.0,0,0,1,0,2,1,0,10.33,1,0,0,1
PT-107,2026-10-08T18:25:00,56,34.2,12.5,8.6,1,162.7,79.2,42.9,6.5,6743,300.4,76.8,35.7,6.5,18.9,299.07,296.52,292.58,284.81,4.82,18.0,15.5,-0.2,-4.0,137.7,-2.4,-7.2,0.0,0,0,1,0,2,1,0,10.42,1,0,0,1
PT-107,2026-10-08T18:30:00,56,34.2,12.5,8.6,1,162.7,79.2,42.9,6.5,6743,301.8,78.2,35.4,6.5,24.7,300.5,298.03,293.9,286.18,5.0,18.2,15.9,-5.4,-6.2,139.1,-1.0,-7.5,0.0,0,0,1,0,2,1,0,10.5,1,0,0,1
PT-107,2026-10-08T18:35:00,56,34.2,12.5,8.6,1,162.7,79.2,42.9,6.5,6743,303.0,74.6,37.2,6.5,22.9,301.73,299.6,295.24,287.51,5.11,18.8,16.1,-18.0,4.6,140.3,-4.6,-5.7,0.0,0,0,1,0,2,1,0,10.58,1,0,0,1
PT-107,2026-10-08T18:40:00,56,34.2,12.5,8.6,1,162.7,79.2,42.9,6.5,6743,304.3,79.2,36.5,6.5,19.8,303.03,301.05,296.6,288.86,5.18,17.4,16.3,-9.0,5.4,141.6,0.0,-6.4,0.0,0,0,1,0,2,1,0,10.67,1,0,0,1
PT-107,2026-10-08T18:45:00,56,34.2,12.5,8.6,1,162.7,79.2,42.9,6.5,6743,305.8,80.9,34.5,6.5,8.0,304.37,302.43,297.97,290.22,5.27,16.6,16.4,-4.0,2.6,143.1,1.7,-8.4,0.0,0,0,1,0,2,1,0,10.75,1,0,0,1
PT-107,2026-10-08T18:50:00,56,34.2,12.5,8.6,1,162.7,79.2,42.9,6.5,6743,307.0,78.7,37.3,6.5,21.7,305.7,303.72,299.37,291.55,5.25,15.4,16.8,-1.2,1.8,144.3,-0.5,-5.6,0.0,0,0,1,0,2,1,0,10.83,1,0,0,1
PT-107,2026-10-08T18:55:00,56,34.2,12.5,8.6,1,162.7,79.2,42.9,6.5,6743,308.6,82.6,37.1,6.5,10.2,307.13,305.08,300.8,292.88,5.22,16.4,17.2,11.6,2.8,145.9,3.4,-5.8,0.0,0,0,1,0,2,1,0,10.92,1,0,0,1
PT-107,2026-10-08T19:00:00,56,34.2,12.5,8.6,1,162.7,79.2,42.9,6.5,6743,310.2,76.9,35.1,6.5,24.4,308.6,306.48,302.26,294.23,5.2,16.8,17.5,-2.6,-0.6,147.5,-2.3,-7.8,0.0,0,0,1,0,2,1,0,11.0,1,0,0,1
PT-107,2026-10-08T19:05:00,56,34.2,12.5,8.6,1,162.7,79.2,42.9,6.5,6743,311.5,79.5,34.5,6.5,12.8,310.1,307.9,303.75,295.58,5.06,17.0,17.9,9.8,-5.4,148.8,0.3,-8.4,0.0,0,0,1,0,2,1,0,11.08,1,0,0,1
PT-107,2026-10-08T19:10:00,56,34.2,12.5,8.6,1,162.7,79.2,42.9,6.5,6743,313.0,79.7,35.5,6.5,22.0,311.57,309.35,305.2,296.93,5.0,17.4,17.4,1.0,-2.0,150.3,0.5,-7.4,0.0,0,0,1,0,2,1,0,11.17,1,0,0,1
PT-107,2026-10-08T19:15:00,56,34.2,12.5,8.6,1,162.7,79.2,42.9,6.5,6743,314.5,82.2,39.5,6.5,18.8,313.0,310.8,306.62,298.28,5.03,17.4,17.0,2.6,10.0,151.8,3.0,-3.4,0.0,0,0,1,0,2,1,0,11.25,1,0,0,1
PT-107,2026-10-08T19:20:00,56,34.2,12.5,8.6,1,162.7,79.2,42.9,6.5,6743,316.0,76.1,35.4,6.5,5.8,314.5,312.3,308.01,299.65,5.13,18.0,16.7,-5.2,-3.8,153.3,-3.1,-7.5,0.0,0,0,1,0,2,1,0,11.33,1,0,0,1
PT-107,2026-10-08T19:25:00,56,34.2,12.5,8.6,1,162.7,79.2,42.9,6.5,6743,317.5,79.2,35.7,6.5,14.9,316.0,313.78,309.43,301.0,5.2,17.8,17.1,-6.8,-2.8,154.8,0.0,-7.2,0.0,0,0,1,0,2,1,0,11.42,1,0,0,1
PT-107,2026-10-08T19:30:00,56,34.2,12.5,8.6,1,162.7,79.2,42.9,6.5,6743,319.5,75.5,40.6,6.5,13.9,317.67,315.33,310.91,302.4,5.34,18.6,17.7,-2.8,11.0,156.8,-3.7,-2.3,0.0,0,0,1,0,2,1,0,11.5,1,0,0,1
PT-107,2026-10-08T19:35:00,56,34.2,12.5,8.6,1,162.7,79.2,42.9,6.5,6743,320.6,83.3,35.5,6.5,22.6,319.2,316.85,312.38,303.81,5.39,18.2,17.6,7.6,2.0,157.9,4.1,-7.4,0.0,0,0,1,0,2,1,0,11.58,1,0,0,1
PT-107,2026-10-08T19:40:00,56,34.2,12.5,8.6,1,162.7,79.2,42.9,6.5,6743,322.2,78.3,36.9,6.5,9.4,320.77,318.38,313.87,305.23,5.43,18.4,17.9,-2.8,2.8,159.5,-0.9,-6.0,0.0,0,0,1,0,2,1,0,11.67,1,0,0,1
PT-107,2026-10-08T19:45:00,56,34.2,12.5,8.6,1,162.7,79.2,42.9,6.5,6743,323.1,76.6,40.0,6.5,13.3,321.97,319.82,315.31,306.64,5.39,17.2,17.3,-11.2,1.0,160.4,-2.6,-2.9,0.0,0,0,1,0,2,1,0,11.75,1,0,0,1
PT-107,2026-10-08T19:50:00,56,34.2,12.5,8.6,1,162.7,79.2,42.9,6.5,6743,325.0,83.1,35.3,6.5,20.0,323.43,321.32,316.81,308.09,5.37,18.0,18.0,14.0,-0.2,162.3,3.9,-7.6,0.0,0,0,1,0,2,1,0,11.83,1,0,0,1
PT-107,2026-10-08T19:55:00,56,34.2,12.5,8.6,1,162.7,79.2,42.9,6.5,6743,326.7,79.7,39.2,6.5,7.4,324.93,322.85,318.32,309.56,5.4,18.4,18.1,1.0,7.0,164.0,0.5,-3.7,0.0,0,0,1,0,2,1,0,11.92,1,0,0,1
PT-107,2026-10-08T20:00:00,56,34.2,12.5,8.6,1,162.7,79.2,42.9,6.5,6743,328.6,75.6,34.9,6.5,24.5,326.77,324.37,319.85,311.05,5.5,18.2,18.4,0.2,-11.4,165.9,-3.6,-8.0,0.0,0,0,1,0,2,1,0,0.0,1,0,0,1
PT-107,2026-10-08T20:05:00,56,34.2,12.5,8.6,1,162.7,79.2,42.9,6.5,6743,330.1,75.0,35.1,6.5,13.8,328.47,325.95,321.4,312.58,5.55,19.0,18.6,-16.6,-0.8,167.4,-4.2,-7.8,0.0,0,0,1,0,2,1,0,0.08,1,0,0,1
PT-107,2026-10-08T20:10:00,56,34.2,12.5,8.6,1,162.7,79.2,42.9,6.5,6743,331.7,79.0,39.0,6.5,12.7,330.13,327.53,322.96,314.08,5.6,19.0,18.7,1.4,4.2,169.0,-0.2,-3.9,0.0,0,0,1,0,2,1,0,0.17,1,0,0,1
PT-107,2026-10-08T20:15:00,56,34.2,12.5,8.6,1,162.7,79.2,42.9,6.5,6743,332.8,80.7,38.8,6.5,18.2,331.53,329.15,324.48,315.55,5.58,19.4,18.3,8.2,-2.4,170.1,1.5,-4.1,0.0,0,0,1,0,2,1,0,0.25,1,0,0,1
PT-107,2026-10-08T20:20:00,56,34.2,12.5,8.6,1,162.7,79.2,42.9,6.5,6743,334.6,75.1,39.5,6.5,24.1,333.03,330.75,326.03,317.02,5.59,19.2,18.6,-16.0,8.4,171.9,-4.1,-3.4,0.0,0,0,1,0,2,1,0,0.33,1,0,0,1
PT-107,2026-10-08T20:25:00,56,34.2,12.5,8.6,1,162.7,79.2,42.9,6.5,6743,335.7,81.7,38.9,6.5,11.2,334.37,332.25,327.55,318.49,5.54,18.0,18.2,4.0,-0.6,173.0,2.5,-4.0,0.0,0,0,1,0,2,1,0,0.42,1,0,0,1
PT-107,2026-10-08T20:30:00,56,34.2,12.5,8.6,1,162.7,79.2,42.9,6.5,6743,337.4,81.8,35.5,6.5,11.0,335.9,333.72,329.04,319.98,5.58,17.6,17.9,12.4,1.2,174.7,2.6,-7.4,0.0,0,0,1,0,2,1,0,0.5,1,0,0,1
PT-107,2026-10-08T20:35:00,56,34.2,12.5,8.6,1,162.7,79.2,42.9,6.5,6743,338.8,82.5,37.0,6.5,22.6,337.3,335.17,330.56,321.47,5.55,17.4,18.2,15.0,3.8,176.1,3.3,-5.9,0.0,0,0,1,0,2,1,0,0.58,1,0,0,1
PT-107,2026-10-08T20:40:00,56,34.2,12.5,8.6,1,162.7,79.2,42.9,6.5,6743,339.7,75.5,38.2,6.5,10.9,338.63,336.5,332.02,322.94,5.46,16.0,17.5,-7.0,-1.6,177.0,-3.7,-4.7,0.0,0,0,1,0,2,1,0,0.67,1,0,0,1
PT-107,2026-10-08T20:45:00,56,34.2,12.5,8.6,1,162.7,79.2,42.9,6.5,6743,340.5,73.0,36.2,6.5,10.2,339.67,337.78,333.47,324.39,5.17,15.4,17.4,-15.4,-5.2,177.8,-6.2,-6.7,0.0,0,0,1,0,2,1,0,0.75,1,0,0,1
PT-107,2026-10-08T20:50:00,56,34.2,12.5,8.6,1,162.7,79.2,42.9,6.5,6743,341.8,81.8,41.2,6.5,21.6,340.67,338.98,334.87,325.84,4.94,14.4,16.8,13.4,3.4,179.1,2.6,-1.7,0.0,0,0,1,0,2,1,0,0.83,1,0,0,1
PT-107,2026-10-08T20:55:00,56,34.2,12.5,8.6,1,162.7,79.2,42.9,6.5,6743,343.0,80.4,36.3,6.5,7.2,341.77,340.2,336.22,327.27,4.73,14.6,16.3,-2.6,-5.2,180.3,1.2,-6.6,0.0,0,0,1,0,2,1,0,0.92,1,0,0,1
PT-107,2026-10-08T21:00:00,56,34.2,12.5,8.6,1,162.7,79.2,42.9,6.5,6743,344.3,76.4,35.7,6.5,12.6,343.03,341.35,337.53,328.69,4.6,13.8,15.7,-10.8,0.4,181.6,-2.8,-7.2,0.0,0,0,1,0,2,1,0,1.0,1,0,0,1
PT-107,2026-10-08T21:05:00,56,34.2,12.5,8.6,1,162.7,79.2,42.9,6.5,6743,345.5,81.9,36.5,6.5,24.2,344.27,342.47,338.82,330.11,4.48,13.4,15.4,-1.2,-1.0,182.8,2.7,-6.4,0.0,0,0,1,0,2,1,0,1.08,1,0,0,1
PT-107,2026-10-08T21:10:00,56,34.2,12.5,8.6,1,162.7,79.2,42.9,6.5,6743,346.7,79.3,34.6,6.5,22.1,345.5,343.63,340.07,331.51,4.41,14.0,15.0,7.6,-7.2,184.0,0.1,-8.3,0.0,0,0,1,0,2,1,0,1.17,1,0,0,1
PT-107,2026-10-08T21:15:00,56,34.2,12.5,8.6,1,162.7,79.2,42.9,6.5,6743,348.2,75.4,42.4,6.5,8.5,346.8,344.92,341.35,332.92,4.34,15.4,15.4,4.8,12.4,185.5,-3.8,-0.5,0.0,0,0,1,0,2,1,0,1.25,1,0,0,1
PT-107,2026-10-08T21:20:00,56,34.2,12.5,8.6,1,162.7,79.2,42.9,6.5,6743,349.2,78.7,38.4,6.5,10.2,348.03,346.15,342.57,334.3,4.32,14.8,14.6,-6.2,-5.6,186.5,-0.5,-4.5,0.0,0,0,1,0,2,1,0,1.33,1,0,0,1
PT-107,2026-10-08T21:25:00,56,34.2,12.5,8.6,1,162.7,79.2,42.9,6.5,6743,350.1,76.9,35.3,6.5,11.5,349.17,347.33,343.77,335.66,4.24,14.2,14.4,-7.0,-2.0,187.4,-2.3,-7.6,0.0,0,0,1,0,2,1,0,1.42,1,0,0,1
PT-107,2026-10-08T21:30:00,56,34.2,12.5,8.6,1,162.7,79.2,42.9,6.5,6743,351.0,81.2,38.4,6.5,22.9,350.1,348.45,344.9,336.97,4.2,13.4,13.6,9.6,5.4,188.3,2.0,-4.5,0.0,0,0,1,0,2,1,0,1.5,1,0,0,1
PT-107,2026-10-08T21:35:00,56,34.2,12.5,8.6,1,162.7,79.2,42.9,6.5,6743,352.6,84.2,34.7,6.5,20.3,351.23,349.63,346.05,338.3,4.27,14.2,13.8,4.6,-3.6,189.9,5.0,-8.2,0.0,0,0,1,0,2,1,0,1.58,1,0,0,1
PT-107,2026-10-08T21:40:00,56,34.2,12.5,8.6,1,162.7,79.2,42.9,6.5,6743,354.1,77.0,38.6,6.5,10.2,352.57,350.87,347.25,339.63,4.35,14.8,14.4,-4.6,8.0,191.4,-2.2,-4.3,0.0,0,0,1,0,2,1,0,1.67,1,0,0,1
PT-107,2026-10-08T21:45:00,56,34.2,12.5,8.6,1,162.7,79.2,42.9,6.5,6743,356.0,77.9,36.0,6.5,13.5,354.23,352.17,348.54,341.0,4.46,15.6,15.5,5.0,-12.8,193.3,-1.3,-6.9,0.0,0,0,1,0,2,1,0,1.75,1,0,0,1
PT-107,2026-10-08T21:50:00,56,34.2,12.5,8.6,1,162.7,79.2,42.9,6.5,6743,357.5,85.2,32.9,6.5,10.9,355.87,353.55,349.85,342.36,4.6,16.6,15.7,13.0,-11.0,194.8,6.0,-10.0,0.0,0,0,1,0,2,1,0,1.83,1,0,0,1
PT-107,2026-10-08T21:55:00,56,34.2,12.5,8.6,1,162.7,79.2,42.9,6.5,6743,358.7,78.6,36.2,6.5,20.1,357.4,354.98,351.16,343.69,4.71,17.2,15.7,3.4,1.8,196.0,-0.6,-6.7,0.0,0,0,1,0,2,1,0,1.92,1,0,0,1
PT-108,2026-10-08T08:00:00,59,25.6,5.0,7.1,0,130.4,78.7,52.1,7.1,5254,131.0,79.0,47.1,7.1,9.9,131.0,131.0,131.0,131.0,0.0,0.0,0.0,0.0,0.0,0.6,0.3,-5.0,0.0,1,0,0,0,2,1,0,0.0,0,0,0,0
PT-108,2026-10-08T08:05:00,59,25.6,5.0,7.1,0,130.4,78.7,52.1,7.1,5254,130.6,85.8,48.8,7.1,15.9,130.8,130.8,130.8,130.8,0.28,0.0,0.0,0.0,0.0,0.2,7.1,-3.3,0.0,1,0,0,0,2,1,0,0.08,0,0,0,0
PT-108,2026-10-08T08:10:00,59,25.6,5.0,7.1,0,130.4,78.7,52.1,7.1,5254,131.4,83.2,49.2,7.1,8.7,131.0,131.0,131.0,131.0,0.4,0.0,0.0,0.0,0.0,1.0,4.5,-2.9,0.0,1,0,0,0,2,1,0,0.17,0,0,0,0
PT-108,2026-10-08T08:15:00,59,25.6,5.0,7.1,0,130.4,78.7,52.1,7.1,5254,132.5,83.2,51.5,7.1,6.3,131.5,131.38,131.38,131.38,0.82,0.0,0.0,0.0,0.0,2.1,4.5,-0.6,0.0,1,0,0,0,2,1,0,0.25,0,0,0,0
PT-108,2026-10-08T08:20:00,59,25.6,5.0,7.1,0,130.4,78.7,52.1,7.1,5254,136.6,81.8,50.7,7.1,17.3,133.5,132.42,132.42,132.42,2.44,0.0,0.0,0.0,0.0,6.2,3.1,-1.4,0.0,1,0,0,0,2,1,0,0.33,0,0,0,0
PT-108,2026-10-08T08:25:00,59,25.6,5.0,7.1,0,130.4,78.7,52.1,7.1,5254,130.5,86.2,46.0,7.1,24.7,133.2,132.1,132.1,132.1,2.32,0.0,0.0,0.0,0.0,0.1,7.5,-6.1,0.0,1,0,0,0,2,1,0,0.42,0,0,0,0
PT-108,2026-10-08T08:30:00,59,25.6,5.0,7.1,0,130.4,78.7,52.1,7.1,5254,128.9,88.2,39.4,7.1,68.9,132.0,131.75,131.64,131.64,2.44,-4.2,0.0,18.4,-15.4,-1.5,9.5,-12.7,0.0,1,0,0,0,2,1,0,0.5,0,0,0,0
PT-108,2026-10-08T08:35:00,59,25.6,5.0,7.1,0,130.4,78.7,52.1,7.1,5254,138.2,86.9,50.6,7.1,55.3,132.53,133.02,132.46,132.46,3.24,15.2,0.0,2.2,3.6,7.8,8.2,-1.5,0.0,1,0,0,0,2,1,0,0.58,0,0,0,0
PT-108,2026-10-08T08:40:00,59,25.6,5.0,7.1,0,130.4,78.7,52.1,7.1,5254,132.4,90.2,41.5,7.1,60.1,133.17,133.18,132.46,132.46,3.03,2.0,0.0,14.0,-15.4,2.0,11.5,-10.6,0.0,1,0,0,0,2,1,0,0.67,0,0,0,0
PT-108,2026-10-08T08:45:00,59,25.6,5.0,7.1,0,130.4,78.7,52.1,7.1,5254,126.2,85.6,43.2,7.1,52.7,132.27,132.13,131.83,131.83,3.47,-12.6,0.0,4.8,-16.6,-4.2,6.9,-8.9,0.0,1,0,0,0,2,1,0,0.75,0,0,0,0
PT-108,2026-10-08T08:50:00,59,25.6,5.0,7.1,0,130.4,78.7,52.1,7.1,5254,135.4,88.4,43.6,7.1,52.2,131.33,131.93,132.15,132.15,3.47,-2.4,0.0,13.2,-14.2,5.0,9.7,-8.5,0.0,1,0,0,0,2,1,0,0.83,0,0,0,0
PT-108,2026-10-08T08:55:00,59,25.6,5.0,7.1,0,130.4,78.7,52.1,7.1,5254,132.2,89.6,46.4,7.1,65.2,131.27,132.22,132.16,132.16,3.3,3.4,0.0,6.8,0.8,1.8,10.9,-5.7,0.0,1,0,0,0,2,1,0,0.92,0,0,0,0
PT-108,2026-10-08T09:00:00,59,25.6,5.0,7.1,0,130.4,78.7,52.1,7.1,5254,134.4,89.0,50.3,7.1,52.4,134.0,133.13,132.44,132.33,3.34,11.0,3.4,1.6,21.8,4.0,10.3,-1.8,0.0,1,0,0,0,2,1,0,1.0,0,0,0,0
PT-108,2026-10-08T09:05:00,59,25.6,5.0,7.1,0,130.4,78.7,52.1,7.1,5254,133.1,95.0,44.1,7.1,61.2,133.23,132.28,132.65,132.39,3.29,-10.2,2.5,16.2,-13.0,2.7,16.3,-8.0,0.0,1,0,0,0,2,1,0,1.08,0,0,0,0
PT-108,2026-10-08T09:10:00,59,25.6,5.0,7.1,0,130.4,78.7,52.1,7.1,5254,132.0,90.4,44.5,7.1,62.0,133.17,132.22,132.7,132.36,3.28,-0.8,0.6,0.4,6.0,1.6,11.7,-7.6,0.0,1,0,0,0,2,1,0,1.17,0,0,0,0
PT-108,2026-10-08T09:15:00,59,25.6,5.0,7.1,0,130.4,78.7,52.1,7.1,5254,132.9,92.6,42.2,7.1,74.4,132.67,133.33,132.73,132.39,3.28,13.4,0.4,14.0,-2.0,2.5,13.9,-9.9,0.0,1,0,0,0,2,1,0,1.25,0,0,0,0
PT-108,2026-10-08T09:20:00,59,25.6,5.0,7.1,0,130.4,78.7,52.1,7.1,5254,141.1,90.3,46.9,7.1,54.7,135.33,134.28,133.11,132.91,3.95,11.4,4.5,3.8,6.6,10.7,11.6,-5.2,0.0,1,0,0,0,2,1,0,1.33,0,0,0,0
PT-108,2026-10-08T09:25:00,59,25.6,5.0,7.1,0,130.4,78.7,52.1,7.1,5254,132.1,90.1,44.8,7.1,60.2,135.37,134.27,133.24,132.86,3.88,-0.2,1.6,1.0,-3.2,1.7,11.4,-7.3,0.0,1,0,0,0,2,1,0,1.42,0,0,0,0
PT-108,2026-10-08T09:30:00,59,25.6,5.0,7.1,0,130.4,78.7,52.1,7.1,5254,127.9,89.8,41.1,7.1,64.9,133.7,133.18,133.16,132.6,3.99,-13.0,-1.0,1.6,-18.4,-2.5,11.1,-11.0,0.0,1,0,0,0,2,1,0,1.5,0,0,0,0
PT-108,2026-10-08T09:35:00,59,25.6,5.0,7.1,0,130.4,78.7,52.1,7.1,5254,132.2,83.7,52.1,7.1,9.6,130.73,133.03,132.66,132.58,3.66,-1.8,-6.0,-22.6,16.0,1.8,5.0,0.0,0.0,1,0,0,0,2,1,0,1.58,0,0,0,0
PT-108,2026-10-08T09:40:00,59,25.6,5.0,7.1,0,130.4,78.7,52.1,7.1,5254,142.7,84.1,48.4,7.1,20.8,134.27,134.82,133.52,133.06,4.67,21.4,10.3,-12.6,7.8,12.3,5.4,-3.7,0.0,1,0,0,0,2,1,0,1.67,0,0,0,0
PT-108,2026-10-08T09:45:00,59,25.6,5.0,7.1,0,130.4,78.7,52.1,7.1,5254,133.5,81.3,49.3,7.1,10.3,136.13,134.92,134.12,133.08,4.06,1.2,7.3,-22.6,14.2,3.1,2.6,-2.8,0.0,1,0,0,0,2,1,0,1.75,0,0,0,0
PT-108,2026-10-08T09:50:00,59,25.6,5.0,7.1,0,130.4,78.7,52.1,7.1,5254,131.2,83.3,50.5,7.1,5.8,135.8,133.27,133.78,133.0,4.12,-19.8,-4.2,-14.0,7.2,0.8,4.6,-1.6,0.0,1,0,0,0,2,1,0,1.83,0,0,0,0
PT-108,2026-10-08T09:55:00,59,25.6,5.0,7.1,0,130.4,78.7,52.1,7.1,5254,130.4,83.6,47.5,7.1,6.4,131.7,132.98,133.62,132.89,4.22,-3.4,-1.8,-13.0,5.4,0.0,4.9,-4.6,0.0,1,0,0,0,2,1,0,1.92,0,0,0,0
PT-108,2026-10-08T10:00:00,59,25.6,5.0,7.1,0,130.4,78.7,52.1,7.1,5254,135.1,83.9,56.5,7.1,9.4,132.23,134.18,133.68,133.06,4.23,14.4,0.7,-11.8,30.8,4.7,5.2,4.4,0.0,1,0,0,0,2,1,0,2.0,0,0,0,0
PT-108,2026-10-08T10:05:00,59,25.6,5.0,7.1,0,130.4,78.7,52.1,7.1,5254,129.2,84.5,53.2,7.1,12.1,131.57,133.68,133.36,133.0,4.43,-6.0,-3.9,1.6,2.2,-1.2,5.8,1.1,0.0,1,0,0,0,2,1,0,2.08,0,0,0,0
PT-108,2026-10-08T10:10:00,59,25.6,5.0,7.1,0,130.4,78.7,52.1,7.1,5254,133.2,85.0,50.9,7.1,5.9,132.5,132.1,133.46,133.08,4.41,-19.0,1.2,1.8,5.0,2.8,6.3,-1.2,0.0,1,0,0,0,2,1,0,2.17,0,0,0,0
PT-108,2026-10-08T10:15:00,59,25.6,5.0,7.1,0,130.4,78.7,52.1,7.1,5254,135.7,87.5,49.0,7.1,22.0,132.7,132.47,133.69,133.21,4.45,4.4,2.8,12.4,-0.6,5.3,8.8,-3.1,0.0,1,0,0,0,2,1,0,2.25,0,0,0,0
PT-108,2026-10-08T10:20:00,59,25.6,5.0,7.1,0,130.4,78.7,52.1,7.1,5254,131.2,86.0,50.8,7.1,13.8,133.37,132.47,132.87,132.99,3.83,0.0,-9.9,5.4,0.6,0.8,7.3,-1.3,0.0,1,0,0,0,2,1,0,2.33,0,0,0,0
PT-108,2026-10-08T10:25:00,59,25.6,5.0,7.1,0,130.4,78.7,52.1,7.1,5254,134.4,84.9,51.6,7.1,5.4,133.77,133.13,133.06,133.15,3.84,8.0,2.3,2.6,8.2,4.0,6.2,-0.5,0.0,1,0,0,0,2,1,0,2.42,0,0,0,0
PT-108,2026-10-08T10:30:00,59,25.6,5.0,7.1,0,130.4,78.7,52.1,7.1,5254,134.4,87.5,49.0,7.1,12.7,133.33,133.02,133.6,133.38,3.49,-1.4,6.5,7.2,-15.0,4.0,8.8,-3.1,0.0,1,0,0,0,2,1,0,2.5,0,0,0,0
PT-108,2026-10-08T10:35:00,59,25.6,5.0,7.1,0,130.4,78.7,52.1,7.1,5254,134.1,90.4,43.0,7.1,24.2,134.3,133.83,133.76,133.21,3.46,9.8,1.9,11.8,-20.4,3.7,11.7,-9.1,0.0,1,0,0,0,2,1,0,2.58,0,0,0,0
PT-108,2026-10-08T10:40:00,59,25.6,5.0,7.1,0,130.4,78.7,52.1,7.1,5254,135.7,82.4,49.1,7.1,5.2,134.73,134.25,133.17,133.35,2.17,5.0,-7.0,-5.2,-3.6,5.3,3.7,-3.0,0.0,1,0,0,0,2,1,0,2.67,0,0,0,0
PT-108,2026-10-08T10:45:00,59,25.6,5.0,7.1,0,130.4,78.7,52.1,7.1,5254,136.9,87.1,53.2,7.1,20.6,135.57,134.45,133.46,133.79,2.42,2.4,3.4,-0.8,8.4,6.5,8.4,1.1,0.0,1,0,0,0,2,1,0,2.75,0,0,0,0
PT-108,2026-10-08T10:50:00,59,25.6,5.0,7.1,0,130.4,78.7,52.1,7.1,5254,136.1,84.0,51.8,7.1,11.9,136.23,135.27,133.87,133.82,2.42,9.8,4.9,-4.0,2.0,5.7,5.3,-0.3,0.0,1,0,0,0,2,1,0,2.83,0,0,0,0
PT-108,2026-10-08T10:55:00,59,25.6,5.0,7.1,0,130.4,78.7,52.1,7.1,5254,138.3,87.0,51.3,7.1,16.5,137.1,135.92,134.52,134.07,2.47,7.8,7.9,4.2,-0.6,7.9,8.3,-0.8,0.0,1,0,0,0,2,1,0,2.92,0,0,0,0
PT-108,2026-10-08T11:00:00,59,25.6,5.0,7.1,0,130.4,78.7,52.1,7.1,5254,130.9,83.9,50.2,7.1,5.9,135.1,135.33,134.17,133.93,2.67,-7.0,-4.2,-7.2,2.4,0.5,5.2,-1.9,0.0,1,0,0,0,2,1,0,3.0,0,0,0,0
PT-108,2026-10-08T11:05:00,59,25.6,5.0,7.1,0,130.4,78.7,52.1,7.1,5254,133.8,85.0,47.6,7.1,24.5,134.33,135.28,134.56,133.96,2.17,-0.6,4.6,-10.8,9.2,3.4,6.3,-4.5,0.0,1,0,0,0,2,1,0,3.08,0,0,0,0
PT-108,2026-10-08T11:10:00,59,25.6,5.0,7.1,0,130.4,78.7,52.1,7.1,5254,135.5,84.9,51.4,7.1,12.6,133.4,135.25,134.75,134.1,2.14,-0.4,2.3,5.0,4.6,5.1,6.2,-0.7,0.0,1,0,0,0,2,1,0,3.17,0,0,0,0
PT-108,2026-10-08T11:15:00,59,25.6,5.0,7.1,0,130.4,78.7,52.1,7.1,5254,135.3,89.5,48.9,7.1,16.1,134.87,134.98,134.72,134.2,2.13,-3.2,-0.4,4.8,-8.6,4.9,10.8,-3.2,0.0,1,0,0,0,2,1,0,3.25,0,0,0,0
PT-108,2026-10-08T11:20:00,59,25.6,5.0,7.1,0,130.4,78.7,52.1,7.1,5254,136.4,83.5,50.9,7.1,17.3,135.73,135.03,135.15,134.01,1.86,0.6,5.2,-1.0,-1.8,6.0,4.8,-1.2,0.0,1,0,0,0,2,1,0,3.33,0,0,0,0
PT-108,2026-10-08T11:25:00,59,25.6,5.0,7.1,0,130.4,78.7,52.1,7.1,5254,134.6,83.8,51.8,7.1,25.0,135.43,134.42,135.17,134.11,1.85,-7.4,0.2,-6.4,1.0,4.2,5.1,-0.3,0.0,1,0,0,0,2,1,0,3.42,0,0,0,0
PT-108,2026-10-08T11:30:00,59,25.6,5.0,7.1,0,130.4,78.7,52.1,7.1,5254,140.2,85.3,44.4,7.1,23.6,137.07,135.97,135.65,134.62,2.33,18.6,5.8,2.8,-11.6,9.8,6.6,-7.7,0.0,1,0,0,0,2,1,0,3.5,0,0,0,0
PT-108,2026-10-08T11:35:00,59,25.6,5.0,7.1,0,130.4,78.7,52.1,7.1,5254,137.4,85.8,48.2,7.1,11.3,137.4,136.57,135.93,134.84,2.32,7.2,3.3,1.6,1.2,7.0,7.1,-3.9,0.0,1,0,0,0,2,1,0,3.58,0,0,0,0
PT-108,2026-10-08T11:40:00,59,25.6,5.0,7.1,0,130.4,78.7,52.1,7.1,5254,138.1,80.2,51.0,7.1,16.1,138.57,137.0,136.12,134.65,2.41,5.2,2.4,-9.4,-0.8,7.7,1.5,-1.1,0.0,1,0,0,0,2,1,0,3.67,0,0,0,0
PT-108,2026-10-08T11:45:00,59,25.6,5.0,7.1,0,130.4,78.7,52.1,7.1,5254,137.2,85.4,49.9,7.1,14.6,137.57,137.32,136.15,134.8,2.42,3.8,0.3,-8.2,2.0,6.8,6.7,-2.2,0.0,1,0,0,0,2,1,0,3.75,0,0,0,0
PT-108,2026-10-08T11:50:00,59,25.6,5.0,7.1,0,130.4,78.7,52.1,7.1,5254,138.4,84.4,52.9,7.1,7.2,137.9,137.65,136.34,135.1,2.5,4.0,2.3,1.8,4.0,8.0,5.7,0.8,0.0,1,0,0,0,2,1,0,3.83,0,0,0,0
PT-108,2026-10-08T11:55:00,59,25.6,5.0,7.1,0,130.4,78.7,52.1,7.1,5254,137.6,85.9,50.9,7.1,7.8,137.73,138.15,136.28,135.4,2.46,6.0,-0.7,4.2,-1.8,7.2,7.2,-1.2,0.0,1,0,0,0,2,1,0,3.92,0,0,0,0
PT-108,2026-10-08T12:00:00,59,25.6,5.0,7.1,0,130.4,78.7,52.1,7.1,5254,139.6,87.8,51.2,7.1,11.9,138.53,138.05,137.01,135.59,1.96,-1.2,8.7,5.0,13.6,9.2,9.1,-0.9,0.0,0,1,0,0,2,1,0,4.0,0,0,0,0
PT-108,2026-10-08T12:05:00,59,25.6,5.0,7.1,0,130.4,78.7,52.1,7.1,5254,141.8,84.0,49.3,7.1,8.8,139.67,138.78,137.68,136.12,2.12,8.8,8.0,-3.6,2.2,11.4,5.3,-2.8,0.0,0,1,0,0,2,1,0,4.08,0,0,0,0
PT-108,2026-10-08T12:10:00,59,25.6,5.0,7.1,0,130.4,78.7,52.1,7.1,5254,135.3,85.7,53.1,7.1,15.3,138.9,138.32,137.66,136.2,2.14,-5.6,-0.2,11.0,4.2,4.9,7.0,1.0,0.0,0,1,0,0,2,1,0,4.17,0,0,0,0
PT-108,2026-10-08T12:15:00,59,25.6,5.0,7.1,0,130.4,78.7,52.1,7.1,5254,133.7,87.4,50.2,7.1,13.5,136.93,137.73,137.52,136.12,2.34,-7.0,-1.6,4.0,0.6,3.3,8.7,-1.9,0.0,0,1,0,0,2,1,0,4.25,0,0,0,0
PT-108,2026-10-08T12:20:00,59,25.6,5.0,7.1,0,130.4,78.7,52.1,7.1,5254,133.6,86.7,48.4,7.1,21.0,134.2,136.93,137.29,136.22,2.59,-9.6,-2.8,4.6,-9.0,3.2,8.0,-3.7,0.0,0,1,0,0,2,1,0,4.33,0,0,0,0
PT-108,2026-10-08T12:25:00,59,25.6,5.0,7.1,0,130.4,78.7,52.1,7.1,5254,131.9,87.4,50.1,7.1,24.8,133.07,135.98,137.07,136.12,2.94,-11.4,-2.7,3.0,-1.6,1.5,8.7,-2.0,0.0,0,1,0,0,2,1,0,4.42,0,0,0,0
PT-108,2026-10-08T12:30:00,59,25.6,5.0,7.1,0,130.4,78.7,52.1,7.1,5254,141.9,87.3,50.3,7.1,13.1,135.8,136.37,137.21,136.43,3.14,4.6,1.7,-1.0,-1.8,11.5,8.6,-1.8,0.0,0,1,0,0,2,1,0,4.5,0,0,0,0
PT-108,2026-10-08T12:35:00,59,25.6,5.0,7.1,0,130.4,78.7,52.1,7.1,5254,145.4,81.5,48.4,7.1,5.4,139.73,136.97,137.88,136.9,3.93,7.2,8.0,-5.0,-1.8,15.0,2.8,-3.7,0.0,0,1,0,0,2,1,0,4.58,0,0,0,0
PT-108,2026-10-08T12:40:00,59,25.6,5.0,7.1,0,130.4,78.7,52.1,7.1,5254,141.8,82.4,48.2,7.1,20.6,143.03,138.05,138.18,137.15,4.09,13.0,3.7,-6.6,-9.8,11.4,3.7,-3.9,0.0,0,1,0,0,2,1,0,4.67,0,0,0,0
PT-108,2026-10-08T12:45:00,59,25.6,5.0,7.1,0,130.4,78.7,52.1,7.1,5254,135.0,83.2,48.0,7.1,16.8,140.73,138.27,138.0,137.08,4.19,2.6,-2.2,-8.4,-4.4,4.6,4.5,-4.1,0.0,0,1,0,0,2,1,0,4.75,0,0,0,0
PT-108,2026-10-08T12:50:00,59,25.6,5.0,7.1,0,130.4,78.7,52.1,7.1,5254,138.2,85.5,54.7,7.1,7.3,138.33,139.03,137.98,137.16,4.19,9.2,-0.2,-2.4,12.6,7.8,6.8,2.6,0.0,0,1,0,0,2,1,0,4.83,0,0,0,0
PT-108,2026-10-08T12:55:00,59,25.6,5.0,7.1,0,130.4,78.7,52.1,7.1,5254,136.6,83.0,50.6,7.1,11.6,136.6,139.82,137.9,137.09,4.21,9.4,-1.0,-8.8,1.0,6.2,4.3,-1.5,0.0,0,1,0,0,2,1,0,4.92,0,0,0,0
PT-108,2026-10-08T13:00:00,59,25.6,5.0,7.1,0,130.4,78.7,52.1,7.1,5254,135.3,82.7,48.4,7.1,28.8,136.7,138.72,137.54,137.28,4.23,-13.2,-4.3,-9.2,-3.8,4.9,4.0,-3.7,0.0,0,1,0,0,2,1,0,5.0,0,0,0,0
PT-108,2026-10-08T13:05:00,59,25.6,5.0,7.1,0,130.4,78.7,52.1,7.1,5254,143.2,88.1,52.0,7.1,29.7,138.37,138.35,137.66,137.67,4.38,-4.4,1.4,13.2,7.2,12.8,9.4,-0.1,0.0,0,1,0,0,2,1,0,5.08,0,0,0,0
PT-108,2026-10-08T13:10:00,59,25.6,5.0,7.1,0,130.4,78.7,52.1,7.1,5254,134.4,91.1,50.1,7.1,30.8,137.63,137.12,137.58,137.62,4.43,-14.8,-0.9,17.4,3.8,4.0,12.4,-2.0,0.0,0,1,0,0,2,1,0,5.17,0,0,0,0
PT-108,2026-10-08T13:15:00,59,25.6,5.0,7.1,0,130.4,78.7,52.1,7.1,5254,137.7,88.0,44.4,7.1,24.6,138.43,137.57,137.92,137.72,4.26,5.4,4.0,9.6,-7.2,7.3,9.3,-7.7,0.0,0,1,0,0,2,1,0,5.25,0,0,0,0
PT-108,2026-10-08T13:20:00,59,25.6,5.0,7.1,0,130.4,78.7,52.1,7.1,5254,141.2,85.2,50.6,7.1,22.7,137.77,138.07,138.55,137.92,4.12,6.0,7.6,-0.6,-8.2,10.8,6.5,-1.5,0.0,0,1,0,0,2,1,0,5.33,0,0,0,0
PT-108,2026-10-08T13:25:00,59,25.6,5.0,7.1,0,130.4,78.7,52.1,7.1,5254,142.6,84.7,51.0,7.1,26.6,140.5,139.07,139.44,138.25,3.68,12.0,10.7,3.4,0.8,12.2,6.0,-1.1,0.0,0,1,0,0,2,1,0,5.42,0,0,0,0
PT-108,2026-10-08T13:30:00,59,25.6,5.0,7.1,0,130.4,78.7,52.1,7.1,5254,139.4,87.2,44.9,7.1,34.4,141.07,139.75,139.23,138.22,3.6,8.2,-2.5,9.0,-7.0,9.0,8.5,-7.2,0.0,0,1,0,0,2,1,0,5.5,0,0,0,0
PT-108,2026-10-08T13:35:00,59,25.6,5.0,7.1,0,130.4,78.7,52.1,7.1,5254,143.1,84.7,50.3,7.1,32.1,141.7,139.73,139.04,138.46,3.29,-0.2,-2.3,-6.8,-3.4,12.7,6.0,-1.8,0.0,0,1,0,0,2,1,0,5.58,0,0,0,0
PT-108,2026-10-08T13:40:00,59,25.6,5.0,7.1,0,130.4,78.7,52.1,7.1,5254,134.5,86.8,50.0,7.1,20.6,139.0,139.75,138.43,138.31,3.41,0.2,-7.3,-8.6,-0.2,4.1,8.1,-2.1,0.0,0,1,0,0,2,1,0,5.67,0,0,0,0
PT-108,2026-10-08T13:45:00,59,25.6,5.0,7.1,0,130.4,78.7,52.1,7.1,5254,137.6,86.7,46.5,7.1,23.5,138.4,139.73,138.65,138.33,3.25,-0.2,2.6,-2.6,4.2,7.2,8.0,-5.6,0.0,0,1,0,0,2,1,0,5.75,0,0,0,0
PT-108,2026-10-08T13:50:00,59,25.6,5.0,7.1,0,130.4,78.7,52.1,7.1,5254,143.4,87.4,48.2,7.1,24.1,138.5,140.1,139.08,138.53,3.52,4.4,5.2,4.4,-4.8,13.0,8.7,-3.9,0.0,0,1,0,0,2,1,0,5.83,0,0,0,0
PT-108,2026-10-08T13:55:00,59,25.6,5.0,7.1,0,130.4,78.7,52.1,7.1,5254,135.2,85.5,50.8,7.1,23.4,138.73,138.87,138.97,138.43,3.63,-14.8,-1.4,1.6,-0.4,4.8,6.8,-1.3,0.0,0,1,0,0,2,1,0,5.92,0,0,0,0
PT-108,2026-10-08T14:00:00,59,25.6,5.0,7.1,0,130.4,78.7,52.1,7.1,5254,143.8,85.0,49.7,7.1,21.2,140.8,139.6,139.67,138.61,3.68,8.8,8.5,-4.4,9.6,13.4,6.3,-2.4,0.0,0,1,0,0,2,1,0,6.0,0,0,0,0
PT-108,2026-10-08T14:05:00,59,25.6,5.0,7.1,0,130.4,78.7,52.1,7.1,5254,138.5,85.5,55.7,7.1,9.0,139.17,138.83,139.28,138.47,3.52,-9.2,-4.7,1.6,10.8,8.1,6.8,3.6,0.0,0,1,0,0,2,1,0,6.08,0,0,0,0
PT-108,2026-10-08T14:10:00,59,25.6,5.0,7.1,0,130.4,78.7,52.1,7.1,5254,140.6,85.9,51.8,7.1,11.5,140.97,139.85,139.8,138.69,3.17,12.2,6.2,-1.8,3.6,10.2,7.2,-0.3,0.0,0,1,0,0,2,1,0,6.17,0,0,0,0
PT-108,2026-10-08T14:15:00,59,25.6,5.0,7.1,0,130.4,78.7,52.1,7.1,5254,136.4,82.5,47.5,7.1,13.3,138.5,139.65,139.69,138.8,3.27,-2.4,-1.3,-8.4,2.0,6.0,3.8,-4.6,0.0,0,1,0,0,2,1,0,6.25,0,0,0,0
PT-108,2026-10-08T14:20:00,59,25.6,5.0,7.1,0,130.4,78.7,52.1,7.1,5254,138.9,85.8,49.9,7.1,18.1,138.63,138.9,139.5,139.02,3.24,-9.0,-2.3,-3.2,3.4,8.5,7.1,-2.2,0.0,0,1,0,0,2,1,0,6.33,0,0,0,0
PT-108,2026-10-08T14:25:00,59,25.6,5.0,7.1,0,130.4,78.7,52.1,7.1,5254,142.2,83.2,49.7,7.1,11.5,139.17,140.07,139.47,139.45,3.21,14.0,-0.4,-4.6,-2.2,11.8,4.5,-2.4,0.0,0,1,0,0,2,1,0,6.42,0,0,0,0
PT-108,2026-10-08T14:30:00,59,25.6,5.0,7.1,0,130.4,78.7,52.1,7.1,5254,138.5,82.4,48.8,7.1,24.6,139.87,139.18,139.39,139.31,3.22,-10.6,-0.9,-5.2,-1.8,8.1,3.7,-3.3,0.0,0,1,0,0,2,1,0,6.5,0,0,0,0
PT-108,2026-10-08T14:35:00,59,25.6,5.0,7.1,0,130.4,78.7,52.1,7.1,5254,146.7,83.5,46.5,7.1,24.6,142.47,140.55,139.69,139.37,3.73,16.4,3.6,-4.0,-18.4,16.3,4.8,-5.6,0.0,0,1,0,0,2,1,0,6.58,0,0,0,0
PT-108,2026-10-08T14:40:00,59,25.6,5.0,7.1,0,130.4,78.7,52.1,7.1,5254,141.9,85.2,49.4,7.1,11.3,142.37,140.77,140.31,139.37,3.38,2.6,7.4,-1.4,-4.8,11.5,6.5,-2.7,0.0,0,1,0,0,2,1,0,6.67,0,0,0,0
PT-108,2026-10-08T14:45:00,59,25.6,5.0,7.1,0,130.4,78.7,52.1,7.1,5254,137.1,77.9,51.9,7.1,8.7,141.9,140.88,140.27,139.46,3.42,1.4,-0.5,-9.2,8.8,6.7,-0.8,-0.2,0.0,0,1,0,0,2,1,0,6.75,0,0,0,0
PT-108,2026-10-08T14:50:00,59,25.6,5.0,7.1,0,130.4,78.7,52.1,7.1,5254,133.7,83.8,51.0,7.1,22.7,137.57,140.02,139.46,139.27,3.75,-10.4,-9.7,-4.0,2.2,3.3,5.1,-1.1,0.0,0,1,0,0,2,1,0,6.83,0,0,0,0
PT-108,2026-10-08T14:55:00,59,25.6,5.0,7.1,0,130.4,78.7,52.1,7.1,5254,137.6,80.4,48.7,7.1,11.2,136.13,139.25,139.66,139.31,3.56,-9.2,2.4,-5.6,-2.0,7.2,1.7,-3.4,0.0,0,1,0,0,2,1,0,6.92,0,0,0,0
PT-108,2026-10-08T15:00:00,59,25.6,5.0,7.1,0,130.4,78.7,52.1,7.1,5254,135.4,86.9,48.2,7.1,15.3,135.57,138.73,138.96,139.32,3.5,-6.2,-8.4,9.0,-1.2,5.0,8.2,-3.9,0.0,0,1,0,0,2,1,0,7.0,0,0,0,0
PT-108,2026-10-08T15:05:00,59,25.6,5.0,7.1,0,130.4,78.7,52.1,7.1,5254,137.3,81.0,49.7,7.1,14.1,136.77,137.17,138.86,139.07,3.53,-18.8,-1.2,-5.0,6.4,6.9,2.3,-2.4,0.0,0,1,0,0,2,1,0,7.08,0,0,0,0
PT-108,2026-10-08T15:10:00,59,25.6,5.0,7.1,0,130.4,78.7,52.1,7.1,5254,132.4,83.5,52.9,7.1,10.5,135.03,135.58,138.17,138.99,3.93,-19.0,-8.2,-3.4,7.0,2.0,4.8,0.8,0.0,0,1,0,0,2,1,0,7.17,0,0,0,0
PT-108,2026-10-08T15:15:00,59,25.6,5.0,7.1,0,130.4,78.7,52.1,7.1,5254,137.8,83.6,49.4,7.1,12.8,135.83,135.7,138.29,138.99,3.89,1.4,1.4,11.4,-5.0,7.4,4.9,-2.7,0.0,0,1,0,0,2,1,0,7.25,0,0,0,0
PT-108,2026-10-08T15:20:00,59,25.6,5.0,7.1,0,130.4,78.7,52.1,7.1,5254,137.6,85.5,46.6,7.1,24.3,135.93,136.35,138.18,138.84,3.89,7.8,-1.3,3.4,-8.8,7.2,6.8,-5.5,0.0,0,1,0,0,2,1,0,7.33,0,0,0,0
PT-108,2026-10-08T15:25:00,59,25.6,5.0,7.1,0,130.4,78.7,52.1,7.1,5254,138.7,81.2,54.0,7.1,8.5,138.03,136.53,137.89,138.68,3.69,2.2,-3.5,1.6,10.6,8.3,2.5,1.9,0.0,0,1,0,0,2,1,0,7.42,0,0,0,0
PT-108,2026-10-08T15:30:00,59,25.6,5.0,7.1,0,130.4,78.7,52.1,7.1,5254,133.0,84.9,53.8,7.1,18.1,136.43,136.13,137.43,138.41,3.94,-4.8,-5.5,-4.0,11.2,2.6,6.2,1.7,0.0,0,1,0,0,2,1,0,7.5,0,0,0,0
PT-108,2026-10-08T15:35:00,59,25.6,5.0,7.1,0,130.4,78.7,52.1,7.1,5254,130.0,82.2,47.7,7.1,21.0,133.9,134.92,136.04,137.87,3.26,-14.6,-16.7,2.4,-4.0,-0.4,3.5,-4.4,0.0,0,1,0,0,2,1,0,7.58,0,0,0,0
PT-108,2026-10-08T15:40:00,59,25.6,5.0,7.1,0,130.4,78.7,52.1,7.1,5254,138.3,81.5,50.0,7.1,7.3,133.77,135.9,135.74,138.02,2.81,11.8,-3.6,-4.0,-5.8,7.9,2.8,-2.1,0.0,0,1,0,0,2,1,0,7.67,0,0,0,0
PT-108,2026-10-08T15:45:00,59,25.6,5.0,7.1,0,130.4,78.7,52.1,7.1,5254,134.4,81.1,49.7,7.1,7.3,134.23,135.33,135.52,137.89,2.8,-6.8,-2.7,-5.0,0.6,4.0,2.4,-2.4,0.0,0,1,0,0,2,1,0,7.75,0,0,0,0
PT-108,2026-10-08T15:50:00,59,25.6,5.0,7.1,0,130.4,78.7,52.1,7.1,5254,141.1,82.2,48.5,7.1,13.5,137.93,135.92,136.13,137.8,3.15,7.0,7.4,-6.6,3.8,10.7,3.5,-3.6,0.0,0,1,0,0,2,1,0,7.83,0,0,0,0
PT-108,2026-10-08T15:55:00,59,25.6,5.0,7.1,0,130.4,78.7,52.1,7.1,5254,139.6,83.9,50.9,7.1,18.4,138.37,136.07,136.3,137.98,3.29,1.8,2.0,5.4,-6.2,9.2,5.2,-1.2,0.0,0,1,0,0,2,1,0,7.92,0,0,0,0
PT-108,2026-10-08T16:00:00,59,25.6,5.0,7.1,0,130.4,78.7,52.1,7.1,5254,138.5,84.7,50.2,7.1,14.6,139.73,136.98,136.56,137.76,3.33,11.0,3.1,-0.4,-7.2,8.1,6.0,-1.9,0.0,0,1,0,0,2,1,0,8.0,0,0,0,0
PT-108,2026-10-08T16:05:00,59,25.6,5.0,7.1,0,130.4,78.7,52.1,7.1,5254,140.7,84.7,50.6,7.1,15.9,139.6,138.77,136.84,137.85,3.54,21.4,3.4,5.0,5.8,10.3,6.0,-1.5,0.0,0,1,0,0,2,1,0,8.08,0,0,0,0
PT-108,2026-10-08T16:10:00,59,25.6,5.0,7.1,0,130.4,78.7,52.1,7.1,5254,130.8,79.2,46.0,7.1,15.9,136.67,137.52,136.71,137.44,3.74,-15.0,-1.6,-4.6,-8.0,0.4,0.5,-6.1,0.0,0,1,0,0,2,1,0,8.17,0,0,0,0
PT-108,2026-10-08T16:15:00,59,25.6,5.0,7.1,0,130.4,78.7,52.1,7.1,5254,139.0,82.4,47.0,7.1,22.0,136.83,138.28,136.81,137.55,3.79,9.2,1.2,2.6,-5.4,8.6,3.7,-5.1,0.0,0,1,0,0,2,1,0,8.25,0,0,0,0
PT-108,2026-10-08T16:20:00,59,25.6,5.0,7.1,0,130.4,78.7,52.1,7.1,5254,143.4,83.0,51.8,7.1,8.5,137.73,138.67,137.29,137.74,4.25,4.6,5.8,1.6,6.6,13.0,4.3,-0.3,0.0,0,1,0,0,2,1,0,8.33,0,0,0,0
PT-108,2026-10-08T16:25:00,59,25.6,5.0,7.1,0,130.4,78.7,52.1,7.1,5254,132.4,84.5,55.0,7.1,16.6,138.27,137.47,136.77,137.33,4.44,-14.4,-6.3,1.2,8.2,2.0,5.8,2.9,0.0,0,1,0,0,2,1,0,8.42,0,0,0,0
PT-108,2026-10-08T16:30:00,59,25.6,5.0,7.1,0,130.4,78.7,52.1,7.1,5254,134.4,83.9,50.6,7.1,14.9,136.73,136.78,136.88,137.16,4.35,-8.2,1.4,-1.6,0.8,4.0,5.2,-1.5,0.0,0,1,0,0,2,1,0,8.5,0,0,0,0
PT-108,2026-10-08T16:35:00,59,25.6,5.0,7.1,0,130.4,78.7,52.1,7.1,5254,138.0,83.7,50.8,7.1,17.9,134.93,136.33,137.55,136.8,3.77,-5.4,8.0,-2.0,0.4,7.6,5.0,-1.3,0.0,0,1,0,0,2,1,0,8.58,0,0,0,0
PT-108,2026-10-08T16:40:00,59,25.6,5.0,7.1,0,130.4,78.7,52.1,7.1,5254,139.3,80.8,48.0,7.1,21.9,137.23,137.75,137.63,136.69,3.8,17.0,1.0,3.2,4.0,8.9,2.1,-4.1,0.0,0,1,0,0,2,1,0,8.67,0,0,0,0
PT-108,2026-10-08T16:45:00,59,25.6,5.0,7.1,0,130.4,78.7,52.1,7.1,5254,141.0,80.2,49.9,7.1,16.6,139.43,138.08,138.18,136.85,3.77,4.0,6.6,-4.4,5.8,10.6,1.5,-2.2,0.0,0,1,0,0,2,1,0,8.75,0,0,0,0
PT-108,2026-10-08T16:50:00,59,25.6,5.0,7.1,0,130.4,78.7,52.1,7.1,5254,136.4,81.5,49.8,7.1,12.7,138.9,136.92,137.79,136.96,3.68,-14.0,-4.7,-3.0,-4.0,6.0,2.8,-2.3,0.0,0,1,0,0,2,1,0,8.83,0,0,0,0
PT-108,2026-10-08T16:55:00,59,25.6,5.0,7.1,0,130.4,78.7,52.1,7.1,5254,140.4,79.6,48.8,7.1,9.3,139.27,138.25,137.86,137.08,3.72,16.0,0.8,-9.8,-12.4,10.0,0.9,-3.3,0.0,0,1,0,0,2,1,0,8.92,0,0,0,0
PT-108,2026-10-08T17:00:00,59,25.6,5.0,7.1,0,130.4,78.7,52.1,7.1,5254,138.9,88.1,42.1,7.1,64.9,138.57,139.0,137.89,137.22,3.73,9.0,0.4,8.4,-17.0,8.5,9.4,-10.0,0.0,0,0,1,0,2,1,0,9.0,0,0,0,0
PT-108,2026-10-08T17:05:00,59,25.6,5.0,7.1,0,130.4,78.7,52.1,7.1,5254,136.2,93.1,43.1,7.1,73.1,138.5,138.7,137.52,137.18,3.65,-3.6,-4.5,18.8,-15.4,5.8,14.4,-9.0,0.0,0,0,1,0,2,1,0,9.08,0,0,0,0
PT-108,2026-10-08T17:10:00,59,25.6,5.0,7.1,0,130.4,78.7,52.1,7.1,5254,130.0,90.0,49.6,7.1,49.9,135.03,137.15,137.45,137.08,3.79,-18.6,-0.8,18.4,3.2,-0.4,11.3,-2.5,0.0,0,0,1,0,2,1,0,9.17,0,0,0,0
PT-108,2026-10-08T17:15:00,59,25.6,5.0,7.1,0,130.4,78.7,52.1,7.1,5254,133.3,86.6,44.1,7.1,52.9,133.17,135.87,136.98,136.89,3.93,-15.4,-5.7,12.8,-11.6,2.9,7.9,-8.0,0.0,0,0,1,0,2,1,0,9.25,0,0,0,0
PT-108,2026-10-08T17:20:00,59,25.6,5.0,7.1,0,130.4,78.7,52.1,7.1,5254,130.7,88.1,44.7,7.1,51.0,131.33,134.92,135.92,136.6,3.75,-11.4,-12.7,13.2,-10.2,0.3,9.4,-7.4,0.0,0,0,1,0,2,1,0,9.33,0,0,0,0
PT-108,2026-10-08T17:25:00,59,25.6,5.0,7.1,0,130.4,78.7,52.1,7.1,5254,140.9,87.6,45.6,7.1,47.9,134.97,135.0,136.62,136.7,3.83,1.0,8.5,16.0,-6.4,10.5,8.9,-6.5,0.0,0,0,1,0,2,1,0,9.42,0,0,0,0
PT-108,2026-10-08T17:30:00,59,25.6,5.0,7.1,0,130.4,78.7,52.1,7.1,5254,135.0,90.2,45.6,7.1,54.8,135.53,134.35,136.68,136.78,3.8,-7.8,0.6,4.2,7.0,4.6,11.5,-6.5,0.0,0,0,1,0,2,1,0,9.5,0,0,0,0
PT-108,2026-10-08T17:35:00,59,25.6,5.0,7.1,0,130.4,78.7,52.1,7.1,5254,132.2,87.5,45.9,7.1,56.3,136.03,133.68,136.19,136.87,3.98,-8.0,-5.8,-11.2,5.6,1.8,8.8,-6.2,0.0,0,0,1,0,2,1,0,9.58,0,0,0,0
PT-108,2026-10-08T17:40:00,59,25.6,5.0,7.1,0,130.4,78.7,52.1,7.1,5254,135.8,92.5,44.3,7.1,64.5,134.33,134.65,135.9,136.77,3.86,11.6,-3.5,5.0,-10.6,5.4,13.8,-7.8,0.0,0,0,1,0,2,1,0,9.67,0,0,0,0
PT-108,2026-10-08T17:45:00,59,25.6,5.0,7.1,0,130.4,78.7,52.1,7.1,5254,128.5,86.0,44.3,7.1,51.1,132.17,133.85,134.86,136.52,4.04,-9.6,-12.5,-1.2,0.4,-1.9,7.3,-7.8,0.0,0,0,1,0,2,1,0,9.75,0,0,0,0
PT-108,2026-10-08T17:50:00,59,25.6,5.0,7.1,0,130.4,78.7,52.1,7.1,5254,138.6,86.0,40.3,7.1,53.0,134.3,135.17,135.04,136.42,4.16,15.8,2.2,-4.2,-8.8,8.2,7.3,-11.8,0.0,0,0,1,0,2,1,0,9.83,0,0,0,0
PT-108,2026-10-08T17:55:00,59,25.6,5.0,7.1,0,130.4,78.7,52.1,7.1,5254,137.6,86.0,45.6,7.1,48.4,134.9,134.62,134.81,136.33,3.91,-6.6,-2.8,-3.2,0.0,7.2,7.3,-6.5,0.0,0,0,1,0,2,1,0,9.92,0,0,0,0
PT-108,2026-10-08T18:00:00,59,25.6,5.0,7.1,0,130.4,78.7,52.1,7.1,5254,130.3,91.1,44.6,7.1,67.3,135.5,133.83,134.09,135.99,3.88,-9.4,-8.6,1.8,-2.0,-0.1,12.4,-7.5,0.0,0,0,1,0,2,1,0,10.0,0,0,0,0
PT-108,2026-10-08T18:05:00,59,25.6,5.0,7.1,0,130.4,78.7,52.1,7.1,5254,134.0,77.8,47.4,7.1,23.9,133.97,134.13,133.91,135.71,3.82,3.6,-2.2,-19.4,3.0,3.6,-0.9,-4.7,0.0,0,0,1,0,2,1,0,10.08,0,0,0,0
PT-108,2026-10-08T18:10:00,59,25.6,5.0,7.1,0,130.4,78.7,52.1,7.1,5254,132.1,82.9,51.0,7.1,24.1,132.13,133.52,134.08,135.77,3.67,-7.4,2.1,-19.2,13.4,1.7,4.2,-1.1,0.0,0,0,1,0,2,1,0,10.17,0,0,0,0
PT-108,2026-10-08T18:15:00,59,25.6,5.0,7.1,0,130.4,78.7,52.1,7.1,5254,136.3,77.9,56.6,7.1,7.1,134.13,134.82,134.33,135.65,3.71,15.6,3.0,-16.2,24.6,5.9,-0.8,4.5,0.0,0,0,1,0,2,1,0,10.25,0,0,0,0
PT-108,2026-10-08T18:20:00,59,25.6,5.0,7.1,0,130.4,78.7,52.1,7.1,5254,135.2,82.5,54.3,7.1,5.2,134.53,134.25,134.71,135.31,3.54,-6.8,4.5,-7.0,28.0,4.8,3.8,2.2,0.0,0,0,1,0,2,1,0,10.33,0,0,0,0
PT-108,2026-10-08T18:25:00,59,25.6,5.0,7.1,0,130.4,78.7,52.1,7.1,5254,137.7,75.9,54.3,7.1,6.0,136.4,134.27,134.44,135.53,3.12,0.2,-3.2,-20.2,17.4,7.3,-2.8,2.2,0.0,0,0,1,0,2,1,0,10.42,0,0,0,0
PT-108,2026-10-08T18:30:00,59,25.6,5.0,7.1,0,130.4,78.7,52.1,7.1,5254,138.6,81.4,53.6,7.1,21.0,137.17,135.65,134.74,135.71,3.35,16.6,3.6,-19.4,18.0,8.2,2.7,1.5,0.0,0,0,1,0,2,1,0,10.5,0,0,0,0
PT-108,2026-10-08T18:35:00,59,25.6,5.0,7.1,0,130.4,78.7,52.1,7.1,5254,128.4,78.8,51.4,7.1,12.8,134.9,134.72,134.42,135.31,3.76,-11.2,-3.8,2.0,8.0,-2.0,0.1,-0.7,0.0,0,0,1,0,2,1,0,10.58,0,0,0,0
PT-108,2026-10-08T18:40:00,59,25.6,5.0,7.1,0,130.4,78.7,52.1,7.1,5254,132.1,82.8,51.3,7.1,24.6,133.03,134.72,134.12,135.01,3.79,0.0,-3.7,-0.2,0.6,1.7,4.1,-0.8,0.0,0,0,1,0,2,1,0,10.67,0,0,0,0
PT-108,2026-10-08T18:45:00,59,25.6,5.0,7.1,0,130.4,78.7,52.1,7.1,5254,134.0,79.7,47.5,7.1,9.4,131.5,134.33,134.57,134.72,3.36,-4.6,5.5,3.6,-18.2,3.6,1.0,-4.6,0.0,0,0,1,0,2,1,0,10.75,0,0,0,0
PT-108,2026-10-08T18:50:00,59,25.6,5.0,7.1,0,130.4,78.7,52.1,7.1,5254,132.5,75.2,49.9,7.1,9.3,132.87,133.88,134.07,134.55,3.15,-5.4,-6.1,-14.6,-8.8,2.1,-3.5,-2.2,0.0,0,0,1,0,2,1,0,10.83,0,0,0,0
PT-108,2026-10-08T18:55:00,59,25.6,5.0,7.1,0,130.4,78.7,52.1,7.1,5254,128.3,81.2,51.7,7.1,15.3,131.6,132.32,133.29,134.05,3.34,-18.8,-9.3,10.6,-5.2,-2.1,2.5,-0.4,0.0,0,0,1,0,2,1,0,10.92,0,0,0,0
PT-108,2026-10-08T19:00:00,59,25.6,5.0,7.1,0,130.4,78.7,52.1,7.1,5254,126.9,78.1,51.2,7.1,10.7,129.23,130.37,133.01,133.55,3.74,-23.4,-3.4,-6.6,-4.8,-3.5,-0.6,-0.9,0.0,0,0,1,0,2,1,0,11.0,0,0,0,0
PT-108,2026-10-08T19:05:00,59,25.6,5.0,7.1,0,130.4,78.7,52.1,7.1,5254,132.4,81.2,48.0,7.1,18.8,129.2,131.03,132.88,133.39,3.73,8.0,-1.6,4.8,-6.8,2.0,2.5,-4.1,0.0,0,0,1,0,2,1,0,11.08,0,0,0,0
PT-108,2026-10-08T19:10:00,59,25.6,5.0,7.1,0,130.4,78.7,52.1,7.1,5254,142.7,80.6,50.0,7.1,19.8,134.0,132.8,133.76,133.92,4.66,21.2,10.6,-4.4,-2.6,12.3,1.9,-2.1,0.0,0,0,1,0,2,1,0,11.17,0,0,0,0
PT-108,2026-10-08T19:15:00,59,25.6,5.0,7.1,0,130.4,78.7,52.1,7.1,5254,130.9,85.5,47.3,7.1,22.6,135.33,132.28,133.31,133.82,4.66,-6.2,-5.4,11.6,-0.4,0.5,6.8,-4.8,0.0,0,0,1,0,2,1,0,11.25,0,0,0,0
PT-108,2026-10-08T19:20:00,59,25.6,5.0,7.1,0,130.4,78.7,52.1,7.1,5254,132.5,79.6,52.2,7.1,24.5,135.37,132.28,133.08,133.9,4.62,0.0,-2.7,8.8,4.6,2.1,0.9,0.1,0.0,0,0,1,0,2,1,0,11.33,0,0,0,0
PT-108,2026-10-08T19:25:00,59,25.6,5.0,7.1,0,130.4,78.7,52.1,7.1,5254,129.7,78.8,50.6,7.1,16.3,131.03,132.52,132.42,133.43,4.47,2.8,-8.0,-4.8,-2.2,-0.7,0.1,-1.5,0.0,0,0,1,0,2,1,0,11.42,0,0,0,0
PT-108,2026-10-08T19:30:00,59,25.6,5.0,7.1,0,130.4,78.7,52.1,7.1,5254,127.4,78.6,50.7,7.1,21.6,129.87,132.6,131.48,133.11,4.22,1.0,-11.2,1.0,-1.0,-3.0,-0.1,-1.4,0.0,0,0,1,0,2,1,0,11.5,0,0,0,0
PT-108,2026-10-08T19:35:00,59,25.6,5.0,7.1,0,130.4,78.7,52.1,7.1,5254,129.0,79.6,50.2,7.1,6.2,128.7,132.03,131.53,132.98,4.19,-6.8,0.6,-3.2,4.4,-1.4,0.9,-1.9,0.0,0,0,1,0,2,1,0,11.58,0,0,0,0
PT-108,2026-10-08T19:40:00,59,25.6,5.0,7.1,0,130.4,78.7,52.1,7.1,5254,129.2,77.9,52.4,7.1,6.5,128.53,129.78,131.29,132.7,4.24,-27.0,-2.9,-5.4,4.8,-1.2,-0.8,0.3,0.0,0,0,1,0,2,1,0,11.67,0,0,0,0
PT-108,2026-10-08T19:45:00,59,25.6,5.0,7.1,0,130.4,78.7,52.1,7.1,5254,131.3,81.1,50.2,7.1,7.8,129.83,129.85,131.07,132.82,4.15,0.8,-2.7,-8.8,5.8,0.9,2.4,-1.9,0.0,0,0,1,0,2,1,0,11.75,0,0,0,0
PT-108,2026-10-08T19:50:00,59,25.6,5.0,7.1,0,130.4,78.7,52.1,7.1,5254,129.2,78.6,49.2,7.1,15.5,129.9,129.3,130.79,132.43,4.16,-6.6,-3.3,-2.0,-6.0,-1.2,-0.1,-2.9,0.0,0,0,1,0,2,1,0,11.83,0,0,0,0
PT-108,2026-10-08T19:55:00,59,25.6,5.0,7.1,0,130.4,78.7,52.1,7.1,5254,135.7,79.0,53.2,7.1,18.9,132.07,130.3,131.41,132.35,4.3,12.0,7.4,0.4,5.2,5.3,0.3,1.1,0.0,0,0,1,0,2,1,0,11.92,0,0,0,0
PT-108,2026-10-08T20:00:00,59,25.6,5.0,7.1,0,130.4,78.7,52.1,7.1,5254,130.2,78.5,53.7,7.1,15.2,131.7,130.77,131.68,132.35,4.08,5.6,3.3,-0.2,6.0,-0.2,-0.2,1.6,0.0,0,0,1,0,2,1,0,0.0,0,0,0,0
PT-108,2026-10-08T20:05:00,59,25.6,5.0,7.1,0,130.4,78.7,52.1,7.1,5254,138.1,82.4,46.8,7.1,23.9,134.67,132.28,132.16,132.52,4.49,18.2,5.7,5.6,-6.8,7.7,3.7,-5.3,0.0,0,0,1,0,2,1,0,0.08,0,0,0,0
PT-108,2026-10-08T20:10:00,59,25.6,5.0,7.1,0,130.4,78.7,52.1,7.1,5254,128.9,77.8,50.5,7.1,7.9,132.4,132.23,131.01,132.38,3.09,-0.6,-13.8,-0.2,-3.8,-1.5,-0.9,-1.6,0.0,0,0,1,0,2,1,0,0.17,0,0,0,0
PT-108,2026-10-08T20:15:00,59,25.6,5.0,7.1,0,130.4,78.7,52.1,7.1,5254,133.4,81.1,48.8,7.1,24.6,133.47,132.58,131.22,132.26,3.17,4.2,2.5,0.0,-2.8,3.0,2.4,-3.3,0.0,0,0,1,0,2,1,0,0.25,0,0,0,0
PT-108,2026-10-08T20:20:00,59,25.6,5.0,7.1,0,130.4,78.7,52.1,7.1,5254,128.4,79.3,51.5,7.1,11.7,130.23,132.45,130.88,131.98,3.23,-1.6,-4.1,1.4,4.6,-2.0,0.6,-0.6,0.0,0,0,1,0,2,1,0,0.33,0,0,0,0
PT-108,2026-10-08T20:25:00,59,25.6,5.0,7.1,0,130.4,78.7,52.1,7.1,5254,129.0,79.1,47.7,7.1,20.4,130.27,131.33,130.82,131.62,3.26,-13.4,-0.7,0.2,-11.0,-1.4,0.4,-4.4,0.0,0,0,1,0,2,1,0,0.42,0,0,0,0
PT-108,2026-10-08T20:30:00,59,25.6,5.0,7.1,0,130.4,78.7,52.1,7.1,5254,127.5,78.3,47.1,7.1,20.6,128.3,130.88,130.82,131.15,3.25,-5.4,0.1,-0.4,-13.2,-2.9,-0.4,-5.0,0.0,0,0,1,0,2,1,0,0.5,0,0,0,0
PT-108,2026-10-08T20:35:00,59,25.6,5.0,7.1,0,130.4,78.7,52.1,7.1,5254,127.5,77.8,46.8,7.1,24.6,128.0,129.12,130.7,131.12,3.36,-21.2,-1.5,-9.2,0.0,-2.9,-0.9,-5.3,0.0,0,0,1,0,2,1,0,0.58,0,0,0,0
PT-108,2026-10-08T20:40:00,59,25.6,5.0,7.1,0,130.4,78.7,52.1,7.1,5254,131.2,76.1,52.5,7.1,7.0,128.73,129.5,130.87,131.08,3.33,4.6,2.0,-3.4,4.0,0.8,-2.6,0.4,0.0,0,0,1,0,2,1,0,0.67,0,0,0,0
PT-108,2026-10-08T20:45:00,59,25.6,5.0,7.1,0,130.4,78.7,52.1,7.1,5254,126.2,79.9,47.4,7.1,18.2,128.3,128.3,130.44,130.75,3.58,-14.4,-5.1,-2.4,-2.8,-4.2,1.2,-4.7,0.0,0,0,1,0,2,1,0,0.75,0,0,0,0
PT-108,2026-10-08T20:50:00,59,25.6,5.0,7.1,0,130.4,78.7,52.1,7.1,5254,127.3,76.0,47.7,7.1,10.8,128.23,128.12,130.28,130.54,3.68,-2.2,-1.9,-6.6,-7.6,-3.1,-2.7,-4.4,0.0,0,0,1,0,2,1,0,0.83,0,0,0,0
PT-108,2026-10-08T20:55:00,59,25.6,5.0,7.1,0,130.4,78.7,52.1,7.1,5254,122.5,78.7,48.7,7.1,24.6,125.33,127.03,129.18,130.3,3.88,-13.0,-13.2,-0.8,2.0,-7.9,0.0,-3.4,0.0,0,0,1,0,2,1,0,0.92,0,0,0,0
PT-108,2026-10-08T21:00:00,59,25.6,5.0,7.1,0,130.4,78.7,52.1,7.1,5254,132.4,81.4,52.0,7.1,20.2,127.4,127.85,129.37,130.52,3.99,9.8,2.2,6.2,9.8,2.0,2.7,-0.1,0.0,0,0,1,0,2,1,0,1.0,0,0,0,0
PT-108,2026-10-08T21:05:00,59,25.6,5.0,7.1,0,130.4,78.7,52.1,7.1,5254,130.4,80.6,48.9,7.1,14.8,128.43,128.33,128.72,130.44,2.93,5.8,-7.7,5.6,4.2,0.0,1.9,-3.2,0.0,0,0,1,0,2,1,0,1.08,0,0,0,0
PT-108,2026-10-08T21:10:00,59,25.6,5.0,7.1,0,130.4,78.7,52.1,7.1,5254,130.4,78.4,47.4,7.1,18.1,131.07,128.2,128.85,129.93,2.97,-1.6,1.5,4.6,-10.2,0.0,-0.3,-4.7,0.0,0,0,1,0,2,1,0,1.17,0,0,0,0
PT-108,2026-10-08T21:15:00,59,25.6,5.0,7.1,0,130.4,78.7,52.1,7.1,5254,130.4,75.9,47.8,7.1,11.6,130.4,128.9,128.6,129.91,2.67,8.4,-3.0,-8.0,0.8,0.0,-2.8,-4.3,0.0,0,0,1,0,2,1,0,1.25,0,0,0,0
PT-108,2026-10-08T21:20:00,59,25.6,5.0,7.1,0,130.4,78.7,52.1,7.1,5254,121.0,83.9,50.9,7.1,22.9,127.27,127.85,127.98,129.43,3.46,-12.6,-7.4,15.8,6.4,-9.4,5.2,-1.2,0.0,0,0,1,0,2,1,0,1.33,0,0,0,0
PT-108,2026-10-08T21:25:00,59,25.6,5.0,7.1,0,130.4,78.7,52.1,7.1,5254,127.7,79.9,49.9,7.1,16.3,126.37,128.72,127.88,129.35,3.44,10.4,-1.3,2.4,2.4,-2.7,1.2,-2.2,0.0,0,0,1,0,2,1,0,1.42,0,0,0,0
PT-108,2026-10-08T21:30:00,59,25.6,5.0,7.1,0,130.4,78.7,52.1,7.1,5254,126.3,75.6,48.5,7.1,21.9,125.0,127.7,127.78,129.3,3.47,-12.2,-1.2,-11.6,-7.0,-4.1,-3.1,-3.6,0.0,0,0,1,0,2,1,0,1.5,0,0,0,0
PT-108,2026-10-08T21:35:00,59,25.6,5.0,7.1,0,130.4,78.7,52.1,7.1,5254,120.3,76.2,49.5,7.1,6.3,124.77,126.02,127.18,128.94,4.09,-20.2,-7.2,-8.8,1.2,-10.1,-2.5,-2.6,0.0,0,0,1,0,2,1,0,1.58,0,0,0,0
PT-108,2026-10-08T21:40:00,59,25.6,5.0,7.1,0,130.4,78.7,52.1,7.1,5254,132.8,78.4,50.4,7.1,15.7,126.47,126.42,127.31,129.09,4.26,4.8,1.6,0.0,6.0,2.4,-0.3,-1.7,0.0,0,0,1,0,2,1,0,1.67,0,0,0,0
PT-108,2026-10-08T21:45:00,59,25.6,5.0,7.1,0,130.4,78.7,52.1,7.1,5254,126.1,75.9,49.3,7.1,18.9,126.4,125.7,127.3,128.87,4.26,-8.6,-0.1,0.0,3.0,-4.3,-2.8,-2.8,0.0,0,0,1,0,2,1,0,1.75,0,0,0,0
PT-108,2026-10-08T21:50:00,59,25.6,5.0,7.1,0,130.4,78.7,52.1,7.1,5254,127.5,76.4,50.1,7.1,24.4,128.8,126.78,127.32,128.8,4.26,13.0,0.2,-15.0,-1.6,-2.9,-2.3,-2.0,0.0,0,0,1,0,2,1,0,1.83,0,0,0,0
PT-108,2026-10-08T21:55:00,59,25.6,5.0,7.1,0,130.4,78.7,52.1,7.1,5254,127.5,76.5,45.1,7.1,15.7,127.03,126.75,127.73,128.46,3.98,-0.4,5.0,-6.8,-9.6,-2.9,-2.2,-7.0,0.0,0,0,1,0,2,1,0,1.92,0,0,0,0
PT-109,2026-10-08T08:00:00,59,27.5,11.2,7.8,1,162.4,68.5,41.0,6.2,7823,166.8,73.1,39.8,6.2,7.6,166.8,166.8,166.8,166.8,0.0,0.0,0.0,0.0,0.0,4.4,4.6,-1.2,0.0,1,0,0,0,1,1,0,0.0,0,0,0,0
PT-109,2026-10-08T08:05:00,59,27.5,11.2,7.8,1,162.4,68.5,41.0,6.2,7823,164.0,70.8,42.1,6.2,8.6,165.4,165.4,165.4,165.4,1.98,0.0,0.0,0.0,0.0,1.6,2.3,1.1,0.0,1,0,0,0,1,1,0,0.08,0,0,0,0
PT-109,2026-10-08T08:10:00,59,27.5,11.2,7.8,1,162.4,68.5,41.0,6.2,7823,158.9,74.2,38.3,6.2,11.5,163.23,163.23,163.23,163.23,4.01,0.0,0.0,0.0,0.0,-3.5,5.7,-2.7,0.0,1,0,0,0,1,1,0,0.17,0,0,0,0
PT-109,2026-10-08T08:15:00,59,27.5,11.2,7.8,1,162.4,68.5,41.0,6.2,7823,169.1,74.7,36.7,6.2,21.3,164.0,164.7,164.7,164.7,4.39,0.0,0.0,0.0,0.0,6.7,6.2,-4.3,0.0,1,0,0,0,1,1,0,0.25,0,0,0,0
PT-109,2026-10-08T08:20:00,59,27.5,11.2,7.8,1,162.4,68.5,41.0,6.2,7823,172.4,74.0,32.7,6.2,24.2,166.8,166.24,166.24,166.24,5.13,0.0,0.0,0.0,0.0,10.0,5.5,-8.3,0.0,1,0,0,0,1,1,0,0.33,0,0,0,0
PT-109,2026-10-08T08:25:00,59,27.5,11.2,7.8,1,162.4,68.5,41.0,6.2,7823,160.4,75.4,39.4,6.2,13.1,167.3,165.27,165.27,165.27,5.17,0.0,0.0,0.0,0.0,-2.0,6.9,-1.6,0.0,1,0,0,0,1,1,0,0.42,0,0,0,0
PT-109,2026-10-08T08:30:00,59,27.5,11.2,7.8,1,162.4,68.5,41.0,6.2,7823,162.7,78.6,35.9,6.2,51.8,165.17,164.58,164.9,164.9,4.82,-8.2,0.0,11.0,-7.8,0.3,10.1,-5.1,0.0,1,0,0,0,1,1,0,0.5,0,0,0,0
PT-109,2026-10-08T08:35:00,59,27.5,11.2,7.8,1,162.4,68.5,41.0,6.2,7823,171.1,81.8,35.0,6.2,60.9,164.73,165.77,165.68,165.68,4.97,14.2,0.0,22.0,-14.2,8.7,13.3,-6.0,0.0,1,0,0,0,1,1,0,0.58,0,0,0,0
PT-109,2026-10-08T08:40:00,59,27.5,11.2,7.8,1,162.4,68.5,41.0,6.2,7823,167.4,83.9,30.4,6.2,68.7,167.07,167.18,165.87,165.87,4.69,17.0,0.0,19.4,-15.8,5.0,15.4,-10.6,0.0,1,0,0,0,1,1,0,0.67,0,0,0,0
PT-109,2026-10-08T08:45:00,59,27.5,11.2,7.8,1,162.4,68.5,41.0,6.2,7823,162.8,80.1,32.3,6.2,59.5,167.1,166.13,165.56,165.56,4.52,-12.6,0.0,10.8,-8.8,0.4,11.6,-8.7,0.0,1,0,0,0,1,1,0,0.75,0,0,0,0
PT-109,2026-10-08T08:50:00,59,27.5,11.2,7.8,1,162.4,68.5,41.0,6.2,7823,163.4,81.1,35.2,6.2,64.0,164.53,164.63,165.36,165.36,4.34,-18.0,0.0,14.2,5.0,1.0,12.6,-5.8,0.0,1,0,0,0,1,1,0,0.83,0,0,0,0
PT-109,2026-10-08T08:55:00,59,27.5,11.2,7.8,1,162.4,68.5,41.0,6.2,7823,160.1,82.8,34.4,6.2,71.5,162.1,164.58,164.92,164.92,4.41,-0.6,0.0,14.8,-10.0,-2.3,14.3,-6.6,0.0,1,0,0,0,1,1,0,0.92,0,0,0,0
PT-109,2026-10-08T09:00:00,59,27.5,11.2,7.8,1,162.4,68.5,41.0,6.2,7823,167.3,78.3,32.9,6.2,68.7,163.6,165.35,164.97,165.11,4.43,9.2,0.5,-0.6,-6.0,4.9,9.8,-8.1,0.0,1,0,0,0,1,1,0,1.0,0,0,0,0
PT-109,2026-10-08T09:05:00,59,27.5,11.2,7.8,1,162.4,68.5,41.0,6.2,7823,166.4,78.1,34.5,6.2,64.3,164.6,164.57,165.17,165.2,4.44,-9.4,2.4,-7.4,-1.0,4.0,9.6,-6.5,0.0,1,0,0,0,1,1,0,1.08,0,0,0,0
PT-109,2026-10-08T09:10:00,59,27.5,11.2,7.8,1,162.4,68.5,41.0,6.2,7823,162.2,80.1,34.4,6.2,73.1,165.3,163.7,165.44,165.0,4.1,-10.4,3.3,-7.6,8.0,-0.2,11.6,-6.6,0.0,1,0,0,0,1,1,0,1.17,0,0,0,0
PT-109,2026-10-08T09:15:00,59,27.5,11.2,7.8,1,162.4,68.5,41.0,6.2,7823,162.3,80.8,29.1,6.2,71.3,163.63,163.62,164.88,164.83,4.02,-1.0,-6.8,1.4,-6.4,-0.1,12.3,-11.9,0.0,1,0,0,0,1,1,0,1.25,0,0,0,0
PT-109,2026-10-08T09:20:00,59,27.5,11.2,7.8,1,162.4,68.5,41.0,6.2,7823,166.7,78.2,40.5,6.2,57.3,163.73,164.17,164.4,164.94,3.33,6.6,-5.7,-5.8,10.6,4.3,9.7,-0.5,0.0,1,0,0,0,1,1,0,1.33,0,0,0,0
PT-109,2026-10-08T09:25:00,59,27.5,11.2,7.8,1,162.4,68.5,41.0,6.2,7823,158.4,76.9,34.5,6.2,45.5,162.47,163.88,164.23,164.58,3.59,-3.4,-2.0,-11.8,0.2,-4.0,8.4,-6.5,0.0,1,0,0,0,1,1,0,1.42,0,0,0,0
PT-109,2026-10-08T09:30:00,59,27.5,11.2,7.8,1,162.4,68.5,41.0,6.2,7823,156.6,79.1,30.0,6.2,70.8,160.57,162.1,163.72,164.16,4.2,-21.4,-6.1,1.6,-5.8,-5.8,10.6,-11.0,0.0,1,0,0,0,1,1,0,1.5,0,0,0,0
PT-109,2026-10-08T09:35:00,59,27.5,11.2,7.8,1,162.4,68.5,41.0,6.2,7823,163.7,70.8,40.0,6.2,20.9,159.57,161.65,163.11,164.14,3.51,-5.4,-7.4,-14.6,11.0,1.3,2.3,-1.0,0.0,1,0,0,0,1,1,0,1.58,0,0,0,0
PT-109,2026-10-08T09:40:00,59,27.5,11.2,7.8,1,162.4,68.5,41.0,6.2,7823,169.9,70.6,38.2,6.2,9.4,163.4,162.93,163.32,164.41,3.84,15.4,2.5,-19.0,7.6,7.5,2.1,-2.8,0.0,1,0,0,0,1,1,0,1.67,0,0,0,0
PT-109,2026-10-08T09:45:00,59,27.5,11.2,7.8,1,162.4,68.5,41.0,6.2,7823,167.1,73.9,45.5,6.2,8.6,166.9,163.73,163.67,164.53,3.99,9.6,4.3,-13.8,32.8,4.7,5.4,4.5,0.0,1,0,0,0,1,1,0,1.75,0,0,0,0
PT-109,2026-10-08T09:50:00,59,27.5,11.2,7.8,1,162.4,68.5,41.0,6.2,7823,170.5,75.0,36.8,6.2,22.6,169.17,164.37,164.27,164.79,4.44,7.6,7.1,-6.4,-7.4,8.1,6.5,-4.2,0.0,1,0,0,0,1,1,0,1.83,0,0,0,0
PT-109,2026-10-08T09:55:00,59,27.5,11.2,7.8,1,162.4,68.5,41.0,6.2,7823,171.8,79.0,39.3,6.2,24.6,169.8,166.6,165.24,165.08,4.72,26.8,11.7,4.2,9.6,9.4,10.5,-1.7,0.0,1,0,0,0,1,1,0,1.92,0,0,0,0
PT-109,2026-10-08T10:00:00,59,27.5,11.2,7.8,1,162.4,68.5,41.0,6.2,7823,166.7,71.8,40.9,6.2,10.0,169.67,168.28,165.19,165.08,4.7,20.2,-0.6,-14.6,21.8,4.3,3.3,-0.1,0.0,1,0,0,0,1,1,0,2.0,0,0,0,0
PT-109,2026-10-08T10:05:00,59,27.5,11.2,7.8,1,162.4,68.5,41.0,6.2,7823,166.7,70.7,42.3,6.2,5.3,168.4,168.78,165.22,165.19,4.71,6.0,0.3,-0.2,4.6,4.3,2.2,1.3,0.0,1,0,0,0,1,1,0,2.08,0,0,0,0
PT-109,2026-10-08T10:10:00,59,27.5,11.2,7.8,1,162.4,68.5,41.0,6.2,7823,165.4,70.9,36.9,6.2,7.9,166.27,168.03,165.48,165.46,4.61,-9.0,3.2,0.6,-2.6,3.0,2.4,-4.1,0.0,1,0,0,0,1,1,0,2.17,0,0,0,0
PT-109,2026-10-08T10:15:00,59,27.5,11.2,7.8,1,162.4,68.5,41.0,6.2,7823,175.2,74.2,38.3,6.2,10.6,169.1,169.38,166.56,165.72,5.26,16.2,12.9,0.6,-14.4,12.8,5.7,-2.7,0.0,1,0,0,0,1,1,0,2.25,0,0,0,0
PT-109,2026-10-08T10:20:00,59,27.5,11.2,7.8,1,162.4,68.5,41.0,6.2,7823,167.3,75.3,40.6,6.2,20.4,169.3,168.85,166.61,165.5,5.27,-6.4,0.6,0.6,7.6,4.9,6.8,-0.4,0.0,1,0,0,0,1,1,0,2.33,0,0,0,0
PT-109,2026-10-08T10:25:00,59,27.5,11.2,7.8,1,162.4,68.5,41.0,6.2,7823,169.9,76.2,38.7,6.2,20.4,170.8,168.53,167.57,165.9,4.65,-3.8,11.5,-5.6,-1.2,7.5,7.7,-2.3,0.0,1,0,0,0,1,1,0,2.42,0,0,0,0
PT-109,2026-10-08T10:30:00,59,27.5,11.2,7.8,1,162.4,68.5,41.0,6.2,7823,168.3,74.2,37.9,6.2,11.3,168.5,168.8,168.54,166.13,3.11,3.2,11.7,4.8,-6.0,5.9,5.7,-3.1,0.0,1,0,0,0,1,1,0,2.5,0,0,0,0
PT-109,2026-10-08T10:35:00,59,27.5,11.2,7.8,1,162.4,68.5,41.0,6.2,7823,167.7,75.8,40.9,6.2,20.5,168.63,168.97,168.88,165.99,2.73,2.0,4.0,10.2,-2.8,5.3,7.3,-0.1,0.0,1,0,0,0,1,1,0,2.58,0,0,0,0
PT-109,2026-10-08T10:40:00,59,27.5,11.2,7.8,1,162.4,68.5,41.0,6.2,7823,170.9,76.6,39.7,6.2,23.6,168.97,169.88,168.96,166.14,2.78,11.0,1.0,11.4,5.6,8.5,8.1,-1.3,0.0,1,0,0,0,1,1,0,2.67,0,0,0,0
PT-109,2026-10-08T10:45:00,59,27.5,11.2,7.8,1,162.4,68.5,41.0,6.2,7823,171.3,77.6,40.8,6.2,20.3,169.97,169.23,169.31,166.49,2.79,-7.8,4.2,6.8,5.0,8.9,9.1,-0.2,0.0,1,0,0,0,1,1,0,2.75,0,0,0,0
PT-109,2026-10-08T10:50:00,59,27.5,11.2,7.8,1,162.4,68.5,41.0,6.2,7823,167.5,72.9,40.0,6.2,13.5,169.9,169.27,169.06,166.66,2.81,0.4,-3.0,-4.8,-1.2,5.1,4.4,-1.0,0.0,1,0,0,0,1,1,0,2.83,0,0,0,0
PT-109,2026-10-08T10:55:00,59,27.5,11.2,7.8,1,162.4,68.5,41.0,6.2,7823,169.7,75.3,38.3,6.2,10.4,169.5,169.23,168.88,167.06,2.69,-0.4,-2.1,-1.8,-0.8,7.3,6.8,-2.7,0.0,1,0,0,0,1,1,0,2.92,0,0,0,0
PT-109,2026-10-08T11:00:00,59,27.5,11.2,7.8,1,162.4,68.5,41.0,6.2,7823,169.3,72.5,43.7,6.2,14.3,168.83,169.4,169.1,167.15,2.6,2.0,2.6,-3.4,11.6,6.9,4.0,2.7,0.0,1,0,0,0,1,1,0,3.0,0,0,0,0
PT-109,2026-10-08T11:05:00,59,27.5,11.2,7.8,1,162.4,68.5,41.0,6.2,7823,171.3,76.5,39.8,6.2,9.8,170.1,170.0,169.48,167.35,2.55,7.2,4.6,1.4,-2.2,8.9,8.0,-1.2,0.0,1,0,0,0,1,1,0,3.08,0,0,0,0
PT-109,2026-10-08T11:10:00,59,27.5,11.2,7.8,1,162.4,68.5,41.0,6.2,7823,164.8,73.3,41.3,6.2,15.6,168.47,168.98,169.43,167.46,2.64,-12.2,-0.6,-6.6,3.2,2.4,4.8,0.3,0.0,1,0,0,0,1,1,0,3.17,0,0,0,0
PT-109,2026-10-08T11:15:00,59,27.5,11.2,7.8,1,162.4,68.5,41.0,6.2,7823,169.8,72.7,42.1,6.2,9.5,168.63,168.73,168.98,167.77,1.93,-3.0,-5.4,-9.8,2.6,7.4,4.2,1.1,0.0,1,0,0,0,1,1,0,3.25,0,0,0,0
PT-109,2026-10-08T11:20:00,59,27.5,11.2,7.8,1,162.4,68.5,41.0,6.2,7823,172.0,74.8,37.2,6.2,10.9,168.87,169.48,169.38,167.99,2.04,9.0,4.7,3.8,-5.6,9.6,6.3,-3.8,0.0,1,0,0,0,1,1,0,3.33,0,0,0,0
PT-109,2026-10-08T11:25:00,59,27.5,11.2,7.8,1,162.4,68.5,41.0,6.2,7823,165.8,78.2,41.2,6.2,12.3,169.2,168.83,169.03,168.3,2.27,-7.8,-4.1,5.8,5.8,3.4,9.7,0.2,0.0,1,0,0,0,1,1,0,3.42,0,0,0,0
PT-109,2026-10-08T11:30:00,59,27.5,11.2,7.8,1,162.4,68.5,41.0,6.2,7823,161.6,71.8,41.8,6.2,6.8,166.47,167.55,168.48,168.51,3.13,-15.4,-6.7,-1.4,-3.8,-0.8,3.3,0.8,0.0,1,0,0,0,1,1,0,3.5,0,0,0,0
PT-109,2026-10-08T11:35:00,59,27.5,11.2,7.8,1,162.4,68.5,41.0,6.2,7823,171.1,75.2,38.5,6.2,16.9,166.17,167.52,168.76,168.82,3.21,-0.4,3.4,-2.6,-2.6,8.7,6.7,-2.5,0.0,1,0,0,0,1,1,0,3.58,0,0,0,0
PT-109,2026-10-08T11:40:00,59,27.5,11.2,7.8,1,162.4,68.5,41.0,6.2,7823,164.0,78.9,40.4,6.2,23.0,165.57,167.38,168.18,168.57,3.4,-1.6,-6.9,11.2,-1.8,1.6,10.4,-0.6,0.0,1,0,0,0,1,1,0,3.67,0,0,0,0
PT-109,2026-10-08T11:45:00,59,27.5,11.2,7.8,1,162.4,68.5,41.0,6.2,7823,168.6,72.8,37.7,6.2,18.0,167.9,167.18,167.96,168.63,3.26,-2.4,-2.7,0.2,-8.8,6.2,4.3,-3.3,0.0,1,0,0,0,1,1,0,3.75,0,0,0,0
PT-109,2026-10-08T11:50:00,59,27.5,11.2,7.8,1,162.4,68.5,41.0,6.2,7823,171.1,74.3,34.9,6.2,21.6,167.9,167.03,168.26,168.66,3.38,-1.8,3.6,-1.0,-4.6,8.7,5.8,-6.1,0.0,1,0,0,0,1,1,0,3.83,0,0,0,0
PT-109,2026-10-08T11:55:00,59,27.5,11.2,7.8,1,162.4,68.5,41.0,6.2,7823,169.3,71.7,43.2,6.2,8.0,169.67,167.62,168.23,168.55,3.36,7.0,-0.4,-13.0,4.0,6.9,3.2,2.2,0.0,1,0,0,0,1,1,0,3.92,0,0,0,0
PT-109,2026-10-08T12:00:00,59,27.5,11.2,7.8,1,162.4,68.5,41.0,6.2,7823,162.5,74.2,40.6,6.2,23.7,167.63,167.77,167.66,168.38,3.72,1.8,-6.8,4.8,-2.4,0.1,5.7,-0.4,0.0,0,1,0,0,1,1,0,4.0,0,0,0,0
PT-109,2026-10-08T12:05:00,59,27.5,11.2,7.8,1,162.4,68.5,41.0,6.2,7823,172.6,74.8,42.7,6.2,22.1,168.13,168.02,167.77,168.62,3.85,3.0,1.3,-0.8,8.4,10.2,6.3,1.7,0.0,0,1,0,0,1,1,0,4.08,0,0,0,0
PT-109,2026-10-08T12:10:00,59,27.5,11.2,7.8,1,162.4,68.5,41.0,6.2,7823,179.3,73.7,40.9,6.2,6.3,171.47,170.57,168.98,169.2,4.95,30.6,14.5,-10.4,1.0,16.9,5.2,-0.1,0.0,0,1,0,0,1,1,0,4.17,0,0,0,1
PT-109,2026-10-08T12:15:00,59,27.5,11.2,7.8,1,162.4,68.5,41.0,6.2,7823,167.8,76.8,36.5,6.2,19.5,173.23,170.43,168.81,168.9,4.96,-1.6,-2.0,8.0,-2.4,5.4,8.3,-4.5,0.0,0,1,0,0,1,1,0,4.25,0,0,0,1
PT-109,2026-10-08T12:20:00,59,27.5,11.2,7.8,1,162.4,68.5,41.0,6.2,7823,172.1,77.0,38.4,6.2,20.0,173.07,170.6,168.82,169.1,4.96,2.0,0.1,5.4,7.0,9.7,8.5,-2.6,0.0,0,1,0,0,1,1,0,4.33,0,0,0,1
PT-109,2026-10-08T12:25:00,59,27.5,11.2,7.8,1,162.4,68.5,41.0,6.2,7823,171.9,72.9,41.4,6.2,20.9,170.6,171.03,169.32,169.18,4.94,5.2,6.1,2.4,-3.6,9.5,4.4,0.4,0.0,0,1,0,0,1,1,0,4.42,0,0,0,1
PT-109,2026-10-08T12:30:00,59,27.5,11.2,7.8,1,162.4,68.5,41.0,6.2,7823,168.1,77.7,38.6,6.2,21.3,170.7,171.97,169.87,169.17,4.33,11.2,6.5,7.0,-4.0,5.7,9.2,-2.4,0.0,0,1,0,0,1,1,0,4.5,0,0,0,1
PT-109,2026-10-08T12:35:00,59,27.5,11.2,7.8,1,162.4,68.5,41.0,6.2,7823,169.4,75.1,38.9,6.2,5.5,169.8,171.43,169.72,169.24,4.32,-6.4,-1.7,0.6,-7.6,7.0,6.6,-2.1,0.0,0,1,0,0,1,1,0,4.58,0,0,0,1
PT-109,2026-10-08T12:40:00,59,27.5,11.2,7.8,1,162.4,68.5,41.0,6.2,7823,165.4,74.5,40.2,6.2,12.6,167.63,169.12,169.84,169.01,4.17,-27.8,1.4,1.6,-1.4,3.0,6.0,-0.8,0.0,0,1,0,0,1,1,0,4.67,0,0,0,1
PT-109,2026-10-08T12:45:00,59,27.5,11.2,7.8,1,162.4,68.5,41.0,6.2,7823,171.9,76.9,37.3,6.2,17.4,168.9,169.8,170.12,169.04,4.18,8.2,3.3,0.2,1.6,9.5,8.4,-3.7,0.0,0,1,0,0,1,1,0,4.75,0,0,0,1
PT-109,2026-10-08T12:50:00,59,27.5,11.2,7.8,1,162.4,68.5,41.0,6.2,7823,168.3,75.0,39.4,6.2,22.3,168.53,169.17,169.88,169.07,4.2,-7.6,-2.8,-4.0,2.0,5.9,6.5,-1.6,0.0,0,1,0,0,1,1,0,4.83,0,0,0,1
PT-109,2026-10-08T12:55:00,59,27.5,11.2,7.8,1,162.4,68.5,41.0,6.2,7823,163.3,75.6,38.5,6.2,19.9,167.83,167.73,169.38,168.8,4.62,-17.2,-6.0,5.4,-5.8,0.9,7.1,-2.5,0.0,0,1,0,0,1,1,0,4.92,0,0,0,1
PT-109,2026-10-08T13:00:00,59,27.5,11.2,7.8,1,162.4,68.5,41.0,6.2,7823,174.2,72.5,40.5,6.2,17.4,168.6,168.75,170.36,169.01,4.25,12.2,11.7,-10.4,3.8,11.8,4.0,-0.5,0.0,0,1,0,0,1,1,0,5.0,0,0,0,1
PT-109,2026-10-08T13:05:00,59,27.5,11.2,7.8,1,162.4,68.5,41.0,6.2,7823,170.0,78.3,40.9,6.2,34.9,169.17,168.85,170.14,168.95,4.19,1.2,-2.6,6.4,4.0,7.6,9.8,-0.1,0.0,0,1,0,0,1,1,0,5.08,0,0,0,1
PT-109,2026-10-08T13:10:00,59,27.5,11.2,7.8,1,162.4,68.5,41.0,6.2,7823,174.4,78.7,42.9,6.2,35.0,172.87,170.35,169.73,169.35,3.38,18.0,-4.9,8.4,5.4,12.0,10.2,1.9,0.0,0,1,0,0,1,1,0,5.17,0,0,0,1
PT-109,2026-10-08T13:15:00,59,27.5,11.2,7.8,1,162.4,68.5,41.0,6.2,7823,173.2,74.2,41.6,6.2,31.9,172.53,170.57,170.18,169.5,3.46,2.6,5.4,-5.4,8.6,10.8,5.7,0.6,0.0,0,1,0,0,1,1,0,5.25,0,0,0,1
PT-109,2026-10-08T13:20:00,59,27.5,11.2,7.8,1,162.4,68.5,41.0,6.2,7823,173.2,75.2,38.0,6.2,17.6,173.6,171.38,170.28,169.55,3.53,9.8,1.1,0.4,-2.8,10.8,6.7,-3.0,0.0,0,1,0,0,1,1,0,5.33,0,0,0,1
PT-109,2026-10-08T13:25:00,59,27.5,11.2,7.8,1,162.4,68.5,41.0,6.2,7823,168.2,79.0,39.1,6.2,22.0,171.53,172.2,169.97,169.65,3.53,9.8,-3.7,6.8,1.2,5.8,10.5,-1.9,0.0,0,1,0,0,1,1,0,5.42,0,0,0,1
PT-109,2026-10-08T13:30:00,59,27.5,11.2,7.8,1,162.4,68.5,41.0,6.2,7823,174.7,76.2,38.3,6.2,31.3,172.03,172.28,170.52,170.19,3.72,1.0,6.6,7.4,-4.4,12.3,7.7,-2.7,0.0,0,1,0,0,1,1,0,5.5,0,0,0,1
PT-109,2026-10-08T13:35:00,59,27.5,11.2,7.8,1,162.4,68.5,41.0,6.2,7823,172.0,74.4,32.6,6.2,31.7,171.63,172.62,170.73,170.23,3.73,4.0,2.6,-7.8,-16.6,9.6,5.9,-8.4,0.0,0,1,0,0,1,1,0,5.58,0,0,0,1
PT-109,2026-10-08T13:40:00,59,27.5,11.2,7.8,1,162.4,68.5,41.0,6.2,7823,168.0,77.3,37.2,6.2,20.7,171.57,171.55,170.95,170.4,3.46,-12.8,2.6,-2.8,-11.4,5.6,8.8,-3.8,0.0,0,1,0,0,1,1,0,5.67,0,0,0,1
PT-109,2026-10-08T13:45:00,59,27.5,11.2,7.8,1,162.4,68.5,41.0,6.2,7823,170.4,76.2,41.6,6.2,22.0,170.13,171.08,170.82,170.47,3.45,-5.6,-1.5,4.0,0.0,8.0,7.7,0.6,0.0,0,1,0,0,1,1,0,5.75,0,0,0,1
PT-109,2026-10-08T13:50:00,59,27.5,11.2,7.8,1,162.4,68.5,41.0,6.2,7823,170.9,75.2,36.6,6.2,22.6,169.77,170.7,171.04,170.46,3.35,-4.6,2.6,0.0,-2.8,8.5,6.7,-4.4,0.0,0,1,0,0,1,1,0,5.83,0,0,0,1
PT-109,2026-10-08T13:55:00,59,27.5,11.2,7.8,1,162.4,68.5,41.0,6.2,7823,171.8,71.1,40.0,6.2,21.0,171.03,171.3,171.75,170.57,2.3,7.2,8.5,-15.8,1.8,9.4,2.6,-1.0,0.0,0,1,0,0,1,1,0,5.92,0,0,0,1
PT-109,2026-10-08T14:00:00,59,27.5,11.2,7.8,1,162.4,68.5,41.0,6.2,7823,167.5,77.5,37.9,6.2,29.9,170.07,170.1,171.19,170.78,2.46,-14.4,-6.7,2.6,-0.8,5.1,9.0,-3.1,0.0,0,1,0,0,1,1,0,6.0,0,0,0,1
PT-109,2026-10-08T14:05:00,59,27.5,11.2,7.8,1,162.4,68.5,41.0,6.2,7823,169.9,74.6,38.3,6.2,19.1,169.73,169.75,171.18,170.66,2.46,-4.2,-0.1,0.4,11.4,7.5,6.1,-2.7,0.0,0,1,0,0,1,1,0,6.08,0,0,0,1
PT-109,2026-10-08T14:10:00,59,27.5,11.2,7.8,1,162.4,68.5,41.0,6.2,7823,180.4,71.0,39.4,6.2,7.7,172.6,171.82,171.68,170.71,3.55,24.8,6.0,-12.6,4.4,18.0,2.5,-1.6,0.0,0,1,0,0,1,1,0,6.17,0,0,0,0
PT-109,2026-10-08T14:15:00,59,27.5,11.2,7.8,1,162.4,68.5,41.0,6.2,7823,171.9,73.7,36.0,6.2,19.1,174.07,172.07,171.58,170.88,3.52,3.0,-1.3,-5.0,-11.2,9.5,5.2,-5.0,0.0,0,1,0,0,1,1,0,6.25,0,0,0,0
PT-109,2026-10-08T14:20:00,59,27.5,11.2,7.8,1,162.4,68.5,41.0,6.2,7823,169.5,72.6,36.4,6.2,9.3,173.93,171.83,171.27,170.77,3.52,-2.8,-3.7,-5.2,-0.4,7.1,4.1,-4.6,0.0,0,1,0,0,1,1,0,6.33,0,0,0,0
PT-109,2026-10-08T14:25:00,59,27.5,11.2,7.8,1,162.4,68.5,41.0,6.2,7823,174.3,73.3,41.3,6.2,5.2,171.9,172.25,171.78,170.87,3.48,5.0,6.1,4.4,2.6,11.9,4.8,0.3,0.0,0,1,0,0,1,1,0,6.42,0,0,0,0
PT-109,2026-10-08T14:30:00,59,27.5,11.2,7.8,1,162.4,68.5,41.0,6.2,7823,167.5,75.1,39.1,6.2,13.5,170.43,172.25,171.18,170.85,3.55,0.0,-7.2,-4.8,2.4,5.1,6.6,-1.9,0.0,0,1,0,0,1,1,0,6.5,0,0,0,0
PT-109,2026-10-08T14:35:00,59,27.5,11.2,7.8,1,162.4,68.5,41.0,6.2,7823,171.5,72.0,38.6,6.2,7.7,171.1,172.52,171.13,170.93,3.54,3.2,-0.5,-5.2,0.6,9.1,3.5,-2.4,0.0,0,1,0,0,1,1,0,6.58,0,0,0,0
PT-109,2026-10-08T14:40:00,59,27.5,11.2,7.8,1,162.4,68.5,41.0,6.2,7823,175.5,77.2,43.9,6.2,14.1,171.5,171.7,171.76,171.35,3.6,-9.8,7.5,12.4,9.0,13.1,8.7,2.9,0.0,0,1,0,0,1,1,0,6.67,0,0,0,0
PT-109,2026-10-08T14:45:00,59,27.5,11.2,7.8,1,162.4,68.5,41.0,6.2,7823,173.3,75.4,38.4,6.2,20.1,173.43,171.93,172.0,171.41,3.6,2.8,2.9,3.4,4.8,10.9,6.9,-2.6,0.0,0,1,0,0,1,1,0,6.75,0,0,0,0
PT-109,2026-10-08T14:50:00,59,27.5,11.2,7.8,1,162.4,68.5,41.0,6.2,7823,169.2,72.2,38.6,6.2,5.6,172.67,171.88,171.86,171.45,3.68,-0.6,-1.7,-0.8,4.4,6.8,3.7,-2.4,0.0,0,1,0,0,1,1,0,6.83,0,0,0,0
PT-109,2026-10-08T14:55:00,59,27.5,11.2,7.8,1,162.4,68.5,41.0,6.2,7823,173.0,77.0,38.9,6.2,21.5,171.83,171.67,171.96,171.85,3.69,-2.6,1.2,7.4,-4.8,10.6,8.5,-2.1,0.0,0,1,0,0,1,1,0,6.92,0,0,0,0
PT-109,2026-10-08T15:00:00,59,27.5,11.2,7.8,1,162.4,68.5,41.0,6.2,7823,163.3,76.9,34.5,6.2,24.7,168.5,170.97,171.61,171.4,4.3,-8.4,-4.2,3.6,-9.2,0.9,8.4,-6.5,0.0,0,1,0,0,1,1,0,7.0,0,0,0,0
PT-109,2026-10-08T15:05:00,59,27.5,11.2,7.8,1,162.4,68.5,41.0,6.2,7823,167.3,71.1,39.0,6.2,15.8,167.87,170.27,171.39,171.29,4.46,-8.4,-2.6,-1.8,0.8,4.9,2.6,-2.0,0.0,0,1,0,0,1,1,0,7.08,0,0,0,0
PT-109,2026-10-08T15:10:00,59,27.5,11.2,7.8,1,162.4,68.5,41.0,6.2,7823,179.0,71.0,38.8,6.2,14.7,169.87,170.85,171.28,171.48,4.21,7.0,-1.4,-12.4,-10.2,16.6,2.5,-2.2,0.0,0,1,0,0,1,1,0,7.17,0,0,0,0
PT-109,2026-10-08T15:15:00,59,27.5,11.2,7.8,1,162.4,68.5,41.0,6.2,7823,167.6,80.2,36.8,6.2,17.0,171.3,169.9,170.92,171.25,4.34,-11.4,-4.3,9.6,-3.2,5.2,11.7,-4.2,0.0,0,1,0,0,1,1,0,7.25,0,0,0,0
PT-109,2026-10-08T15:20:00,59,27.5,11.2,7.8,1,162.4,68.5,41.0,6.2,7823,163.6,73.8,40.3,6.2,12.2,170.07,168.97,170.42,170.85,4.82,-11.2,-5.9,3.2,3.4,1.2,5.3,-0.7,0.0,0,1,0,0,1,1,0,7.33,0,0,0,0
PT-109,2026-10-08T15:25:00,59,27.5,11.2,7.8,1,162.4,68.5,41.0,6.2,7823,168.3,73.9,38.9,6.2,6.1,166.5,168.18,169.92,170.85,4.69,-9.4,-6.0,-6.2,0.0,5.9,5.4,-2.1,0.0,0,1,0,0,1,1,0,7.42,0,0,0,0
PT-109,2026-10-08T15:30:00,59,27.5,11.2,7.8,1,162.4,68.5,41.0,6.2,7823,170.8,73.2,35.9,6.2,19.6,167.57,169.43,170.2,170.69,4.63,15.0,3.3,-7.4,2.8,8.4,4.7,-5.1,0.0,0,1,0,0,1,1,0,7.5,0,0,0,0
PT-109,2026-10-08T15:35:00,59,27.5,11.2,7.8,1,162.4,68.5,41.0,6.2,7823,169.9,72.8,35.6,6.2,12.3,169.67,169.87,170.07,170.6,4.61,5.2,-1.6,3.4,-6.8,7.5,4.3,-5.4,0.0,0,1,0,0,1,1,0,7.58,0,0,0,0
PT-109,2026-10-08T15:40:00,59,27.5,11.2,7.8,1,162.4,68.5,41.0,6.2,7823,170.9,75.0,37.4,6.2,22.2,170.53,168.52,169.68,170.72,4.3,-16.2,-4.6,8.0,-2.8,8.5,6.5,-3.6,0.0,0,1,0,0,1,1,0,7.67,0,0,0,0
PT-109,2026-10-08T15:45:00,59,27.5,11.2,7.8,1,162.4,68.5,41.0,6.2,7823,166.4,72.4,37.7,6.2,16.6,169.07,168.32,169.11,170.55,4.24,-2.4,-6.9,-15.6,1.8,4.0,3.9,-3.3,0.0,0,1,0,0,1,1,0,7.75,0,0,0,0
PT-109,2026-10-08T15:50:00,59,27.5,11.2,7.8,1,162.4,68.5,41.0,6.2,7823,167.9,73.0,36.6,6.2,18.9,168.4,169.03,169.0,170.43,4.25,8.6,-1.3,-1.6,-7.4,5.5,4.5,-4.4,0.0,0,1,0,0,1,1,0,7.83,0,0,0,0
PT-109,2026-10-08T15:55:00,59,27.5,11.2,7.8,1,162.4,68.5,41.0,6.2,7823,169.0,69.0,37.0,6.2,9.7,167.77,169.15,168.67,170.31,4.06,1.4,-4.0,-9.8,-3.8,6.6,0.5,-4.0,0.0,0,1,0,0,1,1,0,7.92,0,0,0,0
PT-109,2026-10-08T16:00:00,59,27.5,11.2,7.8,1,162.4,68.5,41.0,6.2,7823,171.2,74.9,36.5,6.2,14.9,169.37,169.22,169.32,170.47,3.74,0.8,7.9,3.4,1.2,8.8,6.4,-4.5,0.0,0,1,0,0,1,1,0,8.0,0,0,0,0
PT-109,2026-10-08T16:05:00,59,27.5,11.2,7.8,1,162.4,68.5,41.0,6.2,7823,161.3,71.4,36.0,6.2,23.5,167.17,167.78,168.82,170.11,4.38,-17.2,-6.0,-2.8,0.8,-1.1,2.9,-5.0,0.0,0,1,0,0,1,1,0,8.08,0,0,0,0
PT-109,2026-10-08T16:10:00,59,27.5,11.2,7.8,1,162.4,68.5,41.0,6.2,7823,166.5,68.8,41.9,6.2,9.3,166.33,167.05,167.78,169.53,3.01,-8.8,-12.5,-12.4,9.0,4.1,0.3,0.9,0.0,0,1,0,0,1,1,0,8.17,0,0,0,0
PT-109,2026-10-08T16:15:00,59,27.5,11.2,7.8,1,162.4,68.5,41.0,6.2,7823,166.3,72.1,36.7,6.2,15.9,164.7,167.03,167.68,169.3,3.04,-0.2,-1.3,-0.6,-2.0,3.9,3.6,-4.3,0.0,0,1,0,0,1,1,0,8.25,0,0,0,0
PT-109,2026-10-08T16:20:00,59,27.5,11.2,7.8,1,162.4,68.5,41.0,6.2,7823,170.3,74.2,38.0,6.2,10.7,167.7,167.43,168.23,169.33,2.84,4.8,6.7,2.4,2.8,7.9,5.7,-3.0,0.0,0,1,0,0,1,1,0,8.33,0,0,0,0
PT-109,2026-10-08T16:25:00,59,27.5,11.2,7.8,1,162.4,68.5,41.0,6.2,7823,172.9,71.3,43.3,6.2,5.8,169.83,168.08,168.62,169.27,3.14,7.8,4.6,4.6,12.6,10.5,2.8,2.3,0.0,0,1,0,0,1,1,0,8.42,0,0,0,0
PT-109,2026-10-08T16:30:00,59,27.5,11.2,7.8,1,162.4,68.5,41.0,6.2,7823,164.7,72.0,37.4,6.2,17.0,169.3,167.0,168.11,169.15,3.25,-13.0,-6.1,-5.8,1.8,2.3,3.5,-3.6,0.0,0,1,0,0,1,1,0,8.5,0,0,0,0
PT-109,2026-10-08T16:35:00,59,27.5,11.2,7.8,1,162.4,68.5,41.0,6.2,7823,160.7,73.5,36.7,6.2,12.3,166.1,166.9,167.34,168.7,3.82,-1.2,-9.2,4.2,1.4,-1.7,5.0,-4.3,0.0,0,1,0,0,1,1,0,8.58,0,0,0,0
PT-109,2026-10-08T16:40:00,59,27.5,11.2,7.8,1,162.4,68.5,41.0,6.2,7823,172.5,70.1,40.6,6.2,7.9,165.97,167.9,167.48,168.58,3.98,12.0,1.6,2.6,-2.6,10.1,1.6,-0.4,0.0,0,1,0,0,1,1,0,8.67,0,0,0,0
PT-109,2026-10-08T16:45:00,59,27.5,11.2,7.8,1,162.4,68.5,41.0,6.2,7823,168.4,71.5,35.6,6.2,18.5,167.2,168.25,167.64,168.38,3.97,4.2,2.0,-1.2,-2.2,6.0,3.0,-5.4,0.0,0,1,0,0,1,1,0,8.75,0,0,0,0
PT-109,2026-10-08T16:50:00,59,27.5,11.2,7.8,1,162.4,68.5,41.0,6.2,7823,169.0,70.9,40.9,6.2,5.8,169.97,168.03,167.73,168.37,3.99,-2.6,1.1,-6.6,5.8,6.6,2.4,-0.1,0.0,0,1,0,0,1,1,0,8.83,0,0,0,0
PT-109,2026-10-08T16:55:00,59,27.5,11.2,7.8,1,162.4,68.5,41.0,6.2,7823,168.6,73.1,42.6,6.2,6.2,168.67,167.32,167.7,168.18,3.98,-8.6,-0.4,3.6,-1.4,6.2,4.6,1.6,0.0,0,1,0,0,1,1,0,8.92,0,0,0,0
PT-109,2026-10-08T17:00:00,59,27.5,11.2,7.8,1,162.4,68.5,41.0,6.2,7823,170.1,80.1,31.4,6.2,71.6,169.23,168.22,167.61,168.47,3.91,10.8,-1.1,16.2,-12.0,7.7,11.6,-9.6,0.0,0,0,1,0,1,1,0,9.0,0,0,0,0
PT-109,2026-10-08T17:05:00,59,27.5,11.2,7.8,1,162.4,68.5,41.0,6.2,7823,170.7,74.9,34.8,6.2,64.5,169.8,169.88,168.39,168.61,3.44,20.0,9.4,2.8,-3.8,8.3,6.4,-6.2,0.0,0,0,1,0,1,1,0,9.08,0,0,0,0
PT-109,2026-10-08T17:10:00,59,27.5,11.2,7.8,1,162.4,68.5,41.0,6.2,7823,172.4,79.2,29.9,6.2,61.4,171.07,169.87,168.88,168.33,3.57,-0.2,5.9,18.2,-21.4,10.0,10.7,-11.1,0.0,0,0,1,0,1,1,0,9.17,0,0,0,0
PT-109,2026-10-08T17:15:00,59,27.5,11.2,7.8,1,162.4,68.5,41.0,6.2,7823,169.2,77.6,34.6,6.2,66.1,170.77,170.0,169.12,168.4,3.47,1.6,2.9,12.2,-2.0,6.8,9.1,-6.4,0.0,0,0,1,0,1,1,0,9.25,0,0,0,0
PT-109,2026-10-08T17:20:00,59,27.5,11.2,7.8,1,162.4,68.5,41.0,6.2,7823,169.6,79.7,35.1,6.2,56.9,170.4,170.1,169.07,168.65,3.46,1.2,-0.7,17.6,-11.6,7.2,11.2,-5.9,0.0,0,0,1,0,1,1,0,9.33,0,0,0,0
PT-109,2026-10-08T17:25:00,59,27.5,11.2,7.8,1,162.4,68.5,41.0,6.2,7823,167.6,79.6,40.9,6.2,49.1,168.8,169.93,168.62,168.62,3.25,-2.0,-5.3,13.0,-3.4,5.2,11.1,-0.1,0.0,0,0,1,0,1,1,0,9.42,0,0,0,0
PT-109,2026-10-08T17:30:00,59,27.5,11.2,7.8,1,162.4,68.5,41.0,6.2,7823,168.7,76.6,32.6,6.2,63.0,168.63,169.7,168.96,168.53,3.01,-2.8,4.0,-7.0,2.4,6.3,8.1,-8.4,0.0,0,0,1,0,1,1,0,9.5,0,0,0,0
PT-109,2026-10-08T17:35:00,59,27.5,11.2,7.8,1,162.4,68.5,41.0,6.2,7823,169.9,79.7,34.1,6.2,54.7,168.73,169.57,169.72,168.53,1.52,-1.6,9.2,9.6,-1.4,7.5,11.2,-6.9,0.0,0,0,1,0,1,1,0,9.58,0,0,0,0
PT-109,2026-10-08T17:40:00,59,27.5,11.2,7.8,1,162.4,68.5,41.0,6.2,7823,167.3,74.3,35.2,6.2,57.3,168.63,168.72,169.29,168.38,1.39,-10.2,-5.2,-9.8,10.6,4.9,5.8,-5.8,0.0,0,0,1,0,1,1,0,9.67,0,0,0,0
PT-109,2026-10-08T17:45:00,59,27.5,11.2,7.8,1,162.4,68.5,41.0,6.2,7823,168.1,74.4,32.3,6.2,45.6,168.43,168.53,169.27,168.45,1.41,-2.2,-0.3,-6.4,-4.6,5.7,5.9,-8.7,0.0,0,0,1,0,1,1,0,9.75,0,0,0,0
PT-109,2026-10-08T17:50:00,59,27.5,11.2,7.8,1,162.4,68.5,41.0,6.2,7823,170.3,75.0,31.5,6.2,48.4,168.57,168.65,169.38,168.55,1.44,1.4,1.3,-9.4,-7.2,7.9,6.5,-9.5,0.0,0,0,1,0,1,1,0,9.83,0,0,0,0
PT-109,2026-10-08T17:55:00,59,27.5,11.2,7.8,1,162.4,68.5,41.0,6.2,7823,172.2,76.9,28.0,6.2,64.7,170.2,169.42,169.68,168.69,1.63,9.2,3.6,-5.4,-25.8,9.8,8.4,-13.0,0.0,0,0,1,0,1,1,0,9.92,0,0,0,0
PT-109,2026-10-08T18:00:00,59,27.5,11.2,7.8,1,162.4,68.5,41.0,6.2,7823,170.7,80.9,31.3,6.2,63.0,171.07,169.75,169.72,168.67,1.65,4.0,0.6,8.6,-2.6,8.3,12.4,-9.7,0.0,0,0,1,0,1,1,0,10.0,0,0,0,0
PT-109,2026-10-08T18:05:00,59,27.5,11.2,7.8,1,162.4,68.5,41.0,6.2,7823,159.2,73.9,36.9,6.2,19.6,167.37,167.97,168.77,168.58,3.42,-21.4,-11.5,-11.6,5.6,-3.2,5.4,-4.1,0.0,0,0,1,0,1,1,0,10.08,0,0,0,0
PT-109,2026-10-08T18:10:00,59,27.5,11.2,7.8,1,162.4,68.5,41.0,6.2,7823,166.2,72.9,36.9,6.2,18.9,165.37,167.78,168.25,168.57,3.29,-2.2,-6.2,-2.8,3.4,3.8,4.4,-4.1,0.0,0,0,1,0,1,1,0,10.17,0,0,0,0
PT-109,2026-10-08T18:15:00,59,27.5,11.2,7.8,1,162.4,68.5,41.0,6.2,7823,167.4,70.8,36.4,6.2,5.8,164.27,167.67,168.1,168.61,3.28,-1.4,-1.8,-7.2,8.2,5.0,2.3,-4.6,0.0,0,0,1,0,1,1,0,10.25,0,0,0,0
PT-109,2026-10-08T18:20:00,59,27.5,11.2,7.8,1,162.4,68.5,41.0,6.2,7823,167.8,74.3,33.4,6.2,23.2,167.13,167.25,167.95,168.51,3.25,-5.0,-1.8,-1.4,3.8,5.4,5.8,-7.6,0.0,0,0,1,0,1,1,0,10.33,0,0,0,0
PT-109,2026-10-08T18:25:00,59,27.5,11.2,7.8,1,162.4,68.5,41.0,6.2,7823,167.4,71.1,40.8,6.2,23.0,167.53,166.45,167.93,168.28,3.25,-9.6,-0.2,-11.6,25.6,5.0,2.6,-0.2,0.0,0,0,1,0,1,1,0,10.42,0,0,0,0
PT-109,2026-10-08T18:30:00,59,27.5,11.2,7.8,1,162.4,68.5,41.0,6.2,7823,162.4,71.0,37.4,6.2,17.1,165.87,165.07,167.41,168.18,3.6,-16.6,-6.3,-19.8,12.2,0.0,2.5,-3.6,0.0,0,0,1,0,1,1,0,10.5,0,0,0,0
PT-109,2026-10-08T18:35:00,59,27.5,11.2,7.8,1,162.4,68.5,41.0,6.2,7823,159.8,72.8,33.1,6.2,22.6,163.2,165.17,166.57,168.15,4.11,1.2,-10.1,-2.2,-7.6,-2.6,4.3,-7.9,0.0,0,0,1,0,1,1,0,10.58,0,0,0,0
PT-109,2026-10-08T18:40:00,59,27.5,11.2,7.8,1,162.4,68.5,41.0,6.2,7823,161.3,71.2,39.2,6.2,16.8,161.17,164.35,166.07,167.68,4.37,-9.8,-6.0,-3.4,4.6,-1.1,2.7,-1.8,0.0,0,0,1,0,1,1,0,10.67,0,0,0,0
PT-109,2026-10-08T18:45:00,59,27.5,11.2,7.8,1,162.4,68.5,41.0,6.2,7823,167.7,70.0,40.4,6.2,13.3,162.93,164.4,166.03,167.65,4.36,0.6,-0.4,-1.6,8.0,5.3,1.5,-0.6,0.0,0,0,1,0,1,1,0,10.75,0,0,0,0
PT-109,2026-10-08T18:50:00,59,27.5,11.2,7.8,1,162.4,68.5,41.0,6.2,7823,157.9,70.2,38.1,6.2,22.6,162.3,162.75,165.0,167.19,4.71,-19.8,-12.4,-8.2,9.4,-4.5,1.7,-2.9,0.0,0,0,1,0,1,1,0,10.83,0,0,0,0
PT-109,2026-10-08T18:55:00,59,27.5,11.2,7.8,1,162.4,68.5,41.0,6.2,7823,164.3,68.4,43.6,6.2,6.1,163.3,162.23,164.34,167.01,4.13,-6.2,-7.9,-5.4,5.6,1.9,-0.1,2.6,0.0,0,0,1,0,1,1,0,10.92,0,0,0,0
PT-109,2026-10-08T19:00:00,59,27.5,11.2,7.8,1,162.4,68.5,41.0,6.2,7823,162.4,68.7,39.1,6.2,8.8,161.53,162.23,163.65,166.69,3.63,0.0,-8.3,-4.6,3.4,0.0,0.2,-1.9,0.0,0,0,1,0,1,1,0,11.0,0,0,0,0
PT-109,2026-10-08T19:05:00,59,27.5,11.2,7.8,1,162.4,68.5,41.0,6.2,7823,157.4,67.6,39.2,6.2,11.3,161.37,161.83,163.5,166.13,3.86,-4.8,-1.8,-10.4,12.2,-5.0,-0.9,-1.8,0.0,0,0,1,0,1,1,0,11.08,0,0,0,0
PT-109,2026-10-08T19:10:00,59,27.5,11.2,7.8,1,162.4,68.5,41.0,6.2,7823,160.5,70.4,40.2,6.2,7.3,160.1,161.7,163.02,165.64,3.85,-1.6,-5.7,-1.6,2.0,-1.9,1.9,-0.8,0.0,0,0,1,0,1,1,0,11.17,0,0,0,0
PT-109,2026-10-08T19:15:00,59,27.5,11.2,7.8,1,162.4,68.5,41.0,6.2,7823,161.4,68.7,38.1,6.2,5.2,159.77,160.65,162.52,165.31,3.61,-12.6,-6.0,-2.6,-4.6,-1.0,0.2,-2.9,0.0,0,0,1,0,1,1,0,11.25,0,0,0,0
PT-109,2026-10-08T19:20:00,59,27.5,11.2,7.8,1,162.4,68.5,41.0,6.2,7823,163.9,67.5,43.0,6.2,13.0,161.93,161.65,162.2,165.08,3.25,12.0,-3.9,-5.4,9.8,1.5,-1.0,2.0,0.0,0,0,1,0,1,1,0,11.33,0,0,0,0
PT-109,2026-10-08T19:25:00,59,27.5,11.2,7.8,1,162.4,68.5,41.0,6.2,7823,162.6,68.6,39.9,6.2,10.0,162.63,161.37,161.8,164.87,2.82,-3.4,-4.8,0.4,-7.4,0.2,0.1,-1.1,0.0,0,0,1,0,1,1,0,11.42,0,0,0,0
PT-109,2026-10-08T19:30:00,59,27.5,11.2,7.8,1,162.4,68.5,41.0,6.2,7823,163.6,70.8,41.5,6.2,12.2,163.37,161.57,161.9,164.65,2.86,2.4,1.2,4.2,4.8,1.2,2.3,0.5,0.0,0,0,1,0,1,1,0,11.5,0,0,0,0
PT-109,2026-10-08T19:35:00,59,27.5,11.2,7.8,1,162.4,68.5,41.0,6.2,7823,162.6,68.6,39.0,6.2,17.9,162.93,162.43,162.13,164.35,2.79,10.4,2.8,2.0,-0.4,0.2,0.1,-2.0,0.0,0,0,1,0,1,1,0,11.58,0,0,0,0
PT-109,2026-10-08T19:40:00,59,27.5,11.2,7.8,1,162.4,68.5,41.0,6.2,7823,162.8,71.5,38.2,6.2,18.9,163.0,162.82,162.26,164.16,2.78,4.6,1.5,2.2,-4.0,0.4,3.0,-2.8,0.0,0,0,1,0,1,1,0,11.67,0,0,0,0
PT-109,2026-10-08T19:45:00,59,27.5,11.2,7.8,1,162.4,68.5,41.0,6.2,7823,166.4,65.2,38.1,6.2,16.5,163.93,163.65,162.15,164.09,2.57,10.0,-1.3,-7.0,0.0,4.0,-3.3,-2.9,0.0,0,0,1,0,1,1,0,11.75,0,0,0,0
PT-109,2026-10-08T19:50:00,59,27.5,11.2,7.8,1,162.4,68.5,41.0,6.2,7823,164.4,70.9,38.5,6.2,24.3,164.53,163.73,162.69,163.85,2.26,1.0,6.5,6.8,-9.0,2.0,2.4,-2.5,0.0,0,0,1,0,1,1,0,11.83,0,0,0,0
PT-109,2026-10-08T19:55:00,59,27.5,11.2,7.8,1,162.4,68.5,41.0,6.2,7823,164.2,68.9,41.3,6.2,6.7,165.0,164.0,162.68,163.51,2.25,3.2,-0.1,0.6,2.8,1.8,0.4,0.3,0.0,0,0,1,0,1,1,0,11.92,0,0,0,0
PT-109,2026-10-08T20:00:00,59,27.5,11.2,7.8,1,162.4,68.5,41.0,6.2,7823,162.6,72.0,42.3,6.2,21.0,163.73,163.83,162.7,163.18,2.25,-2.0,0.2,2.4,1.6,0.2,3.5,1.3,0.0,0,0,1,0,1,1,0,0.0,0,0,0,0
PT-109,2026-10-08T20:05:00,59,27.5,11.2,7.8,1,162.4,68.5,41.0,6.2,7823,160.9,65.4,40.8,6.2,19.3,162.57,163.55,162.99,163.25,1.65,-3.4,3.5,-6.4,3.6,-1.5,-3.1,-0.2,0.0,0,0,1,0,1,1,0,0.08,0,0,0,0
PT-109,2026-10-08T20:10:00,59,27.5,11.2,7.8,1,162.4,68.5,41.0,6.2,7823,157.0,69.9,37.8,6.2,16.3,160.17,162.58,162.7,162.86,2.31,-11.6,-3.5,-3.2,-0.8,-5.4,1.4,-3.2,0.0,0,0,1,0,1,1,0,0.17,0,0,0,0
PT-109,2026-10-08T20:15:00,59,27.5,11.2,7.8,1,162.4,68.5,41.0,6.2,7823,162.6,69.3,41.0,6.2,14.6,160.17,161.95,162.8,162.66,2.27,-7.6,1.2,8.2,5.8,0.2,0.8,0.0,0.0,0,0,1,0,1,1,0,0.25,0,0,0,0
PT-109,2026-10-08T20:20:00,59,27.5,11.2,7.8,1,162.4,68.5,41.0,6.2,7823,157.7,70.3,40.7,6.2,8.7,159.1,160.83,162.28,162.24,2.67,-13.4,-6.2,-1.2,4.4,-4.7,1.8,-0.3,0.0,0,0,1,0,1,1,0,0.33,0,0,0,0
PT-109,2026-10-08T20:25:00,59,27.5,11.2,7.8,1,162.4,68.5,41.0,6.2,7823,157.4,65.9,36.4,6.2,21.5,159.23,159.7,161.85,161.82,3.01,-13.6,-5.2,-6.0,-9.8,-5.0,-2.6,-4.6,0.0,0,0,1,0,1,1,0,0.42,0,0,0,0
PT-109,2026-10-08T20:30:00,59,27.5,11.2,7.8,1,162.4,68.5,41.0,6.2,7823,161.8,68.5,44.4,6.2,11.0,158.97,159.57,161.7,161.8,2.96,-1.6,-1.8,-7.0,4.2,-0.6,0.0,3.4,0.0,0,0,1,0,1,1,0,0.5,0,0,0,0
PT-109,2026-10-08T20:35:00,59,27.5,11.2,7.8,1,162.4,68.5,41.0,6.2,7823,171.1,69.2,34.2,6.2,20.9,163.43,161.27,162.41,162.27,4.02,20.4,8.5,7.6,-13.2,8.7,0.7,-6.8,0.0,0,0,1,0,1,1,0,0.58,0,0,0,0
PT-109,2026-10-08T20:40:00,59,27.5,11.2,7.8,1,162.4,68.5,41.0,6.2,7823,164.0,68.4,44.1,6.2,13.8,165.63,162.43,162.51,162.38,4.05,14.0,1.2,-3.0,12.6,1.6,-0.1,3.1,0.0,0,0,1,0,1,1,0,0.67,0,0,0,0
PT-109,2026-10-08T20:45:00,59,27.5,11.2,7.8,1,162.4,68.5,41.0,6.2,7823,161.5,68.2,41.1,6.2,5.3,165.53,162.25,162.1,162.12,3.86,-2.2,-4.9,-2.2,0.2,-0.9,-0.3,0.1,0.0,0,0,1,0,1,1,0,0.75,0,0,0,0
PT-109,2026-10-08T20:50:00,59,27.5,11.2,7.8,1,162.4,68.5,41.0,6.2,7823,162.9,68.0,39.9,6.2,10.7,162.8,163.12,161.98,162.33,3.81,10.4,-1.5,-4.6,-1.6,0.5,-0.5,-1.1,0.0,0,0,1,0,1,1,0,0.83,0,0,0,0
PT-109,2026-10-08T20:55:00,59,27.5,11.2,7.8,1,162.4,68.5,41.0,6.2,7823,160.6,67.2,39.5,6.2,14.8,161.67,163.65,161.67,162.18,3.76,6.4,-3.6,2.6,6.2,-1.8,-1.3,-1.5,0.0,0,0,1,0,1,1,0,0.92,0,0,0,0
PT-109,2026-10-08T21:00:00,59,27.5,11.2,7.8,1,162.4,68.5,41.0,6.2,7823,158.7,65.4,40.3,6.2,7.4,160.73,163.13,161.35,162.02,3.84,-6.2,-3.9,-6.2,-8.2,-3.7,-3.1,-0.7,0.0,0,0,1,0,1,1,0,1.0,0,0,0,0
PT-109,2026-10-08T21:05:00,59,27.5,11.2,7.8,1,162.4,68.5,41.0,6.2,7823,156.3,67.3,42.8,6.2,14.4,158.53,160.67,160.97,161.98,4.11,-29.6,-4.6,-3.8,17.2,-6.1,-1.2,1.8,0.0,0,0,1,0,1,1,0,1.08,0,0,0,0
PT-109,2026-10-08T21:10:00,59,27.5,11.2,7.8,1,162.4,68.5,41.0,6.2,7823,157.1,70.9,35.5,6.2,22.7,157.37,159.52,160.98,161.84,4.1,-13.8,0.1,5.0,-17.2,-5.3,2.4,-5.5,0.0,0,0,1,0,1,1,0,1.17,0,0,0,0
PT-109,2026-10-08T21:15:00,59,27.5,11.2,7.8,1,162.4,68.5,41.0,6.2,7823,166.7,68.6,41.0,6.2,22.7,160.03,160.38,161.32,162.06,4.4,10.4,4.1,0.8,-0.2,4.3,0.1,0.0,0.0,0,0,1,0,1,1,0,1.25,0,0,0,0
PT-109,2026-10-08T21:20:00,59,27.5,11.2,7.8,1,162.4,68.5,41.0,6.2,7823,161.8,69.2,46.9,6.2,6.2,161.87,160.2,161.66,161.97,4.25,-2.2,4.1,2.4,14.0,-0.6,0.7,5.9,0.0,0,0,1,0,1,1,0,1.33,0,0,0,0
PT-109,2026-10-08T21:25:00,59,27.5,11.2,7.8,1,162.4,68.5,41.0,6.2,7823,160.1,69.3,40.4,6.2,14.2,162.87,160.12,161.88,161.87,4.08,-1.0,2.7,4.2,1.8,-2.3,0.8,-0.6,0.0,0,0,1,0,1,1,0,1.42,0,0,0,0
PT-109,2026-10-08T21:30:00,59,27.5,11.2,7.8,1,162.4,68.5,41.0,6.2,7823,160.4,71.6,30.8,6.2,20.0,160.77,160.4,161.77,161.73,4.1,3.4,-1.4,12.4,-19.0,-2.0,3.1,-10.2,0.0,0,0,1,0,1,1,0,1.5,0,0,0,0
PT-109,2026-10-08T21:35:00,59,27.5,11.2,7.8,1,162.4,68.5,41.0,6.2,7823,161.3,65.3,32.4,6.2,16.5,160.6,161.23,160.95,161.68,2.86,10.0,-9.8,-4.0,-20.8,-1.1,-3.2,-8.6,0.0,0,0,1,0,1,1,0,1.58,0,0,0,0
PT-109,2026-10-08T21:40:00,59,27.5,11.2,7.8,1,162.4,68.5,41.0,6.2,7823,162.8,66.4,43.2,6.2,10.1,161.5,162.18,160.85,161.68,2.76,11.4,-1.2,-9.0,15.4,0.4,-2.1,2.2,0.0,0,0,1,0,1,1,0,1.67,0,0,0,0
PT-109,2026-10-08T21:45:00,59,27.5,11.2,7.8,1,162.4,68.5,41.0,6.2,7823,158.3,70.5,38.6,6.2,22.5,160.8,160.78,160.58,161.34,2.85,-16.8,-3.2,3.8,-4.8,-4.1,2.0,-2.4,0.0,0,0,1,0,1,1,0,1.75,0,0,0,0
PT-109,2026-10-08T21:50:00,59,27.5,11.2,7.8,1,162.4,68.5,41.0,6.2,7823,153.1,66.1,41.3,6.2,5.4,158.07,159.33,159.77,160.87,3.46,-17.4,-9.8,-6.2,-11.2,-9.3,-2.4,0.3,0.0,0,0,1,0,1,1,0,1.83,0,0,0,0
PT-109,2026-10-08T21:55:00,59,27.5,11.2,7.8,1,162.4,68.5,41.0,6.2,7823,161.8,65.9,39.5,6.2,11.3,157.73,159.62,159.87,160.77,3.51,3.4,1.2,-6.8,-1.8,-0.6,-2.6,-1.5,0.0,0,0,1,0,1,1,0,1.92,0,0,0,0
PT-110,2026-10-08T08:00:00,42,32.9,2.5,7.0,0,135.7,66.4,53.3,7.1,7336,147.4,80.6,38.6,3.8,4.2,147.4,147.4,147.4,147.4,0.0,0.0,0.0,0.0,0.0,11.7,14.2,-14.7,-3.3,1,0,0,0,2,1,0,0.0,0,0,0,0
PT-110,2026-10-08T08:05:00,42,32.9,2.5,7.0,0,135.7,66.4,53.3,7.1,7336,146.3,81.0,38.9,3.8,2.6,146.85,146.85,146.85,146.85,0.78,0.0,0.0,0.0,0.0,10.6,14.6,-14.4,-3.3,1,0,0,0,2,1,0,0.08,0,0,0,0
PT-110,2026-10-08T08:10:00,42,32.9,2.5,7.0,0,135.7,66.4,53.3,7.1,7336,145.7,83.0,38.1,3.8,6.4,146.47,146.47,146.47,146.47,0.86,0.0,0.0,0.0,0.0,10.0,16.6,-15.2,-3.3,1,0,0,0,2,1,0,0.17,0,0,0,0
PT-110,2026-10-08T08:15:00,42,32.9,2.5,7.0,0,135.7,66.4,53.3,7.1,7336,150.2,80.3,37.2,3.8,6.8,147.4,147.4,147.4,147.4,1.99,0.0,0.0,0.0,0.0,14.5,13.9,-16.1,-3.3,1,0,0,0,2,1,0,0.25,0,0,0,0
PT-110,2026-10-08T08:20:00,42,32.9,2.5,7.0,0,135.7,66.4,53.3,7.1,7336,154.7,81.4,37.6,3.8,2.3,150.2,148.86,148.86,148.86,3.69,0.0,0.0,0.0,0.0,19.0,15.0,-15.7,-3.3,1,0,0,0,2,1,0,0.33,0,0,0,0
PT-110,2026-10-08T08:25:00,42,32.9,2.5,7.0,0,135.7,66.4,53.3,7.1,7336,152.2,80.2,39.1,3.8,3.7,152.37,149.42,149.42,149.42,3.57,0.0,0.0,0.0,0.0,16.5,13.8,-14.2,-3.3,1,0,0,0,2,1,0,0.42,0,0,0,0
PT-110,2026-10-08T08:30:00,42,32.9,2.5,7.0,0,135.7,66.4,53.3,7.1,7336,155.8,79.2,36.3,3.8,25.0,154.23,150.82,150.33,150.33,4.06,16.8,0.0,-2.8,-4.6,20.1,12.8,-17.0,-3.3,1,0,0,0,2,1,0,0.5,0,0,0,0
PT-110,2026-10-08T08:35:00,42,32.9,2.5,7.0,0,135.7,66.4,53.3,7.1,7336,156.4,82.6,40.6,3.8,22.3,154.8,152.5,151.09,151.09,4.33,20.2,0.0,3.2,3.4,20.7,16.2,-12.7,-3.3,1,0,0,0,2,1,0,0.58,0,0,0,0
PT-110,2026-10-08T08:40:00,42,32.9,2.5,7.0,0,135.7,66.4,53.3,7.1,7336,158.0,77.8,36.9,3.8,29.0,156.73,154.55,151.86,151.86,4.66,24.6,0.0,-10.4,-2.4,22.3,11.4,-16.4,-3.3,1,0,0,0,2,1,0,0.67,0,0,0,0
PT-110,2026-10-08T08:45:00,42,32.9,2.5,7.0,0,135.7,66.4,53.3,7.1,7336,154.9,79.0,39.7,3.8,21.1,156.43,155.33,152.16,152.16,4.5,9.4,0.0,-2.6,5.0,19.2,12.6,-13.6,-3.3,1,0,0,0,2,1,0,0.75,0,0,0,0
PT-110,2026-10-08T08:50:00,42,32.9,2.5,7.0,0,135.7,66.4,53.3,7.1,7336,153.9,81.6,41.4,3.8,23.1,155.6,155.2,152.32,152.32,4.3,-1.6,0.0,0.4,7.6,18.2,15.2,-11.9,-3.3,1,0,0,0,2,1,0,0.83,0,0,0,0
PT-110,2026-10-08T08:55:00,42,32.9,2.5,7.0,0,135.7,66.4,53.3,7.1,7336,157.8,82.7,38.6,3.8,29.4,155.53,156.13,152.78,152.78,4.39,11.2,0.0,5.0,-1.0,22.1,16.3,-14.7,-3.3,1,0,0,0,2,1,0,0.92,0,0,0,0
PT-110,2026-10-08T09:00:00,42,32.9,2.5,7.0,0,135.7,66.4,53.3,7.1,7336,157.4,80.3,40.9,3.8,28.1,156.37,156.4,153.61,153.13,4.22,3.2,10.0,2.2,9.2,21.7,13.9,-12.4,-3.3,1,0,0,0,2,1,0,1.0,0,0,0,0
PT-110,2026-10-08T09:05:00,42,32.9,2.5,7.0,0,135.7,66.4,53.3,7.1,7336,154.9,81.9,39.2,3.8,29.8,156.7,156.15,154.33,153.26,3.55,-3.0,8.6,-1.4,-2.8,19.2,15.5,-14.1,-3.3,1,0,0,0,2,1,0,1.08,0,0,0,0
PT-110,2026-10-08T09:10:00,42,32.9,2.5,7.0,0,135.7,66.4,53.3,7.1,7336,157.9,82.9,39.6,3.8,20.8,156.73,156.13,155.34,153.57,2.42,-0.2,12.2,10.2,5.4,22.2,16.5,-13.7,-3.3,1,0,0,0,2,1,0,1.17,0,0,0,0
PT-110,2026-10-08T09:15:00,42,32.9,2.5,7.0,0,135.7,66.4,53.3,7.1,7336,158.1,83.1,39.7,3.8,24.5,156.97,156.67,156.0,153.85,1.92,6.4,7.9,8.2,0.0,22.4,16.7,-13.6,-3.3,1,0,0,0,2,1,0,1.25,0,0,0,0
PT-110,2026-10-08T09:20:00,42,32.9,2.5,7.0,0,135.7,66.4,53.3,7.1,7336,159.3,88.9,35.4,3.8,26.6,158.43,157.57,156.38,154.17,2.08,10.8,4.6,14.6,-12.0,23.6,22.5,-17.9,-3.3,1,0,0,0,2,1,0,1.33,0,0,0,0
PT-110,2026-10-08T09:25:00,42,32.9,2.5,7.0,0,135.7,66.4,53.3,7.1,7336,157.5,78.2,37.8,3.8,19.6,158.3,157.52,156.83,154.36,1.63,-0.6,5.3,-9.0,-1.6,21.8,11.8,-15.5,-3.3,1,0,0,0,2,1,0,1.42,0,0,0,0
PT-110,2026-10-08T09:30:00,42,32.9,2.5,7.0,0,135.7,66.4,53.3,7.1,7336,155.3,77.8,36.0,3.8,26.4,157.37,157.17,156.78,154.41,1.66,-4.2,-0.5,-5.0,-9.8,19.6,11.4,-17.3,-3.3,1,0,0,0,2,1,0,1.5,0,0,0,0
PT-110,2026-10-08T09:35:00,42,32.9,2.5,7.0,0,135.7,66.4,53.3,7.1,7336,154.5,83.7,41.8,3.8,3.3,155.77,157.1,156.62,154.41,1.79,-0.8,-1.9,3.6,5.2,18.8,17.3,-11.5,-3.3,1,0,0,0,2,1,0,1.58,0,0,0,0
PT-110,2026-10-08T09:40:00,42,32.9,2.5,7.0,0,135.7,66.4,53.3,7.1,7336,156.7,81.3,35.5,3.8,2.1,155.5,156.9,156.52,154.52,1.74,-2.4,-1.3,-3.2,-8.2,21.0,14.9,-17.8,-3.3,1,0,0,0,2,1,0,1.67,0,0,0,0
PT-110,2026-10-08T09:45:00,42,32.9,2.5,7.0,0,135.7,66.4,53.3,7.1,7336,154.8,79.6,39.9,3.8,9.5,155.33,156.35,156.51,154.53,1.75,-6.6,-0.1,-7.0,0.4,19.1,13.2,-13.4,-3.3,1,0,0,0,2,1,0,1.75,0,0,0,0
PT-110,2026-10-08T09:50:00,42,32.9,2.5,7.0,0,135.7,66.4,53.3,7.1,7336,153.4,84.7,37.5,3.8,7.9,154.97,155.37,156.47,154.48,1.82,-11.8,-0.5,-8.4,4.2,17.7,18.3,-15.8,-3.3,1,0,0,0,2,1,0,1.83,0,0,0,0
PT-110,2026-10-08T09:55:00,42,32.9,2.5,7.0,0,135.7,66.4,53.3,7.1,7336,155.7,82.5,43.1,3.8,7.9,154.63,155.07,156.29,154.53,1.78,-3.6,-2.1,8.6,10.6,20.0,16.1,-10.2,-3.3,1,0,0,0,2,1,0,1.92,0,0,0,0
PT-110,2026-10-08T10:00:00,42,32.9,2.5,7.0,0,135.7,66.4,53.3,7.1,7336,156.0,81.3,39.4,3.8,4.4,155.03,155.18,156.17,154.89,1.75,1.4,-1.4,7.0,6.8,20.3,14.9,-13.9,-3.3,1,0,0,0,2,1,0,2.0,0,0,0,0
PT-110,2026-10-08T10:05:00,42,32.9,2.5,7.0,0,135.7,66.4,53.3,7.1,7336,156.3,79.8,39.5,3.8,2.5,156.0,155.48,156.29,155.31,1.7,3.6,1.4,-7.8,-4.6,20.6,13.4,-13.8,-3.3,1,0,0,0,2,1,0,2.08,0,0,0,0
PT-110,2026-10-08T10:10:00,42,32.9,2.5,7.0,0,135.7,66.4,53.3,7.1,7336,159.2,82.4,36.9,3.8,4.1,157.17,155.9,156.4,155.87,1.85,5.0,1.3,2.2,2.8,23.5,16.0,-16.4,-3.3,1,0,0,0,2,1,0,2.17,0,0,0,1
PT-110,2026-10-08T10:15:00,42,32.9,2.5,7.0,0,135.7,66.4,53.3,7.1,7336,157.4,80.0,40.4,3.8,6.8,157.63,156.33,156.34,156.17,1.8,5.2,-0.7,0.8,1.0,21.7,13.6,-12.9,-3.3,1,0,0,0,2,1,0,2.25,0,0,0,1
PT-110,2026-10-08T10:20:00,42,32.9,2.5,7.0,0,135.7,66.4,53.3,7.1,7336,157.5,78.7,35.6,3.8,7.4,158.03,157.02,156.19,156.29,1.59,8.2,-1.8,-12.0,-3.8,21.8,12.3,-17.7,-3.3,1,0,0,0,2,1,0,2.33,0,0,0,1
PT-110,2026-10-08T10:25:00,42,32.9,2.5,7.0,0,135.7,66.4,53.3,7.1,7336,160.3,83.3,38.6,3.8,5.5,158.4,157.78,156.42,156.62,1.96,9.2,2.8,1.6,-9.0,24.6,16.9,-14.7,-3.3,1,0,0,0,2,1,0,2.42,0,0,0,1
PT-110,2026-10-08T10:30:00,42,32.9,2.5,7.0,0,135.7,66.4,53.3,7.1,7336,158.7,81.5,41.9,3.8,4.0,158.83,158.23,156.71,156.75,2.03,5.4,3.4,0.4,5.0,23.0,15.1,-11.4,-3.3,1,0,0,0,2,1,0,2.5,0,0,0,1
PT-110,2026-10-08T10:35:00,42,32.9,2.5,7.0,0,135.7,66.4,53.3,7.1,7336,162.3,81.5,38.0,3.8,6.2,160.43,159.23,157.36,156.99,2.46,12.0,7.8,3.4,-3.0,26.6,15.1,-15.3,-3.3,1,0,0,0,2,1,0,2.58,0,0,0,1
PT-110,2026-10-08T10:40:00,42,32.9,2.5,7.0,0,135.7,66.4,53.3,7.1,7336,160.1,81.4,37.6,3.8,9.9,160.37,159.38,157.64,157.08,2.57,1.8,3.4,-2.0,1.4,24.4,15.0,-15.7,-3.3,1,0,0,0,2,1,0,2.67,0,0,0,1
PT-110,2026-10-08T10:45:00,42,32.9,2.5,7.0,0,135.7,66.4,53.3,7.1,7336,160.3,81.9,40.1,3.8,8.9,160.9,159.87,158.1,157.3,2.51,5.8,5.5,3.8,-0.6,24.6,15.5,-13.2,-3.3,1,0,0,0,2,1,0,2.75,0,0,0,1
PT-110,2026-10-08T10:50:00,42,32.9,2.5,7.0,0,135.7,66.4,53.3,7.1,7336,164.8,85.7,36.6,3.8,3.4,161.73,161.08,159.05,157.76,2.72,14.6,11.4,14.0,2.0,29.1,19.3,-16.7,-3.3,1,0,0,0,2,1,0,2.83,0,0,0,1
PT-110,2026-10-08T10:55:00,42,32.9,2.5,7.0,0,135.7,66.4,53.3,7.1,7336,168.1,80.4,38.5,3.8,7.3,164.4,162.38,160.08,158.19,3.56,15.6,12.4,-5.8,-0.2,32.4,14.0,-14.8,-3.3,1,0,0,0,2,1,0,2.92,0,0,0,1
PT-110,2026-10-08T11:00:00,42,32.9,2.5,7.0,0,135.7,66.4,53.3,7.1,7336,167.8,80.4,37.4,3.8,3.6,166.9,163.9,161.07,158.62,3.94,18.2,11.8,-2.2,-9.0,32.1,14.0,-15.9,-3.3,1,0,0,0,2,1,0,3.0,0,0,0,1
PT-110,2026-10-08T11:05:00,42,32.9,2.5,7.0,0,135.7,66.4,53.3,7.1,7336,169.6,84.9,39.0,3.8,6.1,168.5,165.12,162.17,159.23,4.32,14.6,13.3,6.8,2.0,33.9,18.5,-14.3,-3.3,1,0,0,0,2,1,0,3.08,0,0,0,1
PT-110,2026-10-08T11:10:00,42,32.9,2.5,7.0,0,135.7,66.4,53.3,7.1,7336,170.6,86.0,38.1,3.8,5.2,169.33,166.87,163.12,159.76,4.83,21.0,11.4,9.2,1.0,34.9,19.6,-15.2,-3.3,1,0,0,0,2,1,0,3.17,0,0,0,1
PT-110,2026-10-08T11:15:00,42,32.9,2.5,7.0,0,135.7,66.4,53.3,7.1,7336,169.7,81.5,38.7,3.8,9.5,169.97,168.43,164.15,160.25,4.81,18.8,12.3,-0.8,-2.8,34.0,15.1,-14.6,-3.3,1,0,0,0,2,1,0,3.25,0,0,0,1
PT-110,2026-10-08T11:20:00,42,32.9,2.5,7.0,0,135.7,66.4,53.3,7.1,7336,171.8,81.4,38.4,3.8,3.7,170.7,169.6,165.34,160.77,4.79,14.0,14.3,-8.6,3.6,36.1,15.0,-14.9,-3.3,1,0,0,0,2,1,0,3.33,0,0,0,1
PT-110,2026-10-08T11:25:00,42,32.9,2.5,7.0,0,135.7,66.4,53.3,7.1,7336,170.0,86.3,35.2,3.8,2.4,170.5,169.92,166.15,161.29,4.68,3.8,9.7,11.8,-6.6,34.3,19.9,-18.1,-3.3,1,0,0,0,2,1,0,3.42,0,0,0,1
PT-110,2026-10-08T11:30:00,42,32.9,2.5,7.0,0,135.7,66.4,53.3,7.1,7336,171.2,83.7,37.6,3.8,5.7,171.0,170.48,167.19,161.95,4.24,6.8,12.5,6.6,0.4,35.5,17.3,-15.7,-3.3,1,0,0,0,2,1,0,3.5,0,0,0,1
PT-110,2026-10-08T11:35:00,42,32.9,2.5,7.0,0,135.7,66.4,53.3,7.1,7336,172.9,84.0,39.7,3.8,4.3,171.37,171.03,168.08,162.72,4.23,6.6,10.6,-1.8,1.4,37.2,17.6,-13.6,-3.3,1,0,0,0,2,1,0,3.58,0,0,0,1
PT-110,2026-10-08T11:40:00,42,32.9,2.5,7.0,0,135.7,66.4,53.3,7.1,7336,172.0,79.9,39.2,3.8,2.5,172.03,171.27,169.07,163.35,3.53,2.8,11.9,-12.2,2.2,36.3,13.5,-14.1,-3.3,1,0,0,0,2,1,0,3.67,0,0,0,1
PT-110,2026-10-08T11:45:00,42,32.9,2.5,7.0,0,135.7,66.4,53.3,7.1,7336,174.4,83.1,41.7,3.8,8.5,173.1,172.05,170.24,164.17,2.56,9.4,14.1,3.2,6.0,38.7,16.7,-11.6,-3.3,1,0,0,0,2,1,0,3.75,0,0,0,1
PT-110,2026-10-08T11:50:00,42,32.9,2.5,7.0,0,135.7,66.4,53.3,7.1,7336,177.0,80.6,38.1,3.8,2.3,174.47,172.92,171.26,165.15,2.62,10.4,12.2,-1.6,-0.6,41.3,14.2,-15.2,-3.3,1,0,0,0,2,1,0,3.83,0,0,0,1
PT-110,2026-10-08T11:55:00,42,32.9,2.5,7.0,0,135.7,66.4,53.3,7.1,7336,179.7,78.3,32.7,3.8,4.9,177.03,174.53,172.23,166.15,3.38,19.4,11.6,-16.0,-5.0,44.0,11.9,-20.6,-3.3,1,0,0,0,2,1,0,3.92,0,0,0,1
PT-110,2026-10-08T12:00:00,42,32.9,2.5,7.0,0,135.7,66.4,53.3,7.1,7336,179.7,85.2,36.6,3.8,6.7,178.8,175.95,173.22,167.14,3.69,17.0,11.9,3.0,-2.0,44.0,18.8,-16.7,-3.3,0,1,0,0,2,1,0,4.0,0,0,0,1
PT-110,2026-10-08T12:05:00,42,32.9,2.5,7.0,0,135.7,66.4,53.3,7.1,7336,179.1,82.0,38.1,3.8,6.8,179.5,176.98,174.01,168.09,3.86,12.4,9.5,-4.0,-3.2,43.4,15.6,-15.2,-3.3,0,1,0,0,2,1,0,4.08,0,0,0,1
PT-110,2026-10-08T12:10:00,42,32.9,2.5,7.0,0,135.7,66.4,53.3,7.1,7336,181.2,88.3,37.8,3.8,7.1,180.0,178.52,174.89,169.01,4.21,18.4,10.6,16.8,-2.8,45.5,21.9,-15.5,-3.3,0,1,0,0,2,1,0,4.17,0,0,0,1
PT-110,2026-10-08T12:15:00,42,32.9,2.5,7.0,0,135.7,66.4,53.3,7.1,7336,182.1,85.2,37.3,3.8,8.4,180.8,179.8,175.92,170.04,4.34,15.4,12.4,4.2,-8.8,46.4,18.8,-16.0,-3.3,0,1,0,0,2,1,0,4.25,0,0,0,1
PT-110,2026-10-08T12:20:00,42,32.9,2.5,7.0,0,135.7,66.4,53.3,7.1,7336,184.7,83.9,41.8,3.8,4.2,182.67,181.08,177.0,171.17,4.8,15.4,12.9,6.6,7.4,49.0,17.5,-11.5,-3.3,0,1,0,0,2,1,0,4.33,0,0,0,1
PT-110,2026-10-08T12:25:00,42,32.9,2.5,7.0,0,135.7,66.4,53.3,7.1,7336,183.6,81.4,39.7,3.8,5.2,183.47,181.73,178.13,172.14,4.6,7.8,13.6,6.2,14.0,47.9,15.0,-13.6,-3.3,0,1,0,0,2,1,0,4.42,0,0,0,1
PT-110,2026-10-08T12:30:00,42,32.9,2.5,7.0,0,135.7,66.4,53.3,7.1,7336,184.9,83.1,40.0,3.8,10.0,184.4,182.6,179.28,173.23,4.41,10.4,13.7,-4.2,6.8,49.2,16.7,-13.3,-3.3,0,1,0,0,2,1,0,4.5,0,0,0,1
PT-110,2026-10-08T12:35:00,42,32.9,2.5,7.0,0,135.7,66.4,53.3,7.1,7336,184.8,78.9,37.4,3.8,10.0,184.43,183.55,180.27,174.17,4.18,11.4,11.9,-6.2,-1.4,49.1,12.5,-15.9,-3.3,0,1,0,0,2,1,0,4.58,0,0,0,1
PT-110,2026-10-08T12:40:00,42,32.9,2.5,7.0,0,135.7,66.4,53.3,7.1,7336,186.4,84.4,40.6,3.8,8.9,185.37,184.42,181.47,175.27,3.62,10.4,14.4,-7.8,5.6,50.7,18.0,-12.7,-3.3,0,1,0,0,2,1,0,4.67,0,0,0,1
PT-110,2026-10-08T12:45:00,42,32.9,2.5,7.0,0,135.7,66.4,53.3,7.1,7336,187.9,83.4,38.9,3.8,9.5,186.37,185.38,182.59,176.42,3.31,11.6,13.5,-3.6,3.2,52.2,17.0,-14.4,-3.3,0,1,0,0,2,1,0,4.75,0,0,0,1
PT-110,2026-10-08T12:50:00,42,32.9,2.5,7.0,0,135.7,66.4,53.3,7.1,7336,188.2,83.8,39.7,3.8,4.8,187.5,185.97,183.52,177.39,3.17,7.0,11.2,-0.2,-4.2,52.5,17.4,-13.6,-3.3,0,1,0,0,2,1,0,4.83,0,0,0,1
PT-110,2026-10-08T12:55:00,42,32.9,2.5,7.0,0,135.7,66.4,53.3,7.1,7336,190.1,84.3,35.3,3.8,8.0,188.73,187.05,184.39,178.31,3.44,13.0,10.4,5.8,-8.8,54.4,17.9,-18.0,-3.3,0,1,0,0,2,1,0,4.92,0,0,0,1
PT-110,2026-10-08T13:00:00,42,32.9,2.5,7.0,0,135.7,66.4,53.3,7.1,7336,193.0,79.7,37.0,3.8,13.2,190.43,188.4,185.5,179.36,3.9,16.2,13.3,-6.8,-6.0,57.3,13.3,-16.3,-3.3,0,1,0,0,2,1,0,5.0,0,0,0,1
PT-110,2026-10-08T13:05:00,42,32.9,2.5,7.0,0,135.7,66.4,53.3,7.1,7336,195.6,83.7,38.9,3.8,13.2,192.9,190.2,186.88,180.44,4.32,21.6,16.5,9.6,3.0,59.9,17.3,-14.4,-3.3,0,1,0,0,2,1,0,5.08,0,0,0,1
PT-110,2026-10-08T13:10:00,42,32.9,2.5,7.0,0,135.7,66.4,53.3,7.1,7336,191.6,83.0,35.0,3.8,7.0,193.4,191.07,187.74,181.32,4.12,10.4,10.4,-2.8,-11.2,55.9,16.6,-18.3,-3.3,0,1,0,0,2,1,0,5.17,0,0,0,1
PT-110,2026-10-08T13:15:00,42,32.9,2.5,7.0,0,135.7,66.4,53.3,7.1,7336,192.1,84.4,39.7,3.8,12.6,193.1,191.77,188.57,182.25,3.88,8.4,10.0,2.0,1.6,56.4,18.0,-13.6,-3.3,0,1,0,0,2,1,0,5.25,0,0,0,1
PT-110,2026-10-08T13:20:00,42,32.9,2.5,7.0,0,135.7,66.4,53.3,7.1,7336,192.0,84.1,38.8,3.8,6.5,191.9,192.4,189.18,183.09,3.79,7.6,7.3,0.6,-1.8,56.3,17.7,-14.5,-3.3,0,1,0,0,2,1,0,5.33,0,0,0,1
PT-110,2026-10-08T13:25:00,42,32.9,2.5,7.0,0,135.7,66.4,53.3,7.1,7336,192.9,83.8,37.5,3.8,7.1,192.33,192.87,189.96,184.05,3.48,5.6,9.3,-1.0,4.4,57.2,17.4,-15.8,-3.3,0,1,0,0,2,1,0,5.42,0,0,0,1
PT-110,2026-10-08T13:30:00,42,32.9,2.5,7.0,0,135.7,66.4,53.3,7.1,7336,193.8,81.9,38.2,3.8,9.0,192.9,193.0,190.7,184.99,3.25,1.6,8.9,4.4,2.4,58.1,15.5,-15.1,-3.3,0,1,0,0,2,1,0,5.5,0,0,0,1
PT-110,2026-10-08T13:35:00,42,32.9,2.5,7.0,0,135.7,66.4,53.3,7.1,7336,193.9,78.9,37.6,3.8,10.7,193.53,192.72,191.46,185.86,2.77,-3.4,9.1,-9.6,-2.6,58.2,12.5,-15.7,-3.3,0,1,0,0,2,1,0,5.58,0,0,0,1
PT-110,2026-10-08T13:40:00,42,32.9,2.5,7.0,0,135.7,66.4,53.3,7.1,7336,196.0,78.8,37.2,3.8,12.9,194.57,193.45,192.26,186.86,2.56,8.8,9.6,-8.4,4.4,60.3,12.4,-16.1,-3.3,0,1,0,0,2,1,0,5.67,0,0,0,1
PT-110,2026-10-08T13:45:00,42,32.9,2.5,7.0,0,135.7,66.4,53.3,7.1,7336,198.7,79.4,39.1,3.8,9.7,196.2,194.55,193.16,187.88,2.77,13.2,10.8,-10.0,-1.2,63.0,13.0,-14.2,-3.3,0,1,0,0,2,1,0,5.75,0,0,0,1
PT-110,2026-10-08T13:50:00,42,32.9,2.5,7.0,0,135.7,66.4,53.3,7.1,7336,194.9,83.8,36.3,3.8,6.2,196.53,195.03,193.72,188.62,2.32,5.8,6.7,-0.6,-5.0,59.2,17.4,-17.0,-3.3,0,1,0,0,2,1,0,5.83,0,0,0,1
PT-110,2026-10-08T13:55:00,42,32.9,2.5,7.0,0,135.7,66.4,53.3,7.1,7336,195.6,83.7,39.4,3.8,13.3,196.4,195.48,194.18,189.28,2.07,5.4,5.5,-0.2,3.8,59.9,17.3,-13.9,-3.3,0,1,0,0,2,1,0,5.92,0,0,0,1
PT-110,2026-10-08T14:00:00,42,32.9,2.5,7.0,0,135.7,66.4,53.3,7.1,7336,196.4,84.6,40.2,3.8,13.3,195.63,195.92,194.46,189.98,2.13,5.2,3.4,5.4,4.0,60.7,18.2,-13.1,-3.3,0,1,0,0,2,1,0,6.0,0,0,0,1
PT-110,2026-10-08T14:05:00,42,32.9,2.5,7.0,0,135.7,66.4,53.3,7.1,7336,197.6,77.7,39.2,3.8,3.0,196.53,196.53,194.62,190.75,2.3,7.4,2.0,-2.4,3.2,61.9,11.3,-14.1,-3.3,0,1,0,0,2,1,0,6.08,0,0,0,1
PT-110,2026-10-08T14:10:00,42,32.9,2.5,7.0,0,135.7,66.4,53.3,7.1,7336,198.3,83.1,39.2,3.8,4.7,197.43,196.92,195.18,191.46,2.31,4.6,6.7,8.6,4.0,62.6,16.7,-14.1,-3.3,0,1,0,0,2,1,0,6.17,0,0,0,1
PT-110,2026-10-08T14:15:00,42,32.9,2.5,7.0,0,135.7,66.4,53.3,7.1,7336,196.5,83.8,37.1,3.8,4.3,197.47,196.55,195.55,192.06,2.12,-4.4,4.4,8.8,-4.0,60.8,17.4,-16.2,-3.3,0,1,0,0,2,1,0,6.25,0,0,0,1
PT-110,2026-10-08T14:20:00,42,32.9,2.5,7.0,0,135.7,66.4,53.3,7.1,7336,194.9,84.0,36.7,3.8,6.0,196.57,196.55,195.79,192.49,1.82,0.0,2.9,0.4,0.8,59.2,17.6,-16.6,-3.3,0,1,0,0,2,1,0,6.33,0,0,0,1
PT-110,2026-10-08T14:25:00,42,32.9,2.5,7.0,0,135.7,66.4,53.3,7.1,7336,194.2,82.7,39.6,3.8,5.8,195.2,196.32,195.9,192.93,1.67,-2.8,1.3,-2.0,0.4,58.5,16.3,-13.7,-3.3,0,1,0,0,2,1,0,6.42,0,0,0,1
PT-110,2026-10-08T14:30:00,42,32.9,2.5,7.0,0,135.7,66.4,53.3,7.1,7336,196.2,80.8,38.9,3.8,3.1,195.1,196.28,196.1,193.4,1.53,-0.4,2.4,-7.6,-2.6,60.5,14.4,-14.4,-3.3,0,1,0,0,2,1,0,6.5,0,0,0,1
PT-110,2026-10-08T14:35:00,42,32.9,2.5,7.0,0,135.7,66.4,53.3,7.1,7336,200.5,82.6,36.7,3.8,8.2,196.97,196.77,196.65,194.05,1.82,5.8,6.6,9.8,-5.0,64.8,16.2,-16.6,-3.3,0,1,0,0,2,1,0,6.58,0,0,0,1
PT-110,2026-10-08T14:40:00,42,32.9,2.5,7.0,0,135.7,66.4,53.3,7.1,7336,200.6,81.9,39.6,3.8,2.4,199.1,197.15,197.03,194.65,2.13,4.6,4.6,-2.4,0.8,64.9,15.5,-13.7,-3.3,0,1,0,0,2,1,0,6.67,0,0,0,1
PT-110,2026-10-08T14:45:00,42,32.9,2.5,7.0,0,135.7,66.4,53.3,7.1,7336,202.7,81.2,37.5,3.8,7.0,201.27,198.18,197.37,195.26,2.66,12.4,4.0,-5.2,0.8,67.0,14.8,-15.8,-3.3,0,1,0,0,2,1,0,6.75,0,0,0,1
PT-110,2026-10-08T14:50:00,42,32.9,2.5,7.0,0,135.7,66.4,53.3,7.1,7336,204.3,82.1,36.5,3.8,3.2,202.53,199.75,198.15,195.93,3.2,18.8,9.4,-3.8,-0.4,68.6,15.7,-16.8,-3.3,0,1,0,0,2,1,0,6.83,0,0,0,1
PT-110,2026-10-08T14:55:00,42,32.9,2.5,7.0,0,135.7,66.4,53.3,7.1,7336,203.7,84.1,38.7,3.8,3.3,203.57,201.33,198.82,196.5,3.46,19.0,8.1,2.8,-1.8,68.0,17.7,-14.6,-3.3,0,1,0,0,2,1,0,6.92,0,0,0,1
PT-110,2026-10-08T15:00:00,42,32.9,2.5,7.0,0,135.7,66.4,53.3,7.1,7336,205.3,80.9,35.7,3.8,9.4,204.43,202.85,199.57,197.01,3.82,18.2,8.9,0.2,-6.4,69.6,14.5,-17.6,-3.3,0,1,0,0,2,1,0,7.0,0,0,0,1
PT-110,2026-10-08T15:05:00,42,32.9,2.5,7.0,0,135.7,66.4,53.3,7.1,7336,204.9,80.0,37.8,3.8,9.5,204.63,203.58,200.18,197.4,4.06,8.8,7.3,-5.2,2.2,69.2,13.6,-15.5,-3.3,0,1,0,0,2,1,0,7.08,0,0,0,1
PT-110,2026-10-08T15:10:00,42,32.9,2.5,7.0,0,135.7,66.4,53.3,7.1,7336,204.6,82.2,38.9,3.8,3.9,204.93,204.25,200.7,197.94,4.2,8.0,6.3,0.6,-1.4,68.9,15.8,-14.4,-3.3,0,1,0,0,2,1,0,7.17,0,0,0,1
PT-110,2026-10-08T15:15:00,42,32.9,2.5,7.0,0,135.7,66.4,53.3,7.1,7336,202.4,81.3,39.4,3.8,7.1,203.97,204.2,201.19,198.37,4.0,-0.6,5.9,0.2,3.8,66.7,14.9,-13.9,-3.3,0,1,0,0,2,1,0,7.25,0,0,0,1
PT-110,2026-10-08T15:20:00,42,32.9,2.5,7.0,0,135.7,66.4,53.3,7.1,7336,202.6,79.5,36.7,3.8,6.6,203.2,203.92,201.83,198.81,3.49,-3.4,7.7,-5.2,0.4,66.9,13.1,-16.6,-3.3,0,1,0,0,2,1,0,7.33,0,0,0,1
PT-110,2026-10-08T15:25:00,42,32.9,2.5,7.0,0,135.7,66.4,53.3,7.1,7336,201.9,79.6,42.0,3.8,2.0,202.3,203.62,202.48,199.19,2.53,-3.6,7.7,-9.0,6.6,66.2,13.2,-11.3,-3.3,0,1,0,0,2,1,0,7.42,0,0,0,1
PT-110,2026-10-08T15:30:00,42,32.9,2.5,7.0,0,135.7,66.4,53.3,7.1,7336,203.3,83.4,36.4,3.8,6.3,202.6,203.28,203.07,199.58,1.58,-4.0,7.1,5.0,1.4,67.6,17.0,-16.9,-3.3,0,1,0,0,2,1,0,7.5,0,0,0,1
PT-110,2026-10-08T15:35:00,42,32.9,2.5,7.0,0,135.7,66.4,53.3,7.1,7336,203.4,81.5,39.8,3.8,2.7,202.87,203.03,203.31,199.98,1.36,-3.0,2.9,3.0,4.0,67.7,15.1,-13.5,-3.3,0,1,0,0,2,1,0,7.58,0,0,0,1
PT-110,2026-10-08T15:40:00,42,32.9,2.5,7.0,0,135.7,66.4,53.3,7.1,7336,205.0,82.7,37.5,3.8,5.9,203.9,203.1,203.68,200.35,1.14,0.8,4.4,1.0,-2.8,69.3,16.3,-15.8,-3.3,0,1,0,0,2,1,0,7.67,0,0,0,1
PT-110,2026-10-08T15:45:00,42,32.9,2.5,7.0,0,135.7,66.4,53.3,7.1,7336,203.0,81.9,36.2,3.8,6.1,203.8,203.2,203.7,200.53,1.12,1.2,0.3,1.2,-6.4,67.3,15.5,-17.1,-3.3,0,1,0,0,2,1,0,7.75,0,0,0,1
PT-110,2026-10-08T15:50:00,42,32.9,2.5,7.0,0,135.7,66.4,53.3,7.1,7336,199.8,82.4,38.3,3.8,5.7,202.6,202.73,203.32,200.74,1.56,-5.6,-4.5,5.8,3.2,64.1,16.0,-15.0,-3.3,0,1,0,0,2,1,0,7.83,0,0,0,1
PT-110,2026-10-08T15:55:00,42,32.9,2.5,7.0,0,135.7,66.4,53.3,7.1,7336,201.0,76.9,35.2,3.8,7.0,201.27,202.58,203.1,200.96,1.69,-1.8,-2.7,-5.4,-13.6,65.3,10.5,-18.1,-3.3,0,1,0,0,2,1,0,7.92,0,0,0,1
PT-110,2026-10-08T16:00:00,42,32.9,2.5,7.0,0,135.7,66.4,53.3,7.1,7336,203.6,82.9,36.8,3.8,7.1,201.47,202.63,202.96,201.26,1.56,0.6,-1.7,-1.0,0.8,67.9,16.5,-16.5,-3.3,0,1,0,0,2,1,0,8.0,0,0,0,1
PT-110,2026-10-08T16:05:00,42,32.9,2.5,7.0,0,135.7,66.4,53.3,7.1,7336,204.7,81.5,37.6,3.8,3.5,203.1,202.85,202.94,201.56,1.54,2.6,-0.2,0.0,-4.4,69.0,15.1,-15.7,-3.3,0,1,0,0,2,1,0,8.08,0,0,0,1
PT-110,2026-10-08T16:10:00,42,32.9,2.5,7.0,0,135.7,66.4,53.3,7.1,7336,206.3,81.7,40.0,3.8,3.4,204.87,203.07,203.08,201.89,1.77,2.6,1.7,-2.0,5.0,70.6,15.3,-13.3,-3.3,0,1,0,0,2,1,0,8.17,0,0,0,1
PT-110,2026-10-08T16:15:00,42,32.9,2.5,7.0,0,135.7,66.4,53.3,7.1,7336,205.7,81.0,38.8,3.8,6.0,205.57,203.52,203.36,202.27,1.9,5.4,3.3,-1.8,5.2,70.0,14.6,-14.5,-3.3,0,1,0,0,2,1,0,8.25,0,0,0,1
PT-110,2026-10-08T16:20:00,42,32.9,2.5,7.0,0,135.7,66.4,53.3,7.1,7336,203.3,81.3,37.6,3.8,7.2,205.1,204.1,203.42,202.62,1.89,7.0,0.7,-2.2,-1.4,67.6,14.9,-15.7,-3.3,0,1,0,0,2,1,0,8.33,0,0,0,1
PT-110,2026-10-08T16:25:00,42,32.9,2.5,7.0,0,135.7,66.4,53.3,7.1,7336,200.9,81.5,38.3,3.8,5.9,203.3,204.08,203.33,202.9,1.98,-0.2,-1.0,9.2,6.2,65.2,15.1,-15.0,-3.3,0,1,0,0,2,1,0,8.42,0,0,0,1
PT-110,2026-10-08T16:30:00,42,32.9,2.5,7.0,0,135.7,66.4,53.3,7.1,7336,199.6,78.8,36.0,3.8,4.0,201.27,203.42,203.02,203.05,2.25,-8.0,-3.7,-8.2,-1.6,63.9,12.4,-17.3,-3.3,0,1,0,0,2,1,0,8.5,0,0,0,1
PT-110,2026-10-08T16:35:00,42,32.9,2.5,7.0,0,135.7,66.4,53.3,7.1,7336,200.1,80.7,40.6,3.8,8.5,200.2,202.65,202.75,203.03,2.4,-9.2,-3.3,-1.6,6.0,64.4,14.3,-12.7,-3.3,0,1,0,0,2,1,0,8.58,0,0,0,1
PT-110,2026-10-08T16:40:00,42,32.9,2.5,7.0,0,135.7,66.4,53.3,7.1,7336,200.7,78.9,34.5,3.8,6.7,200.13,201.72,202.39,203.03,2.35,-11.2,-4.3,-5.6,-11.0,65.0,12.5,-18.8,-3.3,0,1,0,0,2,1,0,8.67,0,0,0,1
PT-110,2026-10-08T16:45:00,42,32.9,2.5,7.0,0,135.7,66.4,53.3,7.1,7336,204.5,79.2,41.1,3.8,4.4,201.77,201.52,202.52,203.11,2.43,-2.4,1.5,-3.6,4.6,68.8,12.8,-12.2,-3.3,0,1,0,0,2,1,0,8.75,0,0,0,1
PT-110,2026-10-08T16:50:00,42,32.9,2.5,7.0,0,135.7,66.4,53.3,7.1,7336,203.6,82.0,43.3,3.8,6.3,202.93,201.57,202.83,203.08,2.29,0.6,3.8,1.4,11.4,67.9,15.6,-10.0,-3.3,0,1,0,0,2,1,0,8.83,0,0,0,1
PT-110,2026-10-08T16:55:00,42,32.9,2.5,7.0,0,135.7,66.4,53.3,7.1,7336,200.0,78.9,42.1,3.8,5.9,202.7,201.42,202.75,202.92,2.38,-1.8,-1.0,-5.2,7.6,64.3,12.5,-11.2,-3.3,0,1,0,0,2,1,0,8.92,0,0,0,1
PT-110,2026-10-08T17:00:00,42,32.9,2.5,7.0,0,135.7,66.4,53.3,7.1,7336,202.3,80.0,34.9,3.8,22.7,201.97,201.87,202.64,202.8,2.36,5.4,-1.3,2.4,-2.2,66.6,13.6,-18.4,-3.3,0,0,1,0,2,1,0,9.0,0,0,0,1
PT-110,2026-10-08T17:05:00,42,32.9,2.5,7.0,0,135.7,66.4,53.3,7.1,7336,201.3,79.4,37.7,3.8,23.8,201.2,202.07,202.36,202.65,2.3,2.4,-3.4,-2.6,-5.8,65.6,13.0,-15.6,-3.3,0,0,1,0,2,1,0,9.08,0,0,0,1
PT-110,2026-10-08T17:10:00,42,32.9,2.5,7.0,0,135.7,66.4,53.3,7.1,7336,202.0,80.5,40.8,3.8,25.9,201.87,202.28,202.0,202.54,1.93,2.6,-4.3,3.2,12.6,66.3,14.1,-12.5,-3.3,0,0,1,0,2,1,0,9.17,0,0,0,1
PT-110,2026-10-08T17:15:00,42,32.9,2.5,7.0,0,135.7,66.4,53.3,7.1,7336,201.5,77.3,36.6,3.8,29.2,201.6,201.78,201.65,202.5,1.54,-6.0,-4.2,-3.8,-9.0,65.8,10.9,-16.7,-3.3,0,0,1,0,2,1,0,9.25,0,0,0,1
PT-110,2026-10-08T17:20:00,42,32.9,2.5,7.0,0,135.7,66.4,53.3,7.1,7336,201.3,77.8,38.3,3.8,21.5,201.6,201.4,201.48,202.45,1.45,-4.6,-2.0,-8.4,-10.0,65.6,11.4,-15.0,-3.3,0,0,1,0,2,1,0,9.33,0,0,0,1
PT-110,2026-10-08T17:25:00,42,32.9,2.5,7.0,0,135.7,66.4,53.3,7.1,7336,202.9,80.0,39.5,3.8,28.1,201.9,201.88,201.65,202.49,1.49,5.8,2.0,2.2,-5.2,67.2,13.6,-13.8,-3.3,0,0,1,0,2,1,0,9.42,0,0,0,1
PT-110,2026-10-08T17:30:00,42,32.9,2.5,7.0,0,135.7,66.4,53.3,7.1,7336,204.7,77.7,37.8,3.8,23.4,202.97,202.28,202.07,202.55,1.58,4.8,5.1,-4.6,5.8,69.0,11.3,-15.5,-3.3,0,0,1,0,2,1,0,9.5,0,0,0,1
PT-110,2026-10-08T17:35:00,42,32.9,2.5,7.0,0,135.7,66.4,53.3,7.1,7336,207.7,78.8,40.5,3.8,21.0,205.1,203.35,202.71,202.73,2.14,12.8,7.6,-1.2,5.6,72.0,12.4,-12.8,-3.3,0,0,1,0,2,1,0,9.58,0,0,0,1
PT-110,2026-10-08T17:40:00,42,32.9,2.5,7.0,0,135.7,66.4,53.3,7.1,7336,208.3,81.2,38.2,3.8,21.4,206.9,204.4,203.34,202.87,2.57,12.6,7.6,1.4,-5.2,72.6,14.8,-15.1,-3.3,0,0,1,0,2,1,0,9.67,0,0,0,1
PT-110,2026-10-08T17:45:00,42,32.9,2.5,7.0,0,135.7,66.4,53.3,7.1,7336,208.8,82.3,38.9,3.8,18.2,208.27,205.62,203.7,203.11,3.01,14.6,4.3,10.0,4.6,73.1,15.9,-14.4,-3.3,0,0,1,0,2,1,0,9.75,0,0,0,1
PT-110,2026-10-08T17:50:00,42,32.9,2.5,7.0,0,135.7,66.4,53.3,7.1,7336,208.8,80.3,36.9,3.8,18.6,208.63,206.87,204.13,203.48,3.35,15.0,5.2,5.0,-2.8,73.1,13.9,-16.4,-3.3,0,0,1,0,2,1,0,9.83,0,0,0,1
PT-110,2026-10-08T17:55:00,42,32.9,2.5,7.0,0,135.7,66.4,53.3,7.1,7336,208.3,80.7,38.5,3.8,23.2,208.63,207.77,204.82,203.79,3.28,10.8,8.3,1.4,-2.0,72.6,14.3,-14.8,-3.3,0,0,1,0,2,1,0,9.92,0,0,0,1
PT-110,2026-10-08T18:00:00,42,32.9,2.5,7.0,0,135.7,66.4,53.3,7.1,7336,207.6,76.3,37.5,3.8,29.9,208.23,208.25,205.27,203.95,3.26,5.8,5.3,-2.8,-0.6,71.9,9.9,-15.8,-3.3,0,0,1,0,2,1,0,10.0,0,0,0,1
PT-110,2026-10-08T18:05:00,42,32.9,2.5,7.0,0,135.7,66.4,53.3,7.1,7336,209.9,75.8,37.7,3.8,9.2,208.6,208.62,205.98,204.17,3.26,4.4,8.6,-6.0,-5.6,74.2,9.4,-15.6,-3.3,0,0,1,0,2,1,0,10.08,0,0,0,1
PT-110,2026-10-08T18:10:00,42,32.9,2.5,7.0,0,135.7,66.4,53.3,7.1,7336,210.4,77.0,36.8,3.8,2.7,209.3,208.97,206.68,204.34,3.22,4.2,8.4,-8.4,-2.8,74.7,10.6,-16.5,-3.3,0,0,1,0,2,1,0,10.17,0,0,0,1
PT-110,2026-10-08T18:15:00,42,32.9,2.5,7.0,0,135.7,66.4,53.3,7.1,7336,210.8,78.1,40.1,3.8,6.7,210.37,209.3,207.46,204.55,2.97,4.0,9.3,-8.4,2.4,75.1,11.7,-13.2,-3.3,0,0,1,0,2,1,0,10.25,0,0,0,1
PT-110,2026-10-08T18:20:00,42,32.9,2.5,7.0,0,135.7,66.4,53.3,7.1,7336,212.8,81.3,38.2,3.8,2.2,211.33,209.97,208.42,204.95,2.64,8.0,11.5,2.0,2.6,77.1,14.9,-15.1,-3.3,0,0,1,0,2,1,0,10.33,0,0,0,1
PT-110,2026-10-08T18:25:00,42,32.9,2.5,7.0,0,135.7,66.4,53.3,7.1,7336,213.1,81.0,36.2,3.8,4.0,212.23,210.77,209.27,205.46,2.33,9.6,10.2,0.6,-4.6,77.4,14.6,-17.1,-3.3,0,0,1,0,2,1,0,10.42,0,0,0,1
PT-110,2026-10-08T18:30:00,42,32.9,2.5,7.0,0,135.7,66.4,53.3,7.1,7336,213.9,74.5,38.5,3.8,4.3,213.27,211.82,210.03,206.05,2.2,12.6,9.2,-3.6,2.0,78.2,8.1,-14.8,-3.3,0,0,1,0,2,1,0,10.5,0,0,0,1
PT-110,2026-10-08T18:35:00,42,32.9,2.5,7.0,0,135.7,66.4,53.3,7.1,7336,215.5,82.1,37.5,3.8,8.4,214.17,212.75,210.68,206.7,2.57,11.2,7.8,12.6,-0.4,79.8,15.7,-15.8,-3.3,0,0,1,0,2,1,0,10.58,0,0,0,1
PT-110,2026-10-08T18:40:00,42,32.9,2.5,7.0,0,135.7,66.4,53.3,7.1,7336,214.9,77.0,39.8,3.8,10.0,214.77,213.5,211.23,207.29,2.71,9.0,6.6,0.0,6.0,79.2,10.6,-13.5,-3.3,0,0,1,0,2,1,0,10.67,0,0,0,1
PT-110,2026-10-08T18:45:00,42,32.9,2.5,7.0,0,135.7,66.4,53.3,7.1,7336,212.6,76.4,37.0,3.8,3.0,214.33,213.8,211.55,207.62,2.62,3.6,3.8,-3.4,-6.2,76.9,10.0,-16.3,-3.3,0,0,1,0,2,1,0,10.75,0,0,0,1
PT-110,2026-10-08T18:50:00,42,32.9,2.5,7.0,0,135.7,66.4,53.3,7.1,7336,217.6,78.1,39.6,3.8,7.9,215.03,214.6,212.28,208.21,2.99,9.6,8.8,-6.4,2.8,81.9,11.7,-13.7,-3.3,0,0,1,0,2,1,0,10.83,0,0,0,1
PT-110,2026-10-08T18:55:00,42,32.9,2.5,7.0,0,135.7,66.4,53.3,7.1,7336,218.7,80.2,42.8,3.8,7.7,216.3,215.53,213.15,208.99,3.23,11.2,10.4,-1.6,13.2,83.0,13.8,-10.5,-3.3,0,0,1,0,2,1,0,10.92,0,0,0,1
PT-110,2026-10-08T19:00:00,42,32.9,2.5,7.0,0,135.7,66.4,53.3,7.1,7336,221.5,74.9,37.4,3.8,6.3,219.27,216.8,214.31,209.79,3.53,15.2,13.9,0.8,-2.2,85.8,8.5,-15.9,-3.3,0,0,1,0,2,1,0,11.0,0,0,0,1
PT-110,2026-10-08T19:05:00,42,32.9,2.5,7.0,0,135.7,66.4,53.3,7.1,7336,225.6,75.1,36.2,3.8,4.5,221.93,218.48,215.62,210.8,4.52,20.2,15.7,-14.0,-2.6,89.9,8.7,-17.1,-3.3,0,0,1,0,2,1,0,11.08,0,0,0,1
PT-110,2026-10-08T19:10:00,42,32.9,2.5,7.0,0,135.7,66.4,53.3,7.1,7336,226.4,79.6,37.8,3.8,4.5,224.5,220.4,216.95,211.82,5.16,23.0,16.0,5.2,-4.0,90.7,13.2,-15.5,-3.3,0,0,1,0,2,1,0,11.17,0,0,0,1
PT-110,2026-10-08T19:15:00,42,32.9,2.5,7.0,0,135.7,66.4,53.3,7.1,7336,226.8,76.6,38.7,3.8,2.6,226.27,222.77,218.28,212.87,5.48,28.4,16.0,0.4,3.4,91.1,10.2,-14.6,-3.3,0,0,1,0,2,1,0,11.25,0,0,0,1
PT-110,2026-10-08T19:20:00,42,32.9,2.5,7.0,0,135.7,66.4,53.3,7.1,7336,229.3,78.7,40.3,3.8,7.7,227.5,224.72,219.66,214.04,6.02,23.4,16.5,1.2,1.4,93.6,12.3,-13.0,-3.3,0,0,1,0,2,1,0,11.33,0,0,0,1
PT-110,2026-10-08T19:25:00,42,32.9,2.5,7.0,0,135.7,66.4,53.3,7.1,7336,227.5,77.1,39.8,3.8,7.8,227.87,226.18,220.86,215.06,6.03,17.6,14.4,-6.2,-6.0,91.8,10.7,-13.5,-3.3,0,0,1,0,2,1,0,11.42,0,0,0,1
PT-110,2026-10-08T19:30:00,42,32.9,2.5,7.0,0,135.7,66.4,53.3,7.1,7336,228.0,76.9,38.1,3.8,6.6,228.27,227.27,222.03,216.03,5.93,13.0,14.1,4.0,1.4,92.3,10.5,-15.2,-3.3,0,0,1,0,2,1,0,11.5,0,0,0,1
PT-110,2026-10-08T19:35:00,42,32.9,2.5,7.0,0,135.7,66.4,53.3,7.1,7336,233.6,74.7,37.7,3.8,3.4,229.7,228.6,223.54,217.11,6.4,16.0,18.1,-0.8,3.0,97.9,8.3,-15.6,-3.3,0,0,1,0,2,1,0,11.58,0,0,0,1
PT-110,2026-10-08T19:40:00,42,32.9,2.5,7.0,0,135.7,66.4,53.3,7.1,7336,236.6,72.1,39.0,3.8,2.1,232.73,230.3,225.35,218.29,6.79,20.4,21.7,-15.0,2.4,100.9,5.7,-14.3,-3.3,0,0,1,0,2,1,0,11.67,0,0,0,1
PT-110,2026-10-08T19:45:00,42,32.9,2.5,7.0,0,135.7,66.4,53.3,7.1,7336,238.4,74.9,40.5,3.8,2.9,236.2,232.23,227.5,219.52,6.46,23.2,25.8,-3.4,3.6,102.7,8.5,-12.8,-3.3,0,0,1,0,2,1,0,11.75,0,0,0,1
PT-110,2026-10-08T19:50:00,42,32.9,2.5,7.0,0,135.7,66.4,53.3,7.1,7336,238.6,77.3,39.9,3.8,4.5,237.87,233.78,229.25,220.77,6.38,18.6,21.0,-2.8,-0.8,102.9,10.9,-13.4,-3.3,0,0,1,0,2,1,0,11.83,0,0,0,1
PT-110,2026-10-08T19:55:00,42,32.9,2.5,7.0,0,135.7,66.4,53.3,7.1,7336,236.3,74.0,35.1,3.8,7.6,237.77,235.25,230.72,221.93,5.72,17.6,17.6,-6.2,-9.4,100.6,7.6,-18.2,-3.3,0,0,1,0,2,1,0,11.92,0,0,0,1
PT-110,2026-10-08T20:00:00,42,32.9,2.5,7.0,0,135.7,66.4,53.3,7.1,7336,236.9,77.9,39.1,3.8,3.6,237.27,236.73,232.0,223.15,5.17,17.8,15.4,2.0,2.0,101.2,11.5,-14.2,-3.3,0,0,1,0,2,1,0,0.0,0,0,0,1
PT-110,2026-10-08T20:05:00,42,32.9,2.5,7.0,0,135.7,66.4,53.3,7.1,7336,237.6,74.0,38.0,3.8,9.0,236.93,237.4,233.0,224.31,4.97,8.0,12.0,-1.4,0.6,101.9,7.6,-15.3,-3.3,0,0,1,0,2,1,0,0.08,0,0,0,1
PT-110,2026-10-08T20:10:00,42,32.9,2.5,7.0,0,135.7,66.4,53.3,7.1,7336,238.2,73.3,40.0,3.8,8.3,237.57,237.67,233.98,225.47,4.71,3.2,11.8,2.4,2.0,102.5,6.9,-13.3,-3.3,0,0,1,0,2,1,0,0.17,0,0,0,1
PT-110,2026-10-08T20:15:00,42,32.9,2.5,7.0,0,135.7,66.4,53.3,7.1,7336,234.6,76.0,38.5,3.8,2.8,236.8,237.03,234.63,226.46,4.13,-7.6,7.8,2.2,-4.0,98.9,9.6,-14.8,-3.3,0,0,1,0,2,1,0,0.25,0,0,0,1
PT-110,2026-10-08T20:20:00,42,32.9,2.5,7.0,0,135.7,66.4,53.3,7.1,7336,232.9,78.8,41.5,3.8,5.4,235.23,236.08,234.93,227.3,3.83,-11.4,3.6,3.0,3.2,97.2,12.4,-11.8,-3.3,0,0,1,0,2,1,0,0.33,0,0,0,1
PT-110,2026-10-08T20:25:00,42,32.9,2.5,7.0,0,135.7,66.4,53.3,7.1,7336,231.6,73.3,42.0,3.8,2.9,233.03,235.3,235.28,228.07,3.24,-9.4,4.1,-1.4,13.8,95.9,6.9,-11.3,-3.3,0,0,1,0,2,1,0,0.42,0,0,0,1
PT-110,2026-10-08T20:30:00,42,32.9,2.5,7.0,0,135.7,66.4,53.3,7.1,7336,232.5,74.1,36.7,3.8,5.2,232.33,234.57,235.65,228.84,2.5,-8.8,4.5,-7.6,-4.8,96.8,7.7,-16.6,-3.3,0,0,1,0,2,1,0,0.5,0,0,0,1
PT-110,2026-10-08T20:35:00,42,32.9,2.5,7.0,0,135.7,66.4,53.3,7.1,7336,233.5,72.6,39.1,3.8,3.4,232.53,233.88,235.64,229.59,2.51,-8.2,-0.1,-2.8,2.2,97.8,6.2,-14.2,-3.3,0,0,1,0,2,1,0,0.58,0,0,0,1
PT-110,2026-10-08T20:40:00,42,32.9,2.5,7.0,0,135.7,66.4,53.3,7.1,7336,233.6,73.2,38.5,3.8,3.7,233.2,233.12,235.39,230.37,2.55,-9.2,-3.0,-0.2,-3.0,97.9,6.8,-14.8,-3.3,0,0,1,0,2,1,0,0.67,0,0,0,1
PT-110,2026-10-08T20:45:00,42,32.9,2.5,7.0,0,135.7,66.4,53.3,7.1,7336,236.4,73.7,37.9,3.8,5.7,234.5,233.42,235.23,231.36,2.4,3.6,-2.0,-4.6,-1.2,100.7,7.3,-15.4,-3.3,0,0,1,0,2,1,0,0.75,0,0,0,1
PT-110,2026-10-08T20:50:00,42,32.9,2.5,7.0,0,135.7,66.4,53.3,7.1,7336,234.4,76.6,39.9,3.8,3.1,234.8,233.67,234.88,232.06,2.15,3.0,-4.2,-4.4,-3.2,98.7,10.2,-13.4,-3.3,0,0,1,0,2,1,0,0.83,0,0,0,1
PT-110,2026-10-08T20:55:00,42,32.9,2.5,7.0,0,135.7,66.4,53.3,7.1,7336,232.3,78.5,38.9,3.8,3.8,234.37,233.78,234.54,232.63,2.22,1.4,-4.0,10.4,-6.2,96.6,12.1,-14.4,-3.3,0,0,1,0,2,1,0,0.92,0,0,0,1
PT-110,2026-10-08T21:00:00,42,32.9,2.5,7.0,0,135.7,66.4,53.3,7.1,7336,232.6,75.1,37.3,3.8,3.8,233.1,233.8,234.18,233.09,2.15,0.2,-4.3,2.0,1.2,96.9,8.7,-16.0,-3.3,0,0,1,0,2,1,0,1.0,0,0,0,1
PT-110,2026-10-08T21:05:00,42,32.9,2.5,7.0,0,135.7,66.4,53.3,7.1,7336,231.7,73.4,37.0,3.8,2.3,232.2,233.5,233.69,233.35,1.97,-3.6,-5.9,1.6,-4.2,96.0,7.0,-16.3,-3.3,0,0,1,0,2,1,0,1.08,0,0,0,1
PT-110,2026-10-08T21:10:00,42,32.9,2.5,7.0,0,135.7,66.4,53.3,7.1,7336,233.2,76.8,38.5,3.8,7.7,232.5,233.43,233.28,233.63,1.36,-0.8,-5.0,7.2,0.0,97.5,10.4,-14.8,-3.3,0,0,1,0,2,1,0,1.17,0,0,0,1
PT-110,2026-10-08T21:15:00,42,32.9,2.5,7.0,0,135.7,66.4,53.3,7.1,7336,231.2,77.2,41.3,3.8,2.9,232.03,232.57,232.99,233.81,1.41,-10.4,-3.4,7.0,6.8,95.5,10.8,-12.0,-3.3,0,0,1,0,2,1,0,1.25,0,0,0,1
PT-110,2026-10-08T21:20:00,42,32.9,2.5,7.0,0,135.7,66.4,53.3,7.1,7336,232.4,73.3,37.9,3.8,6.1,232.27,232.23,232.95,233.94,1.42,-4.0,-0.5,-6.6,-4.0,96.7,6.9,-15.4,-3.3,0,0,1,0,2,1,0,1.33,0,0,0,1
PT-110,2026-10-08T21:25:00,42,32.9,2.5,7.0,0,135.7,66.4,53.3,7.1,7336,238.3,74.9,36.9,3.8,2.7,233.97,233.23,233.51,234.39,2.03,12.0,6.7,-7.2,-4.0,102.6,8.5,-16.4,-3.3,0,0,1,0,2,1,0,1.42,0,0,0,1
PT-110,2026-10-08T21:30:00,42,32.9,2.5,7.0,0,135.7,66.4,53.3,7.1,7336,237.8,74.9,38.7,3.8,9.3,236.17,234.1,233.95,234.8,2.34,10.4,5.3,-0.4,2.8,102.1,8.5,-14.6,-3.3,0,0,1,0,2,1,0,1.5,0,0,0,1
PT-110,2026-10-08T21:35:00,42,32.9,2.5,7.0,0,135.7,66.4,53.3,7.1,7336,234.2,77.8,40.4,3.8,5.6,236.77,234.52,234.01,234.82,2.34,5.0,0.7,8.8,6.8,98.5,11.4,-12.9,-3.3,0,0,1,0,2,1,0,1.58,0,0,0,1
PT-110,2026-10-08T21:40:00,42,32.9,2.5,7.0,0,135.7,66.4,53.3,7.1,7336,234.2,74.9,41.2,3.8,9.3,235.4,234.68,234.06,234.73,2.34,2.0,0.6,-3.8,5.4,98.5,8.5,-12.1,-3.3,0,0,1,0,2,1,0,1.67,0,0,0,1
PT-110,2026-10-08T21:45:00,42,32.9,2.5,7.0,0,135.7,66.4,53.3,7.1,7336,234.1,74.5,40.3,3.8,6.9,234.17,235.17,233.87,234.55,2.22,5.8,-2.3,-5.4,-2.0,98.4,8.1,-13.0,-3.3,0,0,1,0,2,1,0,1.75,0,0,0,1
PT-110,2026-10-08T21:50:00,42,32.9,2.5,7.0,0,135.7,66.4,53.3,7.1,7336,237.8,73.5,37.5,3.8,8.8,235.37,236.07,234.15,234.51,2.49,10.8,3.4,0.4,-0.8,102.1,7.1,-15.8,-3.3,0,0,1,0,2,1,0,1.83,0,0,0,1
PT-110,2026-10-08T21:55:00,42,32.9,2.5,7.0,0,135.7,66.4,53.3,7.1,7336,239.1,73.9,40.7,3.8,7.3,237.0,236.2,234.72,234.63,2.79,1.6,6.8,-2.0,7.6,103.4,7.5,-12.6,-3.3,0,0,1,0,2,1,0,1.92,0,0,0,1
PT-111,2026-10-08T08:00:00,46,23.5,12.1,8.1,0,145.6,73.7,48.7,6.5,7275,146.7,71.2,45.8,6.5,23.7,146.7,146.7,146.7,146.7,0.0,0.0,0.0,0.0,0.0,1.1,-2.5,-2.9,0.0,1,0,0,0,2,1,0,0.0,0,0,0,0
PT-111,2026-10-08T08:05:00,46,23.5,12.1,8.1,0,145.6,73.7,48.7,6.5,7275,145.3,74.2,50.5,6.5,15.9,146.0,146.0,146.0,146.0,0.99,0.0,0.0,0.0,0.0,-0.3,0.5,1.8,0.0,1,0,0,0,2,1,0,0.08,0,0,0,0
PT-111,2026-10-08T08:10:00,46,23.5,12.1,8.1,0,145.6,73.7,48.7,6.5,7275,150.7,73.2,48.0,6.5,15.6,147.57,147.57,147.57,147.57,2.8,0.0,0.0,0.0,0.0,5.1,-0.5,-0.7,0.0,1,0,0,0,2,1,0,0.17,0,0,0,0
PT-111,2026-10-08T08:15:00,46,23.5,12.1,8.1,0,145.6,73.7,48.7,6.5,7275,146.2,71.6,53.3,6.5,13.1,147.4,147.22,147.22,147.22,2.39,0.0,0.0,0.0,0.0,0.6,-2.1,4.6,0.0,1,0,0,0,2,1,0,0.25,0,0,0,0
PT-111,2026-10-08T08:20:00,46,23.5,12.1,8.1,0,145.6,73.7,48.7,6.5,7275,146.5,75.1,50.1,6.5,13.2,147.8,147.08,147.08,147.08,2.09,0.0,0.0,0.0,0.0,0.9,1.4,1.4,0.0,1,0,0,0,2,1,0,0.33,0,0,0,0
PT-111,2026-10-08T08:25:00,46,23.5,12.1,8.1,0,145.6,73.7,48.7,6.5,7275,151.6,73.2,49.2,6.5,9.1,148.1,147.83,147.83,147.83,2.63,0.0,0.0,0.0,0.0,6.0,-0.5,0.5,0.0,1,0,0,0,2,1,0,0.42,0,0,0,0
PT-111,2026-10-08T08:30:00,46,23.5,12.1,8.1,0,145.6,73.7,48.7,6.5,7275,143.0,73.3,48.5,6.5,51.0,147.03,147.22,147.14,147.14,3.02,-7.4,0.0,4.2,5.4,-2.6,-0.4,-0.2,0.0,1,0,0,0,2,1,0,0.5,0,0,0,0
PT-111,2026-10-08T08:35:00,46,23.5,12.1,8.1,0,145.6,73.7,48.7,6.5,7275,147.4,72.6,53.6,6.5,56.7,147.33,147.57,147.18,147.18,2.79,4.2,0.0,-3.2,6.2,1.8,-1.1,4.9,0.0,1,0,0,0,2,1,0,0.58,0,0,0,0
PT-111,2026-10-08T08:40:00,46,23.5,12.1,8.1,0,145.6,73.7,48.7,6.5,7275,151.3,77.5,48.4,6.5,73.9,147.23,147.67,147.63,147.63,2.95,1.2,0.0,8.6,0.8,5.7,3.8,-0.3,0.0,1,0,0,0,2,1,0,0.67,0,0,0,0
PT-111,2026-10-08T08:45:00,46,23.5,12.1,8.1,0,145.6,73.7,48.7,6.5,7275,147.6,71.9,49.7,6.5,63.2,148.77,147.9,147.63,147.63,2.78,2.8,0.0,0.6,-7.2,2.0,-1.8,1.0,0.0,1,0,0,0,2,1,0,0.75,0,0,0,1
PT-111,2026-10-08T08:50:00,46,23.5,12.1,8.1,0,145.6,73.7,48.7,6.5,7275,144.3,72.0,48.1,6.5,66.9,147.73,147.53,147.33,147.33,2.83,-4.4,0.0,-6.2,-4.0,-1.3,-1.7,-0.6,0.0,1,0,0,0,2,1,0,0.83,0,0,0,1
PT-111,2026-10-08T08:55:00,46,23.5,12.1,8.1,0,145.6,73.7,48.7,6.5,7275,148.1,74.8,46.1,6.5,48.1,146.67,146.95,147.39,147.39,2.7,-7.0,0.0,3.2,-6.2,2.5,1.1,-2.6,0.0,1,0,0,0,2,1,0,0.92,0,0,0,1
PT-111,2026-10-08T09:00:00,46,23.5,12.1,8.1,0,145.6,73.7,48.7,6.5,7275,151.1,73.9,48.4,6.5,64.1,147.83,148.3,147.76,147.68,2.89,16.2,4.4,1.2,-0.2,5.5,0.2,-0.3,0.0,1,0,0,0,2,1,0,1.0,0,0,0,1
PT-111,2026-10-08T09:05:00,46,23.5,12.1,8.1,0,145.6,73.7,48.7,6.5,7275,145.1,75.0,47.8,6.5,59.6,148.1,147.92,147.74,147.49,2.91,-4.6,-0.2,4.8,-11.6,-0.5,1.3,-0.9,0.0,1,0,0,0,2,1,0,1.08,0,0,0,1
PT-111,2026-10-08T09:10:00,46,23.5,12.1,8.1,0,145.6,73.7,48.7,6.5,7275,142.5,74.7,47.8,6.5,50.3,146.23,146.45,147.06,147.16,3.11,-17.6,-8.2,-5.6,-1.2,-3.1,1.0,-0.9,0.0,1,0,0,0,2,1,0,1.17,0,0,0,1
PT-111,2026-10-08T09:15:00,46,23.5,12.1,8.1,0,145.6,73.7,48.7,6.5,7275,139.9,70.2,48.9,6.5,56.8,142.5,145.17,146.53,146.71,3.73,-15.4,-6.3,-3.4,-1.6,-5.7,-3.5,0.2,0.0,1,0,0,0,2,1,0,1.25,0,0,0,1
PT-111,2026-10-08T09:20:00,46,23.5,12.1,8.1,0,145.6,73.7,48.7,6.5,7275,146.4,73.0,49.2,6.5,49.1,142.93,145.52,146.52,146.69,3.73,4.2,-0.1,2.0,2.2,0.8,-0.7,0.5,0.0,1,0,0,0,2,1,0,1.33,0,0,0,1
PT-111,2026-10-08T09:25:00,46,23.5,12.1,8.1,0,145.6,73.7,48.7,6.5,7275,143.1,69.7,47.0,6.5,52.0,143.13,144.68,145.82,146.49,3.48,-10.0,-8.5,-10.2,1.8,-2.5,-4.0,-1.7,0.0,1,0,0,0,2,1,0,1.42,0,0,0,1
PT-111,2026-10-08T09:30:00,46,23.5,12.1,8.1,0,145.6,73.7,48.7,6.5,7275,143.3,74.5,52.5,6.5,61.8,144.27,143.38,145.84,146.32,3.46,-15.6,0.3,1.2,8.2,-2.3,0.8,3.8,0.0,1,0,0,0,2,1,0,1.5,0,0,0,1
PT-111,2026-10-08T09:35:00,46,23.5,12.1,8.1,0,145.6,73.7,48.7,6.5,7275,142.8,77.2,45.5,6.5,24.1,143.07,143.0,145.46,146.15,3.53,-4.6,-4.6,4.4,-4.6,-2.8,3.5,-3.2,0.0,1,0,0,0,2,1,0,1.58,0,0,0,1
PT-111,2026-10-08T09:40:00,46,23.5,12.1,8.1,0,145.6,73.7,48.7,6.5,7275,149.4,73.6,49.8,6.5,19.9,145.17,144.15,145.3,146.3,3.27,13.8,-1.9,-2.2,4.0,3.8,-0.1,1.1,0.0,1,0,0,0,2,1,0,1.67,0,0,0,1
PT-111,2026-10-08T09:45:00,46,23.5,12.1,8.1,0,145.6,73.7,48.7,6.5,7275,145.5,75.6,49.1,6.5,17.2,145.9,145.08,145.12,146.26,3.2,11.2,-2.1,10.8,0.4,-0.1,1.9,0.4,0.0,1,0,0,0,2,1,0,1.75,0,0,0,1
PT-111,2026-10-08T09:50:00,46,23.5,12.1,8.1,0,145.6,73.7,48.7,6.5,7275,148.4,72.6,50.8,6.5,12.8,147.77,145.42,145.47,146.36,3.32,4.0,4.1,-0.8,3.2,2.8,-1.1,2.1,0.0,1,0,0,0,2,1,0,1.83,0,0,0,1
PT-111,2026-10-08T09:55:00,46,23.5,12.1,8.1,0,145.6,73.7,48.7,6.5,7275,147.9,75.2,48.9,6.5,9.7,147.27,146.22,145.45,146.42,3.3,9.6,-0.2,11.0,3.8,2.3,1.5,0.2,0.0,1,0,0,0,2,1,0,1.92,0,0,0,1
PT-111,2026-10-08T10:00:00,46,23.5,12.1,8.1,0,145.6,73.7,48.7,6.5,7275,143.2,74.9,51.0,6.5,19.5,146.5,146.2,144.79,146.28,2.83,-0.2,-7.9,0.8,-3.0,-2.4,1.2,2.3,0.0,1,0,0,0,2,1,0,2.0,0,0,0,1
PT-111,2026-10-08T10:05:00,46,23.5,12.1,8.1,0,145.6,73.7,48.7,6.5,7275,147.1,76.0,48.0,6.5,21.6,146.07,146.92,144.96,146.35,2.9,8.6,2.0,-2.4,5.0,1.5,2.3,-0.7,0.0,1,0,0,0,2,1,0,2.08,0,0,0,1
PT-111,2026-10-08T10:10:00,46,23.5,12.1,8.1,0,145.6,73.7,48.7,6.5,7275,151.9,75.2,48.0,6.5,16.6,147.4,147.33,145.74,146.4,3.41,5.0,9.4,3.2,-3.6,6.3,1.5,-0.7,0.0,1,0,0,0,2,1,0,2.17,0,0,0,1
PT-111,2026-10-08T10:15:00,46,23.5,12.1,8.1,0,145.6,73.7,48.7,6.5,7275,155.5,76.0,45.5,6.5,5.8,151.5,149.0,147.04,146.79,3.91,20.0,15.6,0.8,-7.2,9.9,2.3,-3.2,0.0,1,0,0,0,2,1,0,2.25,0,0,0,1
PT-111,2026-10-08T10:20:00,46,23.5,12.1,8.1,0,145.6,73.7,48.7,6.5,7275,161.4,77.7,41.5,6.5,16.8,156.27,151.17,148.29,147.41,5.68,26.0,15.0,10.2,-18.6,15.8,4.0,-7.2,0.0,1,0,0,0,2,1,0,2.33,0,0,0,1
PT-111,2026-10-08T10:25:00,46,23.5,12.1,8.1,0,145.6,73.7,48.7,6.5,7275,165.5,77.1,47.2,6.5,15.3,160.8,154.1,150.16,147.99,7.28,35.2,22.4,3.8,-3.4,19.9,3.4,-1.5,0.0,1,0,0,0,2,1,0,2.42,0,0,0,1
PT-111,2026-10-08T10:30:00,46,23.5,12.1,8.1,0,145.6,73.7,48.7,6.5,7275,169.1,78.0,48.0,6.5,21.4,165.33,158.42,152.31,149.08,8.73,51.8,25.8,6.2,-6.0,23.5,4.3,-0.7,0.0,1,0,0,0,2,1,0,2.5,0,0,0,1
PT-111,2026-10-08T10:35:00,46,23.5,12.1,8.1,0,145.6,73.7,48.7,6.5,7275,173.8,77.7,42.7,6.5,12.6,169.47,162.87,154.89,150.17,10.14,53.4,31.0,3.4,-10.6,28.2,4.0,-6.0,0.0,1,0,0,0,2,1,0,2.58,0,0,0,1
PT-111,2026-10-08T10:40:00,46,23.5,12.1,8.1,0,145.6,73.7,48.7,6.5,7275,179.0,75.9,43.4,6.5,21.5,173.97,167.38,157.36,151.33,12.09,54.2,29.6,1.4,-9.2,33.4,2.2,-5.3,0.0,1,0,0,0,2,1,0,2.67,0,0,0,1
PT-111,2026-10-08T10:45:00,46,23.5,12.1,8.1,0,145.6,73.7,48.7,6.5,7275,184.8,79.6,41.1,6.5,19.9,179.2,172.27,160.63,152.88,13.79,58.6,39.3,7.2,-8.8,39.2,5.9,-7.6,0.0,1,0,0,0,2,1,0,2.75,0,0,0,1
PT-111,2026-10-08T10:50:00,46,23.5,12.1,8.1,0,145.6,73.7,48.7,6.5,7275,189.9,78.8,38.8,6.5,12.2,184.57,177.02,164.09,154.78,15.54,57.0,41.5,2.2,-5.4,44.3,5.1,-9.9,0.0,1,0,0,0,2,1,0,2.83,0,0,0,1
PT-111,2026-10-08T10:55:00,46,23.5,12.1,8.1,0,145.6,73.7,48.7,6.5,7275,194.6,77.2,36.0,6.5,19.1,189.77,181.87,167.98,156.72,16.9,58.2,46.7,0.2,-22.4,49.0,3.5,-12.7,0.0,1,0,0,0,2,1,0,2.92,0,0,0,1
PT-111,2026-10-08T11:00:00,46,23.5,12.1,8.1,0,145.6,73.7,48.7,6.5,7275,199.2,78.3,38.3,6.5,20.3,194.57,186.88,172.65,158.72,17.17,60.2,56.0,0.6,-19.4,53.6,4.6,-10.4,0.0,1,0,0,0,2,1,0,3.0,0,0,0,1
PT-111,2026-10-08T11:05:00,46,23.5,12.1,8.1,0,145.6,73.7,48.7,6.5,7275,204.4,81.7,39.3,6.5,21.0,199.4,191.98,177.42,161.19,17.38,61.2,57.3,8.0,-6.8,58.8,8.0,-9.4,0.0,1,0,0,0,2,1,0,3.08,0,0,0,1
PT-111,2026-10-08T11:10:00,46,23.5,12.1,8.1,0,145.6,73.7,48.7,6.5,7275,209.8,84.7,36.6,6.5,8.3,204.47,197.12,182.25,164.0,17.68,61.6,57.9,17.6,-13.6,64.2,11.0,-12.1,0.0,1,0,0,0,2,1,0,3.17,0,0,0,1
PT-111,2026-10-08T11:15:00,46,23.5,12.1,8.1,0,145.6,73.7,48.7,6.5,7275,213.9,78.5,33.5,6.5,22.8,209.37,201.97,187.12,167.08,17.69,58.2,58.4,-2.2,-15.2,68.3,4.8,-15.2,0.0,1,0,0,0,2,1,0,3.25,0,0,0,1
PT-111,2026-10-08T11:20:00,46,23.5,12.1,8.1,0,145.6,73.7,48.7,6.5,7275,219.7,84.7,34.7,6.5,6.1,214.47,206.93,191.98,170.13,17.99,59.6,58.3,11.8,-8.2,74.1,11.0,-14.0,0.0,1,0,0,0,2,1,0,3.33,0,0,0,1
PT-111,2026-10-08T11:25:00,46,23.5,12.1,8.1,0,145.6,73.7,48.7,6.5,7275,223.6,83.4,37.9,6.5,7.6,219.07,211.77,196.82,173.49,18.03,58.0,58.1,12.4,3.8,78.0,9.7,-10.8,0.0,1,0,0,0,2,1,0,3.42,0,0,0,1
PT-111,2026-10-08T11:30:00,46,23.5,12.1,8.1,0,145.6,73.7,48.7,6.5,7275,227.9,81.6,33.1,6.5,15.5,223.73,216.55,201.72,177.01,17.8,57.4,58.8,6.6,-10.4,82.3,7.9,-15.6,0.0,1,0,0,0,2,1,0,3.5,0,0,0,1
PT-111,2026-10-08T11:35:00,46,23.5,12.1,8.1,0,145.6,73.7,48.7,6.5,7275,232.7,84.7,31.7,6.5,23.7,228.07,221.27,206.62,180.76,17.53,56.6,58.9,6.0,-15.2,87.1,11.0,-17.0,0.0,1,0,0,0,2,1,0,3.58,0,0,0,1
PT-111,2026-10-08T11:40:00,46,23.5,12.1,8.1,0,145.6,73.7,48.7,6.5,7275,238.5,84.4,31.4,6.5,8.8,233.03,226.05,211.58,184.47,17.42,57.4,59.5,-0.6,-10.4,92.9,10.7,-17.3,0.0,1,0,0,0,2,1,0,3.67,0,0,0,1
PT-111,2026-10-08T11:45:00,46,23.5,12.1,8.1,0,145.6,73.7,48.7,6.5,7275,237.7,82.2,28.0,6.5,15.9,236.3,230.02,215.99,188.31,16.7,47.6,52.9,7.4,-11.0,92.1,8.5,-20.7,0.0,1,0,0,0,2,1,0,3.75,0,0,0,1
PT-111,2026-10-08T11:50:00,46,23.5,12.1,8.1,0,145.6,73.7,48.7,6.5,7275,236.4,86.0,30.5,6.5,23.5,237.53,232.8,219.87,191.98,15.44,33.4,46.5,2.6,-8.4,90.8,12.3,-18.2,0.0,1,0,0,0,2,1,0,3.83,0,0,0,1
PT-111,2026-10-08T11:55:00,46,23.5,12.1,8.1,0,145.6,73.7,48.7,6.5,7275,235.0,85.0,31.1,6.5,15.2,236.37,234.7,223.23,195.61,13.74,22.8,40.4,3.2,-13.6,89.4,11.3,-17.6,0.0,1,0,0,0,2,1,0,3.92,0,0,0,1
PT-111,2026-10-08T12:00:00,46,23.5,12.1,8.1,0,145.6,73.7,48.7,6.5,7275,234.0,83.0,30.2,6.5,14.8,235.13,235.72,226.13,199.39,11.74,12.2,34.8,2.8,-5.8,88.4,9.3,-18.5,0.0,0,1,0,0,2,1,0,4.0,0,0,0,1
PT-111,2026-10-08T12:05:00,46,23.5,12.1,8.1,0,145.6,73.7,48.7,6.5,7275,233.1,85.1,32.8,6.5,18.6,234.03,235.78,228.52,202.98,9.64,0.8,28.7,0.8,2.2,87.5,11.4,-15.9,0.0,0,1,0,0,2,1,0,4.08,0,0,0,1
PT-111,2026-10-08T12:10:00,46,23.5,12.1,8.1,0,145.6,73.7,48.7,6.5,7275,232.1,84.3,34.0,6.5,8.0,233.07,234.72,230.38,206.32,7.65,-12.8,22.3,-0.2,5.2,86.5,10.6,-14.7,0.0,0,1,0,0,2,1,0,4.17,0,0,0,1
PT-111,2026-10-08T12:15:00,46,23.5,12.1,8.1,0,145.6,73.7,48.7,6.5,7275,231.5,83.8,33.6,6.5,18.9,232.23,233.68,231.85,209.48,5.62,-12.4,17.6,3.2,11.2,85.9,10.1,-15.1,0.0,0,1,0,0,2,1,0,4.25,0,0,0,1
PT-111,2026-10-08T12:20:00,46,23.5,12.1,8.1,0,145.6,73.7,48.7,6.5,7275,230.1,84.3,35.5,6.5,17.4,231.23,232.63,232.72,212.35,4.2,-12.6,10.4,-3.4,10.0,84.5,10.6,-13.2,0.0,0,1,0,0,2,1,0,4.33,0,0,0,1
PT-111,2026-10-08T12:25:00,46,23.5,12.1,8.1,0,145.6,73.7,48.7,6.5,7275,228.8,77.9,29.3,6.5,23.4,230.13,231.6,233.15,214.98,3.36,-12.4,5.2,-14.2,-3.6,83.2,4.2,-19.4,0.0,0,1,0,0,2,1,0,4.42,0,0,0,1
PT-111,2026-10-08T12:30:00,46,23.5,12.1,8.1,0,145.6,73.7,48.7,6.5,7275,227.8,83.3,34.3,6.5,17.3,228.9,230.57,233.14,217.43,3.37,-12.4,-0.1,0.6,8.2,82.2,9.6,-14.4,0.0,0,1,0,0,2,1,0,4.5,0,0,0,1
PT-111,2026-10-08T12:35:00,46,23.5,12.1,8.1,0,145.6,73.7,48.7,6.5,7275,226.9,84.9,34.8,6.5,24.5,227.83,229.53,232.66,219.64,3.82,-12.4,-5.8,-0.4,4.0,81.3,11.2,-13.9,0.0,0,1,0,0,2,1,0,4.58,0,0,0,1
PT-111,2026-10-08T12:40:00,46,23.5,12.1,8.1,0,145.6,73.7,48.7,6.5,7275,226.1,85.0,33.8,6.5,11.2,226.93,228.53,231.62,221.6,3.78,-12.0,-12.4,1.4,-0.4,80.5,11.3,-14.9,0.0,0,1,0,0,2,1,0,4.67,0,0,0,1
PT-111,2026-10-08T12:45:00,46,23.5,12.1,8.1,0,145.6,73.7,48.7,6.5,7275,224.7,83.2,33.8,6.5,10.3,225.9,227.4,230.54,223.27,3.74,-13.6,-13.0,-1.2,0.4,79.1,9.5,-14.9,0.0,0,1,0,0,2,1,0,4.75,0,0,0,1
PT-111,2026-10-08T12:50:00,46,23.5,12.1,8.1,0,145.6,73.7,48.7,6.5,7275,223.3,85.1,34.0,6.5,5.5,224.7,226.27,229.45,224.66,3.79,-13.6,-13.1,1.6,-3.0,77.7,11.4,-14.7,0.0,0,1,0,0,2,1,0,4.83,0,0,0,1
PT-111,2026-10-08T12:55:00,46,23.5,12.1,8.1,0,145.6,73.7,48.7,6.5,7275,222.4,85.0,34.1,6.5,7.8,223.47,225.2,228.4,225.82,3.85,-12.8,-12.6,14.2,9.6,76.8,11.3,-14.6,0.0,0,1,0,0,2,1,0,4.92,0,0,0,1
PT-111,2026-10-08T13:00:00,46,23.5,12.1,8.1,0,145.6,73.7,48.7,6.5,7275,221.1,85.0,35.4,6.5,32.6,222.27,224.08,227.32,226.73,3.95,-13.4,-12.9,3.4,2.2,75.5,11.3,-13.3,0.0,0,1,0,0,2,1,0,5.0,0,0,0,1
PT-111,2026-10-08T13:05:00,46,23.5,12.1,8.1,0,145.6,73.7,48.7,6.5,7275,220.5,85.6,37.8,6.5,24.5,221.33,223.02,226.28,227.4,3.95,-12.8,-12.6,1.4,6.0,74.9,11.9,-10.9,0.0,0,1,0,0,2,1,0,5.08,0,0,0,1
PT-111,2026-10-08T13:10:00,46,23.5,12.1,8.1,0,145.6,73.7,48.7,6.5,7275,219.5,82.5,33.5,6.5,33.5,220.37,221.92,225.23,227.8,3.93,-13.2,-12.6,-5.0,-0.6,73.9,8.8,-15.2,0.0,0,1,0,0,2,1,0,5.17,0,0,0,1
PT-111,2026-10-08T13:15:00,46,23.5,12.1,8.1,0,145.6,73.7,48.7,6.5,7275,218.7,82.6,38.0,6.5,28.9,219.57,220.92,224.16,228.0,3.81,-12.0,-12.8,-1.2,8.4,73.1,8.9,-10.7,0.0,0,1,0,0,2,1,0,5.25,0,0,0,1
PT-111,2026-10-08T13:20:00,46,23.5,12.1,8.1,0,145.6,73.7,48.7,6.5,7275,217.9,81.5,36.0,6.5,27.6,218.7,220.02,223.14,227.93,3.71,-10.8,-12.2,-7.2,4.0,72.3,7.8,-12.7,0.0,0,1,0,0,2,1,0,5.33,0,0,0,1
PT-111,2026-10-08T13:25:00,46,23.5,12.1,8.1,0,145.6,73.7,48.7,6.5,7275,217.0,82.1,33.1,6.5,27.0,217.87,219.12,222.16,227.65,3.63,-10.8,-11.8,-5.8,-2.0,71.4,8.4,-15.6,0.0,0,1,0,0,2,1,0,5.42,0,0,0,1
PT-111,2026-10-08T13:30:00,46,23.5,12.1,8.1,0,145.6,73.7,48.7,6.5,7275,216.3,79.8,37.2,6.5,25.9,217.07,218.32,221.2,227.17,3.53,-9.6,-11.5,-10.4,3.6,70.7,6.1,-11.5,0.0,0,1,0,0,2,1,0,5.5,0,0,0,1
PT-111,2026-10-08T13:35:00,46,23.5,12.1,8.1,0,145.6,73.7,48.7,6.5,7275,215.1,82.7,37.5,6.5,16.8,216.13,217.42,220.22,226.44,3.44,-10.8,-11.8,-5.8,-0.6,69.5,9.0,-11.2,0.0,0,1,0,0,2,1,0,5.58,0,0,0,1
PT-111,2026-10-08T13:40:00,46,23.5,12.1,8.1,0,145.6,73.7,48.7,6.5,7275,214.6,79.9,37.4,6.5,15.8,215.33,216.6,219.26,225.44,3.24,-9.8,-11.5,-5.2,7.8,69.0,6.2,-11.3,0.0,0,1,0,0,2,1,0,5.67,0,0,0,1
PT-111,2026-10-08T13:45:00,46,23.5,12.1,8.1,0,145.6,73.7,48.7,6.5,7275,214.0,84.7,34.1,6.5,15.7,214.57,215.82,218.37,224.45,3.08,-9.4,-10.7,4.2,-7.8,68.4,11.0,-14.6,0.0,0,1,0,0,2,1,0,5.75,0,0,0,1
PT-111,2026-10-08T13:50:00,46,23.5,12.1,8.1,0,145.6,73.7,48.7,6.5,7275,212.7,82.5,36.2,6.5,24.2,213.77,214.95,217.48,223.47,3.06,-10.4,-10.6,2.0,0.4,67.1,8.8,-12.5,0.0,0,1,0,0,2,1,0,5.83,0,0,0,1
PT-111,2026-10-08T13:55:00,46,23.5,12.1,8.1,0,145.6,73.7,48.7,6.5,7275,211.7,81.4,37.0,6.5,32.0,212.8,214.07,216.59,222.5,3.05,-10.6,-10.7,-1.4,7.8,66.1,7.7,-11.7,0.0,0,1,0,0,2,1,0,5.92,0,0,0,1
PT-111,2026-10-08T14:00:00,46,23.5,12.1,8.1,0,145.6,73.7,48.7,6.5,7275,211.0,83.8,34.9,6.5,34.1,211.8,213.18,215.75,221.54,3.09,-10.6,-10.1,8.0,-4.6,65.4,10.1,-13.8,0.0,0,1,0,0,2,1,0,6.0,0,0,0,1
PT-111,2026-10-08T14:05:00,46,23.5,12.1,8.1,0,145.6,73.7,48.7,6.5,7275,210.1,80.4,35.5,6.5,14.4,210.93,212.35,214.88,220.58,3.09,-10.0,-10.4,-4.6,-4.0,64.5,6.7,-13.2,0.0,0,1,0,0,2,1,0,6.08,0,0,0,1
PT-111,2026-10-08T14:10:00,46,23.5,12.1,8.1,0,145.6,73.7,48.7,6.5,7275,209.2,80.8,35.9,6.5,7.3,210.1,211.45,214.02,219.62,3.12,-10.8,-10.3,1.8,-3.0,63.6,7.1,-12.8,0.0,0,1,0,0,2,1,0,6.17,0,0,0,1
PT-111,2026-10-08T14:15:00,46,23.5,12.1,8.1,0,145.6,73.7,48.7,6.5,7275,208.4,84.3,40.2,6.5,15.3,209.23,210.52,213.17,218.66,3.14,-11.2,-10.3,-0.8,12.2,62.8,10.6,-8.5,0.0,0,1,0,0,2,1,0,6.25,0,0,0,1
PT-111,2026-10-08T14:20:00,46,23.5,12.1,8.1,0,145.6,73.7,48.7,6.5,7275,207.4,81.0,38.5,6.5,24.0,208.33,209.63,212.29,217.72,3.16,-10.6,-10.5,-3.0,4.6,61.8,7.3,-10.2,0.0,0,1,0,0,2,1,0,6.33,0,0,0,1
PT-111,2026-10-08T14:25:00,46,23.5,12.1,8.1,0,145.6,73.7,48.7,6.5,7275,205.9,80.6,36.1,6.5,5.1,207.23,208.67,211.37,216.76,3.28,-11.6,-11.1,-1.6,-1.8,60.3,6.9,-12.6,0.0,0,1,0,0,2,1,0,6.42,0,0,0,1
PT-111,2026-10-08T14:30:00,46,23.5,12.1,8.1,0,145.6,73.7,48.7,6.5,7275,204.8,81.0,39.0,6.5,9.4,206.03,207.63,210.41,215.8,3.39,-12.4,-11.5,-5.6,8.2,59.2,7.3,-9.7,0.0,0,1,0,0,2,1,0,6.5,0,0,0,1
PT-111,2026-10-08T14:35:00,46,23.5,12.1,8.1,0,145.6,73.7,48.7,6.5,7275,203.7,81.2,36.7,6.5,17.9,204.8,206.57,209.46,214.84,3.55,-12.8,-11.4,1.6,2.4,58.1,7.5,-12.0,0.0,0,1,0,0,2,1,0,6.58,0,0,0,1
PT-111,2026-10-08T14:40:00,46,23.5,12.1,8.1,0,145.6,73.7,48.7,6.5,7275,202.2,79.4,40.7,6.5,6.7,203.57,205.4,208.42,213.84,3.71,-14.0,-12.4,-2.8,9.6,56.6,5.7,-8.0,0.0,0,1,0,0,2,1,0,6.67,0,0,0,1
PT-111,2026-10-08T14:45:00,46,23.5,12.1,8.1,0,145.6,73.7,48.7,6.5,7275,200.8,76.6,42.3,6.5,11.0,202.23,204.13,207.32,212.85,3.86,-15.2,-13.2,-15.4,4.2,55.2,2.9,-6.4,0.0,0,1,0,0,2,1,0,6.75,0,0,0,1
PT-111,2026-10-08T14:50:00,46,23.5,12.1,8.1,0,145.6,73.7,48.7,6.5,7275,199.6,78.2,40.4,6.5,16.0,200.87,202.83,206.23,211.86,4.05,-15.6,-13.1,-5.6,3.8,54.0,4.5,-8.3,0.0,0,1,0,0,2,1,0,6.83,0,0,0,1
PT-111,2026-10-08T14:55:00,46,23.5,12.1,8.1,0,145.6,73.7,48.7,6.5,7275,199.0,78.0,40.0,6.5,13.6,199.8,201.68,205.18,210.88,4.15,-13.8,-12.7,-5.2,7.8,53.4,4.3,-8.7,0.0,0,1,0,0,2,1,0,6.92,0,0,0,1
PT-111,2026-10-08T15:00:00,46,23.5,12.1,8.1,0,145.6,73.7,48.7,6.5,7275,197.8,80.8,37.0,6.5,9.0,198.8,200.52,204.07,209.91,4.22,-14.0,-13.2,-0.4,-4.0,52.2,7.1,-11.7,0.0,0,1,0,0,2,1,0,7.0,0,0,0,1
PT-111,2026-10-08T15:05:00,46,23.5,12.1,8.1,0,145.6,73.7,48.7,6.5,7275,197.0,79.0,35.9,6.5,22.1,197.93,199.4,202.98,208.93,4.21,-13.4,-13.1,-4.4,-1.6,51.4,5.3,-12.8,0.0,0,1,0,0,2,1,0,7.08,0,0,0,1
PT-111,2026-10-08T15:10:00,46,23.5,12.1,8.1,0,145.6,73.7,48.7,6.5,7275,195.6,81.2,41.9,6.5,22.4,196.8,198.3,201.85,207.94,4.22,-13.2,-13.6,3.6,2.4,50.0,7.5,-6.8,0.0,0,1,0,0,2,1,0,7.17,0,0,0,1
PT-111,2026-10-08T15:15:00,46,23.5,12.1,8.1,0,145.6,73.7,48.7,6.5,7275,194.7,82.6,37.6,6.5,16.6,195.77,197.28,200.71,206.94,4.14,-12.2,-13.7,12.0,-9.4,49.1,8.9,-11.1,0.0,0,1,0,0,2,1,0,7.25,0,0,0,1
PT-111,2026-10-08T15:20:00,46,23.5,12.1,8.1,0,145.6,73.7,48.7,6.5,7275,193.9,79.8,37.5,6.5,18.3,194.73,196.33,199.58,205.94,3.98,-11.4,-13.5,3.2,-5.8,48.3,6.1,-11.2,0.0,0,1,0,0,2,1,0,7.33,0,0,0,1
PT-111,2026-10-08T15:25:00,46,23.5,12.1,8.1,0,145.6,73.7,48.7,6.5,7275,193.3,79.3,39.8,6.5,12.9,193.97,195.38,198.53,204.95,3.83,-11.4,-12.6,2.6,-0.4,47.7,5.6,-8.9,0.0,0,1,0,0,2,1,0,7.42,0,0,0,1
PT-111,2026-10-08T15:30:00,46,23.5,12.1,8.1,0,145.6,73.7,48.7,6.5,7275,192.1,78.1,38.9,6.5,20.8,193.1,194.43,197.48,203.94,3.69,-11.4,-12.7,-5.4,3.8,46.5,4.4,-9.8,0.0,0,1,0,0,2,1,0,7.5,0,0,0,1
PT-111,2026-10-08T15:35:00,46,23.5,12.1,8.1,0,145.6,73.7,48.7,6.5,7275,190.9,79.4,39.2,6.5,16.6,192.1,193.42,196.41,202.93,3.57,-12.2,-12.8,0.8,6.6,45.3,5.7,-9.5,0.0,0,1,0,0,2,1,0,7.58,0,0,0,1
PT-111,2026-10-08T15:40:00,46,23.5,12.1,8.1,0,145.6,73.7,48.7,6.5,7275,190.3,80.4,44.4,6.5,21.7,191.1,192.53,195.42,201.92,3.47,-10.6,-11.9,-1.6,5.0,44.7,6.7,-4.3,0.0,0,1,0,0,2,1,0,7.67,0,0,0,1
PT-111,2026-10-08T15:45:00,46,23.5,12.1,8.1,0,145.6,73.7,48.7,6.5,7275,189.7,77.8,37.8,6.5,19.4,190.3,191.7,194.49,200.91,3.38,-10.0,-11.1,-9.6,0.4,44.1,4.1,-10.9,0.0,0,1,0,0,2,1,0,7.75,0,0,0,1
PT-111,2026-10-08T15:50:00,46,23.5,12.1,8.1,0,145.6,73.7,48.7,6.5,7275,188.7,80.0,40.3,6.5,6.6,189.57,190.83,193.58,199.91,3.35,-10.4,-10.9,0.4,5.6,43.1,6.3,-8.4,0.0,0,1,0,0,2,1,0,7.83,0,0,0,1
PT-111,2026-10-08T15:55:00,46,23.5,12.1,8.1,0,145.6,73.7,48.7,6.5,7275,187.8,80.6,41.0,6.5,5.2,188.73,189.92,192.65,198.91,3.26,-11.0,-11.2,2.6,2.4,42.2,6.9,-7.7,0.0,0,1,0,0,2,1,0,7.92,0,0,0,1
PT-111,2026-10-08T16:00:00,46,23.5,12.1,8.1,0,145.6,73.7,48.7,6.5,7275,187.2,79.2,42.4,6.5,19.8,187.9,189.1,191.77,197.92,3.17,-9.8,-10.6,2.2,7.0,41.6,5.5,-6.3,0.0,0,1,0,0,2,1,0,8.0,0,0,0,1
PT-111,2026-10-08T16:05:00,46,23.5,12.1,8.1,0,145.6,73.7,48.7,6.5,7275,186.3,79.2,38.9,6.5,6.4,187.1,188.33,190.88,196.93,3.07,-9.2,-10.7,-0.4,-0.6,40.7,5.5,-9.8,0.0,0,1,0,0,2,1,0,8.08,0,0,0,1
PT-111,2026-10-08T16:10:00,46,23.5,12.1,8.1,0,145.6,73.7,48.7,6.5,7275,184.9,80.5,40.5,6.5,24.7,186.13,187.43,189.98,195.92,3.13,-10.8,-10.7,0.2,-7.8,39.3,6.8,-8.2,0.0,0,1,0,0,2,1,0,8.17,0,0,0,1
PT-111,2026-10-08T16:15:00,46,23.5,12.1,8.1,0,145.6,73.7,48.7,6.5,7275,183.9,79.1,40.5,6.5,16.4,185.03,186.47,189.08,194.9,3.2,-11.6,-10.8,2.6,5.4,38.3,5.4,-8.2,0.0,0,1,0,0,2,1,0,8.25,0,0,0,1
PT-111,2026-10-08T16:20:00,46,23.5,12.1,8.1,0,145.6,73.7,48.7,6.5,7275,182.6,77.7,39.4,6.5,20.7,183.8,185.45,188.14,193.86,3.32,-12.2,-11.3,-4.6,-1.8,37.0,4.0,-9.3,0.0,0,1,0,0,2,1,0,8.33,0,0,0,1
PT-111,2026-10-08T16:25:00,46,23.5,12.1,8.1,0,145.6,73.7,48.7,6.5,7275,181.1,75.2,45.4,6.5,13.6,182.53,184.33,187.12,192.83,3.46,-13.4,-12.2,-10.8,8.8,35.5,1.5,-3.3,0.0,0,1,0,0,2,1,0,8.42,0,0,0,1
PT-111,2026-10-08T16:30:00,46,23.5,12.1,8.1,0,145.6,73.7,48.7,6.5,7275,180.2,78.4,42.3,6.5,15.6,181.3,183.17,186.13,191.8,3.6,-14.0,-11.9,-1.6,-0.2,34.6,4.7,-6.4,0.0,0,1,0,0,2,1,0,8.5,0,0,0,0
PT-111,2026-10-08T16:35:00,46,23.5,12.1,8.1,0,145.6,73.7,48.7,6.5,7275,179.7,78.3,44.4,6.5,11.1,180.33,182.07,185.2,190.8,3.71,-13.2,-11.2,-1.8,11.0,34.1,4.6,-4.3,0.0,0,1,0,0,2,1,0,8.58,0,0,0,0
PT-111,2026-10-08T16:40:00,46,23.5,12.1,8.1,0,145.6,73.7,48.7,6.5,7275,178.6,77.9,42.5,6.5,19.1,179.5,181.02,184.22,189.82,3.78,-12.6,-11.7,-5.2,4.0,33.0,4.2,-6.2,0.0,0,1,0,0,2,1,0,8.67,0,0,0,0
PT-111,2026-10-08T16:45:00,46,23.5,12.1,8.1,0,145.6,73.7,48.7,6.5,7275,177.4,78.0,39.7,6.5,21.7,178.57,179.93,183.2,188.85,3.83,-13.0,-12.3,-2.2,-1.6,31.8,4.3,-9.0,0.0,0,1,0,0,2,1,0,8.75,0,0,0,0
PT-111,2026-10-08T16:50:00,46,23.5,12.1,8.1,0,145.6,73.7,48.7,6.5,7275,176.9,77.9,41.4,6.5,7.5,177.63,178.98,182.22,187.9,3.8,-11.4,-11.8,0.4,4.0,31.3,4.2,-7.3,0.0,0,1,0,0,2,1,0,8.83,0,0,0,0
PT-111,2026-10-08T16:55:00,46,23.5,12.1,8.1,0,145.6,73.7,48.7,6.5,7275,176.4,74.9,45.0,6.5,6.6,176.9,178.2,181.27,186.96,3.7,-9.4,-11.4,-0.6,-0.8,30.8,1.2,-3.7,0.0,0,1,0,0,2,1,0,8.92,0,0,0,0
PT-111,2026-10-08T17:00:00,46,23.5,12.1,8.1,0,145.6,73.7,48.7,6.5,7275,175.7,76.1,43.5,6.5,48.9,176.33,177.45,180.31,186.04,3.51,-9.0,-11.5,-4.6,2.4,30.1,2.4,-5.2,0.0,0,0,1,0,2,1,0,9.0,0,0,0,0
PT-111,2026-10-08T17:05:00,46,23.5,12.1,8.1,0,145.6,73.7,48.7,6.5,7275,175.1,75.7,45.2,6.5,67.3,175.73,176.68,179.38,185.12,3.25,-9.2,-11.2,-5.2,1.6,29.5,2.0,-3.5,0.0,0,0,1,0,2,1,0,9.08,0,0,0,0
PT-111,2026-10-08T17:10:00,46,23.5,12.1,8.1,0,145.6,73.7,48.7,6.5,7275,173.9,75.2,40.3,6.5,60.2,174.9,175.9,178.46,184.22,3.1,-9.4,-11.0,-5.4,-4.4,28.3,1.5,-8.4,0.0,0,0,1,0,2,1,0,9.17,0,0,0,0
PT-111,2026-10-08T17:15:00,46,23.5,12.1,8.1,0,145.6,73.7,48.7,6.5,7275,172.6,80.5,40.7,6.5,57.5,173.87,175.1,177.52,183.3,3.01,-9.6,-11.3,5.0,2.0,27.0,6.8,-8.0,0.0,0,0,1,0,2,1,0,9.25,0,0,0,0
PT-111,2026-10-08T17:20:00,46,23.5,12.1,8.1,0,145.6,73.7,48.7,6.5,7275,171.1,78.4,43.7,6.5,66.3,172.53,174.13,176.56,182.35,3.08,-11.6,-11.5,1.0,4.6,25.5,4.7,-5.0,0.0,0,0,1,0,2,1,0,9.33,0,0,0,0
PT-111,2026-10-08T17:25:00,46,23.5,12.1,8.1,0,145.6,73.7,48.7,6.5,7275,170.2,78.3,41.3,6.5,49.1,171.3,173.1,175.65,181.39,3.22,-12.4,-10.9,6.8,-7.4,24.6,4.6,-7.4,0.0,0,0,1,0,2,1,0,9.42,0,0,0,0
PT-111,2026-10-08T17:30:00,46,23.5,12.1,8.1,0,145.6,73.7,48.7,6.5,7275,169.7,78.1,41.3,6.5,50.7,170.33,172.1,174.77,180.45,3.3,-12.0,-10.5,4.0,-4.4,24.1,4.4,-7.4,0.0,0,0,1,0,2,1,0,9.5,0,0,0,0
PT-111,2026-10-08T17:35:00,46,23.5,12.1,8.1,0,145.6,73.7,48.7,6.5,7275,168.5,76.8,43.6,6.5,69.5,169.47,171.0,173.84,179.52,3.36,-13.2,-11.2,2.2,-3.2,22.9,3.1,-5.1,0.0,0,0,1,0,2,1,0,9.58,0,0,0,0
PT-111,2026-10-08T17:40:00,46,23.5,12.1,8.1,0,145.6,73.7,48.7,6.5,7275,167.6,75.7,46.0,6.5,67.5,168.6,169.95,172.92,178.58,3.44,-12.6,-11.0,1.0,11.4,22.0,2.0,-2.7,0.0,0,0,1,0,2,1,0,9.67,0,0,0,0
PT-111,2026-10-08T17:45:00,46,23.5,12.1,8.1,0,145.6,73.7,48.7,6.5,7275,166.6,77.3,41.3,6.5,54.0,167.57,168.95,172.02,177.61,3.58,-12.0,-10.8,-6.4,1.2,21.0,3.6,-7.4,0.0,0,0,1,0,2,1,0,9.75,0,0,0,0
PT-111,2026-10-08T17:50:00,46,23.5,12.1,8.1,0,145.6,73.7,48.7,6.5,7275,165.3,77.6,47.3,6.5,57.8,166.5,167.98,171.06,176.64,3.7,-11.6,-11.6,-1.6,7.2,19.7,3.9,-1.4,0.0,0,0,1,0,2,1,0,9.83,0,0,0,0
PT-111,2026-10-08T17:55:00,46,23.5,12.1,8.1,0,145.6,73.7,48.7,6.5,7275,163.8,76.1,45.0,6.5,61.3,165.23,166.92,170.01,175.64,3.84,-12.8,-12.6,-4.4,7.4,18.2,2.4,-3.7,0.0,0,0,1,0,2,1,0,9.92,0,0,0,0
PT-111,2026-10-08T18:00:00,46,23.5,12.1,8.1,0,145.6,73.7,48.7,6.5,7275,163.3,76.4,42.2,6.5,60.9,164.13,165.85,168.98,174.64,3.83,-12.8,-12.4,-3.4,1.8,17.7,2.7,-6.5,0.0,0,0,1,0,2,1,0,10.0,0,0,0,0
PT-111,2026-10-08T18:05:00,46,23.5,12.1,8.1,0,145.6,73.7,48.7,6.5,7275,162.7,77.0,43.4,6.5,14.9,163.27,164.88,167.94,173.66,3.7,-11.6,-12.4,0.4,-0.4,17.1,3.3,-5.3,0.0,0,0,1,0,2,1,0,10.08,0,0,0,0
PT-111,2026-10-08T18:10:00,46,23.5,12.1,8.1,0,145.6,73.7,48.7,6.5,7275,162.1,76.7,49.0,6.5,5.5,162.7,163.97,166.96,172.71,3.54,-11.0,-11.8,2.0,6.0,16.5,3.0,0.3,0.0,0,0,1,0,2,1,0,10.17,0,0,0,0
PT-111,2026-10-08T18:15:00,46,23.5,12.1,8.1,0,145.6,73.7,48.7,6.5,7275,160.9,76.1,43.5,6.5,6.1,161.9,163.02,165.98,171.75,3.45,-11.4,-11.7,-2.4,4.4,15.3,2.4,-5.2,0.0,0,0,1,0,2,1,0,10.25,0,0,0,0
PT-111,2026-10-08T18:20:00,46,23.5,12.1,8.1,0,145.6,73.7,48.7,6.5,7275,160.0,75.1,47.7,6.5,11.6,161.0,162.13,165.06,170.81,3.45,-10.6,-11.1,-5.0,0.8,14.4,1.4,-1.0,0.0,0,0,1,0,2,1,0,10.33,0,0,0,0
PT-111,2026-10-08T18:25:00,46,23.5,12.1,8.1,0,145.6,73.7,48.7,6.5,7275,160.0,77.6,45.7,6.5,18.2,160.3,161.5,164.21,169.93,3.32,-7.6,-10.2,3.0,1.4,14.4,3.9,-3.0,0.0,0,0,1,0,2,1,0,10.42,0,0,0,0
PT-111,2026-10-08T18:30:00,46,23.5,12.1,8.1,0,145.6,73.7,48.7,6.5,7275,160.0,75.4,46.0,6.5,20.2,160.0,160.95,163.4,169.09,3.03,-6.6,-9.7,-2.0,7.6,14.4,1.7,-2.7,0.0,0,0,1,0,2,1,0,10.5,0,0,0,0
PT-111,2026-10-08T18:35:00,46,23.5,12.1,8.1,0,145.6,73.7,48.7,6.5,7275,160.0,75.1,46.1,6.5,20.8,160.0,160.5,162.69,168.27,2.7,-5.4,-8.5,-3.8,5.4,14.4,1.4,-2.6,0.0,0,0,1,0,2,1,0,10.58,0,0,0,0
PT-111,2026-10-08T18:40:00,46,23.5,12.1,8.1,0,145.6,73.7,48.7,6.5,7275,160.0,77.1,44.2,6.5,15.3,160.0,160.15,162.06,167.49,2.31,-4.2,-7.6,0.8,-9.6,14.4,3.4,-4.5,0.0,0,0,1,0,2,1,0,10.67,0,0,0,0
PT-111,2026-10-08T18:45:00,46,23.5,12.1,8.1,0,145.6,73.7,48.7,6.5,7275,160.0,77.5,43.8,6.5,13.6,160.0,160.0,161.51,166.77,1.87,-1.8,-6.6,2.8,0.6,14.4,3.8,-4.9,0.0,0,0,1,0,2,1,0,10.75,0,0,0,0
PT-111,2026-10-08T18:50:00,46,23.5,12.1,8.1,0,145.6,73.7,48.7,6.5,7275,160.0,77.8,45.3,6.5,6.8,160.0,160.0,161.07,166.06,1.48,0.0,-5.3,5.4,-4.8,14.4,4.1,-3.4,0.0,0,0,1,0,2,1,0,10.83,0,0,0,0
PT-111,2026-10-08T18:55:00,46,23.5,12.1,8.1,0,145.6,73.7,48.7,6.5,7275,160.0,77.0,46.5,6.5,10.9,160.0,160.0,160.75,165.38,1.23,0.0,-3.8,-1.2,1.6,14.4,3.3,-2.2,0.0,0,0,1,0,2,1,0,10.92,0,0,0,0
PT-111,2026-10-08T19:00:00,46,23.5,12.1,8.1,0,145.6,73.7,48.7,6.5,7275,160.0,75.9,46.8,6.5,6.2,160.0,160.0,160.48,164.72,0.94,0.0,-3.3,1.0,1.6,14.4,2.2,-1.9,0.0,0,0,1,0,2,1,0,11.0,0,0,0,0
PT-111,2026-10-08T19:05:00,46,23.5,12.1,8.1,0,145.6,73.7,48.7,6.5,7275,160.0,74.2,49.1,6.5,20.6,160.0,160.0,160.25,164.1,0.64,0.0,-2.7,-1.8,6.0,14.4,0.5,0.4,0.0,0,0,1,0,2,1,0,11.08,0,0,0,0
PT-111,2026-10-08T19:10:00,46,23.5,12.1,8.1,0,145.6,73.7,48.7,6.5,7275,160.0,74.8,45.5,6.5,21.9,160.0,160.0,160.08,163.52,0.26,0.0,-2.1,-4.6,2.6,14.4,1.1,-3.2,0.0,0,0,1,0,2,1,0,11.17,0,0,0,0
PT-111,2026-10-08T19:15:00,46,23.5,12.1,8.1,0,145.6,73.7,48.7,6.5,7275,160.0,76.2,50.6,6.5,14.9,160.0,160.0,160.0,162.99,0.0,0.0,-0.9,-2.6,13.6,14.4,2.5,1.9,0.0,0,0,1,0,2,1,0,11.25,0,0,0,0
PT-111,2026-10-08T19:20:00,46,23.5,12.1,8.1,0,145.6,73.7,48.7,6.5,7275,160.0,74.6,45.4,6.5,7.5,160.0,160.0,160.0,162.53,0.0,0.0,0.0,-6.4,0.2,14.4,0.9,-3.3,0.0,0,0,1,0,2,1,0,11.33,0,0,0,0
PT-111,2026-10-08T19:25:00,46,23.5,12.1,8.1,0,145.6,73.7,48.7,6.5,7275,160.0,74.0,49.7,6.5,23.3,160.0,160.0,160.0,162.1,0.0,0.0,0.0,-6.0,6.4,14.4,0.3,1.0,0.0,0,0,1,0,2,1,0,11.42,0,0,0,0
PT-111,2026-10-08T19:30:00,46,23.5,12.1,8.1,0,145.6,73.7,48.7,6.5,7275,160.0,75.0,46.4,6.5,16.0,160.0,160.0,160.0,161.7,0.0,0.0,0.0,-1.8,-0.8,14.4,1.3,-2.3,0.0,0,0,1,0,2,1,0,11.5,0,0,0,0
PT-111,2026-10-08T19:35:00,46,23.5,12.1,8.1,0,145.6,73.7,48.7,6.5,7275,160.0,75.5,46.6,6.5,22.5,160.0,160.0,160.0,161.35,0.0,0.0,0.0,2.6,-5.0,14.4,1.8,-2.1,0.0,0,0,1,0,2,1,0,11.58,0,0,0,0
PT-111,2026-10-08T19:40:00,46,23.5,12.1,8.1,0,145.6,73.7,48.7,6.5,7275,160.0,76.0,46.8,6.5,10.3,160.0,160.0,160.0,161.03,0.0,0.0,0.0,2.4,2.6,14.4,2.3,-1.9,0.0,0,0,1,0,2,1,0,11.67,0,0,0,0
PT-111,2026-10-08T19:45:00,46,23.5,12.1,8.1,0,145.6,73.7,48.7,6.5,7275,160.0,77.5,43.9,6.5,8.9,160.0,160.0,160.0,160.75,0.0,0.0,0.0,2.6,-13.4,14.4,3.8,-4.8,0.0,0,0,1,0,2,1,0,11.75,0,0,0,0
PT-111,2026-10-08T19:50:00,46,23.5,12.1,8.1,0,145.6,73.7,48.7,6.5,7275,160.0,73.1,46.6,6.5,11.6,160.0,160.0,160.0,160.53,0.0,0.0,0.0,-3.0,2.4,14.4,-0.6,-2.1,0.0,0,0,1,0,2,1,0,11.83,0,0,0,0
PT-111,2026-10-08T19:55:00,46,23.5,12.1,8.1,0,145.6,73.7,48.7,6.5,7275,160.0,73.8,44.5,6.5,5.4,160.0,160.0,160.0,160.38,0.0,0.0,0.0,-0.4,-10.4,14.4,0.1,-4.2,0.0,0,0,1,0,2,1,0,11.92,0,0,0,0
PT-111,2026-10-08T20:00:00,46,23.5,12.1,8.1,0,145.6,73.7,48.7,6.5,7275,160.0,76.2,46.4,6.5,17.3,160.0,160.0,160.0,160.24,0.0,0.0,0.0,2.4,0.0,14.4,2.5,-2.3,0.0,0,0,1,0,2,1,0,0.0,0,0,0,0
PT-111,2026-10-08T20:05:00,46,23.5,12.1,8.1,0,145.6,73.7,48.7,6.5,7275,160.0,73.7,43.6,6.5,9.7,160.0,160.0,160.0,160.12,0.0,0.0,0.0,-3.6,-6.0,14.4,0.0,-5.1,0.0,0,0,1,0,2,1,0,0.08,0,0,0,0
PT-111,2026-10-08T20:10:00,46,23.5,12.1,8.1,0,145.6,73.7,48.7,6.5,7275,160.0,77.2,48.3,6.5,6.9,160.0,160.0,160.0,160.04,0.0,0.0,0.0,2.4,3.0,14.4,3.5,-0.4,0.0,0,0,1,0,2,1,0,0.17,0,0,0,0
PT-111,2026-10-08T20:15:00,46,23.5,12.1,8.1,0,145.6,73.7,48.7,6.5,7275,160.0,74.3,47.3,6.5,13.7,160.0,160.0,160.0,160.0,0.0,0.0,0.0,-6.4,6.8,14.4,0.6,-1.4,0.0,0,0,1,0,2,1,0,0.25,0,0,0,0
PT-111,2026-10-08T20:20:00,46,23.5,12.1,8.1,0,145.6,73.7,48.7,6.5,7275,160.0,73.4,46.4,6.5,22.7,160.0,160.0,160.0,160.0,0.0,0.0,0.0,0.6,-0.4,14.4,-0.3,-2.3,0.0,0,0,1,0,2,1,0,0.33,0,0,0,0
PT-111,2026-10-08T20:25:00,46,23.5,12.1,8.1,0,145.6,73.7,48.7,6.5,7275,160.0,76.1,49.1,6.5,10.3,160.0,160.0,160.0,160.0,0.0,0.0,0.0,4.6,9.2,14.4,2.4,0.4,0.0,0,0,1,0,2,1,0,0.42,0,0,0,0
PT-111,2026-10-08T20:30:00,46,23.5,12.1,8.1,0,145.6,73.7,48.7,6.5,7275,160.0,72.5,43.2,6.5,19.9,160.0,160.0,160.0,160.0,0.0,0.0,0.0,-7.4,-6.4,14.4,-1.2,-5.5,0.0,0,0,1,0,2,1,0,0.5,0,0,0,0
PT-111,2026-10-08T20:35:00,46,23.5,12.1,8.1,0,145.6,73.7,48.7,6.5,7275,160.0,73.8,46.7,6.5,5.9,160.0,160.0,160.0,160.0,0.0,0.0,0.0,0.2,6.2,14.4,0.1,-2.0,0.0,0,0,1,0,2,1,0,0.58,0,0,0,0
PT-111,2026-10-08T20:40:00,46,23.5,12.1,8.1,0,145.6,73.7,48.7,6.5,7275,160.0,77.0,46.6,6.5,11.1,160.0,160.0,160.0,160.0,0.0,0.0,0.0,-0.4,-3.4,14.4,3.3,-2.1,0.0,0,0,1,0,2,1,0,0.67,0,0,0,0
PT-111,2026-10-08T20:45:00,46,23.5,12.1,8.1,0,145.6,73.7,48.7,6.5,7275,160.0,76.6,47.1,6.5,11.3,160.0,160.0,160.0,160.0,0.0,0.0,0.0,4.6,-0.4,14.4,2.9,-1.6,0.0,0,0,1,0,2,1,0,0.75,0,0,0,0
PT-111,2026-10-08T20:50:00,46,23.5,12.1,8.1,0,145.6,73.7,48.7,6.5,7275,160.0,73.3,45.0,6.5,17.1,160.0,160.0,160.0,160.0,0.0,0.0,0.0,-0.2,-2.8,14.4,-0.4,-3.7,0.0,0,0,1,0,2,1,0,0.83,0,0,0,0
PT-111,2026-10-08T20:55:00,46,23.5,12.1,8.1,0,145.6,73.7,48.7,6.5,7275,160.0,75.7,46.1,6.5,11.6,160.0,160.0,160.0,160.0,0.0,0.0,0.0,-0.8,-6.0,14.4,2.0,-2.6,0.0,0,0,1,0,2,1,0,0.92,0,0,0,0
PT-111,2026-10-08T21:00:00,46,23.5,12.1,8.1,0,145.6,73.7,48.7,6.5,7275,160.0,75.0,43.6,6.5,17.1,160.0,160.0,160.0,160.0,0.0,0.0,0.0,5.0,0.8,14.4,1.3,-5.1,0.0,0,0,1,0,2,1,0,1.0,0,0,0,0
PT-111,2026-10-08T21:05:00,46,23.5,12.1,8.1,0,145.6,73.7,48.7,6.5,7275,160.0,74.4,48.7,6.5,24.9,160.0,160.0,160.0,160.0,0.0,0.0,0.0,1.2,4.0,14.4,0.7,0.0,0.0,0,0,1,0,2,1,0,1.08,0,0,0,0
PT-111,2026-10-08T21:10:00,46,23.5,12.1,8.1,0,145.6,73.7,48.7,6.5,7275,160.0,77.7,45.9,6.5,24.3,160.0,160.0,160.0,160.0,0.0,0.0,0.0,1.4,-1.4,14.4,4.0,-2.8,0.0,0,0,1,0,2,1,0,1.17,0,0,0,0
PT-111,2026-10-08T21:15:00,46,23.5,12.1,8.1,0,145.6,73.7,48.7,6.5,7275,160.0,78.5,49.5,6.5,17.5,160.0,160.0,160.0,160.0,0.0,0.0,0.0,3.8,4.8,14.4,4.8,0.8,0.0,0,0,1,0,2,1,0,1.25,0,0,0,0
PT-111,2026-10-08T21:20:00,46,23.5,12.1,8.1,0,145.6,73.7,48.7,6.5,7275,160.0,76.2,47.0,6.5,8.0,160.0,160.0,160.0,160.0,0.0,0.0,0.0,5.8,4.0,14.4,2.5,-1.7,0.0,0,0,1,0,2,1,0,1.33,0,0,0,0
PT-111,2026-10-08T21:25:00,46,23.5,12.1,8.1,0,145.6,73.7,48.7,6.5,7275,160.0,74.1,48.1,6.5,8.0,160.0,160.0,160.0,160.0,0.0,0.0,0.0,-3.2,4.0,14.4,0.4,-0.6,0.0,0,0,1,0,2,1,0,1.42,0,0,0,0
PT-111,2026-10-08T21:30:00,46,23.5,12.1,8.1,0,145.6,73.7,48.7,6.5,7275,160.0,74.5,46.7,6.5,18.8,160.0,160.0,160.0,160.0,0.0,0.0,0.0,-1.0,6.2,14.4,0.8,-2.0,0.0,0,0,1,0,2,1,0,1.5,0,0,0,0
PT-111,2026-10-08T21:35:00,46,23.5,12.1,8.1,0,145.6,73.7,48.7,6.5,7275,160.0,76.7,48.3,6.5,20.2,160.0,160.0,160.0,160.0,0.0,0.0,0.0,4.6,-0.8,14.4,3.0,-0.4,0.0,0,0,1,0,2,1,0,1.58,0,0,0,0
PT-111,2026-10-08T21:40:00,46,23.5,12.1,8.1,0,145.6,73.7,48.7,6.5,7275,160.0,73.2,49.6,6.5,19.5,160.0,160.0,160.0,160.0,0.0,0.0,0.0,-9.0,7.4,14.4,-0.5,0.9,0.0,0,0,1,0,2,1,0,1.67,0,0,0,0
PT-111,2026-10-08T21:45:00,46,23.5,12.1,8.1,0,145.6,73.7,48.7,6.5,7275,160.0,73.3,46.2,6.5,13.2,160.0,160.0,160.0,160.0,0.0,0.0,0.0,-10.4,-6.6,14.4,-0.4,-2.5,0.0,0,0,1,0,2,1,0,1.75,0,0,0,0
PT-111,2026-10-08T21:50:00,46,23.5,12.1,8.1,0,145.6,73.7,48.7,6.5,7275,160.0,74.1,44.9,6.5,19.0,160.0,160.0,160.0,160.0,0.0,0.0,0.0,-4.2,-4.2,14.4,0.4,-3.8,0.0,0,0,1,0,2,1,0,1.83,0,0,0,0
PT-111,2026-10-08T21:55:00,46,23.5,12.1,8.1,0,145.6,73.7,48.7,6.5,7275,160.0,74.8,49.7,6.5,12.1,160.0,160.0,160.0,160.0,0.0,0.0,0.0,1.4,3.2,14.4,1.1,1.0,0.0,0,0,1,0,2,1,0,1.92,0,0,0,0
PT-112,2026-10-08T08:00:00,40,34.1,14.9,9.3,0,177.6,67.8,47.4,6.3,6773,206.2,82.2,29.1,6.3,21.5,206.2,206.2,206.2,206.2,0.0,0.0,0.0,0.0,0.0,28.6,14.4,-18.3,0.0,1,0,0,0,2,1,0,0.0,0,0,0,1
PT-112,2026-10-08T08:05:00,40,34.1,14.9,9.3,0,177.6,67.8,47.4,6.3,6773,209.4,82.6,28.8,6.3,16.2,207.8,207.8,207.8,207.8,2.26,0.0,0.0,0.0,0.0,31.8,14.8,-18.6,0.0,1,0,0,0,2,1,0,0.08,0,0,0,1
PT-112,2026-10-08T08:10:00,40,34.1,14.9,9.3,0,177.6,67.8,47.4,6.3,6773,212.7,83.0,28.6,6.3,19.3,209.43,209.43,209.43,209.43,3.25,0.0,0.0,0.0,0.0,35.1,15.2,-18.8,0.0,1,0,0,0,2,1,0,0.17,0,0,0,1
PT-112,2026-10-08T08:15:00,40,34.1,14.9,9.3,0,177.6,67.8,47.4,6.3,6773,216.1,83.3,28.3,6.3,6.3,212.73,211.1,211.1,211.1,4.26,0.0,0.0,0.0,0.0,38.5,15.5,-19.1,0.0,1,0,0,0,2,1,0,0.25,0,0,0,1
PT-112,2026-10-08T08:20:00,40,34.1,14.9,9.3,0,177.6,67.8,47.4,6.3,6773,218.9,83.9,27.8,6.3,9.8,215.9,212.66,212.66,212.66,5.08,0.0,0.0,0.0,0.0,41.3,16.1,-19.6,0.0,1,0,0,0,2,1,0,0.33,0,0,0,1
PT-112,2026-10-08T08:25:00,40,34.1,14.9,9.3,0,177.6,67.8,47.4,6.3,6773,221.6,84.3,27.3,6.3,11.0,218.87,214.15,214.15,214.15,5.83,0.0,0.0,0.0,0.0,44.0,16.5,-20.1,0.0,1,0,0,0,2,1,0,0.42,0,0,0,1
PT-112,2026-10-08T08:30:00,40,34.1,14.9,9.3,0,177.6,67.8,47.4,6.3,6773,225.4,84.5,26.9,6.3,66.6,221.97,217.35,215.76,215.76,6.81,38.4,0.0,4.6,-4.4,47.8,16.7,-20.5,0.0,1,0,0,0,2,1,0,0.5,0,0,0,1
PT-112,2026-10-08T08:35:00,40,34.1,14.9,9.3,0,177.6,67.8,47.4,6.3,6773,228.0,84.8,26.3,6.3,45.5,225.0,220.45,217.29,217.29,7.65,37.2,0.0,4.4,-5.0,50.4,17.0,-21.1,0.0,1,0,0,0,2,1,0,0.58,0,0,0,1
PT-112,2026-10-08T08:40:00,40,34.1,14.9,9.3,0,177.6,67.8,47.4,6.3,6773,229.8,85.4,25.9,6.3,62.7,227.73,223.3,218.68,218.68,8.28,34.2,0.0,4.8,-5.4,52.2,17.6,-21.5,0.0,1,0,0,0,2,1,0,0.67,0,0,0,1
PT-112,2026-10-08T08:45:00,40,34.1,14.9,9.3,0,177.6,67.8,47.4,6.3,6773,232.8,85.8,25.7,6.3,69.9,230.2,226.08,220.09,220.09,8.99,33.4,0.0,5.0,-5.2,55.2,18.0,-21.7,0.0,1,0,0,0,2,1,0,0.75,0,0,0,1
PT-112,2026-10-08T08:50:00,40,34.1,14.9,9.3,0,177.6,67.8,47.4,6.3,6773,236.3,86.0,25.3,6.3,71.2,232.97,228.98,221.56,221.56,9.83,34.8,0.0,4.2,-5.0,58.7,18.2,-22.1,0.0,1,0,0,0,2,1,0,0.83,0,0,0,1
PT-112,2026-10-08T08:55:00,40,34.1,14.9,9.3,0,177.6,67.8,47.4,6.3,6773,238.9,86.3,25.0,6.3,48.1,236.0,231.87,223.01,223.01,10.63,34.6,0.0,4.0,-4.6,61.3,18.5,-22.4,0.0,1,0,0,0,2,1,0,0.92,0,0,0,1
PT-112,2026-10-08T09:00:00,40,34.1,14.9,9.3,0,177.6,67.8,47.4,6.3,6773,241.1,86.6,24.7,6.3,73.2,238.77,234.48,225.92,224.4,10.38,31.4,34.9,4.2,-4.4,63.5,18.8,-22.7,0.0,1,0,0,0,2,1,0,1.0,0,0,0,1
PT-112,2026-10-08T09:05:00,40,34.1,14.9,9.3,0,177.6,67.8,47.4,6.3,6773,243.0,87.0,24.3,6.3,67.5,241.0,236.98,228.72,225.73,10.05,30.0,33.6,4.4,-4.0,65.4,19.2,-23.1,0.0,1,0,0,0,2,1,0,1.08,0,0,0,1
PT-112,2026-10-08T09:10:00,40,34.1,14.9,9.3,0,177.6,67.8,47.4,6.3,6773,245.5,87.4,24.0,6.3,70.5,243.2,239.6,231.45,227.05,9.75,31.4,32.8,4.0,-3.8,67.9,19.6,-23.4,0.0,1,0,0,0,2,1,0,1.17,0,0,0,1
PT-112,2026-10-08T09:15:00,40,34.1,14.9,9.3,0,177.6,67.8,47.4,6.3,6773,247.4,88.1,23.6,6.3,54.7,245.3,242.03,234.06,228.32,9.45,29.2,31.3,4.6,-4.2,69.8,20.3,-23.8,0.0,1,0,0,0,2,1,0,1.25,0,0,0,1
PT-112,2026-10-08T09:20:00,40,34.1,14.9,9.3,0,177.6,67.8,47.4,6.3,6773,250.7,88.5,23.2,6.3,48.5,247.87,244.43,236.71,229.64,9.27,28.8,31.8,5.0,-4.2,73.1,20.7,-24.2,0.0,1,0,0,0,2,1,0,1.33,0,0,0,1
PT-112,2026-10-08T09:25:00,40,34.1,14.9,9.3,0,177.6,67.8,47.4,6.3,6773,254.1,89.1,22.6,6.3,63.2,250.73,246.97,239.42,230.99,9.21,30.4,32.5,5.6,-4.8,76.5,21.3,-24.8,0.0,1,0,0,0,2,1,0,1.42,0,0,0,1
PT-112,2026-10-08T09:30:00,40,34.1,14.9,9.3,0,177.6,67.8,47.4,6.3,6773,257.2,89.7,22.2,6.3,65.2,254.0,249.65,242.07,232.37,9.38,32.2,31.8,6.2,-5.0,79.6,21.9,-25.2,0.0,1,0,0,0,2,1,0,1.5,0,0,0,1
PT-112,2026-10-08T09:35:00,40,34.1,14.9,9.3,0,177.6,67.8,47.4,6.3,6773,260.3,90.4,21.8,6.3,10.8,257.2,252.53,244.76,233.77,9.61,34.6,32.3,6.8,-5.0,82.7,22.6,-25.6,0.0,1,0,0,0,2,1,0,1.58,0,0,0,1
PT-112,2026-10-08T09:40:00,40,34.1,14.9,9.3,0,177.6,67.8,47.4,6.3,6773,263.4,90.7,21.6,6.3,15.6,260.3,255.52,247.56,235.18,9.75,35.8,33.6,6.6,-4.8,85.8,22.9,-25.8,0.0,1,0,0,0,2,1,0,1.67,0,0,0,1
PT-112,2026-10-08T09:45:00,40,34.1,14.9,9.3,0,177.6,67.8,47.4,6.3,6773,266.9,91.0,21.0,6.3,9.1,263.53,258.77,250.4,236.62,10.02,39.0,34.1,5.8,-5.2,89.3,23.2,-26.4,0.0,1,0,0,0,2,1,0,1.75,0,0,0,1
PT-112,2026-10-08T09:50:00,40,34.1,14.9,9.3,0,177.6,67.8,47.4,6.3,6773,270.1,91.4,20.8,6.3,20.9,266.8,262.0,253.22,238.08,10.44,38.8,33.8,5.8,-4.8,92.5,23.6,-26.6,0.0,1,0,0,0,2,1,0,1.83,0,0,0,1
PT-112,2026-10-08T09:55:00,40,34.1,14.9,9.3,0,177.6,67.8,47.4,6.3,6773,272.8,91.8,20.4,6.3,15.0,269.93,265.12,256.04,239.52,10.79,37.4,33.9,5.4,-4.4,95.2,24.0,-27.0,0.0,1,0,0,0,2,1,0,1.92,0,0,0,1
PT-112,2026-10-08T10:00:00,40,34.1,14.9,9.3,0,177.6,67.8,47.4,6.3,6773,275.5,92.2,20.0,6.3,24.1,272.8,268.17,258.91,242.41,11.03,36.6,34.4,5.0,-4.4,97.9,24.4,-27.4,0.0,1,0,0,0,2,1,0,2.0,0,0,0,1
PT-112,2026-10-08T10:05:00,40,34.1,14.9,9.3,0,177.6,67.8,47.4,6.3,6773,278.2,92.7,19.5,6.3,18.6,275.5,271.15,261.84,245.28,11.09,35.8,35.2,4.6,-4.6,100.6,24.9,-27.9,0.0,1,0,0,0,2,1,0,2.08,0,0,0,1
PT-112,2026-10-08T10:10:00,40,34.1,14.9,9.3,0,177.6,67.8,47.4,6.3,6773,280.4,93.0,19.0,6.3,10.1,278.03,273.98,264.75,248.1,11.0,34.0,34.9,4.6,-5.2,102.8,25.2,-28.4,0.0,1,0,0,0,2,1,0,2.17,0,0,0,1
PT-112,2026-10-08T10:15:00,40,34.1,14.9,9.3,0,177.6,67.8,47.4,6.3,6773,282.7,93.2,18.8,6.3,5.1,280.43,276.62,267.69,250.88,10.65,31.6,35.3,4.4,-4.4,105.1,25.4,-28.6,0.0,1,0,0,0,2,1,0,2.25,0,0,0,1
PT-112,2026-10-08T10:20:00,40,34.1,14.9,9.3,0,177.6,67.8,47.4,6.3,6773,285.9,93.5,18.2,6.3,18.3,283.0,279.25,270.62,253.67,10.39,31.6,35.2,4.2,-5.2,108.3,25.7,-29.2,0.0,1,0,0,0,2,1,0,2.33,0,0,0,1
PT-112,2026-10-08T10:25:00,40,34.1,14.9,9.3,0,177.6,67.8,47.4,6.3,6773,288.7,93.9,17.8,6.3,15.5,285.77,281.9,273.51,256.46,10.18,31.8,34.6,4.2,-5.2,111.1,26.1,-29.6,0.0,1,0,0,0,2,1,0,2.42,0,0,0,1
PT-112,2026-10-08T10:30:00,40,34.1,14.9,9.3,0,177.6,67.8,47.4,6.3,6773,292.1,94.3,17.4,6.3,19.2,288.9,284.67,276.42,259.24,10.09,33.2,34.9,4.2,-5.2,114.5,26.5,-30.0,0.0,1,0,0,0,2,1,0,2.5,0,0,0,1
PT-112,2026-10-08T10:35:00,40,34.1,14.9,9.3,0,177.6,67.8,47.4,6.3,6773,295.6,94.9,16.9,6.3,18.3,292.13,287.57,279.36,262.06,10.11,34.8,35.3,4.4,-5.2,118.0,27.1,-30.5,0.0,1,0,0,0,2,1,0,2.58,0,0,0,1
PT-112,2026-10-08T10:40:00,40,34.1,14.9,9.3,0,177.6,67.8,47.4,6.3,6773,297.8,95.1,16.7,6.3,14.1,295.17,290.47,282.22,264.89,10.05,34.8,34.4,4.2,-4.6,120.2,27.3,-30.7,0.0,1,0,0,0,2,1,0,2.67,0,0,0,1
PT-112,2026-10-08T10:45:00,40,34.1,14.9,9.3,0,177.6,67.8,47.4,6.3,6773,300.4,95.7,16.4,6.3,13.2,297.93,293.42,285.02,267.71,10.05,35.4,33.5,5.0,-4.8,122.8,27.9,-31.0,0.0,1,0,0,0,2,1,0,2.75,0,0,0,1
PT-112,2026-10-08T10:50:00,40,34.1,14.9,9.3,0,177.6,67.8,47.4,6.3,6773,303.5,96.4,16.1,6.3,24.9,300.57,296.35,287.8,270.51,10.17,35.2,33.4,5.8,-4.2,125.9,28.6,-31.3,0.0,1,0,0,0,2,1,0,2.83,0,0,0,1
PT-112,2026-10-08T10:55:00,40,34.1,14.9,9.3,0,177.6,67.8,47.4,6.3,6773,306.5,96.9,15.8,6.3,10.7,303.47,299.32,290.61,273.32,10.31,35.6,33.7,6.0,-4.0,128.9,29.1,-31.6,0.0,1,0,0,0,2,1,0,2.92,0,0,0,1
PT-112,2026-10-08T11:00:00,40,34.1,14.9,9.3,0,177.6,67.8,47.4,6.3,6773,310.1,97.3,15.3,6.3,18.9,306.7,302.32,293.49,276.2,10.53,36.0,34.6,6.0,-4.2,132.5,29.5,-32.1,0.0,1,0,0,0,2,1,0,3.0,0,0,0,1
PT-112,2026-10-08T11:05:00,40,34.1,14.9,9.3,0,177.6,67.8,47.4,6.3,6773,312.9,97.8,15.0,6.3,20.2,309.83,305.2,296.38,279.11,10.71,34.6,34.7,5.8,-3.8,135.3,30.0,-32.4,0.0,1,0,0,0,2,1,0,3.08,0,0,0,1
PT-112,2026-10-08T11:10:00,40,34.1,14.9,9.3,0,177.6,67.8,47.4,6.3,6773,315.1,98.0,15.0,6.3,6.4,312.7,308.08,299.28,282.01,10.69,34.6,34.7,5.8,-3.4,137.5,30.2,-32.4,0.0,1,0,0,0,2,1,0,3.17,0,0,0,1
PT-112,2026-10-08T11:15:00,40,34.1,14.9,9.3,0,177.6,67.8,47.4,6.3,6773,317.0,98.6,15.0,6.3,14.8,315.0,310.85,302.13,284.91,10.44,33.2,34.3,5.8,-2.8,139.4,30.8,-32.4,0.0,1,0,0,0,2,1,0,3.25,0,0,0,1
PT-112,2026-10-08T11:20:00,40,34.1,14.9,9.3,0,177.6,67.8,47.4,6.3,6773,319.0,99.3,15.0,6.3,7.4,317.03,313.43,304.89,287.76,10.13,31.0,33.1,5.8,-2.2,141.4,31.5,-32.4,0.0,1,0,0,0,2,1,0,3.33,0,0,0,1
PT-112,2026-10-08T11:25:00,40,34.1,14.9,9.3,0,177.6,67.8,47.4,6.3,6773,322.0,99.8,15.0,6.3,24.9,319.33,316.02,307.67,290.59,9.85,31.0,33.3,5.8,-1.6,144.4,32.0,-32.4,0.0,1,0,0,0,2,1,0,3.42,0,0,0,1
PT-112,2026-10-08T11:30:00,40,34.1,14.9,9.3,0,177.6,67.8,47.4,6.3,6773,324.5,100.2,15.0,6.3,19.2,321.83,318.42,310.37,293.39,9.63,28.8,32.4,5.8,-0.6,146.9,32.4,-32.4,0.0,1,0,0,0,2,1,0,3.5,0,0,0,1
PT-112,2026-10-08T11:35:00,40,34.1,14.9,9.3,0,177.6,67.8,47.4,6.3,6773,327.8,100.4,15.0,6.3,10.8,324.77,320.9,313.05,296.2,9.63,29.8,32.2,5.2,0.0,150.2,32.6,-32.4,0.0,1,0,0,0,2,1,0,3.58,0,0,0,1
PT-112,2026-10-08T11:40:00,40,34.1,14.9,9.3,0,177.6,67.8,47.4,6.3,6773,331.3,101.0,15.0,6.3,18.0,327.87,323.6,315.84,299.03,9.66,32.4,33.5,6.0,0.0,153.7,33.2,-32.4,0.0,1,0,0,0,2,1,0,3.67,0,0,0,1
PT-112,2026-10-08T11:45:00,40,34.1,14.9,9.3,0,177.6,67.8,47.4,6.3,6773,334.5,101.3,15.0,6.3,5.4,331.2,326.52,318.68,301.85,9.72,35.0,34.1,5.4,0.0,156.9,33.5,-32.4,0.0,1,0,0,0,2,1,0,3.75,0,0,0,1
PT-112,2026-10-08T11:50:00,40,34.1,14.9,9.3,0,177.6,67.8,47.4,6.3,6773,336.3,101.6,15.0,6.3,9.9,334.03,329.4,321.42,304.61,9.67,34.6,32.8,4.6,0.0,158.7,33.8,-32.4,0.0,1,0,0,0,2,1,0,3.83,0,0,0,1
PT-112,2026-10-08T11:55:00,40,34.1,14.9,9.3,0,177.6,67.8,47.4,6.3,6773,339.0,101.9,15.0,6.3,12.9,336.6,332.23,324.12,307.37,9.67,34.0,32.5,4.2,0.0,161.4,34.1,-32.4,0.0,1,0,0,0,2,1,0,3.92,0,0,0,1
PT-112,2026-10-08T12:00:00,40,34.1,14.9,9.3,0,177.6,67.8,47.4,6.3,6773,342.1,102.2,15.0,6.3,25.0,339.13,335.17,326.79,310.14,9.86,35.2,32.0,4.0,0.0,164.5,34.4,-32.4,0.0,0,1,0,0,2,1,0,4.0,0,0,0,1
PT-112,2026-10-08T12:05:00,40,34.1,14.9,9.3,0,177.6,67.8,47.4,6.3,6773,345.4,102.7,15.0,6.3,16.1,342.17,338.1,329.5,312.94,10.15,35.2,32.5,4.6,0.0,167.8,34.9,-32.4,0.0,0,1,0,0,2,1,0,4.08,0,0,0,1
PT-112,2026-10-08T12:10:00,40,34.1,14.9,9.3,0,177.6,67.8,47.4,6.3,6773,347.9,103.0,15.0,6.3,16.8,345.13,340.87,332.23,315.75,10.34,33.2,32.8,4.0,0.0,170.3,35.2,-32.4,0.0,0,1,0,0,2,1,0,4.17,0,0,0,1
PT-112,2026-10-08T12:15:00,40,34.1,14.9,9.3,0,177.6,67.8,47.4,6.3,6773,350.3,103.2,15.0,6.3,16.8,347.87,343.5,335.01,318.57,10.35,31.6,33.3,3.8,0.0,172.7,35.4,-32.4,0.0,0,1,0,0,2,1,0,4.25,0,0,0,1
PT-112,2026-10-08T12:20:00,40,34.1,14.9,9.3,0,177.6,67.8,47.4,6.3,6773,353.2,103.5,15.0,6.3,5.7,350.47,346.32,337.86,321.38,10.25,33.8,34.2,3.8,0.0,175.6,35.7,-32.4,0.0,0,1,0,0,2,1,0,4.33,0,0,0,1
PT-112,2026-10-08T12:25:00,40,34.1,14.9,9.3,0,177.6,67.8,47.4,6.3,6773,355.1,103.7,15.0,6.3,9.0,352.87,349.0,340.62,324.14,10.04,32.2,33.1,3.6,0.0,177.5,35.9,-32.4,0.0,0,1,0,0,2,1,0,4.42,0,0,0,1
PT-112,2026-10-08T12:30:00,40,34.1,14.9,9.3,0,177.6,67.8,47.4,6.3,6773,358.7,104.3,15.0,6.3,11.2,355.67,351.77,343.47,326.92,9.91,33.2,34.2,4.2,0.0,181.1,36.5,-32.4,0.0,0,1,0,0,2,1,0,4.5,0,0,0,1
PT-112,2026-10-08T12:35:00,40,34.1,14.9,9.3,0,177.6,67.8,47.4,6.3,6773,361.8,104.5,15.0,6.3,13.4,358.53,354.5,346.3,329.68,9.88,32.8,34.0,3.6,0.0,184.2,36.7,-32.4,0.0,0,1,0,0,2,1,0,4.58,0,0,0,1
PT-112,2026-10-08T12:40:00,40,34.1,14.9,9.3,0,177.6,67.8,47.4,6.3,6773,364.5,104.9,15.0,6.3,23.2,361.67,357.27,349.07,332.45,9.95,33.2,33.2,3.8,0.0,186.9,37.1,-32.4,0.0,0,1,0,0,2,1,0,4.67,0,0,0,1
PT-112,2026-10-08T12:45:00,40,34.1,14.9,9.3,0,177.6,67.8,47.4,6.3,6773,367.1,105.4,15.0,6.3,16.8,364.47,360.07,351.78,335.23,10.06,33.6,32.6,4.4,0.0,189.5,37.6,-32.4,0.0,0,1,0,0,2,1,0,4.75,0,0,0,1
PT-112,2026-10-08T12:50:00,40,34.1,14.9,9.3,0,177.6,67.8,47.4,6.3,6773,370.0,105.8,15.0,6.3,8.5,367.2,362.87,354.59,338.0,10.04,33.6,33.7,4.6,0.0,192.4,38.0,-32.4,0.0,0,1,0,0,2,1,0,4.83,0,0,0,1
PT-112,2026-10-08T12:55:00,40,34.1,14.9,9.3,0,177.6,67.8,47.4,6.3,6773,372.2,106.1,15.0,6.3,17.6,369.77,365.72,357.36,340.74,9.93,34.2,33.2,4.8,0.0,194.6,38.3,-32.4,0.0,0,1,0,0,2,1,0,4.92,0,0,0,1
PT-112,2026-10-08T13:00:00,40,34.1,14.9,9.3,0,177.6,67.8,47.4,6.3,6773,376.0,106.6,15.0,6.3,23.8,372.73,368.6,360.18,343.49,10.02,34.6,33.9,4.6,0.0,198.4,38.8,-32.4,0.0,0,1,0,0,2,1,0,5.0,0,0,0,1
PT-112,2026-10-08T13:05:00,40,34.1,14.9,9.3,0,177.6,67.8,47.4,6.3,6773,378.3,107.0,15.0,6.3,33.3,375.5,371.35,362.92,346.21,10.11,33.0,32.9,5.0,0.0,200.7,39.2,-32.4,0.0,0,1,0,0,2,1,0,5.08,0,0,0,1
PT-112,2026-10-08T13:10:00,40,34.1,14.9,9.3,0,177.6,67.8,47.4,6.3,6773,380.0,107.5,15.0,6.3,18.3,378.1,373.93,365.6,348.92,10.02,31.0,32.1,5.2,0.0,202.4,39.7,-32.4,0.0,0,1,0,0,2,1,0,5.17,0,0,0,1
PT-112,2026-10-08T13:15:00,40,34.1,14.9,9.3,0,177.6,67.8,47.4,6.3,6773,380.0,108.2,15.0,6.3,29.5,379.43,376.08,368.08,351.54,9.55,25.8,29.7,5.6,0.0,202.4,40.4,-32.4,0.0,0,1,0,0,2,1,0,5.25,0,0,0,1
PT-112,2026-10-08T13:20:00,40,34.1,14.9,9.3,0,177.6,67.8,47.4,6.3,6773,380.0,108.8,15.0,6.3,21.8,380.0,377.75,370.31,354.08,8.86,20.0,26.8,6.0,0.0,202.4,41.0,-32.4,0.0,0,1,0,0,2,1,0,5.33,0,0,0,1
PT-112,2026-10-08T13:25:00,40,34.1,14.9,9.3,0,177.6,67.8,47.4,6.3,6773,380.0,109.4,15.0,6.3,32.8,380.0,379.05,372.38,356.5,7.83,15.6,24.9,6.6,0.0,202.4,41.6,-32.4,0.0,0,1,0,0,2,1,0,5.42,0,0,0,1
PT-112,2026-10-08T13:30:00,40,34.1,14.9,9.3,0,177.6,67.8,47.4,6.3,6773,380.0,110.0,15.0,6.3,25.6,380.0,379.72,374.16,358.81,6.8,8.0,21.3,6.8,0.0,202.4,42.2,-32.4,0.0,0,1,0,0,2,1,0,5.5,0,0,0,1
PT-112,2026-10-08T13:35:00,40,34.1,14.9,9.3,0,177.6,67.8,47.4,6.3,6773,380.0,110.2,15.0,6.3,20.4,380.0,380.0,375.68,360.99,5.74,3.4,18.2,6.4,0.0,202.4,42.4,-32.4,0.0,0,1,0,0,2,1,0,5.58,0,0,0,1
PT-112,2026-10-08T13:40:00,40,34.1,14.9,9.3,0,177.6,67.8,47.4,6.3,6773,380.0,110.7,15.0,6.3,31.2,380.0,380.0,376.97,363.02,4.63,0.0,15.5,6.4,0.0,202.4,42.9,-32.4,0.0,0,1,0,0,2,1,0,5.67,0,0,0,1
PT-112,2026-10-08T13:45:00,40,34.1,14.9,9.3,0,177.6,67.8,47.4,6.3,6773,380.0,111.2,15.0,6.3,22.6,380.0,380.0,378.04,364.91,3.49,0.0,12.9,6.0,0.0,202.4,43.4,-32.4,0.0,0,1,0,0,2,1,0,5.75,0,0,0,1
PT-112,2026-10-08T13:50:00,40,34.1,14.9,9.3,0,177.6,67.8,47.4,6.3,6773,380.0,111.6,15.0,6.3,15.1,380.0,380.0,378.88,366.73,2.42,0.0,10.0,5.6,0.0,202.4,43.8,-32.4,0.0,0,1,0,0,2,1,0,5.83,0,0,0,1
PT-112,2026-10-08T13:55:00,40,34.1,14.9,9.3,0,177.6,67.8,47.4,6.3,6773,380.0,111.9,15.0,6.3,33.9,380.0,380.0,379.52,368.44,1.21,0.0,7.8,5.0,0.0,202.4,44.1,-32.4,0.0,0,1,0,0,2,1,0,5.92,0,0,0,1
PT-112,2026-10-08T14:00:00,40,34.1,14.9,9.3,0,177.6,67.8,47.4,6.3,6773,380.0,112.1,15.0,6.3,27.2,380.0,380.0,379.86,370.02,0.49,0.0,4.0,4.2,0.0,202.4,44.3,-32.4,0.0,0,1,0,0,2,1,0,6.0,0,0,0,1
PT-112,2026-10-08T14:05:00,40,34.1,14.9,9.3,0,177.6,67.8,47.4,6.3,6773,380.0,112.4,15.0,6.3,7.5,380.0,380.0,380.0,371.46,0.0,0.0,1.7,4.4,0.0,202.4,44.6,-32.4,0.0,0,1,0,0,2,1,0,6.08,0,0,0,1
PT-112,2026-10-08T14:10:00,40,34.1,14.9,9.3,0,177.6,67.8,47.4,6.3,6773,380.0,112.8,15.0,6.3,15.0,380.0,380.0,380.0,372.8,0.0,0.0,0.0,4.2,0.0,202.4,45.0,-32.4,0.0,0,1,0,0,2,1,0,6.17,0,0,0,1
PT-112,2026-10-08T14:15:00,40,34.1,14.9,9.3,0,177.6,67.8,47.4,6.3,6773,380.0,113.2,15.0,6.3,13.5,380.0,380.0,380.0,374.04,0.0,0.0,0.0,4.0,0.0,202.4,45.4,-32.4,0.0,0,1,0,0,2,1,0,6.25,0,0,0,1
PT-112,2026-10-08T14:20:00,40,34.1,14.9,9.3,0,177.6,67.8,47.4,6.3,6773,380.0,113.7,15.0,6.3,7.0,380.0,380.0,380.0,375.15,0.0,0.0,0.0,4.2,0.0,202.4,45.9,-32.4,0.0,0,1,0,0,2,1,0,6.33,0,0,0,1
PT-112,2026-10-08T14:25:00,40,34.1,14.9,9.3,0,177.6,67.8,47.4,6.3,6773,380.0,114.4,15.0,6.3,18.2,380.0,380.0,380.0,376.19,0.0,0.0,0.0,5.0,0.0,202.4,46.6,-32.4,0.0,0,1,0,0,2,1,0,6.42,0,0,0,1
PT-112,2026-10-08T14:30:00,40,34.1,14.9,9.3,0,177.6,67.8,47.4,6.3,6773,380.0,114.7,15.0,6.3,8.7,380.0,380.0,380.0,377.08,0.0,0.0,0.0,5.2,0.0,202.4,46.9,-32.4,0.0,0,1,0,0,2,1,0,6.5,0,0,0,1
PT-112,2026-10-08T14:35:00,40,34.1,14.9,9.3,0,177.6,67.8,47.4,6.3,6773,380.0,115.3,15.0,6.3,7.0,380.0,380.0,380.0,377.84,0.0,0.0,0.0,5.8,0.0,202.4,47.5,-32.4,0.0,0,1,0,0,2,1,0,6.58,0,0,0,1
PT-112,2026-10-08T14:40:00,40,34.1,14.9,9.3,0,177.6,67.8,47.4,6.3,6773,380.0,115.7,15.0,6.3,9.7,380.0,380.0,380.0,378.48,0.0,0.0,0.0,5.8,0.0,202.4,47.9,-32.4,0.0,0,1,0,0,2,1,0,6.67,0,0,0,1
PT-112,2026-10-08T14:45:00,40,34.1,14.9,9.3,0,177.6,67.8,47.4,6.3,6773,380.0,116.1,15.0,6.3,5.6,380.0,380.0,380.0,379.02,0.0,0.0,0.0,5.8,0.0,202.4,48.3,-32.4,0.0,0,1,0,0,2,1,0,6.75,0,0,0,1
PT-112,2026-10-08T14:50:00,40,34.1,14.9,9.3,0,177.6,67.8,47.4,6.3,6773,380.0,116.4,15.0,6.3,10.9,380.0,380.0,380.0,379.44,0.0,0.0,0.0,5.4,0.0,202.4,48.6,-32.4,0.0,0,1,0,0,2,1,0,6.83,0,0,0,1
PT-112,2026-10-08T14:55:00,40,34.1,14.9,9.3,0,177.6,67.8,47.4,6.3,6773,380.0,117.0,15.0,6.3,24.3,380.0,380.0,380.0,379.76,0.0,0.0,0.0,5.2,0.0,202.4,49.2,-32.4,0.0,0,1,0,0,2,1,0,6.92,0,0,0,1
PT-112,2026-10-08T15:00:00,40,34.1,14.9,9.3,0,177.6,67.8,47.4,6.3,6773,380.0,117.7,15.0,6.3,5.3,380.0,380.0,380.0,379.93,0.0,0.0,0.0,6.0,0.0,202.4,49.9,-32.4,0.0,0,1,0,0,2,1,0,7.0,0,0,0,1
PT-112,2026-10-08T15:05:00,40,34.1,14.9,9.3,0,177.6,67.8,47.4,6.3,6773,380.0,117.9,15.0,6.3,23.3,380.0,380.0,380.0,380.0,0.0,0.0,0.0,5.2,0.0,202.4,50.1,-32.4,0.0,0,1,0,0,2,1,0,7.08,0,0,0,1
PT-112,2026-10-08T15:10:00,40,34.1,14.9,9.3,0,177.6,67.8,47.4,6.3,6773,380.0,118.4,15.0,6.3,8.2,380.0,380.0,380.0,380.0,0.0,0.0,0.0,5.4,0.0,202.4,50.6,-32.4,0.0,0,1,0,0,2,1,0,7.17,0,0,0,1
PT-112,2026-10-08T15:15:00,40,34.1,14.9,9.3,0,177.6,67.8,47.4,6.3,6773,380.0,118.7,15.0,6.3,19.8,380.0,380.0,380.0,380.0,0.0,0.0,0.0,5.2,0.0,202.4,50.9,-32.4,0.0,0,1,0,0,2,1,0,7.25,0,0,0,1
PT-112,2026-10-08T15:20:00,40,34.1,14.9,9.3,0,177.6,67.8,47.4,6.3,6773,380.0,119.3,15.0,6.3,24.4,380.0,380.0,380.0,380.0,0.0,0.0,0.0,5.8,0.0,202.4,51.5,-32.4,0.0,0,1,0,0,2,1,0,7.33,0,0,0,1
PT-112,2026-10-08T15:25:00,40,34.1,14.9,9.3,0,177.6,67.8,47.4,6.3,6773,380.0,119.8,15.0,6.3,22.8,380.0,380.0,380.0,380.0,0.0,0.0,0.0,5.6,0.0,202.4,52.0,-32.4,0.0,0,1,0,0,2,1,0,7.42,0,0,0,1
PT-112,2026-10-08T15:30:00,40,34.1,14.9,9.3,0,177.6,67.8,47.4,6.3,6773,380.0,120.0,15.0,6.3,19.8,380.0,380.0,380.0,380.0,0.0,0.0,0.0,4.6,0.0,202.4,52.2,-32.4,0.0,0,1,0,0,2,1,0,7.5,0,0,0,1
PT-112,2026-10-08T15:35:00,40,34.1,14.9,9.3,0,177.6,67.8,47.4,6.3,6773,380.0,120.0,15.0,6.3,19.2,380.0,380.0,380.0,380.0,0.0,0.0,0.0,4.2,0.0,202.4,52.2,-32.4,0.0,0,1,0,0,2,1,0,7.58,0,0,0,1
PT-112,2026-10-08T15:40:00,40,34.1,14.9,9.3,0,177.6,67.8,47.4,6.3,6773,380.0,120.0,15.0,6.3,12.5,380.0,380.0,380.0,380.0,0.0,0.0,0.0,3.2,0.0,202.4,52.2,-32.4,0.0,0,1,0,0,2,1,0,7.67,0,0,0,1
PT-112,2026-10-08T15:45:00,40,34.1,14.9,9.3,0,177.6,67.8,47.4,6.3,6773,380.0,120.0,15.0,6.3,7.6,380.0,380.0,380.0,380.0,0.0,0.0,0.0,2.6,0.0,202.4,52.2,-32.4,0.0,0,1,0,0,2,1,0,7.75,0,0,0,1
PT-112,2026-10-08T15:50:00,40,34.1,14.9,9.3,0,177.6,67.8,47.4,6.3,6773,380.0,120.0,15.0,6.3,20.8,380.0,380.0,380.0,380.0,0.0,0.0,0.0,1.4,0.0,202.4,52.2,-32.4,0.0,0,1,0,0,2,1,0,7.83,0,0,0,1
PT-112,2026-10-08T15:55:00,40,34.1,14.9,9.3,0,177.6,67.8,47.4,6.3,6773,380.0,120.0,15.0,6.3,9.4,380.0,380.0,380.0,380.0,0.0,0.0,0.0,0.4,0.0,202.4,52.2,-32.4,0.0,0,1,0,0,2,1,0,7.92,0,0,0,1
PT-112,2026-10-08T16:00:00,40,34.1,14.9,9.3,0,177.6,67.8,47.4,6.3,6773,380.0,120.0,15.0,6.3,7.9,380.0,380.0,380.0,380.0,0.0,0.0,0.0,0.0,0.0,202.4,52.2,-32.4,0.0,0,1,0,0,2,1,0,8.0,0,0,0,1
PT-112,2026-10-08T16:05:00,40,34.1,14.9,9.3,0,177.6,67.8,47.4,6.3,6773,380.0,120.0,15.0,6.3,18.3,380.0,380.0,380.0,380.0,0.0,0.0,0.0,0.0,0.0,202.4,52.2,-32.4,0.0,0,1,0,0,2,1,0,8.08,0,0,0,1
PT-112,2026-10-08T16:10:00,40,34.1,14.9,9.3,0,177.6,67.8,47.4,6.3,6773,380.0,120.0,15.0,6.3,16.6,380.0,380.0,380.0,380.0,0.0,0.0,0.0,0.0,0.0,202.4,52.2,-32.4,0.0,0,1,0,0,2,1,0,8.17,0,0,0,1
PT-112,2026-10-08T16:15:00,40,34.1,14.9,9.3,0,177.6,67.8,47.4,6.3,6773,380.0,120.0,15.0,6.3,17.3,380.0,380.0,380.0,380.0,0.0,0.0,0.0,0.0,0.0,202.4,52.2,-32.4,0.0,0,1,0,0,2,1,0,8.25,0,0,0,1
PT-112,2026-10-08T16:20:00,40,34.1,14.9,9.3,0,177.6,67.8,47.4,6.3,6773,380.0,120.0,15.0,6.3,15.8,380.0,380.0,380.0,380.0,0.0,0.0,0.0,0.0,0.0,202.4,52.2,-32.4,0.0,0,1,0,0,2,1,0,8.33,0,0,0,1
PT-112,2026-10-08T16:25:00,40,34.1,14.9,9.3,0,177.6,67.8,47.4,6.3,6773,380.0,120.0,15.0,6.3,16.5,380.0,380.0,380.0,380.0,0.0,0.0,0.0,0.0,0.0,202.4,52.2,-32.4,0.0,0,1,0,0,2,1,0,8.42,0,0,0,1
PT-112,2026-10-08T16:30:00,40,34.1,14.9,9.3,0,177.6,67.8,47.4,6.3,6773,380.0,120.0,15.0,6.3,13.1,380.0,380.0,380.0,380.0,0.0,0.0,0.0,0.0,0.0,202.4,52.2,-32.4,0.0,0,1,0,0,2,1,0,8.5,0,0,0,1
PT-112,2026-10-08T16:35:00,40,34.1,14.9,9.3,0,177.6,67.8,47.4,6.3,6773,380.0,120.0,15.0,6.3,16.4,380.0,380.0,380.0,380.0,0.0,0.0,0.0,0.0,0.0,202.4,52.2,-32.4,0.0,0,1,0,0,2,1,0,8.58,0,0,0,1
PT-112,2026-10-08T16:40:00,40,34.1,14.9,9.3,0,177.6,67.8,47.4,6.3,6773,380.0,120.0,15.0,6.3,24.9,380.0,380.0,380.0,380.0,0.0,0.0,0.0,0.0,0.0,202.4,52.2,-32.4,0.0,0,1,0,0,2,1,0,8.67,0,0,0,1
PT-112,2026-10-08T16:45:00,40,34.1,14.9,9.3,0,177.6,67.8,47.4,6.3,6773,380.0,120.0,15.0,6.3,22.9,380.0,380.0,380.0,380.0,0.0,0.0,0.0,0.0,0.0,202.4,52.2,-32.4,0.0,0,1,0,0,2,1,0,8.75,0,0,0,1
PT-112,2026-10-08T16:50:00,40,34.1,14.9,9.3,0,177.6,67.8,47.4,6.3,6773,380.0,120.0,15.0,6.3,15.3,380.0,380.0,380.0,380.0,0.0,0.0,0.0,0.0,0.0,202.4,52.2,-32.4,0.0,0,1,0,0,2,1,0,8.83,0,0,0,1
PT-112,2026-10-08T16:55:00,40,34.1,14.9,9.3,0,177.6,67.8,47.4,6.3,6773,380.0,120.0,15.0,6.3,10.0,380.0,380.0,380.0,380.0,0.0,0.0,0.0,0.0,0.0,202.4,52.2,-32.4,0.0,0,1,0,0,2,1,0,8.92,0,0,0,1
PT-112,2026-10-08T17:00:00,40,34.1,14.9,9.3,0,177.6,67.8,47.4,6.3,6773,380.0,120.0,15.0,6.3,53.2,380.0,380.0,380.0,380.0,0.0,0.0,0.0,0.0,0.0,202.4,52.2,-32.4,0.0,0,0,1,0,2,1,0,9.0,0,0,0,1
PT-112,2026-10-08T17:05:00,40,34.1,14.9,9.3,0,177.6,67.8,47.4,6.3,6773,380.0,120.0,15.0,6.3,50.3,380.0,380.0,380.0,380.0,0.0,0.0,0.0,0.0,0.0,202.4,52.2,-32.4,0.0,0,0,1,0,2,1,0,9.08,0,0,0,1
PT-112,2026-10-08T17:10:00,40,34.1,14.9,9.3,0,177.6,67.8,47.4,6.3,6773,380.0,120.0,15.0,6.3,67.0,380.0,380.0,380.0,380.0,0.0,0.0,0.0,0.0,0.0,202.4,52.2,-32.4,0.0,0,0,1,0,2,1,0,9.17,0,0,0,1
PT-112,2026-10-08T17:15:00,40,34.1,14.9,9.3,0,177.6,67.8,47.4,6.3,6773,380.0,120.0,15.0,6.3,70.0,380.0,380.0,380.0,380.0,0.0,0.0,0.0,0.0,0.0,202.4,52.2,-32.4,0.0,0,0,1,0,2,1,0,9.25,0,0,0,1
PT-112,2026-10-08T17:20:00,40,34.1,14.9,9.3,0,177.6,67.8,47.4,6.3,6773,380.0,120.0,15.0,6.3,45.7,380.0,380.0,380.0,380.0,0.0,0.0,0.0,0.0,0.0,202.4,52.2,-32.4,0.0,0,0,1,0,2,1,0,9.33,0,0,0,1
PT-112,2026-10-08T17:25:00,40,34.1,14.9,9.3,0,177.6,67.8,47.4,6.3,6773,380.0,120.0,15.0,6.3,57.2,380.0,380.0,380.0,380.0,0.0,0.0,0.0,0.0,0.0,202.4,52.2,-32.4,0.0,0,0,1,0,2,1,0,9.42,0,0,0,1
PT-112,2026-10-08T17:30:00,40,34.1,14.9,9.3,0,177.6,67.8,47.4,6.3,6773,380.0,120.0,15.0,6.3,53.4,380.0,380.0,380.0,380.0,0.0,0.0,0.0,0.0,0.0,202.4,52.2,-32.4,0.0,0,0,1,0,2,1,0,9.5,0,0,0,1
PT-112,2026-10-08T17:35:00,40,34.1,14.9,9.3,0,177.6,67.8,47.4,6.3,6773,380.0,120.0,15.0,6.3,50.5,380.0,380.0,380.0,380.0,0.0,0.0,0.0,0.0,0.0,202.4,52.2,-32.4,0.0,0,0,1,0,2,1,0,9.58,0,0,0,1
PT-112,2026-10-08T17:40:00,40,34.1,14.9,9.3,0,177.6,67.8,47.4,6.3,6773,380.0,120.0,15.0,6.3,66.3,380.0,380.0,380.0,380.0,0.0,0.0,0.0,0.0,0.0,202.4,52.2,-32.4,0.0,0,0,1,0,2,1,0,9.67,0,0,0,1
PT-112,2026-10-08T17:45:00,40,34.1,14.9,9.3,0,177.6,67.8,47.4,6.3,6773,380.0,120.0,15.0,6.3,49.3,380.0,380.0,380.0,380.0,0.0,0.0,0.0,0.0,0.0,202.4,52.2,-32.4,0.0,0,0,1,0,2,1,0,9.75,0,0,0,1
PT-112,2026-10-08T17:50:00,40,34.1,14.9,9.3,0,177.6,67.8,47.4,6.3,6773,380.0,120.0,15.0,6.3,66.4,380.0,380.0,380.0,380.0,0.0,0.0,0.0,0.0,0.0,202.4,52.2,-32.4,0.0,0,0,1,0,2,1,0,9.83,0,0,0,1
PT-112,2026-10-08T17:55:00,40,34.1,14.9,9.3,0,177.6,67.8,47.4,6.3,6773,380.0,120.0,15.0,6.3,66.2,380.0,380.0,380.0,380.0,0.0,0.0,0.0,0.0,0.0,202.4,52.2,-32.4,0.0,0,0,1,0,2,1,0,9.92,0,0,0,1
PT-112,2026-10-08T18:00:00,40,34.1,14.9,9.3,0,177.6,67.8,47.4,6.3,6773,380.0,120.0,15.0,6.3,59.5,380.0,380.0,380.0,380.0,0.0,0.0,0.0,0.0,0.0,202.4,52.2,-32.4,0.0,0,0,1,0,2,1,0,10.0,0,0,0,1
PT-112,2026-10-08T18:05:00,40,34.1,14.9,9.3,0,177.6,67.8,47.4,6.3,6773,380.0,120.0,15.0,6.3,22.6,380.0,380.0,380.0,380.0,0.0,0.0,0.0,0.0,0.0,202.4,52.2,-32.4,0.0,0,0,1,0,2,1,0,10.08,0,0,0,1
PT-112,2026-10-08T18:10:00,40,34.1,14.9,9.3,0,177.6,67.8,47.4,6.3,6773,380.0,120.0,15.0,6.3,10.5,380.0,380.0,380.0,380.0,0.0,0.0,0.0,0.0,0.0,202.4,52.2,-32.4,0.0,0,0,1,0,2,1,0,10.17,0,0,0,1
PT-112,2026-10-08T18:15:00,40,34.1,14.9,9.3,0,177.6,67.8,47.4,6.3,6773,380.0,120.0,15.0,6.3,14.1,380.0,380.0,380.0,380.0,0.0,0.0,0.0,0.0,0.0,202.4,52.2,-32.4,0.0,0,0,1,0,2,1,0,10.25,0,0,0,1
PT-112,2026-10-08T18:20:00,40,34.1,14.9,9.3,0,177.6,67.8,47.4,6.3,6773,380.0,120.0,15.0,6.3,24.6,380.0,380.0,380.0,380.0,0.0,0.0,0.0,0.0,0.0,202.4,52.2,-32.4,0.0,0,0,1,0,2,1,0,10.33,0,0,0,1
PT-112,2026-10-08T18:25:00,40,34.1,14.9,9.3,0,177.6,67.8,47.4,6.3,6773,380.0,120.0,15.0,6.3,24.4,380.0,380.0,380.0,380.0,0.0,0.0,0.0,0.0,0.0,202.4,52.2,-32.4,0.0,0,0,1,0,2,1,0,10.42,0,0,0,1
PT-112,2026-10-08T18:30:00,40,34.1,14.9,9.3,0,177.6,67.8,47.4,6.3,6773,380.0,120.0,15.0,6.3,16.4,380.0,380.0,380.0,380.0,0.0,0.0,0.0,0.0,0.0,202.4,52.2,-32.4,0.0,0,0,1,0,2,1,0,10.5,0,0,0,1
PT-112,2026-10-08T18:35:00,40,34.1,14.9,9.3,0,177.6,67.8,47.4,6.3,6773,380.0,120.0,15.0,6.3,23.9,380.0,380.0,380.0,380.0,0.0,0.0,0.0,0.0,0.0,202.4,52.2,-32.4,0.0,0,0,1,0,2,1,0,10.58,0,0,0,1
PT-112,2026-10-08T18:40:00,40,34.1,14.9,9.3,0,177.6,67.8,47.4,6.3,6773,380.0,120.0,15.0,6.3,8.4,380.0,380.0,380.0,380.0,0.0,0.0,0.0,0.0,0.0,202.4,52.2,-32.4,0.0,0,0,1,0,2,1,0,10.67,0,0,0,1
PT-112,2026-10-08T18:45:00,40,34.1,14.9,9.3,0,177.6,67.8,47.4,6.3,6773,380.0,120.0,15.0,6.3,11.7,380.0,380.0,380.0,380.0,0.0,0.0,0.0,0.0,0.0,202.4,52.2,-32.4,0.0,0,0,1,0,2,1,0,10.75,0,0,0,1
PT-112,2026-10-08T18:50:00,40,34.1,14.9,9.3,0,177.6,67.8,47.4,6.3,6773,380.0,120.0,15.0,6.3,20.8,380.0,380.0,380.0,380.0,0.0,0.0,0.0,0.0,0.0,202.4,52.2,-32.4,0.0,0,0,1,0,2,1,0,10.83,0,0,0,1
PT-112,2026-10-08T18:55:00,40,34.1,14.9,9.3,0,177.6,67.8,47.4,6.3,6773,380.0,120.0,15.0,6.3,17.8,380.0,380.0,380.0,380.0,0.0,0.0,0.0,0.0,0.0,202.4,52.2,-32.4,0.0,0,0,1,0,2,1,0,10.92,0,0,0,1
PT-112,2026-10-08T19:00:00,40,34.1,14.9,9.3,0,177.6,67.8,47.4,6.3,6773,380.0,120.0,15.0,6.3,12.9,380.0,380.0,380.0,380.0,0.0,0.0,0.0,0.0,0.0,202.4,52.2,-32.4,0.0,0,0,1,0,2,1,0,11.0,0,0,0,1
PT-112,2026-10-08T19:05:00,40,34.1,14.9,9.3,0,177.6,67.8,47.4,6.3,6773,380.0,120.0,15.0,6.3,11.7,380.0,380.0,380.0,380.0,0.0,0.0,0.0,0.0,0.0,202.4,52.2,-32.4,0.0,0,0,1,0,2,1,0,11.08,0,0,0,1
PT-112,2026-10-08T19:10:00,40,34.1,14.9,9.3,0,177.6,67.8,47.4,6.3,6773,380.0,120.0,15.0,6.3,24.6,380.0,380.0,380.0,380.0,0.0,0.0,0.0,0.0,0.0,202.4,52.2,-32.4,0.0,0,0,1,0,2,1,0,11.17,0,0,0,1
PT-112,2026-10-08T19:15:00,40,34.1,14.9,9.3,0,177.6,67.8,47.4,6.3,6773,380.0,120.0,15.0,6.3,17.7,380.0,380.0,380.0,380.0,0.0,0.0,0.0,0.0,0.0,202.4,52.2,-32.4,0.0,0,0,1,0,2,1,0,11.25,0,0,0,1
PT-112,2026-10-08T19:20:00,40,34.1,14.9,9.3,0,177.6,67.8,47.4,6.3,6773,380.0,120.0,15.0,6.3,21.7,380.0,380.0,380.0,380.0,0.0,0.0,0.0,0.0,0.0,202.4,52.2,-32.4,0.0,0,0,1,0,2,1,0,11.33,0,0,0,1
PT-112,2026-10-08T19:25:00,40,34.1,14.9,9.3,0,177.6,67.8,47.4,6.3,6773,380.0,120.0,15.0,6.3,5.5,380.0,380.0,380.0,380.0,0.0,0.0,0.0,0.0,0.0,202.4,52.2,-32.4,0.0,0,0,1,0,2,1,0,11.42,0,0,0,1
PT-112,2026-10-08T19:30:00,40,34.1,14.9,9.3,0,177.6,67.8,47.4,6.3,6773,380.0,120.0,15.0,6.3,6.1,380.0,380.0,380.0,380.0,0.0,0.0,0.0,0.0,0.0,202.4,52.2,-32.4,0.0,0,0,1,0,2,1,0,11.5,0,0,0,1
PT-112,2026-10-08T19:35:00,40,34.1,14.9,9.3,0,177.6,67.8,47.4,6.3,6773,380.0,120.0,15.0,6.3,13.4,380.0,380.0,380.0,380.0,0.0,0.0,0.0,0.0,0.0,202.4,52.2,-32.4,0.0,0,0,1,0,2,1,0,11.58,0,0,0,1
PT-112,2026-10-08T19:40:00,40,34.1,14.9,9.3,0,177.6,67.8,47.4,6.3,6773,380.0,120.0,15.0,6.3,8.5,380.0,380.0,380.0,380.0,0.0,0.0,0.0,0.0,0.0,202.4,52.2,-32.4,0.0,0,0,1,0,2,1,0,11.67,0,0,0,1
PT-112,2026-10-08T19:45:00,40,34.1,14.9,9.3,0,177.6,67.8,47.4,6.3,6773,380.0,120.0,15.0,6.3,20.8,380.0,380.0,380.0,380.0,0.0,0.0,0.0,0.0,0.0,202.4,52.2,-32.4,0.0,0,0,1,0,2,1,0,11.75,0,0,0,1
PT-112,2026-10-08T19:50:00,40,34.1,14.9,9.3,0,177.6,67.8,47.4,6.3,6773,380.0,120.0,15.0,6.3,23.7,380.0,380.0,380.0,380.0,0.0,0.0,0.0,0.0,0.0,202.4,52.2,-32.4,0.0,0,0,1,0,2,1,0,11.83,0,0,0,1
PT-112,2026-10-08T19:55:00,40,34.1,14.9,9.3,0,177.6,67.8,47.4,6.3,6773,380.0,120.0,15.0,6.3,7.5,380.0,380.0,380.0,380.0,0.0,0.0,0.0,0.0,0.0,202.4,52.2,-32.4,0.0,0,0,1,0,2,1,0,11.92,0,0,0,1
PT-112,2026-10-08T20:00:00,40,34.1,14.9,9.3,0,177.6,67.8,47.4,6.3,6773,380.0,120.0,15.0,6.3,10.2,380.0,380.0,380.0,380.0,0.0,0.0,0.0,0.0,0.0,202.4,52.2,-32.4,0.0,0,0,1,0,2,1,0,0.0,0,0,0,1
PT-112,2026-10-08T20:05:00,40,34.1,14.9,9.3,0,177.6,67.8,47.4,6.3,6773,380.0,120.0,15.0,6.3,12.3,380.0,380.0,380.0,380.0,0.0,0.0,0.0,0.0,0.0,202.4,52.2,-32.4,0.0,0,0,1,0,2,1,0,0.08,0,0,0,1
PT-112,2026-10-08T20:10:00,40,34.1,14.9,9.3,0,177.6,67.8,47.4,6.3,6773,380.0,120.0,15.0,6.3,24.7,380.0,380.0,380.0,380.0,0.0,0.0,0.0,0.0,0.0,202.4,52.2,-32.4,0.0,0,0,1,0,2,1,0,0.17,0,0,0,1
PT-112,2026-10-08T20:15:00,40,34.1,14.9,9.3,0,177.6,67.8,47.4,6.3,6773,380.0,120.0,15.0,6.3,11.5,380.0,380.0,380.0,380.0,0.0,0.0,0.0,0.0,0.0,202.4,52.2,-32.4,0.0,0,0,1,0,2,1,0,0.25,0,0,0,1
PT-112,2026-10-08T20:20:00,40,34.1,14.9,9.3,0,177.6,67.8,47.4,6.3,6773,380.0,120.0,15.0,6.3,16.0,380.0,380.0,380.0,380.0,0.0,0.0,0.0,0.0,0.0,202.4,52.2,-32.4,0.0,0,0,1,0,2,1,0,0.33,0,0,0,1
PT-112,2026-10-08T20:25:00,40,34.1,14.9,9.3,0,177.6,67.8,47.4,6.3,6773,380.0,120.0,15.0,6.3,7.5,380.0,380.0,380.0,380.0,0.0,0.0,0.0,0.0,0.0,202.4,52.2,-32.4,0.0,0,0,1,0,2,1,0,0.42,0,0,0,1
PT-112,2026-10-08T20:30:00,40,34.1,14.9,9.3,0,177.6,67.8,47.4,6.3,6773,380.0,120.0,15.0,6.3,22.1,380.0,380.0,380.0,380.0,0.0,0.0,0.0,0.0,0.0,202.4,52.2,-32.4,0.0,0,0,1,0,2,1,0,0.5,0,0,0,1
PT-112,2026-10-08T20:35:00,40,34.1,14.9,9.3,0,177.6,67.8,47.4,6.3,6773,380.0,120.0,15.0,6.3,8.7,380.0,380.0,380.0,380.0,0.0,0.0,0.0,0.0,0.0,202.4,52.2,-32.4,0.0,0,0,1,0,2,1,0,0.58,0,0,0,1
PT-112,2026-10-08T20:40:00,40,34.1,14.9,9.3,0,177.6,67.8,47.4,6.3,6773,380.0,120.0,15.0,6.3,13.7,380.0,380.0,380.0,380.0,0.0,0.0,0.0,0.0,0.0,202.4,52.2,-32.4,0.0,0,0,1,0,2,1,0,0.67,0,0,0,1
PT-112,2026-10-08T20:45:00,40,34.1,14.9,9.3,0,177.6,67.8,47.4,6.3,6773,380.0,120.0,15.0,6.3,17.5,380.0,380.0,380.0,380.0,0.0,0.0,0.0,0.0,0.0,202.4,52.2,-32.4,0.0,0,0,1,0,2,1,0,0.75,0,0,0,1
PT-112,2026-10-08T20:50:00,40,34.1,14.9,9.3,0,177.6,67.8,47.4,6.3,6773,380.0,120.0,15.0,6.3,13.2,380.0,380.0,380.0,380.0,0.0,0.0,0.0,0.0,0.0,202.4,52.2,-32.4,0.0,0,0,1,0,2,1,0,0.83,0,0,0,1
PT-112,2026-10-08T20:55:00,40,34.1,14.9,9.3,0,177.6,67.8,47.4,6.3,6773,380.0,120.0,15.0,6.3,7.6,380.0,380.0,380.0,380.0,0.0,0.0,0.0,0.0,0.0,202.4,52.2,-32.4,0.0,0,0,1,0,2,1,0,0.92,0,0,0,1
PT-112,2026-10-08T21:00:00,40,34.1,14.9,9.3,0,177.6,67.8,47.4,6.3,6773,380.0,120.0,15.0,6.3,12.0,380.0,380.0,380.0,380.0,0.0,0.0,0.0,0.0,0.0,202.4,52.2,-32.4,0.0,0,0,1,0,2,1,0,1.0,0,0,0,1
PT-112,2026-10-08T21:05:00,40,34.1,14.9,9.3,0,177.6,67.8,47.4,6.3,6773,380.0,120.0,15.0,6.3,9.4,380.0,380.0,380.0,380.0,0.0,0.0,0.0,0.0,0.0,202.4,52.2,-32.4,0.0,0,0,1,0,2,1,0,1.08,0,0,0,1
PT-112,2026-10-08T21:10:00,40,34.1,14.9,9.3,0,177.6,67.8,47.4,6.3,6773,380.0,120.0,15.0,6.3,22.3,380.0,380.0,380.0,380.0,0.0,0.0,0.0,0.0,0.0,202.4,52.2,-32.4,0.0,0,0,1,0,2,1,0,1.17,0,0,0,1
PT-112,2026-10-08T21:15:00,40,34.1,14.9,9.3,0,177.6,67.8,47.4,6.3,6773,380.0,120.0,15.0,6.3,13.6,380.0,380.0,380.0,380.0,0.0,0.0,0.0,0.0,0.0,202.4,52.2,-32.4,0.0,0,0,1,0,2,1,0,1.25,0,0,0,1
PT-112,2026-10-08T21:20:00,40,34.1,14.9,9.3,0,177.6,67.8,47.4,6.3,6773,380.0,120.0,15.0,6.3,8.6,380.0,380.0,380.0,380.0,0.0,0.0,0.0,0.0,0.0,202.4,52.2,-32.4,0.0,0,0,1,0,2,1,0,1.33,0,0,0,1
PT-112,2026-10-08T21:25:00,40,34.1,14.9,9.3,0,177.6,67.8,47.4,6.3,6773,380.0,120.0,15.0,6.3,15.4,380.0,380.0,380.0,380.0,0.0,0.0,0.0,0.0,0.0,202.4,52.2,-32.4,0.0,0,0,1,0,2,1,0,1.42,0,0,0,1
PT-112,2026-10-08T21:30:00,40,34.1,14.9,9.3,0,177.6,67.8,47.4,6.3,6773,380.0,120.0,15.0,6.3,18.6,380.0,380.0,380.0,380.0,0.0,0.0,0.0,0.0,0.0,202.4,52.2,-32.4,0.0,0,0,1,0,2,1,0,1.5,0,0,0,1
PT-112,2026-10-08T21:35:00,40,34.1,14.9,9.3,0,177.6,67.8,47.4,6.3,6773,380.0,120.0,15.0,6.3,11.4,380.0,380.0,380.0,380.0,0.0,0.0,0.0,0.0,0.0,202.4,52.2,-32.4,0.0,0,0,1,0,2,1,0,1.58,0,0,0,1
PT-112,2026-10-08T21:40:00,40,34.1,14.9,9.3,0,177.6,67.8,47.4,6.3,6773,380.0,120.0,15.0,6.3,11.6,380.0,380.0,380.0,380.0,0.0,0.0,0.0,0.0,0.0,202.4,52.2,-32.4,0.0,0,0,1,0,2,1,0,1.67,0,0,0,1
PT-112,2026-10-08T21:45:00,40,34.1,14.9,9.3,0,177.6,67.8,47.4,6.3,6773,380.0,120.0,15.0,6.3,13.1,380.0,380.0,380.0,380.0,0.0,0.0,0.0,0.0,0.0,202.4,52.2,-32.4,0.0,0,0,1,0,2,1,0,1.75,0,0,0,1
PT-112,2026-10-08T21:50:00,40,34.1,14.9,9.3,0,177.6,67.8,47.4,6.3,6773,380.0,120.0,15.0,6.3,11.2,380.0,380.0,380.0,380.0,0.0,0.0,0.0,0.0,0.0,202.4,52.2,-32.4,0.0,0,0,1,0,2,1,0,1.83,0,0,0,1
PT-112,2026-10-08T21:55:00,40,34.1,14.9,9.3,0,177.6,67.8,47.4,6.3,6773,380.0,120.0,15.0,6.3,5.7,380.0,380.0,380.0,380.0,0.0,0.0,0.0,0.0,0.0,202.4,52.2,-32.4,0.0,0,0,1,0,2,1,0,1.92,0,0,0,1
PT-113,2026-10-08T08:00:00,52,26.3,15.5,8.4,1,170.9,65.0,49.8,7.0,9616,168.7,66.2,47.2,7.0,14.6,168.7,168.7,168.7,168.7,0.0,0.0,0.0,0.0,0.0,-2.2,1.2,-2.6,0.0,1,0,0,0,2,1,1,0.0,0,0,0,0
PT-113,2026-10-08T08:05:00,52,26.3,15.5,8.4,1,170.9,65.0,49.8,7.0,9616,165.1,70.3,49.4,7.0,15.5,166.9,166.9,166.9,166.9,2.55,0.0,0.0,0.0,0.0,-5.8,5.3,-0.4,0.0,1,0,0,0,2,1,1,0.08,0,0,0,0
PT-113,2026-10-08T08:10:00,52,26.3,15.5,8.4,1,170.9,65.0,49.8,7.0,9616,169.4,64.1,47.3,7.0,17.1,167.73,167.73,167.73,167.73,2.31,0.0,0.0,0.0,0.0,-1.5,-0.9,-2.5,0.0,1,0,0,0,2,1,1,0.17,0,0,0,0
PT-113,2026-10-08T08:15:00,52,26.3,15.5,8.4,1,170.9,65.0,49.8,7.0,9616,169.9,69.9,52.6,7.0,6.4,168.13,168.28,168.28,168.28,2.17,0.0,0.0,0.0,0.0,-1.0,4.9,2.8,0.0,1,0,0,0,2,1,1,0.25,0,0,0,0
PT-113,2026-10-08T08:20:00,52,26.3,15.5,8.4,1,170.9,65.0,49.8,7.0,9616,171.5,69.9,54.8,7.0,6.3,170.27,168.92,168.92,168.92,2.37,0.0,0.0,0.0,0.0,0.6,4.9,5.0,0.0,1,0,0,0,2,1,1,0.33,0,0,0,0
PT-113,2026-10-08T08:25:00,52,26.3,15.5,8.4,1,170.9,65.0,49.8,7.0,9616,173.6,69.6,52.1,7.0,21.7,171.67,169.7,169.7,169.7,2.85,0.0,0.0,0.0,0.0,2.7,4.6,2.3,0.0,1,0,0,0,2,1,1,0.42,0,0,0,0
PT-113,2026-10-08T08:30:00,52,26.3,15.5,8.4,1,170.9,65.0,49.8,7.0,9616,169.9,68.0,48.5,7.0,53.0,171.67,169.9,169.73,169.73,2.61,2.4,0.0,3.6,2.6,-1.0,3.0,-1.3,0.0,1,0,0,0,2,1,1,0.5,0,0,0,1
PT-113,2026-10-08T08:35:00,52,26.3,15.5,8.4,1,170.9,65.0,49.8,7.0,9616,170.8,67.2,46.9,7.0,47.8,171.43,170.85,169.86,169.86,2.44,11.4,0.0,-6.2,-5.0,-0.1,2.2,-2.9,0.0,1,0,0,0,2,1,1,0.58,0,0,0,1
PT-113,2026-10-08T08:40:00,52,26.3,15.5,8.4,1,170.9,65.0,49.8,7.0,9616,172.2,67.5,47.1,7.0,47.0,170.97,171.32,170.12,170.12,2.41,5.6,0.0,6.8,-0.4,1.3,2.5,-2.7,0.0,1,0,0,0,2,1,1,0.67,0,0,0,1
PT-113,2026-10-08T08:45:00,52,26.3,15.5,8.4,1,170.9,65.0,49.8,7.0,9616,169.6,64.1,52.5,7.0,69.4,170.87,171.27,170.07,170.07,2.28,-0.6,0.0,-11.6,-0.2,-1.3,-0.9,2.7,0.0,1,0,0,0,2,1,1,0.75,0,0,0,1
PT-113,2026-10-08T08:50:00,52,26.3,15.5,8.4,1,170.9,65.0,49.8,7.0,9616,174.6,69.3,45.1,7.0,57.9,172.13,171.78,170.48,170.48,2.56,6.2,0.0,-1.2,-19.4,3.7,4.3,-4.7,0.0,1,0,0,0,2,1,1,0.83,0,0,0,1
PT-113,2026-10-08T08:55:00,52,26.3,15.5,8.4,1,170.9,65.0,49.8,7.0,9616,175.6,67.4,43.6,7.0,49.5,173.27,172.12,170.91,170.91,2.85,4.0,0.0,-4.4,-17.0,4.7,2.4,-6.2,0.0,1,0,0,0,2,1,1,0.92,0,0,0,1
PT-113,2026-10-08T09:00:00,52,26.3,15.5,8.4,1,170.9,65.0,49.8,7.0,9616,170.0,67.0,53.1,7.0,73.2,173.4,172.13,171.02,170.84,2.79,0.2,1.3,-2.0,9.2,-0.9,2.0,3.3,0.0,1,0,0,0,2,1,1,1.0,0,0,0,1
PT-113,2026-10-08T09:05:00,52,26.3,15.5,8.4,1,170.9,65.0,49.8,7.0,9616,178.1,66.3,47.9,7.0,71.2,174.57,173.35,172.1,171.36,2.8,14.6,13.0,-1.8,2.0,7.2,1.3,-1.9,0.0,1,0,0,0,2,1,1,1.08,0,0,0,1
PT-113,2026-10-08T09:10:00,52,26.3,15.5,8.4,1,170.9,65.0,49.8,7.0,9616,175.5,66.6,50.2,7.0,67.4,174.53,173.9,172.61,171.63,2.82,6.6,6.1,-1.8,6.2,4.6,1.6,0.4,0.0,1,0,0,0,2,1,1,1.17,0,0,0,1
PT-113,2026-10-08T09:15:00,52,26.3,15.5,8.4,1,170.9,65.0,49.8,7.0,9616,172.8,66.7,49.8,7.0,20.0,175.47,174.43,172.85,171.71,2.69,6.4,2.9,5.2,-5.4,1.9,1.7,0.0,0.0,1,0,0,0,2,1,1,1.25,0,0,1,1
PT-113,2026-10-08T09:20:00,52,26.3,15.5,8.4,1,170.9,65.0,49.8,7.0,9616,170.9,67.2,49.8,7.0,20.0,173.07,173.82,172.8,171.66,2.72,-7.4,-0.6,-4.2,9.4,0.0,2.2,0.0,0.0,1,0,0,0,2,1,1,1.33,0,1,1,1
PT-113,2026-10-08T09:25:00,52,26.3,15.5,8.4,1,170.9,65.0,49.8,7.0,9616,175.4,67.6,49.8,7.0,20.0,173.03,173.78,172.95,171.87,2.82,-0.4,1.8,0.4,12.4,4.5,2.6,0.0,0.0,1,0,0,0,2,1,1,1.42,0,0,1,1
PT-113,2026-10-08T09:30:00,52,26.3,15.5,8.4,1,170.9,65.0,49.8,7.0,9616,170.9,66.2,49.8,7.0,20.0,172.4,173.93,173.03,171.82,2.73,1.8,1.0,-1.6,-6.6,0.0,1.2,0.0,0.0,1,0,0,0,2,1,1,1.5,0,1,1,1
PT-113,2026-10-08T09:35:00,52,26.3,15.5,8.4,1,170.9,65.0,49.8,7.0,9616,174.7,71.1,49.8,7.0,20.0,173.67,173.37,173.36,171.96,2.68,-6.8,3.9,9.6,3.8,3.8,6.1,0.0,0.0,1,0,0,0,2,1,1,1.58,0,0,1,1
PT-113,2026-10-08T09:40:00,52,26.3,15.5,8.4,1,170.9,65.0,49.8,7.0,9616,170.9,64.2,49.8,7.0,20.0,172.17,172.6,173.25,171.91,2.75,-9.2,-1.3,-4.8,-0.8,0.0,-0.8,0.0,0.0,1,0,0,0,2,1,1,1.67,0,1,1,1
PT-113,2026-10-08T09:45:00,52,26.3,15.5,8.4,1,170.9,65.0,49.8,7.0,9616,176.3,71.7,49.8,7.0,20.0,173.97,173.18,173.81,172.11,2.62,7.0,6.7,10.0,0.0,5.4,6.7,0.0,0.0,1,0,0,0,2,1,1,1.75,0,0,1,1
PT-113,2026-10-08T09:50:00,52,26.3,15.5,8.4,1,170.9,65.0,49.8,7.0,9616,170.9,67.0,49.8,7.0,20.0,172.7,173.18,173.5,172.06,2.73,0.0,-3.7,-0.4,0.0,0.0,2.0,0.0,0.0,1,0,0,0,2,1,1,1.83,0,1,1,1
PT-113,2026-10-08T09:55:00,52,26.3,15.5,8.4,1,170.9,65.0,49.8,7.0,9616,172.9,68.5,49.8,7.0,20.0,173.37,172.77,173.28,172.09,2.66,-5.0,-2.7,1.8,0.0,2.0,3.5,0.0,0.0,1,0,0,0,2,1,1,1.92,0,0,1,1
PT-113,2026-10-08T10:00:00,52,26.3,15.5,8.4,1,170.9,65.0,49.8,7.0,9616,170.9,70.9,49.8,7.0,20.0,171.57,172.77,173.35,172.18,2.57,0.0,0.9,9.4,0.0,0.0,5.9,0.0,0.0,1,0,0,0,2,1,1,2.0,0,1,1,1
PT-113,2026-10-08T10:05:00,52,26.3,15.5,8.4,1,170.9,65.0,49.8,7.0,9616,172.4,68.4,49.8,7.0,20.0,172.07,172.38,172.88,172.49,2.09,-4.6,-5.7,-5.4,0.0,1.5,3.4,0.0,0.0,1,0,0,0,2,1,1,2.08,0,0,1,1
PT-113,2026-10-08T10:10:00,52,26.3,15.5,8.4,1,170.9,65.0,49.8,7.0,9616,175.8,69.7,48.3,7.0,18.1,173.03,173.2,172.9,172.75,2.13,9.8,0.3,11.0,-3.0,4.9,4.7,-1.5,0.0,1,0,0,0,2,1,1,2.17,0,0,0,1
PT-113,2026-10-08T10:15:00,52,26.3,15.5,8.4,1,170.9,65.0,49.8,7.0,9616,175.6,69.4,48.3,7.0,19.5,174.6,173.08,173.13,172.99,2.26,-1.4,2.8,-4.6,-3.0,4.7,4.4,-1.5,0.0,1,0,0,0,2,1,1,2.25,0,0,0,1
PT-113,2026-10-08T10:20:00,52,26.3,15.5,8.4,1,170.9,65.0,49.8,7.0,9616,176.9,69.2,47.5,7.0,8.8,176.1,174.08,173.63,173.22,2.38,12.0,6.0,4.4,-4.6,6.0,4.2,-2.3,0.0,1,0,0,0,2,1,1,2.33,0,0,0,1
PT-113,2026-10-08T10:25:00,52,26.3,15.5,8.4,1,170.9,65.0,49.8,7.0,9616,174.8,70.0,52.3,7.0,23.2,175.77,174.4,173.58,173.27,2.35,3.8,-0.6,3.0,5.0,3.9,5.0,2.5,0.0,1,0,0,0,2,1,1,2.42,0,0,0,1
PT-113,2026-10-08T10:30:00,52,26.3,15.5,8.4,1,170.9,65.0,49.8,7.0,9616,180.6,68.2,50.1,7.0,13.8,177.43,176.02,174.39,173.71,2.94,19.4,9.7,-5.4,0.6,9.7,3.2,0.3,0.0,1,0,0,0,2,1,1,2.5,0,0,0,1
PT-113,2026-10-08T10:35:00,52,26.3,15.5,8.4,1,170.9,65.0,49.8,7.0,9616,175.4,69.3,45.7,7.0,23.6,176.93,176.52,174.45,173.9,2.95,6.0,0.7,1.8,-8.2,4.5,4.3,-4.1,0.0,1,0,0,0,2,1,1,2.58,0,0,0,1
PT-113,2026-10-08T10:40:00,52,26.3,15.5,8.4,1,170.9,65.0,49.8,7.0,9616,172.8,68.0,50.2,7.0,12.2,176.27,176.02,174.61,173.93,2.79,-6.0,1.9,-3.4,3.8,1.9,3.0,0.4,0.0,1,0,0,0,2,1,1,2.67,0,0,0,1
PT-113,2026-10-08T10:45:00,52,26.3,15.5,8.4,1,170.9,65.0,49.8,7.0,9616,173.3,65.3,50.3,7.0,18.0,173.83,175.63,174.36,174.08,2.76,-4.6,-3.0,-8.2,4.0,2.4,0.3,0.5,0.0,1,0,0,0,2,1,1,2.75,0,0,0,1
PT-113,2026-10-08T10:50:00,52,26.3,15.5,8.4,1,170.9,65.0,49.8,7.0,9616,178.3,67.6,49.8,7.0,24.1,174.8,175.87,174.98,174.24,2.74,2.8,7.4,-3.2,4.6,7.4,2.6,0.0,0.0,1,0,0,0,2,1,1,2.83,0,0,0,1
PT-113,2026-10-08T10:55:00,52,26.3,15.5,8.4,1,170.9,65.0,49.8,7.0,9616,179.8,70.1,47.6,7.0,24.5,177.13,176.7,175.55,174.41,2.98,10.0,6.9,0.2,-9.4,8.9,5.1,-2.2,0.0,1,0,0,0,2,1,1,2.92,0,0,0,1
PT-113,2026-10-08T11:00:00,52,26.3,15.5,8.4,1,170.9,65.0,49.8,7.0,9616,171.8,69.4,50.4,7.0,11.2,176.63,175.23,175.62,174.49,2.86,-17.6,0.9,2.4,0.6,0.9,4.4,0.6,0.0,1,0,0,0,2,1,1,3.0,0,0,0,1
PT-113,2026-10-08T11:05:00,52,26.3,15.5,8.4,1,170.9,65.0,49.8,7.0,9616,173.2,66.7,50.0,7.0,18.7,174.93,174.87,175.69,174.28,2.79,-4.4,0.8,-5.2,8.6,2.3,1.7,0.2,0.0,1,0,0,0,2,1,1,3.08,0,0,0,1
PT-113,2026-10-08T11:10:00,52,26.3,15.5,8.4,1,170.9,65.0,49.8,7.0,9616,181.5,65.3,50.1,7.0,7.2,175.5,176.32,176.17,174.53,3.26,17.4,5.7,-5.4,-0.2,10.6,0.3,0.3,0.0,1,0,0,0,2,1,1,3.17,0,0,0,1
PT-113,2026-10-08T11:15:00,52,26.3,15.5,8.4,1,170.9,65.0,49.8,7.0,9616,176.4,67.1,48.6,7.0,16.1,177.03,176.83,176.23,174.68,3.25,6.2,0.8,3.6,-3.4,5.5,2.1,-1.2,0.0,1,0,0,0,2,1,1,3.25,0,0,0,1
PT-113,2026-10-08T11:20:00,52,26.3,15.5,8.4,1,170.9,65.0,49.8,7.0,9616,175.3,66.9,49.1,7.0,14.2,177.73,176.33,176.1,174.87,3.25,-6.0,-1.6,-1.4,-1.4,4.4,1.9,-0.7,0.0,1,0,0,0,2,1,1,3.33,0,0,0,1
PT-113,2026-10-08T11:25:00,52,26.3,15.5,8.4,1,170.9,65.0,49.8,7.0,9616,180.8,71.0,54.8,7.0,23.2,177.5,176.5,176.6,175.09,3.49,2.0,6.0,1.8,14.4,9.9,6.0,5.0,0.0,1,0,0,0,2,1,1,3.42,0,0,0,1
PT-113,2026-10-08T11:30:00,52,26.3,15.5,8.4,1,170.9,65.0,49.8,7.0,9616,179.6,69.7,52.3,7.0,14.4,178.57,177.8,176.52,175.45,3.4,15.6,-1.0,0.6,3.8,8.7,4.7,2.5,0.0,1,0,0,0,2,1,1,3.5,0,0,0,1
PT-113,2026-10-08T11:35:00,52,26.3,15.5,8.4,1,170.9,65.0,49.8,7.0,9616,177.7,67.9,49.3,7.0,13.1,179.37,178.55,176.71,175.58,3.39,9.0,2.3,2.4,-1.4,6.8,2.9,-0.5,0.0,1,0,0,0,2,1,1,3.58,0,0,0,1
PT-113,2026-10-08T11:40:00,52,26.3,15.5,8.4,1,170.9,65.0,49.8,7.0,9616,175.6,68.4,48.0,7.0,11.0,177.63,177.57,176.94,175.78,3.19,-11.8,2.8,6.2,-4.2,4.7,3.4,-1.8,0.0,1,0,0,0,2,1,1,3.67,0,0,0,1
PT-113,2026-10-08T11:45:00,52,26.3,15.5,8.4,1,170.9,65.0,49.8,7.0,9616,173.0,67.4,48.7,7.0,24.4,175.43,177.0,176.92,175.64,3.22,-6.8,-0.3,0.6,0.2,2.1,2.4,-1.1,0.0,1,0,0,0,2,1,1,3.75,0,0,0,1
PT-113,2026-10-08T11:50:00,52,26.3,15.5,8.4,1,170.9,65.0,49.8,7.0,9616,174.7,67.0,45.2,7.0,13.0,174.43,176.9,176.62,175.8,3.25,-1.2,-3.6,0.2,-7.8,3.8,2.0,-4.6,0.0,1,0,0,0,2,1,1,3.83,0,0,0,1
PT-113,2026-10-08T11:55:00,52,26.3,15.5,8.4,1,170.9,65.0,49.8,7.0,9616,177.2,72.1,49.9,7.0,14.8,174.97,176.3,176.4,175.98,3.1,-7.2,-2.6,2.2,-9.8,6.3,7.1,0.1,0.0,1,0,0,0,2,1,1,3.92,0,0,0,1
PT-113,2026-10-08T12:00:00,52,26.3,15.5,8.4,1,170.9,65.0,49.8,7.0,9616,177.1,68.2,47.5,7.0,8.6,176.33,175.88,176.84,176.23,2.74,-5.0,5.3,-3.0,-9.6,6.2,3.2,-2.3,0.0,0,1,0,0,2,1,1,4.0,0,0,0,1
PT-113,2026-10-08T12:05:00,52,26.3,15.5,8.4,1,170.9,65.0,49.8,7.0,9616,180.8,66.6,50.2,7.0,21.5,178.37,176.4,177.48,176.58,2.7,6.2,7.6,-2.6,1.8,9.9,1.6,0.4,0.0,0,1,0,0,2,1,1,4.08,0,0,0,1
PT-113,2026-10-08T12:10:00,52,26.3,15.5,8.4,1,170.9,65.0,49.8,7.0,9616,170.9,72.0,49.8,7.0,20.0,176.27,175.62,176.59,176.38,2.98,-9.4,-10.6,7.2,3.6,0.0,7.0,0.0,0.0,0,1,0,0,2,1,1,4.17,0,1,1,1
PT-113,2026-10-08T12:15:00,52,26.3,15.5,8.4,1,170.9,65.0,49.8,7.0,9616,172.5,69.8,49.8,7.0,20.0,174.73,175.53,176.27,176.25,3.21,-1.0,-3.9,4.8,2.2,1.6,4.8,0.0,0.0,0,1,0,0,2,1,1,4.25,0,0,1,1
PT-113,2026-10-08T12:20:00,52,26.3,15.5,8.4,1,170.9,65.0,49.8,7.0,9616,170.9,66.4,49.8,7.0,20.0,171.43,174.9,175.9,176.0,3.56,-7.6,-4.4,-1.2,9.2,0.0,1.4,0.0,0.0,0,1,0,0,2,1,1,4.33,0,1,1,1
PT-113,2026-10-08T12:25:00,52,26.3,15.5,8.4,1,170.9,65.0,49.8,7.0,9616,179.6,71.5,49.8,7.0,20.0,174.33,175.3,175.8,176.2,3.43,4.8,-1.2,-1.2,-0.2,8.7,6.5,0.0,0.0,0,1,0,0,2,1,1,4.42,0,0,1,1
PT-113,2026-10-08T12:30:00,52,26.3,15.5,8.4,1,170.9,65.0,49.8,7.0,9616,170.9,67.9,49.8,7.0,20.0,173.8,174.27,175.08,175.8,3.47,-12.4,-8.7,-0.6,4.6,0.0,2.9,0.0,0.0,0,1,0,0,2,1,1,4.5,0,1,1,1
PT-113,2026-10-08T12:35:00,52,26.3,15.5,8.4,1,170.9,65.0,49.8,7.0,9616,177.5,68.8,49.8,7.0,20.0,176.0,173.72,175.06,175.88,3.46,-6.6,-0.2,4.4,-0.8,6.6,3.8,0.0,0.0,0,1,0,0,2,1,1,4.58,0,0,1,1
PT-113,2026-10-08T12:40:00,52,26.3,15.5,8.4,1,170.9,65.0,49.8,7.0,9616,170.9,69.4,49.8,7.0,20.0,173.1,173.72,174.67,175.8,3.65,0.0,-4.7,-5.2,0.0,0.0,4.4,0.0,0.0,0,1,0,0,2,1,1,4.67,0,1,1,1
PT-113,2026-10-08T12:45:00,52,26.3,15.5,8.4,1,170.9,65.0,49.8,7.0,9616,184.1,68.6,45.8,7.0,9.2,177.5,175.65,175.59,176.25,4.5,23.2,11.1,-2.4,-8.0,13.2,3.6,-4.0,0.0,0,1,0,0,2,1,1,4.75,0,0,0,1
PT-113,2026-10-08T12:50:00,52,26.3,15.5,8.4,1,170.9,65.0,49.8,7.0,9616,175.6,69.4,52.8,7.0,12.5,176.87,176.43,175.67,176.14,4.49,9.4,0.9,6.0,6.0,4.7,4.4,3.0,0.0,0,1,0,0,2,1,1,4.83,0,0,0,1
PT-113,2026-10-08T12:55:00,52,26.3,15.5,8.4,1,170.9,65.0,49.8,7.0,9616,180.7,69.5,51.6,7.0,16.9,180.13,176.62,175.96,176.18,4.71,2.2,3.5,-4.0,3.6,9.8,4.5,1.8,0.0,0,1,0,0,2,1,1,4.92,0,0,0,1
PT-113,2026-10-08T13:00:00,52,26.3,15.5,8.4,1,170.9,65.0,49.8,7.0,9616,176.3,66.9,46.8,7.0,30.3,177.53,177.52,175.89,176.37,4.69,10.8,-0.8,-2.0,-6.0,5.4,1.9,-3.0,0.0,0,1,0,0,2,1,1,5.0,0,0,0,1
PT-113,2026-10-08T13:05:00,52,26.3,15.5,8.4,1,170.9,65.0,49.8,7.0,9616,183.0,68.8,52.9,7.0,30.2,180.0,178.43,176.08,176.78,4.94,11.0,2.2,0.0,6.2,12.1,3.8,3.1,0.0,0,1,0,0,2,1,1,5.08,0,0,0,1
PT-113,2026-10-08T13:10:00,52,26.3,15.5,8.4,1,170.9,65.0,49.8,7.0,9616,178.2,69.7,45.0,7.0,28.9,179.17,179.65,176.68,176.64,4.69,14.6,7.3,0.6,-9.6,7.3,4.7,-4.8,0.0,0,1,0,0,2,1,1,5.17,0,0,0,1
PT-113,2026-10-08T13:15:00,52,26.3,15.5,8.4,1,170.9,65.0,49.8,7.0,9616,178.9,69.0,49.5,7.0,32.8,180.03,178.78,177.22,176.74,4.53,-10.4,6.4,0.8,7.4,8.0,4.0,-0.3,0.0,0,1,0,0,2,1,1,5.25,0,0,0,1
PT-113,2026-10-08T13:20:00,52,26.3,15.5,8.4,1,170.9,65.0,49.8,7.0,9616,179.8,67.2,50.9,7.0,21.9,178.97,179.48,177.96,176.93,4.11,8.4,8.9,-4.4,-3.8,8.9,2.2,1.1,0.0,0,1,0,0,2,1,1,5.33,0,0,0,1
PT-113,2026-10-08T13:25:00,52,26.3,15.5,8.4,1,170.9,65.0,49.8,7.0,9616,184.2,66.7,48.1,7.0,28.0,180.97,180.07,178.34,177.07,4.48,7.0,4.6,-5.6,-7.0,13.3,1.7,-1.7,0.0,0,1,0,0,2,1,1,5.42,0,0,0,1
PT-113,2026-10-08T13:30:00,52,26.3,15.5,8.4,1,170.9,65.0,49.8,7.0,9616,178.1,71.4,50.4,7.0,20.3,180.7,180.37,178.94,177.01,3.82,3.6,7.2,9.0,7.2,7.2,6.4,0.6,0.0,0,1,0,0,2,1,1,5.5,0,0,0,1
PT-113,2026-10-08T13:35:00,52,26.3,15.5,8.4,1,170.9,65.0,49.8,7.0,9616,180.1,68.7,51.9,7.0,17.8,180.8,179.88,179.16,177.11,3.81,-5.8,2.6,-0.2,-2.0,9.2,3.7,2.1,0.0,0,1,0,0,2,1,1,5.58,0,0,0,1
PT-113,2026-10-08T13:40:00,52,26.3,15.5,8.4,1,170.9,65.0,49.8,7.0,9616,176.7,67.5,52.7,7.0,27.9,178.3,179.63,179.64,177.15,2.93,-3.0,5.8,-4.4,15.4,5.8,2.5,2.9,0.0,0,1,0,0,2,1,1,5.67,0,0,0,1
PT-113,2026-10-08T13:45:00,52,26.3,15.5,8.4,1,170.9,65.0,49.8,7.0,9616,177.0,68.1,51.3,7.0,16.9,177.93,179.32,179.05,177.32,2.65,-3.8,-7.1,-1.8,3.6,6.1,3.1,1.5,0.0,0,1,0,0,2,1,1,5.75,0,0,0,1
PT-113,2026-10-08T13:50:00,52,26.3,15.5,8.4,1,170.9,65.0,49.8,7.0,9616,177.2,69.0,49.9,7.0,31.0,176.97,178.88,179.18,177.42,2.5,-5.2,1.6,3.6,-2.0,6.3,4.0,0.1,0.0,0,1,0,0,2,1,1,5.83,0,0,0,1
PT-113,2026-10-08T13:55:00,52,26.3,15.5,8.4,1,170.9,65.0,49.8,7.0,9616,179.4,67.9,51.3,7.0,27.1,177.87,178.08,179.08,177.52,2.45,-9.6,-1.3,2.4,6.4,8.5,2.9,1.5,0.0,0,1,0,0,2,1,1,5.92,0,0,0,1
PT-113,2026-10-08T14:00:00,52,26.3,15.5,8.4,1,170.9,65.0,49.8,7.0,9616,178.7,65.6,44.1,7.0,24.1,178.43,178.18,179.28,177.58,2.3,1.2,2.4,-11.6,-12.6,7.8,0.6,-5.7,0.0,0,1,0,0,2,1,1,6.0,0,0,0,1
PT-113,2026-10-08T14:05:00,52,26.3,15.5,8.4,1,170.9,65.0,49.8,7.0,9616,177.5,66.7,44.4,7.0,13.4,178.53,177.75,178.82,177.45,2.02,-5.2,-5.5,-4.0,-15.0,6.6,1.7,-5.4,0.0,0,1,0,0,2,1,1,6.08,0,0,0,1
PT-113,2026-10-08T14:10:00,52,26.3,15.5,8.4,1,170.9,65.0,49.8,7.0,9616,184.2,68.7,53.6,7.0,24.5,180.13,179.0,179.32,178.0,2.53,15.0,6.0,2.4,1.8,13.3,3.7,3.8,0.0,0,1,0,0,2,1,1,6.17,0,0,0,1
PT-113,2026-10-08T14:15:00,52,26.3,15.5,8.4,1,170.9,65.0,49.8,7.0,9616,175.1,66.2,51.5,7.0,12.2,178.93,178.68,179.0,178.11,2.81,-3.8,-3.8,-3.8,0.4,4.2,1.2,1.7,0.0,0,1,0,0,2,1,1,6.25,0,0,0,1
PT-113,2026-10-08T14:20:00,52,26.3,15.5,8.4,1,170.9,65.0,49.8,7.0,9616,178.8,68.2,52.1,7.0,16.8,179.37,178.95,178.92,178.44,2.8,3.2,-1.0,-1.6,4.4,7.9,3.2,2.3,0.0,0,1,0,0,2,1,1,6.33,0,0,0,1
PT-113,2026-10-08T14:25:00,52,26.3,15.5,8.4,1,170.9,65.0,49.8,7.0,9616,181.2,67.2,44.9,7.0,10.8,178.37,179.25,178.67,178.5,2.39,3.6,-3.0,-1.4,-12.8,10.3,2.2,-4.9,0.0,0,1,0,0,2,1,1,6.42,0,0,0,1
PT-113,2026-10-08T14:30:00,52,26.3,15.5,8.4,1,170.9,65.0,49.8,7.0,9616,177.4,67.1,48.1,7.0,23.5,179.13,179.03,178.61,178.78,2.41,-2.6,-0.7,3.0,8.0,6.5,2.1,-1.7,0.0,0,1,0,0,2,1,1,6.5,0,0,0,1
PT-113,2026-10-08T14:35:00,52,26.3,15.5,8.4,1,170.9,65.0,49.8,7.0,9616,178.7,69.0,51.5,7.0,17.0,179.1,179.23,178.49,178.82,2.37,2.4,-1.4,4.6,14.2,7.8,4.0,1.7,0.0,0,1,0,0,2,1,1,6.58,0,0,0,1
PT-113,2026-10-08T14:40:00,52,26.3,15.5,8.4,1,170.9,65.0,49.8,7.0,9616,180.0,71.0,50.4,7.0,24.6,178.7,178.53,178.77,179.2,2.33,-8.4,3.3,4.6,-6.4,9.1,6.0,0.6,0.0,0,1,0,0,2,1,1,6.67,0,0,0,1
PT-113,2026-10-08T14:45:00,52,26.3,15.5,8.4,1,170.9,65.0,49.8,7.0,9616,176.6,65.8,48.6,7.0,16.4,178.43,178.78,178.73,178.89,2.36,3.0,-0.4,-0.8,-5.8,5.7,0.8,-1.2,0.0,0,1,0,0,2,1,1,6.75,0,0,0,1
PT-113,2026-10-08T14:50:00,52,26.3,15.5,8.4,1,170.9,65.0,49.8,7.0,9616,175.9,66.2,53.7,7.0,17.5,177.5,178.3,178.62,178.9,2.47,-5.8,-1.3,-4.0,3.2,5.0,1.2,3.9,0.0,0,1,0,0,2,1,1,6.83,0,0,0,1
PT-113,2026-10-08T14:55:00,52,26.3,15.5,8.4,1,170.9,65.0,49.8,7.0,9616,178.7,67.3,50.7,7.0,15.1,177.07,177.88,178.57,178.82,2.46,-5.0,-0.7,0.2,11.6,7.8,2.3,0.9,0.0,0,1,0,0,2,1,1,6.92,0,0,0,1
PT-113,2026-10-08T15:00:00,52,26.3,15.5,8.4,1,170.9,65.0,49.8,7.0,9616,172.6,68.2,51.9,7.0,11.8,175.73,177.08,178.06,178.67,3.0,-9.6,-6.1,2.2,7.6,1.7,3.2,2.1,0.0,0,1,0,0,2,1,1,7.0,0,0,0,1
PT-113,2026-10-08T15:05:00,52,26.3,15.5,8.4,1,170.9,65.0,49.8,7.0,9616,178.6,63.1,51.9,7.0,13.4,176.63,177.07,178.15,178.48,3.0,-0.2,1.1,-11.8,0.8,7.7,-1.9,2.1,0.0,0,1,0,0,2,1,1,7.08,0,0,0,1
PT-113,2026-10-08T15:10:00,52,26.3,15.5,8.4,1,170.9,65.0,49.8,7.0,9616,180.6,68.3,51.7,7.0,22.3,177.27,177.17,177.85,178.58,2.47,1.2,-3.6,-5.4,2.6,9.7,3.3,1.9,0.0,0,1,0,0,2,1,1,7.17,0,0,0,1
PT-113,2026-10-08T15:15:00,52,26.3,15.5,8.4,1,170.9,65.0,49.8,7.0,9616,184.4,70.5,44.1,7.0,7.3,181.2,178.47,178.62,178.81,2.94,15.6,9.3,9.4,-9.0,13.5,5.5,-5.7,0.0,0,1,0,0,2,1,1,7.25,0,0,0,1
PT-113,2026-10-08T15:20:00,52,26.3,15.5,8.4,1,170.9,65.0,49.8,7.0,9616,174.7,69.0,50.9,7.0,18.4,179.9,178.27,178.28,178.6,3.15,-2.4,-4.1,5.6,-5.6,3.8,4.0,1.1,0.0,0,1,0,0,2,1,1,7.33,0,0,0,1
PT-113,2026-10-08T15:25:00,52,26.3,15.5,8.4,1,170.9,65.0,49.8,7.0,9616,178.3,71.9,52.4,7.0,21.2,179.13,178.2,178.04,178.35,3.01,-0.8,-2.9,9.2,3.4,7.4,6.9,2.6,0.0,0,1,0,0,2,1,1,7.42,0,0,0,1
PT-113,2026-10-08T15:30:00,52,26.3,15.5,8.4,1,170.9,65.0,49.8,7.0,9616,180.5,68.4,50.4,7.0,18.4,177.83,179.52,178.3,178.45,3.09,15.8,3.1,0.4,-3.0,9.6,3.4,0.6,0.0,0,1,0,0,2,1,1,7.5,0,0,0,1
PT-113,2026-10-08T15:35:00,52,26.3,15.5,8.4,1,170.9,65.0,49.8,7.0,9616,175.8,68.2,46.6,7.0,6.0,178.2,179.05,178.06,178.27,3.16,-5.6,-2.9,10.2,-10.6,4.9,3.2,-3.2,0.0,0,1,0,0,2,1,1,7.58,0,0,0,1
PT-113,2026-10-08T15:40:00,52,26.3,15.5,8.4,1,170.9,65.0,49.8,7.0,9616,169.8,69.4,48.1,7.0,14.7,175.37,177.25,177.21,177.99,3.88,-21.6,-10.2,2.2,-7.2,-1.1,4.4,-1.7,0.0,0,1,0,0,2,1,1,7.67,0,0,0,1
PT-113,2026-10-08T15:45:00,52,26.3,15.5,8.4,1,170.9,65.0,49.8,7.0,9616,182.8,70.3,48.3,7.0,17.6,176.13,176.98,177.72,178.23,4.2,-3.2,6.2,-0.4,8.4,11.9,5.3,-1.5,0.0,0,1,0,0,2,1,1,7.75,0,0,0,1
PT-113,2026-10-08T15:50:00,52,26.3,15.5,8.4,1,170.9,65.0,49.8,7.0,9616,177.4,66.9,47.1,7.0,9.6,176.67,177.43,177.85,178.24,4.16,5.4,1.5,-4.2,-7.6,6.5,1.9,-2.7,0.0,0,1,0,0,2,1,1,7.83,0,0,0,1
PT-113,2026-10-08T15:55:00,52,26.3,15.5,8.4,1,170.9,65.0,49.8,7.0,9616,181.5,61.8,48.2,7.0,10.1,180.57,177.97,178.08,178.32,4.29,6.4,2.8,-20.2,-8.4,10.6,-3.2,-1.6,0.0,0,1,0,0,2,1,1,7.92,0,0,0,1
PT-113,2026-10-08T16:00:00,52,26.3,15.5,8.4,1,170.9,65.0,49.8,7.0,9616,180.8,67.1,47.7,7.0,13.6,179.9,178.02,178.77,178.41,3.98,0.6,8.2,-2.6,-5.4,9.9,2.1,-2.1,0.0,0,1,0,0,2,1,1,8.0,0,0,0,1
PT-113,2026-10-08T16:05:00,52,26.3,15.5,8.4,1,170.9,65.0,49.8,7.0,9616,180.3,65.1,49.3,7.0,24.6,180.87,178.77,178.91,178.53,4.0,9.0,1.7,-6.2,5.4,9.4,0.1,-0.5,0.0,0,1,0,0,2,1,1,8.08,0,0,0,1
PT-113,2026-10-08T16:10:00,52,26.3,15.5,8.4,1,170.9,65.0,49.8,7.0,9616,175.2,64.9,50.1,7.0,7.6,178.77,179.67,178.46,178.15,4.09,10.8,-5.4,-9.0,4.0,4.3,-0.1,0.3,0.0,0,1,0,0,2,1,1,8.17,0,0,0,1
PT-113,2026-10-08T16:15:00,52,26.3,15.5,8.4,1,170.9,65.0,49.8,7.0,9616,177.1,65.3,55.3,7.0,16.0,177.53,178.72,177.85,178.24,3.65,-11.4,-7.3,-10.0,14.0,6.2,0.3,5.5,0.0,0,1,0,0,2,1,1,8.25,0,0,0,1
PT-113,2026-10-08T16:20:00,52,26.3,15.5,8.4,1,170.9,65.0,49.8,7.0,9616,181.2,66.8,49.8,7.0,11.5,177.83,179.35,178.39,178.34,3.62,7.6,6.5,-0.2,5.4,10.3,1.8,0.0,0.0,0,1,0,0,2,1,1,8.33,0,0,0,1
PT-113,2026-10-08T16:25:00,52,26.3,15.5,8.4,1,170.9,65.0,49.8,7.0,9616,179.7,67.5,51.1,7.0,11.1,179.33,179.05,178.51,178.27,3.64,-3.6,1.4,11.4,5.8,8.8,2.5,1.3,0.0,0,1,0,0,2,1,1,8.42,0,0,0,1
PT-113,2026-10-08T16:30:00,52,26.3,15.5,8.4,1,170.9,65.0,49.8,7.0,9616,175.7,66.4,54.1,7.0,13.5,178.87,178.2,178.11,178.2,3.67,-10.2,-4.8,-1.4,12.8,4.8,1.4,4.3,0.0,0,1,0,0,2,1,1,8.5,0,0,0,1
PT-113,2026-10-08T16:35:00,52,26.3,15.5,8.4,1,170.9,65.0,49.8,7.0,9616,178.5,68.6,51.4,7.0,15.9,177.97,177.9,178.33,178.2,3.59,-3.6,2.7,7.0,4.2,7.6,3.6,1.6,0.0,0,1,0,0,2,1,1,8.58,0,0,0,1
PT-113,2026-10-08T16:40:00,52,26.3,15.5,8.4,1,170.9,65.0,49.8,7.0,9616,177.3,68.7,51.8,7.0,16.7,177.17,178.25,178.96,178.08,2.44,4.2,7.5,7.6,3.4,6.4,3.7,2.0,0.0,0,1,0,0,2,1,1,8.67,0,0,0,1
PT-113,2026-10-08T16:45:00,52,26.3,15.5,8.4,1,170.9,65.0,49.8,7.0,9616,171.6,65.9,48.7,7.0,17.0,175.8,177.33,178.02,177.88,2.93,-11.0,-11.2,1.2,-13.2,0.7,0.9,-1.1,0.0,0,1,0,0,2,1,1,8.75,0,0,0,1
PT-113,2026-10-08T16:50:00,52,26.3,15.5,8.4,1,170.9,65.0,49.8,7.0,9616,180.2,63.8,56.7,7.0,13.1,176.37,177.17,178.26,178.05,2.99,-2.0,2.8,-6.0,13.8,9.3,-1.2,6.9,0.0,0,1,0,0,2,1,1,8.83,0,0,0,0
PT-113,2026-10-08T16:55:00,52,26.3,15.5,8.4,1,170.9,65.0,49.8,7.0,9616,179.6,63.6,46.8,7.0,19.3,177.13,177.15,178.1,178.09,2.85,-0.2,-1.9,-7.8,-8.6,8.7,-1.4,-3.0,0.0,0,1,0,0,2,1,1,8.92,0,0,0,0
PT-113,2026-10-08T17:00:00,52,26.3,15.5,8.4,1,170.9,65.0,49.8,7.0,9616,175.4,63.1,48.5,7.0,70.1,178.4,177.1,177.65,178.21,2.81,-0.6,-5.4,-6.6,-11.2,4.5,-1.9,-1.3,0.0,0,0,1,0,2,1,1,9.0,0,0,0,0
PT-113,2026-10-08T17:05:00,52,26.3,15.5,8.4,1,170.9,65.0,49.8,7.0,9616,171.3,65.9,51.6,7.0,67.0,175.43,175.9,176.9,177.9,3.21,-14.4,-9.0,-5.4,0.4,0.4,0.9,1.8,0.0,0,0,1,0,2,1,1,9.08,0,0,0,0
PT-113,2026-10-08T17:10:00,52,26.3,15.5,8.4,1,170.9,65.0,49.8,7.0,9616,173.5,68.9,47.2,7.0,74.7,173.4,175.27,176.76,177.61,3.33,-7.6,-1.7,0.4,-9.2,2.6,3.9,-2.6,0.0,0,0,1,0,2,1,1,9.17,0,0,0,0
PT-113,2026-10-08T17:15:00,52,26.3,15.5,8.4,1,170.9,65.0,49.8,7.0,9616,173.0,67.7,49.0,7.0,55.4,172.6,175.5,176.42,177.13,3.49,2.8,-4.1,3.6,0.6,2.1,2.7,-0.8,0.0,0,0,1,0,2,1,1,9.25,0,0,0,0
PT-113,2026-10-08T17:20:00,52,26.3,15.5,8.4,1,170.9,65.0,49.8,7.0,9616,172.3,67.1,53.8,7.0,57.4,172.93,174.18,175.68,177.03,3.33,-15.8,-8.9,6.6,-5.8,1.4,2.1,4.0,0.0,0,0,1,0,2,1,1,9.33,0,0,0,0
PT-113,2026-10-08T17:25:00,52,26.3,15.5,8.4,1,170.9,65.0,49.8,7.0,9616,178.3,64.9,54.4,7.0,53.2,174.53,173.97,175.56,177.03,3.2,-2.6,-1.4,2.6,15.2,7.4,-0.1,4.6,0.0,0,0,1,0,2,1,1,9.42,0,0,0,0
PT-113,2026-10-08T17:30:00,52,26.3,15.5,8.4,1,170.9,65.0,49.8,7.0,9616,176.7,65.2,52.5,7.0,72.2,175.77,174.18,175.64,176.88,3.21,2.6,1.0,4.2,8.0,5.8,0.2,2.7,0.0,0,0,1,0,2,1,1,9.5,0,0,0,0
PT-113,2026-10-08T17:35:00,52,26.3,15.5,8.4,1,170.9,65.0,49.8,7.0,9616,176.6,63.3,47.2,7.0,60.3,177.2,175.07,175.48,176.91,3.1,10.6,-1.9,-5.2,-8.8,5.7,-1.7,-2.6,0.0,0,0,1,0,2,1,1,9.58,0,0,0,0
PT-113,2026-10-08T17:40:00,52,26.3,15.5,8.4,1,170.9,65.0,49.8,7.0,9616,175.2,67.1,49.9,7.0,47.0,176.17,175.35,175.31,177.13,3.05,3.4,-2.1,-3.6,5.4,4.3,2.1,0.1,0.0,0,0,1,0,2,1,1,9.67,0,0,0,0
PT-113,2026-10-08T17:45:00,52,26.3,15.5,8.4,1,170.9,65.0,49.8,7.0,9616,174.8,66.4,48.5,7.0,53.8,175.53,175.65,175.58,176.8,2.83,3.6,3.2,-2.6,-1.0,3.9,1.4,-1.3,0.0,0,0,1,0,2,1,1,9.75,0,0,0,0
PT-113,2026-10-08T17:50:00,52,26.3,15.5,8.4,1,170.9,65.0,49.8,7.0,9616,175.9,66.5,49.8,7.0,59.1,175.3,176.25,175.22,176.74,2.43,7.2,-4.3,-1.2,-8.0,5.0,1.5,0.0,0.0,0,0,1,0,2,1,1,9.83,0,0,0,0
PT-113,2026-10-08T17:55:00,52,26.3,15.5,8.4,1,170.9,65.0,49.8,7.0,9616,179.6,65.9,51.0,7.0,67.5,176.77,176.47,175.22,176.66,2.43,2.6,0.0,2.0,-6.8,8.7,0.9,1.2,0.0,0,0,1,0,2,1,1,9.92,0,0,0,0
PT-113,2026-10-08T18:00:00,52,26.3,15.5,8.4,1,170.9,65.0,49.8,7.0,9616,176.4,63.8,51.2,7.0,72.7,177.3,176.42,175.3,176.48,2.46,-0.6,1.0,-2.8,-2.6,5.5,-1.2,1.4,0.0,0,0,1,0,2,1,1,10.0,0,0,0,0
PT-113,2026-10-08T18:05:00,52,26.3,15.5,8.4,1,170.9,65.0,49.8,7.0,9616,175.0,62.7,50.5,7.0,23.2,177.0,176.15,175.61,176.25,2.12,-3.2,3.7,-1.2,6.6,4.1,-2.3,0.7,0.0,0,0,1,0,2,1,1,10.08,0,0,0,0
PT-113,2026-10-08T18:10:00,52,26.3,15.5,8.4,1,170.9,65.0,49.8,7.0,9616,174.4,67.8,48.1,7.0,6.2,175.27,176.02,175.68,176.22,2.05,-1.6,0.9,1.4,-3.6,3.5,2.8,-1.7,0.0,0,0,1,0,2,1,1,10.17,0,0,0,0
PT-113,2026-10-08T18:15:00,52,26.3,15.5,8.4,1,170.9,65.0,49.8,7.0,9616,172.1,63.9,46.3,7.0,6.4,173.83,175.57,175.61,176.01,2.17,-5.4,-0.9,-5.0,-4.4,1.2,-1.1,-3.5,0.0,0,0,1,0,2,1,1,10.25,0,0,0,0
PT-113,2026-10-08T18:20:00,52,26.3,15.5,8.4,1,170.9,65.0,49.8,7.0,9616,171.8,62.6,53.1,7.0,8.6,172.77,174.88,175.57,175.62,2.25,-8.2,-0.5,-7.8,6.6,0.9,-2.4,3.3,0.0,0,0,1,0,2,1,1,10.33,0,0,0,0
PT-113,2026-10-08T18:25:00,52,26.3,15.5,8.4,1,170.9,65.0,49.8,7.0,9616,175.3,65.3,51.3,7.0,23.0,173.07,174.17,175.32,175.44,2.07,-8.6,-3.0,-1.2,0.6,4.4,0.3,1.5,0.0,0,0,1,0,2,1,1,10.42,0,0,0,0
PT-113,2026-10-08T18:30:00,52,26.3,15.5,8.4,1,170.9,65.0,49.8,7.0,9616,173.6,64.3,49.1,7.0,10.7,173.57,173.7,175.06,175.35,2.08,-5.6,-3.1,1.0,-4.2,2.7,-0.7,-0.7,0.0,0,0,1,0,2,1,1,10.5,0,0,0,0
PT-113,2026-10-08T18:35:00,52,26.3,15.5,8.4,1,170.9,65.0,49.8,7.0,9616,172.3,67.5,52.0,7.0,24.1,173.73,173.25,174.7,175.09,2.16,-5.4,-4.3,9.6,3.0,1.4,2.5,2.2,0.0,0,0,1,0,2,1,1,10.58,0,0,0,0
PT-113,2026-10-08T18:40:00,52,26.3,15.5,8.4,1,170.9,65.0,49.8,7.0,9616,167.2,65.8,49.4,7.0,10.5,171.03,172.05,174.03,174.67,3.04,-14.4,-8.0,-4.0,2.6,-3.7,0.8,-0.4,0.0,0,0,1,0,2,1,1,10.67,0,0,0,0
PT-113,2026-10-08T18:45:00,52,26.3,15.5,8.4,1,170.9,65.0,49.8,7.0,9616,174.3,61.9,43.7,7.0,6.2,171.27,172.42,173.99,174.78,3.04,4.4,-0.5,-4.0,-5.2,3.4,-3.1,-6.1,0.0,0,0,1,0,2,1,1,10.75,0,0,0,0
PT-113,2026-10-08T18:50:00,52,26.3,15.5,8.4,1,170.9,65.0,49.8,7.0,9616,172.4,62.6,46.0,7.0,11.2,171.3,172.52,173.7,174.46,3.0,1.2,-3.5,0.0,-14.2,1.5,-2.4,-3.8,0.0,0,0,1,0,2,1,1,10.83,0,0,0,0
PT-113,2026-10-08T18:55:00,52,26.3,15.5,8.4,1,170.9,65.0,49.8,7.0,9616,169.2,65.3,49.4,7.0,13.9,171.97,171.5,172.83,174.02,2.62,-12.2,-10.4,0.0,-3.8,-1.7,0.3,-0.4,0.0,0,0,1,0,2,1,1,10.92,0,0,0,0
PT-113,2026-10-08T19:00:00,52,26.3,15.5,8.4,1,170.9,65.0,49.8,7.0,9616,171.9,61.0,49.5,7.0,11.5,171.17,171.22,172.46,173.88,2.38,-3.4,-4.5,-6.6,0.8,1.0,-4.0,-0.3,0.0,0,0,1,0,2,1,1,11.0,0,0,0,0
PT-113,2026-10-08T19:05:00,52,26.3,15.5,8.4,1,170.9,65.0,49.8,7.0,9616,175.6,63.6,48.7,7.0,24.8,172.23,171.77,172.51,174.06,2.44,6.6,0.6,-7.8,-6.6,4.7,-1.4,-1.1,0.0,0,0,1,0,2,1,1,11.08,0,0,0,0
PT-113,2026-10-08T19:10:00,52,26.3,15.5,8.4,1,170.9,65.0,49.8,7.0,9616,170.3,62.0,53.1,7.0,5.8,172.6,172.28,172.17,173.92,2.44,6.2,-4.1,-7.6,7.4,-0.6,-3.0,3.3,0.0,0,0,1,0,2,1,1,11.17,0,0,0,0
PT-113,2026-10-08T19:15:00,52,26.3,15.5,8.4,1,170.9,65.0,49.8,7.0,9616,172.4,64.1,48.1,7.0,7.0,172.77,171.97,172.19,173.9,2.44,-3.8,0.3,4.4,8.8,1.5,-0.9,-1.7,0.0,0,0,1,0,2,1,1,11.25,0,0,0,0
PT-113,2026-10-08T19:20:00,52,26.3,15.5,8.4,1,170.9,65.0,49.8,7.0,9616,170.3,62.5,50.8,7.0,5.2,171.0,171.62,172.07,173.82,2.5,-4.2,-1.5,-0.2,9.6,-0.6,-2.5,1.0,0.0,0,0,1,0,2,1,1,11.33,0,0,0,0
PT-113,2026-10-08T19:25:00,52,26.3,15.5,8.4,1,170.9,65.0,49.8,7.0,9616,170.8,65.4,50.0,7.0,15.2,171.17,171.88,171.69,173.5,2.3,3.2,-4.5,0.2,1.2,-0.1,0.4,0.2,0.0,0,0,1,0,2,1,1,11.42,0,0,0,0
PT-113,2026-10-08T19:30:00,52,26.3,15.5,8.4,1,170.9,65.0,49.8,7.0,9616,169.0,62.2,48.1,7.0,23.3,170.03,171.4,171.31,173.18,2.34,-5.8,-4.6,2.4,-2.8,-1.9,-2.8,-1.7,0.0,0,0,1,0,2,1,1,11.5,0,0,0,0
PT-113,2026-10-08T19:35:00,52,26.3,15.5,8.4,1,170.9,65.0,49.8,7.0,9616,172.3,64.1,48.7,7.0,19.8,170.7,170.85,171.31,173.0,2.34,-6.6,0.0,1.0,0.0,1.4,-0.9,-1.1,0.0,0,0,1,0,2,1,1,11.58,0,0,0,0
PT-113,2026-10-08T19:40:00,52,26.3,15.5,8.4,1,170.9,65.0,49.8,7.0,9616,173.9,60.9,50.7,7.0,12.0,171.73,171.45,171.87,172.95,2.05,7.2,6.7,-2.2,-4.8,3.0,-4.1,0.9,0.0,0,0,1,0,2,1,1,11.67,0,0,0,0
PT-113,2026-10-08T19:45:00,52,26.3,15.5,8.4,1,170.9,65.0,49.8,7.0,9616,172.8,64.1,49.2,7.0,19.5,173.0,171.52,171.74,172.87,1.93,0.8,-1.5,0.0,2.2,1.9,-0.9,-0.6,0.0,0,0,1,0,2,1,1,11.75,0,0,0,0
PT-113,2026-10-08T19:50:00,52,26.3,15.5,8.4,1,170.9,65.0,49.8,7.0,9616,169.7,64.3,48.1,7.0,14.6,172.13,171.42,171.52,172.61,2.0,-1.2,-2.7,3.6,-5.4,-1.2,-0.7,-1.7,0.0,0,0,1,0,2,1,1,11.83,0,0,0,0
PT-113,2026-10-08T19:55:00,52,26.3,15.5,8.4,1,170.9,65.0,49.8,7.0,9616,176.7,65.2,48.1,7.0,12.4,173.07,172.4,172.14,172.49,2.35,11.8,7.5,-0.4,-3.8,5.8,0.2,-1.7,0.0,0,0,1,0,2,1,1,11.92,0,0,0,0
PT-113,2026-10-08T20:00:00,52,26.3,15.5,8.4,1,170.9,65.0,49.8,7.0,9616,166.7,62.5,47.0,7.0,15.6,171.03,172.02,171.71,172.08,2.83,-4.6,-5.2,0.6,-2.2,-4.2,-2.5,-2.8,0.0,0,0,1,0,2,1,1,0.0,0,0,0,0
PT-113,2026-10-08T20:05:00,52,26.3,15.5,8.4,1,170.9,65.0,49.8,7.0,9616,167.9,59.2,46.5,7.0,5.5,170.43,171.28,171.07,171.79,2.74,-8.8,-7.7,-9.8,-4.4,-3.0,-5.8,-3.3,0.0,0,0,1,0,2,1,1,0.08,0,0,0,0
PT-113,2026-10-08T20:10:00,52,26.3,15.5,8.4,1,170.9,65.0,49.8,7.0,9616,168.0,63.9,49.5,7.0,7.5,167.53,170.3,170.88,171.52,2.88,-11.8,-2.3,6.0,-2.4,-2.9,-1.1,-0.3,0.0,0,0,1,0,2,1,1,0.17,0,0,0,0
PT-113,2026-10-08T20:15:00,52,26.3,15.5,8.4,1,170.9,65.0,49.8,7.0,9616,166.5,60.7,49.5,7.0,22.5,167.47,169.25,170.38,171.29,3.09,-12.6,-5.9,-6.8,0.6,-4.4,-4.3,-0.3,0.0,0,0,1,0,2,1,1,0.25,0,0,0,0
PT-113,2026-10-08T20:20:00,52,26.3,15.5,8.4,1,170.9,65.0,49.8,7.0,9616,171.8,61.9,52.2,7.0,23.6,168.77,169.6,170.51,171.29,3.11,4.2,1.5,-4.8,8.2,0.9,-3.1,2.4,0.0,0,0,1,0,2,1,1,0.33,0,0,0,0
PT-113,2026-10-08T20:25:00,52,26.3,15.5,8.4,1,170.9,65.0,49.8,7.0,9616,171.6,64.3,52.9,7.0,14.3,169.97,168.75,170.58,171.13,3.13,-10.2,0.8,-1.8,9.6,0.7,-0.7,3.1,0.0,0,0,1,0,2,1,1,0.42,0,0,0,0
PT-113,2026-10-08T20:30:00,52,26.3,15.5,8.4,1,170.9,65.0,49.8,7.0,9616,167.5,60.2,46.4,7.0,14.6,170.3,168.88,170.45,170.88,3.23,1.6,-1.5,-4.6,-1.2,-3.4,-4.8,-3.4,0.0,0,0,1,0,2,1,1,0.5,0,0,0,0
PT-113,2026-10-08T20:35:00,52,26.3,15.5,8.4,1,170.9,65.0,49.8,7.0,9616,170.4,60.6,49.5,7.0,15.8,169.83,169.3,170.29,170.8,3.17,5.0,-1.9,2.8,6.0,-0.5,-4.4,-0.3,0.0,0,0,1,0,2,1,1,0.58,0,0,0,0
PT-113,2026-10-08T20:40:00,52,26.3,15.5,8.4,1,170.9,65.0,49.8,7.0,9616,163.0,63.6,49.7,7.0,5.3,166.97,168.47,169.38,170.63,3.58,-10.0,-10.9,-0.6,0.4,-7.9,-1.4,-0.1,0.0,0,0,1,0,2,1,1,0.67,0,0,0,0
PT-113,2026-10-08T20:45:00,52,26.3,15.5,8.4,1,170.9,65.0,49.8,7.0,9616,169.1,61.8,52.4,7.0,11.5,167.5,168.9,169.08,170.41,3.41,5.2,-3.7,2.2,5.8,-1.8,-3.2,2.6,0.0,0,0,1,0,2,1,1,0.75,0,0,0,0
PT-113,2026-10-08T20:50:00,52,26.3,15.5,8.4,1,170.9,65.0,49.8,7.0,9616,166.6,59.6,53.8,7.0,19.1,166.23,168.03,168.82,170.17,3.48,-10.4,-3.1,-4.6,3.2,-4.3,-5.4,4.0,0.0,0,0,1,0,2,1,1,0.83,0,0,0,0
PT-113,2026-10-08T20:55:00,52,26.3,15.5,8.4,1,170.9,65.0,49.8,7.0,9616,169.8,63.0,49.7,7.0,6.6,168.5,167.73,168.24,170.19,2.49,-3.6,-6.9,-2.6,-6.4,-1.1,-2.0,-0.1,0.0,0,0,1,0,2,1,1,0.92,0,0,0,0
PT-113,2026-10-08T21:00:00,52,26.3,15.5,8.4,1,170.9,65.0,49.8,7.0,9616,170.3,60.2,53.3,7.0,9.0,168.9,168.2,168.54,170.12,2.5,5.6,3.6,0.0,13.8,-0.6,-4.8,3.5,0.0,0,0,1,0,2,1,1,1.0,0,0,0,0
PT-113,2026-10-08T21:05:00,52,26.3,15.5,8.4,1,170.9,65.0,49.8,7.0,9616,166.9,60.4,50.9,7.0,10.6,169.0,167.62,168.46,169.76,2.54,-7.0,-1.0,-0.4,2.8,-4.0,-4.6,1.1,0.0,0,0,1,0,2,1,1,1.08,0,0,0,0
PT-113,2026-10-08T21:10:00,52,26.3,15.5,8.4,1,170.9,65.0,49.8,7.0,9616,172.7,64.3,51.9,7.0,6.2,169.97,169.23,168.85,169.86,2.81,19.4,4.7,1.4,4.4,1.8,-0.7,2.1,0.0,0,0,1,0,2,1,1,1.17,0,0,0,0
PT-113,2026-10-08T21:15:00,52,26.3,15.5,8.4,1,170.9,65.0,49.8,7.0,9616,169.6,62.4,56.9,7.0,17.2,169.73,169.32,169.11,169.75,2.72,1.0,3.1,1.2,9.0,-1.3,-2.6,7.1,0.0,0,0,1,0,2,1,1,1.25,0,0,0,0
PT-113,2026-10-08T21:20:00,52,26.3,15.5,8.4,1,170.9,65.0,49.8,7.0,9616,162.3,62.4,50.6,7.0,13.4,168.2,168.6,168.32,169.41,3.2,-8.6,-9.5,5.6,-6.4,-8.6,-2.6,0.8,0.0,0,0,1,0,2,1,1,1.33,0,0,0,0
PT-113,2026-10-08T21:25:00,52,26.3,15.5,8.4,1,170.9,65.0,49.8,7.0,9616,169.4,60.6,51.5,7.0,7.1,167.1,168.53,168.13,169.35,3.06,-0.8,-2.2,-4.8,3.6,-1.5,-4.4,1.7,0.0,0,0,1,0,2,1,1,1.42,0,0,0,0
PT-113,2026-10-08T21:30:00,52,26.3,15.5,8.4,1,170.9,65.0,49.8,7.0,9616,164.8,59.9,55.4,7.0,7.1,165.5,167.62,167.91,169.18,3.2,-11.0,-2.7,-0.6,4.2,-6.1,-5.1,5.6,0.0,0,0,1,0,2,1,1,1.5,0,0,0,0
PT-113,2026-10-08T21:35:00,52,26.3,15.5,8.4,1,170.9,65.0,49.8,7.0,9616,168.4,61.6,53.5,7.0,14.3,167.53,167.87,167.74,169.02,3.11,3.0,-2.0,2.4,5.2,-2.5,-3.4,3.7,0.0,0,0,1,0,2,1,1,1.58,0,0,0,0
PT-113,2026-10-08T21:40:00,52,26.3,15.5,8.4,1,170.9,65.0,49.8,7.0,9616,171.2,61.3,50.7,7.0,8.6,168.13,167.62,168.42,168.9,2.87,-3.0,8.2,-6.0,-2.4,0.3,-3.7,0.9,0.0,0,0,1,0,2,1,1,1.67,0,0,0,0
PT-113,2026-10-08T21:45:00,52,26.3,15.5,8.4,1,170.9,65.0,49.8,7.0,9616,170.2,58.5,52.6,7.0,13.2,169.93,167.72,168.52,168.8,2.91,1.2,1.1,-7.8,-8.6,-0.7,-6.5,2.8,0.0,0,0,1,0,2,1,1,1.75,0,0,0,0
PT-113,2026-10-08T21:50:00,52,26.3,15.5,8.4,1,170.9,65.0,49.8,7.0,9616,171.1,60.7,54.7,7.0,17.7,170.83,169.18,168.89,168.85,2.93,17.6,4.5,-3.4,8.2,0.2,-4.3,4.9,0.0,0,0,1,0,2,1,1,1.83,0,0,0,0
PT-113,2026-10-08T21:55:00,52,26.3,15.5,8.4,1,170.9,65.0,49.8,7.0,9616,165.7,57.8,47.7,7.0,14.2,169.0,168.57,168.55,168.4,3.05,-7.4,-4.1,-5.6,-7.6,-5.2,-7.2,-2.1,0.0,0,0,1,0,2,1,1,1.92,0,0,0,0
PT-114,2026-10-08T08:00:00,47,33.8,9.8,8.4,0,148.9,75.8,46.9,6.7,6064,149.7,73.9,39.1,6.7,5.6,149.7,149.7,149.7,149.7,0.0,0.0,0.0,0.0,0.0,0.8,-1.9,-7.8,0.0,1,0,0,0,2,1,0,0.0,0,0,0,0
PT-114,2026-10-08T08:05:00,47,33.8,9.8,8.4,0,148.9,75.8,46.9,6.7,6064,146.5,74.1,40.5,6.7,6.4,148.1,148.1,148.1,148.1,2.26,0.0,0.0,0.0,0.0,-2.4,-1.7,-6.4,0.0,1,0,0,0,2,1,0,0.08,0,0,0,0
PT-114,2026-10-08T08:10:00,47,33.8,9.8,8.4,0,148.9,75.8,46.9,6.7,6064,150.7,73.4,42.2,6.7,24.0,148.97,148.97,148.97,148.97,2.19,0.0,0.0,0.0,0.0,1.8,-2.4,-4.7,0.0,1,0,0,0,2,1,0,0.17,0,0,0,0
PT-114,2026-10-08T08:15:00,47,33.8,9.8,8.4,0,148.9,75.8,46.9,6.7,6064,150.2,78.0,40.7,6.7,14.9,149.13,149.27,149.27,149.27,1.89,0.0,0.0,0.0,0.0,1.3,2.2,-6.2,0.0,1,0,0,0,2,1,0,0.25,0,0,0,0
PT-114,2026-10-08T08:20:00,47,33.8,9.8,8.4,0,148.9,75.8,46.9,6.7,6064,145.1,74.0,38.2,6.7,8.6,148.67,148.44,148.44,148.44,2.49,0.0,0.0,0.0,0.0,-3.8,-1.8,-8.7,0.0,1,0,0,0,2,1,0,0.33,0,0,0,0
PT-114,2026-10-08T08:25:00,47,33.8,9.8,8.4,0,148.9,75.8,46.9,6.7,6064,147.9,76.0,43.3,6.7,21.8,147.73,148.35,148.35,148.35,2.23,0.0,0.0,0.0,0.0,-1.0,0.2,-3.6,0.0,1,0,0,0,2,1,0,0.42,0,0,0,0
PT-114,2026-10-08T08:30:00,47,33.8,9.8,8.4,0,148.9,75.8,46.9,6.7,6064,151.4,78.8,44.6,6.7,54.8,148.13,148.63,148.79,148.79,2.34,3.4,0.0,9.8,11.0,2.5,3.0,-2.3,0.0,1,0,0,0,2,1,0,0.5,0,0,0,0
PT-114,2026-10-08T08:35:00,47,33.8,9.8,8.4,0,148.9,75.8,46.9,6.7,6064,147.7,76.0,42.2,6.7,72.7,149.0,148.83,148.65,148.65,2.2,2.4,0.0,3.8,3.4,-1.2,0.2,-4.7,0.0,1,0,0,0,2,1,0,0.58,0,0,0,0
PT-114,2026-10-08T08:40:00,47,33.8,9.8,8.4,0,148.9,75.8,46.9,6.7,6064,149.7,72.3,43.3,6.7,54.3,149.6,148.67,148.77,148.77,2.09,-2.0,0.0,-2.2,2.2,0.8,-3.5,-3.6,0.0,1,0,0,0,2,1,0,0.67,0,0,0,0
PT-114,2026-10-08T08:45:00,47,33.8,9.8,8.4,0,148.9,75.8,46.9,6.7,6064,147.6,77.2,42.9,6.7,51.1,148.33,148.23,148.65,148.65,2.0,-5.2,0.0,-1.6,4.4,-1.3,1.4,-4.0,0.0,1,0,0,0,2,1,0,0.75,0,0,0,0
PT-114,2026-10-08T08:50:00,47,33.8,9.8,8.4,0,148.9,75.8,46.9,6.7,6064,144.6,80.1,39.3,6.7,50.5,147.3,148.15,148.28,148.28,2.26,-1.0,0.0,12.2,2.2,-4.3,4.3,-7.6,0.0,1,0,0,0,2,1,0,0.83,0,0,0,0
PT-114,2026-10-08T08:55:00,47,33.8,9.8,8.4,0,148.9,75.8,46.9,6.7,6064,148.9,78.6,41.1,6.7,60.8,147.03,148.32,148.33,148.33,2.16,2.0,0.0,5.2,-4.4,0.0,2.8,-5.8,0.0,1,0,0,0,2,1,0,0.92,0,0,0,0
PT-114,2026-10-08T09:00:00,47,33.8,9.8,8.4,0,148.9,75.8,46.9,6.7,6064,147.4,82.3,38.3,6.7,51.1,146.97,147.65,148.14,148.26,2.13,-8.0,-2.3,7.0,-12.6,-1.5,6.5,-8.6,0.0,1,0,0,0,2,1,0,1.0,0,0,0,0
PT-114,2026-10-08T09:05:00,47,33.8,9.8,8.4,0,148.9,75.8,46.9,6.7,6064,145.9,79.7,37.3,6.7,58.6,147.4,147.35,148.09,148.09,2.18,-3.6,-0.6,7.4,-9.8,-3.0,3.9,-9.6,0.0,1,0,0,0,2,1,0,1.08,1,0,0,0
PT-114,2026-10-08T09:10:00,47,33.8,9.8,8.4,0,148.9,75.8,46.9,6.7,6064,154.1,74.3,40.8,6.7,59.6,149.13,148.08,148.38,148.49,2.71,8.8,3.4,4.0,-5.0,5.2,-1.5,-6.1,0.0,1,0,0,0,2,1,0,1.17,1,0,0,0
PT-114,2026-10-08T09:15:00,47,33.8,9.8,8.4,0,148.9,75.8,46.9,6.7,6064,148.5,75.3,40.8,6.7,75.0,149.5,148.23,148.23,148.49,2.65,1.8,-1.7,-3.8,-4.2,-0.4,-0.5,-6.1,0.0,1,0,0,0,2,1,0,1.25,1,0,0,0
PT-114,2026-10-08T09:20:00,47,33.8,9.8,8.4,0,148.9,75.8,46.9,6.7,6064,146.0,79.6,42.1,6.7,62.6,149.53,148.47,148.31,148.35,2.56,2.8,0.9,-1.0,5.6,-2.9,3.8,-4.8,0.0,1,0,0,0,2,1,0,1.33,1,0,0,0
PT-114,2026-10-08T09:25:00,47,33.8,9.8,8.4,0,148.9,75.8,46.9,6.7,6064,148.9,76.0,43.8,6.7,64.1,147.8,148.47,148.39,148.38,2.56,0.0,1.0,-5.2,5.4,0.0,0.2,-3.1,0.0,1,0,0,0,2,1,0,1.42,1,0,0,0
PT-114,2026-10-08T09:30:00,47,33.8,9.8,8.4,0,148.9,75.8,46.9,6.7,6064,153.4,75.6,41.5,6.7,74.1,149.43,149.47,148.56,148.64,2.83,12.0,2.0,-13.4,6.4,4.5,-0.2,-5.4,0.0,1,0,0,0,2,1,0,1.5,1,0,0,0
PT-114,2026-10-08T09:35:00,47,33.8,9.8,8.4,0,148.9,75.8,46.9,6.7,6064,149.3,76.5,45.4,6.7,11.7,150.53,150.03,148.69,148.68,2.82,6.8,1.6,-6.4,16.2,0.4,0.7,-1.5,0.0,1,0,0,0,2,1,0,1.58,1,0,0,1
PT-114,2026-10-08T09:40:00,47,33.8,9.8,8.4,0,148.9,75.8,46.9,6.7,6064,150.1,72.4,43.7,6.7,17.8,150.93,149.37,148.72,148.74,2.84,-8.0,0.4,-3.8,5.8,1.2,-3.4,-3.2,0.0,1,0,0,0,2,1,0,1.67,1,0,0,1
PT-114,2026-10-08T09:45:00,47,33.8,9.8,8.4,0,148.9,75.8,46.9,6.7,6064,151.5,78.5,41.0,6.7,20.7,150.3,149.87,149.05,148.87,2.92,6.0,3.9,6.4,0.4,2.6,2.7,-5.9,0.0,1,0,0,0,2,1,0,1.75,1,0,0,1
PT-114,2026-10-08T09:50:00,47,33.8,9.8,8.4,0,148.9,75.8,46.9,6.7,6064,152.3,74.5,41.2,6.7,24.2,151.3,150.92,149.69,149.02,2.69,12.6,7.7,-10.2,-1.8,3.4,-1.3,-5.7,0.0,1,0,0,0,2,1,0,1.83,1,0,0,1
PT-114,2026-10-08T09:55:00,47,33.8,9.8,8.4,0,148.9,75.8,46.9,6.7,6064,153.6,72.3,34.3,6.7,23.6,152.47,151.7,150.08,149.21,2.9,9.4,4.7,-7.4,-19.0,4.7,-3.5,-12.6,0.0,1,0,0,0,2,1,0,1.92,1,0,0,1
PT-114,2026-10-08T10:00:00,47,33.8,9.8,8.4,0,148.9,75.8,46.9,6.7,6064,155.1,75.0,44.7,6.7,13.3,153.67,151.98,150.72,149.43,3.09,3.4,7.7,-1.2,6.4,6.2,-0.8,-2.2,0.0,1,0,0,0,2,1,0,2.0,1,0,0,1
PT-114,2026-10-08T10:05:00,47,33.8,9.8,8.4,0,148.9,75.8,46.9,6.7,6064,156.4,78.3,40.2,6.7,6.3,155.03,153.17,151.6,149.85,3.09,14.2,10.5,3.6,-10.4,7.5,2.5,-6.7,0.0,1,0,0,0,2,1,0,2.08,1,0,0,1
PT-114,2026-10-08T10:10:00,47,33.8,9.8,8.4,0,148.9,75.8,46.9,6.7,6064,158.1,78.5,39.4,6.7,16.7,156.53,154.5,151.93,150.15,3.56,16.0,4.0,12.2,-8.6,9.2,2.7,-7.5,0.0,1,0,0,0,2,1,0,2.17,1,0,0,1
PT-114,2026-10-08T10:15:00,47,33.8,9.8,8.4,0,148.9,75.8,46.9,6.7,6064,159.3,83.3,40.1,6.7,13.9,157.93,155.8,152.83,150.53,3.96,15.6,10.8,9.6,-1.8,10.4,7.5,-6.8,0.0,1,0,0,0,2,1,0,2.25,1,0,0,1
PT-114,2026-10-08T10:20:00,47,33.8,9.8,8.4,0,148.9,75.8,46.9,6.7,6064,160.6,77.1,42.5,6.7,15.1,159.33,157.18,154.05,151.18,3.91,16.6,14.6,5.2,2.6,11.7,1.3,-4.4,0.0,1,0,0,0,2,1,0,2.33,1,0,0,1
PT-114,2026-10-08T10:25:00,47,33.8,9.8,8.4,0,148.9,75.8,46.9,6.7,6064,161.7,74.1,40.5,6.7,11.4,160.53,158.53,155.12,151.75,4.12,16.2,12.8,3.6,12.4,12.8,-1.7,-6.4,0.0,1,0,0,0,2,1,0,2.42,1,0,0,1
PT-114,2026-10-08T10:30:00,47,33.8,9.8,8.4,0,148.9,75.8,46.9,6.7,6064,162.9,75.1,41.6,6.7,14.4,161.73,159.83,155.91,152.23,4.64,15.6,9.5,0.2,-6.2,14.0,-0.7,-5.3,0.0,1,0,0,0,2,1,0,2.5,1,0,0,1
PT-114,2026-10-08T10:35:00,47,33.8,9.8,8.4,0,148.9,75.8,46.9,6.7,6064,164.1,70.5,39.5,6.7,8.0,162.9,161.12,157.14,152.92,4.69,15.4,14.8,-15.6,-1.4,15.2,-5.3,-7.4,0.0,1,0,0,0,2,1,0,2.58,1,0,0,1
PT-114,2026-10-08T10:40:00,47,33.8,9.8,8.4,0,148.9,75.8,46.9,6.7,6064,166.0,73.7,41.5,6.7,24.3,164.33,162.43,158.47,153.6,4.77,15.8,15.9,-9.6,4.2,17.1,-2.1,-5.4,0.0,1,0,0,0,2,1,0,2.67,1,0,0,1
PT-114,2026-10-08T10:45:00,47,33.8,9.8,8.4,0,148.9,75.8,46.9,6.7,6064,167.7,75.3,39.3,6.7,22.1,165.93,163.83,159.82,154.43,4.91,16.8,16.2,-16.0,-1.6,18.8,-0.5,-7.6,0.0,1,0,0,0,2,1,0,2.75,1,0,0,1
PT-114,2026-10-08T10:50:00,47,33.8,9.8,8.4,0,148.9,75.8,46.9,6.7,6064,168.5,75.3,36.8,6.7,18.4,167.4,165.15,161.17,155.43,4.88,15.8,16.2,-3.6,-11.4,19.6,-0.5,-10.1,0.0,1,0,0,0,2,1,0,2.83,1,0,0,1
PT-114,2026-10-08T10:55:00,47,33.8,9.8,8.4,0,148.9,75.8,46.9,6.7,6064,169.4,76.0,45.4,6.7,6.9,168.53,166.43,162.48,156.28,4.78,15.4,15.8,3.8,9.8,20.5,0.2,-1.5,0.0,1,0,0,0,2,1,0,2.92,1,0,0,1
PT-114,2026-10-08T11:00:00,47,33.8,9.8,8.4,0,148.9,75.8,46.9,6.7,6064,170.7,80.8,37.1,6.7,15.1,169.53,167.73,163.78,157.25,4.71,15.6,15.6,11.4,-9.0,21.8,5.0,-9.8,0.0,1,0,0,0,2,1,0,3.0,1,0,0,1
PT-114,2026-10-08T11:05:00,47,33.8,9.8,8.4,0,148.9,75.8,46.9,6.7,6064,172.6,85.1,39.4,6.7,20.4,170.9,169.15,165.13,158.37,4.72,17.0,16.2,29.2,-0.2,23.7,9.3,-7.5,0.0,1,0,0,0,2,1,0,3.08,1,0,0,1
PT-114,2026-10-08T11:10:00,47,33.8,9.8,8.4,0,148.9,75.8,46.9,6.7,6064,173.8,77.5,37.7,6.7,19.4,172.37,170.45,166.44,159.19,4.77,15.6,15.7,7.6,-7.6,24.9,1.7,-9.2,0.0,1,0,0,0,2,1,0,3.17,1,0,0,1
PT-114,2026-10-08T11:15:00,47,33.8,9.8,8.4,0,148.9,75.8,46.9,6.7,6064,175.3,78.0,37.9,6.7,7.2,173.9,171.72,167.78,160.3,4.83,15.2,16.0,5.4,-2.8,26.4,2.2,-9.0,0.0,1,0,0,0,2,1,0,3.25,1,0,0,1
PT-114,2026-10-08T11:20:00,47,33.8,9.8,8.4,0,148.9,75.8,46.9,6.7,6064,177.3,77.4,36.1,6.7,23.1,175.47,173.18,169.17,161.61,4.98,17.6,16.7,4.2,-1.4,28.4,1.6,-10.8,0.0,1,0,0,0,2,1,0,3.33,1,0,0,1
PT-114,2026-10-08T11:25:00,47,33.8,9.8,8.4,0,148.9,75.8,46.9,6.7,6064,178.2,73.3,40.4,6.7,16.5,176.93,174.65,170.54,162.83,5.01,17.6,16.5,-5.4,-10.0,29.3,-2.5,-6.5,0.0,1,0,0,0,2,1,0,3.42,1,0,0,1
PT-114,2026-10-08T11:30:00,47,33.8,9.8,8.4,0,148.9,75.8,46.9,6.7,6064,179.4,73.3,39.0,6.7,7.6,178.3,176.1,171.92,163.91,4.98,17.4,16.5,-15.0,3.8,30.5,-2.5,-7.9,0.0,1,0,0,0,2,1,0,3.5,1,0,0,1
PT-114,2026-10-08T11:35:00,47,33.8,9.8,8.4,0,148.9,75.8,46.9,6.7,6064,180.3,70.3,40.2,6.7,9.4,179.3,177.38,173.27,165.2,4.87,15.4,16.2,-29.6,1.6,31.4,-5.5,-6.7,0.0,1,0,0,0,2,1,0,3.58,1,0,0,1
PT-114,2026-10-08T11:40:00,47,33.8,9.8,8.4,0,148.9,75.8,46.9,6.7,6064,182.0,73.8,37.6,6.7,8.9,180.57,178.75,174.6,166.53,4.89,16.4,16.0,-7.4,-0.2,33.1,-2.0,-9.3,0.0,1,0,0,0,2,1,0,3.67,1,0,0,1
PT-114,2026-10-08T11:45:00,47,33.8,9.8,8.4,0,148.9,75.8,46.9,6.7,6064,183.2,77.3,42.3,6.7,20.1,181.83,180.07,175.89,167.85,4.95,15.8,15.5,-1.4,8.8,34.3,1.5,-4.6,0.0,1,0,0,0,2,1,0,3.75,1,0,0,1
PT-114,2026-10-08T11:50:00,47,33.8,9.8,8.4,0,148.9,75.8,46.9,6.7,6064,184.5,74.5,38.5,6.7,9.0,183.23,181.27,177.23,169.2,4.93,14.4,16.0,-5.8,4.8,35.6,-1.3,-8.4,0.0,1,0,0,0,2,1,0,3.83,1,0,0,1
PT-114,2026-10-08T11:55:00,47,33.8,9.8,8.4,0,148.9,75.8,46.9,6.7,6064,185.9,79.5,44.2,6.7,11.1,184.53,182.55,178.6,170.54,4.85,15.4,16.5,12.4,7.6,37.0,3.7,-2.7,0.0,1,0,0,0,2,1,0,3.92,1,0,0,1
PT-114,2026-10-08T12:00:00,47,33.8,9.8,8.4,0,148.9,75.8,46.9,6.7,6064,187.6,73.7,37.0,6.7,9.5,186.0,183.92,180.01,171.9,4.8,16.4,16.9,0.8,-4.0,38.7,-2.1,-9.9,0.0,0,1,0,0,2,1,0,4.0,1,0,0,1
PT-114,2026-10-08T12:05:00,47,33.8,9.8,8.4,0,148.9,75.8,46.9,6.7,6064,189.4,75.9,38.9,6.7,13.1,187.63,185.43,181.41,173.27,4.89,18.2,16.8,11.2,-2.6,40.5,0.1,-8.0,0.0,0,1,0,0,2,1,0,4.08,1,0,0,1
PT-114,2026-10-08T12:10:00,47,33.8,9.8,8.4,0,148.9,75.8,46.9,6.7,6064,190.8,76.1,41.5,6.7,23.2,189.27,186.9,182.82,174.63,4.95,17.6,17.0,4.6,7.8,41.9,0.3,-5.4,0.0,0,1,0,0,2,1,0,4.17,1,0,0,1
PT-114,2026-10-08T12:15:00,47,33.8,9.8,8.4,0,148.9,75.8,46.9,6.7,6064,191.6,77.2,40.2,6.7,12.2,190.6,188.3,184.18,175.98,4.93,16.8,16.3,-0.2,-4.2,42.7,1.4,-6.7,0.0,0,1,0,0,2,1,0,4.25,1,0,0,1
PT-114,2026-10-08T12:20:00,47,33.8,9.8,8.4,0,148.9,75.8,46.9,6.7,6064,192.7,78.4,37.5,6.7,15.0,191.7,189.67,185.47,177.32,4.98,16.4,15.4,7.8,-2.0,43.8,2.6,-9.4,0.0,0,1,0,0,2,1,0,4.33,1,0,0,1
PT-114,2026-10-08T12:25:00,47,33.8,9.8,8.4,0,148.9,75.8,46.9,6.7,6064,194.1,78.3,39.3,6.7,8.1,192.8,191.03,186.79,178.67,4.99,16.4,15.9,-2.4,-9.8,45.2,2.5,-7.6,0.0,0,1,0,0,2,1,0,4.42,1,0,0,1
PT-114,2026-10-08T12:30:00,47,33.8,9.8,8.4,0,148.9,75.8,46.9,6.7,6064,195.9,77.5,43.3,6.7,5.5,194.23,192.42,188.17,180.04,5.04,16.6,16.5,7.6,12.6,47.0,1.7,-3.6,0.0,0,1,0,0,2,1,0,4.5,1,0,0,1
PT-114,2026-10-08T12:35:00,47,33.8,9.8,8.4,0,148.9,75.8,46.9,6.7,6064,197.5,75.6,38.1,6.7,16.5,195.83,193.77,189.6,181.43,5.04,16.2,17.2,-0.6,-1.6,48.6,-0.2,-8.8,0.0,0,1,0,0,2,1,0,4.58,1,0,0,1
PT-114,2026-10-08T12:40:00,47,33.8,9.8,8.4,0,148.9,75.8,46.9,6.7,6064,199.3,73.4,43.7,6.7,17.3,197.57,195.18,191.04,182.82,5.15,17.0,17.3,-5.4,4.4,50.4,-2.4,-3.2,0.0,0,1,0,0,2,1,0,4.67,1,0,0,1
PT-114,2026-10-08T12:45:00,47,33.8,9.8,8.4,0,148.9,75.8,46.9,6.7,6064,201.0,76.7,40.8,6.7,10.0,199.27,196.75,192.52,184.21,5.24,18.8,17.8,-1.0,1.2,52.1,0.9,-6.1,0.0,0,1,0,0,2,1,0,4.75,1,0,0,1
PT-114,2026-10-08T12:50:00,47,33.8,9.8,8.4,0,148.9,75.8,46.9,6.7,6064,202.4,79.6,39.0,6.7,10.0,200.9,198.37,194.02,185.62,5.3,19.4,17.9,2.4,3.0,53.5,3.8,-7.9,0.0,0,1,0,0,2,1,0,4.83,1,0,0,1
PT-114,2026-10-08T12:55:00,47,33.8,9.8,8.4,0,148.9,75.8,46.9,6.7,6064,203.5,72.5,41.4,6.7,17.0,202.3,199.93,195.48,187.04,5.28,18.8,17.6,-11.6,4.2,54.6,-3.3,-5.5,0.0,0,1,0,0,2,1,0,4.92,1,0,0,1
PT-114,2026-10-08T13:00:00,47,33.8,9.8,8.4,0,148.9,75.8,46.9,6.7,6064,204.5,76.3,39.4,6.7,31.3,203.47,201.37,196.89,188.45,5.24,17.2,16.9,-2.4,-7.8,55.6,0.5,-7.5,0.0,0,1,0,0,2,1,0,5.0,1,0,0,1
PT-114,2026-10-08T13:05:00,47,33.8,9.8,8.4,0,148.9,75.8,46.9,6.7,6064,205.8,76.0,42.4,6.7,19.0,204.6,202.75,198.26,189.83,5.25,16.6,16.4,0.8,8.6,56.9,0.2,-4.5,0.0,0,1,0,0,2,1,0,5.08,1,0,0,1
PT-114,2026-10-08T13:10:00,47,33.8,9.8,8.4,0,148.9,75.8,46.9,6.7,6064,207.1,80.6,41.3,6.7,24.3,205.8,204.05,199.62,191.22,5.25,15.6,16.3,14.4,-4.8,58.2,4.8,-5.6,0.0,0,1,0,0,2,1,0,5.17,1,0,0,1
PT-114,2026-10-08T13:15:00,47,33.8,9.8,8.4,0,148.9,75.8,46.9,6.7,6064,208.0,73.6,39.1,6.7,34.3,206.97,205.22,200.98,192.58,5.11,14.0,16.4,-6.2,-3.4,59.1,-2.2,-7.8,0.0,0,1,0,0,2,1,0,5.25,1,0,0,1
PT-114,2026-10-08T13:20:00,47,33.8,9.8,8.4,0,148.9,75.8,46.9,6.7,6064,209.0,79.4,42.7,6.7,25.7,208.03,206.32,202.34,193.9,4.87,13.2,16.3,-0.4,7.4,60.1,3.6,-4.2,0.0,0,1,0,0,2,1,0,5.33,1,0,0,1
PT-114,2026-10-08T13:25:00,47,33.8,9.8,8.4,0,148.9,75.8,46.9,6.7,6064,209.9,73.2,40.5,6.7,35.0,208.97,207.38,203.66,195.23,4.57,12.8,15.8,1.4,-1.8,61.0,-2.6,-6.4,0.0,0,1,0,0,2,1,0,5.42,1,0,0,1
PT-114,2026-10-08T13:30:00,47,33.8,9.8,8.4,0,148.9,75.8,46.9,6.7,6064,210.9,79.5,41.5,6.7,20.4,209.93,208.45,204.91,196.54,4.29,12.8,15.0,6.4,4.2,62.0,3.7,-5.4,0.0,0,1,0,0,2,1,0,5.5,1,0,0,1
PT-114,2026-10-08T13:35:00,47,33.8,9.8,8.4,0,148.9,75.8,46.9,6.7,6064,212.9,74.9,40.6,6.7,25.5,211.23,209.63,206.19,197.9,4.18,14.2,15.4,-2.2,-3.6,64.0,-0.9,-6.3,0.0,0,1,0,0,2,1,0,5.58,1,0,0,1
PT-114,2026-10-08T13:40:00,47,33.8,9.8,8.4,0,148.9,75.8,46.9,6.7,6064,214.5,78.4,41.9,6.7,20.6,212.77,210.87,207.46,199.25,4.2,14.8,15.2,-4.4,1.2,65.6,2.6,-5.0,0.0,0,1,0,0,2,1,0,5.67,1,0,0,1
PT-114,2026-10-08T13:45:00,47,33.8,9.8,8.4,0,148.9,75.8,46.9,6.7,6064,215.8,76.6,38.7,6.7,27.2,214.4,212.17,208.69,200.61,4.31,15.6,14.8,6.0,-0.8,66.9,0.8,-8.2,0.0,0,1,0,0,2,1,0,5.75,1,0,0,1
PT-114,2026-10-08T13:50:00,47,33.8,9.8,8.4,0,148.9,75.8,46.9,6.7,6064,216.6,75.7,45.4,6.7,15.5,215.63,213.43,209.88,201.95,4.37,15.2,14.2,-7.4,5.4,67.7,-0.1,-1.5,0.0,0,1,0,0,2,1,0,5.83,1,0,0,1
PT-114,2026-10-08T13:55:00,47,33.8,9.8,8.4,0,148.9,75.8,46.9,6.7,6064,217.5,77.0,41.1,6.7,24.3,216.63,214.7,211.04,203.26,4.38,15.2,14.0,7.6,1.2,68.6,1.2,-5.8,0.0,0,1,0,0,2,1,0,5.92,1,0,0,1
PT-114,2026-10-08T14:00:00,47,33.8,9.8,8.4,0,148.9,75.8,46.9,6.7,6064,218.4,77.6,42.2,6.7,25.7,217.5,215.95,212.2,204.55,4.33,15.0,13.9,-3.8,1.4,69.5,1.8,-4.7,0.0,0,1,0,0,2,1,0,6.0,1,0,0,1
PT-114,2026-10-08T14:05:00,47,33.8,9.8,8.4,0,148.9,75.8,46.9,6.7,6064,219.6,73.9,43.6,6.7,23.3,218.5,217.07,213.35,205.8,4.31,13.4,13.8,-2.0,6.0,70.7,-1.9,-3.3,0.0,0,1,0,0,2,1,0,6.08,1,0,0,1
PT-114,2026-10-08T14:10:00,47,33.8,9.8,8.4,0,148.9,75.8,46.9,6.7,6064,221.4,76.3,41.3,6.7,14.6,219.8,218.22,214.54,207.08,4.4,13.8,14.3,-4.2,-1.2,72.5,0.5,-5.6,0.0,0,1,0,0,2,1,0,6.17,1,0,0,1
PT-114,2026-10-08T14:15:00,47,33.8,9.8,8.4,0,148.9,75.8,46.9,6.7,6064,223.3,82.7,42.8,6.7,23.4,221.43,219.47,215.82,208.4,4.55,15.0,15.3,12.2,8.2,74.4,6.9,-4.1,0.0,0,1,0,0,2,1,0,6.25,1,0,0,1
PT-114,2026-10-08T14:20:00,47,33.8,9.8,8.4,0,148.9,75.8,46.9,6.7,6064,224.2,78.5,35.7,6.7,24.5,222.97,220.73,217.08,209.71,4.59,15.2,15.2,5.6,-19.4,75.3,2.7,-11.2,0.0,0,1,0,0,2,1,0,6.33,1,0,0,1
PT-114,2026-10-08T14:25:00,47,33.8,9.8,8.4,0,148.9,75.8,46.9,6.7,6064,225.8,77.6,41.3,6.7,12.0,224.43,222.12,218.41,211.03,4.63,16.6,15.9,1.2,0.4,76.9,1.8,-5.6,0.0,0,1,0,0,2,1,0,6.42,1,0,0,1
PT-114,2026-10-08T14:30:00,47,33.8,9.8,8.4,0,148.9,75.8,46.9,6.7,6064,227.2,74.3,36.6,6.7,9.1,225.73,223.58,219.77,212.34,4.61,17.6,16.3,-6.6,-11.2,78.3,-1.5,-10.3,0.0,0,1,0,0,2,1,0,6.5,1,0,0,1
PT-114,2026-10-08T14:35:00,47,33.8,9.8,8.4,0,148.9,75.8,46.9,6.7,6064,228.4,73.1,39.4,6.7,11.6,227.13,225.05,221.06,213.62,4.69,17.6,15.5,-1.6,-8.4,79.5,-2.7,-7.5,0.0,0,1,0,0,2,1,0,6.58,1,0,0,1
PT-114,2026-10-08T14:40:00,47,33.8,9.8,8.4,0,148.9,75.8,46.9,6.7,6064,229.5,73.2,40.8,6.7,15.8,228.37,226.4,222.31,214.88,4.78,16.2,15.0,-6.2,-1.0,80.6,-2.6,-6.1,0.0,0,1,0,0,2,1,0,6.67,1,0,0,1
PT-114,2026-10-08T14:45:00,47,33.8,9.8,8.4,0,148.9,75.8,46.9,6.7,6064,231.4,75.4,40.7,6.7,18.2,229.77,227.75,223.61,216.15,4.96,16.2,15.6,-14.6,-4.2,82.5,-0.4,-6.2,0.0,0,1,0,0,2,1,0,6.75,1,0,0,1
PT-114,2026-10-08T14:50:00,47,33.8,9.8,8.4,0,148.9,75.8,46.9,6.7,6064,232.4,79.4,39.6,6.7,8.1,231.1,229.12,224.92,217.4,5.03,16.4,15.8,1.8,7.8,83.5,3.6,-7.3,0.0,0,1,0,0,2,1,0,6.83,1,0,0,1
PT-114,2026-10-08T14:55:00,47,33.8,9.8,8.4,0,148.9,75.8,46.9,6.7,6064,233.3,74.7,39.5,6.7,9.0,232.37,230.37,226.24,218.64,4.98,15.0,15.8,-5.8,-3.6,84.4,-1.1,-7.4,0.0,0,1,0,0,2,1,0,6.92,1,0,0,1
PT-114,2026-10-08T15:00:00,47,33.8,9.8,8.4,0,148.9,75.8,46.9,6.7,6064,235.0,78.1,43.8,6.7,22.2,233.57,231.67,227.62,219.91,4.91,15.6,16.6,7.6,14.4,86.1,2.3,-3.1,0.0,0,1,0,0,2,1,0,7.0,1,0,0,1
PT-114,2026-10-08T15:05:00,47,33.8,9.8,8.4,0,148.9,75.8,46.9,6.7,6064,236.3,73.2,41.2,6.7,11.7,234.87,232.98,229.02,221.18,4.79,15.8,16.7,0.2,3.6,87.4,-2.6,-5.7,0.0,0,1,0,0,2,1,0,7.08,1,0,0,1
PT-114,2026-10-08T15:10:00,47,33.8,9.8,8.4,0,148.9,75.8,46.9,6.7,6064,237.3,76.9,39.9,6.7,13.0,236.2,234.28,230.34,222.44,4.69,15.6,15.9,7.4,-1.8,88.4,1.1,-7.0,0.0,0,1,0,0,2,1,0,7.17,1,0,0,1
PT-114,2026-10-08T15:15:00,47,33.8,9.8,8.4,0,148.9,75.8,46.9,6.7,6064,238.6,74.1,42.0,6.7,7.3,237.4,235.48,231.62,223.72,4.68,14.4,15.3,-2.6,2.6,89.7,-1.7,-4.9,0.0,0,1,0,0,2,1,0,7.25,1,0,0,1
PT-114,2026-10-08T15:20:00,47,33.8,9.8,8.4,0,148.9,75.8,46.9,6.7,6064,240.6,75.6,43.6,6.7,14.9,238.83,236.85,232.98,225.03,4.71,16.4,16.4,-7.6,8.0,91.7,-0.2,-3.3,0.0,0,1,0,0,2,1,0,7.33,1,0,0,1
PT-114,2026-10-08T15:25:00,47,33.8,9.8,8.4,0,148.9,75.8,46.9,6.7,6064,242.5,73.9,39.8,6.7,13.3,240.57,238.38,234.38,226.39,4.86,18.4,16.7,-1.6,0.6,93.6,-1.9,-7.1,0.0,0,1,0,0,2,1,0,7.42,1,0,0,1
PT-114,2026-10-08T15:30:00,47,33.8,9.8,8.4,0,148.9,75.8,46.9,6.7,6064,243.9,72.4,43.8,6.7,8.3,242.33,239.87,235.77,227.77,5.01,17.8,16.7,-11.4,0.0,95.0,-3.4,-3.1,0.0,0,1,0,0,2,1,0,7.5,1,0,0,1
PT-114,2026-10-08T15:35:00,47,33.8,9.8,8.4,0,148.9,75.8,46.9,6.7,6064,245.7,78.6,43.5,6.7,10.4,244.03,241.43,237.21,229.13,5.18,18.8,17.3,10.8,4.6,96.8,2.8,-3.4,0.0,0,1,0,0,2,1,0,7.58,1,0,0,1
PT-114,2026-10-08T15:40:00,47,33.8,9.8,8.4,0,148.9,75.8,46.9,6.7,6064,246.6,78.3,42.5,6.7,17.3,245.4,242.98,238.63,230.47,5.22,18.6,17.1,2.8,5.2,97.7,2.5,-4.4,0.0,0,1,0,0,2,1,0,7.67,1,0,0,1
PT-114,2026-10-08T15:45:00,47,33.8,9.8,8.4,0,148.9,75.8,46.9,6.7,6064,247.9,75.2,39.4,6.7,13.2,246.73,244.53,240.01,231.81,5.32,18.6,16.5,2.2,-5.2,99.0,-0.6,-7.5,0.0,0,1,0,0,2,1,0,7.75,1,0,0,1
PT-114,2026-10-08T15:50:00,47,33.8,9.8,8.4,0,148.9,75.8,46.9,6.7,6064,249.5,72.8,40.4,6.7,7.3,248.0,246.02,241.43,233.18,5.38,17.8,17.1,-5.6,-6.4,100.6,-3.0,-6.5,0.0,0,1,0,0,2,1,0,7.83,1,0,0,1
PT-114,2026-10-08T15:55:00,47,33.8,9.8,8.4,0,148.9,75.8,46.9,6.7,6064,250.9,76.5,44.3,6.7,13.8,249.43,247.42,242.9,234.57,5.36,16.8,17.6,5.2,9.0,102.0,0.7,-2.6,0.0,0,1,0,0,2,1,0,7.92,1,0,0,1
PT-114,2026-10-08T16:00:00,47,33.8,9.8,8.4,0,148.9,75.8,46.9,6.7,6064,252.4,78.3,39.0,6.7,16.0,250.93,248.83,244.35,235.99,5.38,17.0,17.4,11.8,-9.6,103.5,2.5,-7.9,0.0,0,1,0,0,2,1,0,8.0,1,0,0,1
PT-114,2026-10-08T16:05:00,47,33.8,9.8,8.4,0,148.9,75.8,46.9,6.7,6064,253.9,69.5,44.1,6.7,11.6,252.4,250.2,245.82,237.42,5.39,16.4,17.6,-18.2,1.2,105.0,-6.3,-2.8,0.0,0,1,0,0,2,1,0,8.08,1,0,0,1
PT-114,2026-10-08T16:10:00,47,33.8,9.8,8.4,0,148.9,75.8,46.9,6.7,6064,255.6,73.3,40.1,6.7,17.3,253.97,251.7,247.34,238.84,5.35,18.0,18.3,-10.0,-4.8,106.7,-2.5,-6.8,0.0,0,1,0,0,2,1,0,8.17,1,0,0,1
PT-114,2026-10-08T16:15:00,47,33.8,9.8,8.4,0,148.9,75.8,46.9,6.7,6064,256.4,71.4,41.4,6.7,10.8,255.3,253.12,248.82,240.22,5.17,17.0,17.8,-7.6,4.0,107.5,-4.4,-5.5,0.0,0,1,0,0,2,1,0,8.25,1,0,0,1
PT-114,2026-10-08T16:20:00,47,33.8,9.8,8.4,0,148.9,75.8,46.9,6.7,6064,257.7,72.5,37.2,6.7,9.2,256.57,254.48,250.25,241.62,5.05,16.4,17.1,-0.6,-6.4,108.8,-3.3,-9.7,0.0,0,1,0,0,2,1,0,8.33,1,0,0,1
PT-114,2026-10-08T16:25:00,47,33.8,9.8,8.4,0,148.9,75.8,46.9,6.7,6064,259.6,77.8,42.0,6.7,15.2,257.9,255.93,251.68,243.02,5.08,17.4,17.1,2.6,-4.6,110.7,2.0,-4.9,0.0,0,1,0,0,2,1,0,8.42,1,0,0,1
PT-114,2026-10-08T16:30:00,47,33.8,9.8,8.4,0,148.9,75.8,46.9,6.7,6064,260.5,72.9,43.6,6.7,13.9,259.27,257.28,253.06,244.41,5.03,16.2,16.6,-10.8,9.2,111.6,-2.9,-3.3,0.0,0,1,0,0,2,1,0,8.5,1,0,0,1
PT-114,2026-10-08T16:35:00,47,33.8,9.8,8.4,0,148.9,75.8,46.9,6.7,6064,262.0,79.9,40.0,6.7,13.0,260.7,258.63,254.42,245.81,5.06,16.2,16.3,20.8,-8.2,113.1,4.1,-6.9,0.0,0,1,0,0,2,1,0,8.58,1,0,0,1
PT-114,2026-10-08T16:40:00,47,33.8,9.8,8.4,0,148.9,75.8,46.9,6.7,6064,263.7,76.2,42.5,6.7,14.6,262.07,259.98,255.84,247.24,5.07,16.2,17.1,5.8,4.8,114.8,0.4,-4.4,0.0,0,1,0,0,2,1,0,8.67,1,0,0,1
PT-114,2026-10-08T16:45:00,47,33.8,9.8,8.4,0,148.9,75.8,46.9,6.7,6064,264.9,75.7,39.3,6.7,23.0,263.53,261.4,257.26,248.63,5.02,17.0,17.0,8.6,-4.2,116.0,-0.1,-7.6,0.0,0,1,0,0,2,1,0,8.75,1,0,0,1
PT-114,2026-10-08T16:50:00,47,33.8,9.8,8.4,0,148.9,75.8,46.9,6.7,6064,265.8,79.1,40.6,6.7,15.6,264.8,262.75,258.62,250.02,4.94,16.2,16.3,13.2,6.8,116.9,3.3,-6.3,0.0,0,1,0,0,2,1,0,8.83,1,0,0,1
PT-114,2026-10-08T16:55:00,47,33.8,9.8,8.4,0,148.9,75.8,46.9,6.7,6064,267.6,74.4,42.7,6.7,10.1,266.1,264.08,260.01,251.45,4.92,16.0,16.7,-6.8,1.4,118.7,-1.4,-4.2,0.0,0,1,0,0,2,1,0,8.92,1,0,0,1
PT-114,2026-10-08T17:00:00,47,33.8,9.8,8.4,0,148.9,75.8,46.9,6.7,6064,268.7,75.1,40.7,6.7,53.5,267.37,265.45,261.37,252.86,4.88,16.4,16.3,4.4,-5.8,119.8,-0.7,-6.2,0.0,0,0,1,0,2,1,0,9.0,1,0,0,1
PT-114,2026-10-08T17:05:00,47,33.8,9.8,8.4,0,148.9,75.8,46.9,6.7,6064,269.6,79.5,38.7,6.7,53.1,268.63,266.72,262.68,254.25,4.8,15.2,15.7,-0.8,-2.6,120.7,3.7,-8.2,0.0,0,0,1,0,2,1,0,9.08,1,0,0,1
PT-114,2026-10-08T17:10:00,47,33.8,9.8,8.4,0,148.9,75.8,46.9,6.7,6064,271.2,73.4,37.5,6.7,49.0,269.83,267.97,263.98,255.66,4.82,15.0,15.6,-5.6,-10.0,122.3,-2.4,-9.4,0.0,0,0,1,0,2,1,0,9.17,1,0,0,1
PT-114,2026-10-08T17:15:00,47,33.8,9.8,8.4,0,148.9,75.8,46.9,6.7,6064,272.3,77.0,38.1,6.7,47.0,271.03,269.2,265.3,257.06,4.73,14.8,15.9,2.6,-2.4,123.4,1.2,-8.8,0.0,0,0,1,0,2,1,0,9.25,1,0,0,1
PT-114,2026-10-08T17:20:00,47,33.8,9.8,8.4,0,148.9,75.8,46.9,6.7,6064,273.5,76.3,38.5,6.7,50.1,272.33,270.48,266.62,258.43,4.62,15.4,15.8,-5.6,-4.2,124.6,0.5,-8.4,0.0,0,0,1,0,2,1,0,9.33,1,0,0,1
PT-114,2026-10-08T17:25:00,47,33.8,9.8,8.4,0,148.9,75.8,46.9,6.7,6064,275.3,77.0,43.2,6.7,64.5,273.7,271.77,267.92,259.8,4.68,15.4,15.7,5.2,1.0,126.4,1.2,-3.7,0.0,0,0,1,0,2,1,0,9.42,1,0,0,1
PT-114,2026-10-08T17:30:00,47,33.8,9.8,8.4,0,148.9,75.8,46.9,6.7,6064,277.1,74.9,38.1,6.7,72.9,275.3,273.17,269.31,261.18,4.74,16.8,16.6,-0.4,-5.2,128.2,-0.9,-8.8,0.0,0,0,1,0,2,1,0,9.5,1,0,0,1
PT-114,2026-10-08T17:35:00,47,33.8,9.8,8.4,0,148.9,75.8,46.9,6.7,6064,278.0,73.4,40.1,6.7,72.9,276.8,274.57,270.64,262.53,4.74,16.8,16.0,-12.2,2.8,129.1,-2.4,-6.8,0.0,0,0,1,0,2,1,0,9.58,1,0,0,1
PT-114,2026-10-08T17:40:00,47,33.8,9.8,8.4,0,148.9,75.8,46.9,6.7,6064,279.5,76.4,39.0,6.7,68.3,278.2,275.95,271.96,263.9,4.83,16.6,15.8,6.0,3.0,130.6,0.6,-7.9,0.0,0,0,1,0,2,1,0,9.67,1,0,0,1
PT-114,2026-10-08T17:45:00,47,33.8,9.8,8.4,0,148.9,75.8,46.9,6.7,6064,280.4,79.3,40.2,6.7,54.4,279.3,277.3,273.25,265.25,4.85,16.2,15.5,4.6,4.2,131.5,3.5,-6.7,0.0,0,0,1,0,2,1,0,9.75,1,0,0,1
PT-114,2026-10-08T17:50:00,47,33.8,9.8,8.4,0,148.9,75.8,46.9,6.7,6064,281.8,78.0,38.3,6.7,54.4,280.57,278.68,274.58,266.6,4.81,16.6,16.0,3.4,-0.4,132.9,2.2,-8.6,0.0,0,0,1,0,2,1,0,9.83,1,0,0,1
PT-114,2026-10-08T17:55:00,47,33.8,9.8,8.4,0,148.9,75.8,46.9,6.7,6064,283.6,81.1,42.4,6.7,52.7,281.93,280.07,275.92,267.96,4.92,16.6,16.0,8.2,-1.6,134.7,5.3,-4.5,0.0,0,0,1,0,2,1,0,9.92,1,0,0,1
PT-114,2026-10-08T18:00:00,47,33.8,9.8,8.4,0,148.9,75.8,46.9,6.7,6064,284.7,76.0,39.2,6.7,68.1,283.37,281.33,277.25,269.31,4.95,15.2,16.0,2.2,2.2,135.8,0.2,-7.7,0.0,0,0,1,0,2,1,0,10.0,1,0,0,1
PT-114,2026-10-08T18:05:00,47,33.8,9.8,8.4,0,148.9,75.8,46.9,6.7,6064,286.3,74.9,39.4,6.7,14.5,284.87,282.72,278.64,270.66,4.95,16.6,16.7,3.0,-1.4,137.4,-0.9,-7.5,0.0,0,0,1,0,2,1,0,10.08,1,0,0,1
PT-114,2026-10-08T18:10:00,47,33.8,9.8,8.4,0,148.9,75.8,46.9,6.7,6064,288.2,76.7,41.9,6.7,7.2,286.4,284.17,280.06,272.02,5.06,17.4,17.0,0.6,5.8,139.3,0.9,-5.0,0.0,0,0,1,0,2,1,0,10.17,1,0,0,1
PT-114,2026-10-08T18:15:00,47,33.8,9.8,8.4,0,148.9,75.8,46.9,6.7,6064,290.0,77.5,41.0,6.7,10.5,288.17,285.77,281.53,273.42,5.17,19.2,17.7,-3.6,1.6,141.1,1.7,-5.9,0.0,0,0,1,0,2,1,0,10.25,1,0,0,1
PT-114,2026-10-08T18:20:00,47,33.8,9.8,8.4,0,148.9,75.8,46.9,6.7,6064,291.0,70.1,37.8,6.7,21.7,289.73,287.3,282.99,274.8,5.17,18.4,17.5,-15.8,-1.0,142.1,-5.7,-9.1,0.0,0,0,1,0,2,1,0,10.33,1,0,0,1
PT-114,2026-10-08T18:25:00,47,33.8,9.8,8.4,0,148.9,75.8,46.9,6.7,6064,292.8,75.8,39.6,6.7,18.2,291.27,288.83,284.45,276.19,5.27,18.4,17.5,-10.6,-5.6,143.9,0.0,-7.3,0.0,0,0,1,0,2,1,0,10.42,1,0,0,1
PT-114,2026-10-08T18:30:00,47,33.8,9.8,8.4,0,148.9,75.8,46.9,6.7,6064,293.9,72.5,39.8,6.7,19.1,292.57,290.37,285.85,277.58,5.37,18.4,16.8,-7.0,1.2,145.0,-3.3,-7.1,0.0,0,0,1,0,2,1,0,10.5,1,0,0,1
PT-114,2026-10-08T18:35:00,47,33.8,9.8,8.4,0,148.9,75.8,46.9,6.7,6064,295.4,76.3,43.3,6.7,5.6,294.03,291.88,287.3,278.97,5.41,18.2,17.4,2.8,7.8,146.5,0.5,-3.6,0.0,0,0,1,0,2,1,0,10.58,1,0,0,1
PT-114,2026-10-08T18:40:00,47,33.8,9.8,8.4,0,148.9,75.8,46.9,6.7,6064,296.6,72.9,40.5,6.7,14.0,295.3,293.28,288.73,280.34,5.42,16.8,17.1,-7.6,-2.8,147.7,-2.9,-6.4,0.0,0,0,1,0,2,1,0,10.67,1,0,0,1
PT-114,2026-10-08T18:45:00,47,33.8,9.8,8.4,0,148.9,75.8,46.9,6.7,6064,298.1,71.9,44.1,6.7,9.8,296.7,294.63,290.2,281.73,5.35,16.2,17.7,-11.2,6.2,149.2,-3.9,-2.8,0.0,0,0,1,0,2,1,0,10.75,1,0,0,1
PT-114,2026-10-08T18:50:00,47,33.8,9.8,8.4,0,148.9,75.8,46.9,6.7,6064,299.1,80.3,39.3,6.7,16.6,297.93,295.98,291.64,283.11,5.21,16.2,17.3,20.4,3.0,150.2,4.5,-7.6,0.0,0,0,1,0,2,1,0,10.83,1,0,0,1
PT-114,2026-10-08T18:55:00,47,33.8,9.8,8.4,0,148.9,75.8,46.9,6.7,6064,301.0,77.3,38.3,6.7,20.5,299.4,297.35,293.09,284.5,5.19,16.4,17.4,3.0,-2.6,152.1,1.5,-8.6,0.0,0,0,1,0,2,1,0,10.92,1,0,0,1
PT-114,2026-10-08T19:00:00,47,33.8,9.8,8.4,0,148.9,75.8,46.9,6.7,6064,302.2,78.9,38.3,6.7,15.8,300.77,298.73,294.55,285.9,5.08,16.6,17.5,12.8,-3.0,153.3,3.1,-8.6,0.0,0,0,1,0,2,1,0,11.0,1,0,0,1
PT-114,2026-10-08T19:05:00,47,33.8,9.8,8.4,0,148.9,75.8,46.9,6.7,6064,303.2,76.2,37.2,6.7,24.4,302.13,300.03,295.96,287.3,4.92,15.6,16.9,-0.2,-12.2,154.3,0.4,-9.7,0.0,0,0,1,0,2,1,0,11.08,1,0,0,1
PT-114,2026-10-08T19:10:00,47,33.8,9.8,8.4,0,148.9,75.8,46.9,6.7,6064,304.8,74.8,38.9,6.7,12.3,303.4,301.4,297.34,288.7,4.88,16.4,16.6,3.8,-3.2,155.9,-1.0,-8.0,0.0,0,0,1,0,2,1,0,11.17,1,0,0,1
PT-114,2026-10-08T19:15:00,47,33.8,9.8,8.4,0,148.9,75.8,46.9,6.7,6064,306.0,78.4,40.5,6.7,19.2,304.67,302.72,298.68,290.1,4.87,15.8,16.0,13.0,-7.2,157.1,2.6,-6.4,0.0,0,0,1,0,2,1,0,11.25,1,0,0,1
PT-114,2026-10-08T19:20:00,47,33.8,9.8,8.4,0,148.9,75.8,46.9,6.7,6064,307.7,77.3,40.3,6.7,14.9,306.17,304.15,300.07,291.53,4.87,17.2,16.7,-6.0,2.0,158.8,1.5,-6.6,0.0,0,0,1,0,2,1,0,11.33,1,0,0,1
PT-114,2026-10-08T19:25:00,47,33.8,9.8,8.4,0,148.9,75.8,46.9,6.7,6064,309.4,75.1,44.1,6.7,8.3,307.7,305.55,301.45,292.95,4.97,16.8,16.6,-4.4,11.6,160.5,-0.7,-2.8,0.0,0,0,1,0,2,1,0,11.42,1,0,0,1
PT-114,2026-10-08T19:30:00,47,33.8,9.8,8.4,0,148.9,75.8,46.9,6.7,6064,310.2,78.3,43.1,6.7,10.8,309.1,306.88,302.81,294.33,4.95,16.0,16.3,-1.2,9.6,161.3,2.5,-3.8,0.0,0,0,1,0,2,1,0,11.5,1,0,0,1
PT-114,2026-10-08T19:35:00,47,33.8,9.8,8.4,0,148.9,75.8,46.9,6.7,6064,311.2,74.7,41.7,6.7,15.5,310.27,308.22,304.12,295.71,4.9,16.0,15.8,-3.0,9.0,162.3,-1.1,-5.2,0.0,0,0,1,0,2,1,0,11.58,1,0,0,1
PT-114,2026-10-08T19:40:00,47,33.8,9.8,8.4,0,148.9,75.8,46.9,6.7,6064,312.4,75.1,40.7,6.7,16.3,311.27,309.48,305.44,297.08,4.82,15.2,15.8,0.6,3.6,163.5,-0.7,-6.2,0.0,0,0,1,0,2,1,0,11.67,1,0,0,1
PT-114,2026-10-08T19:45:00,47,33.8,9.8,8.4,0,148.9,75.8,46.9,6.7,6064,313.3,78.5,42.7,6.7,11.5,312.3,310.7,306.71,298.45,4.71,14.6,15.2,0.2,4.4,164.4,2.7,-4.2,0.0,0,0,1,0,2,1,0,11.75,1,0,0,1
PT-114,2026-10-08T19:50:00,47,33.8,9.8,8.4,0,148.9,75.8,46.9,6.7,6064,314.9,75.3,42.6,6.7,10.4,313.53,311.9,308.03,299.83,4.59,14.4,15.8,-4.0,4.6,166.0,-0.5,-4.3,0.0,0,0,1,0,2,1,0,11.83,1,0,0,1
PT-114,2026-10-08T19:55:00,47,33.8,9.8,8.4,0,148.9,75.8,46.9,6.7,6064,316.7,77.2,36.8,6.7,24.8,314.97,313.12,309.33,301.21,4.65,14.6,15.7,4.2,-14.6,167.8,1.4,-10.1,0.0,0,0,1,0,2,1,0,11.92,1,0,0,1
PT-114,2026-10-08T20:00:00,47,33.8,9.8,8.4,0,148.9,75.8,46.9,6.7,6064,318.4,78.9,41.2,6.7,23.0,316.67,314.48,310.68,302.62,4.74,16.4,16.2,1.2,-3.8,169.5,3.1,-5.7,0.0,0,0,1,0,2,1,0,0.0,1,0,0,1
PT-114,2026-10-08T20:05:00,47,33.8,9.8,8.4,0,148.9,75.8,46.9,6.7,6064,320.2,73.7,41.8,6.7,14.5,318.43,315.98,312.1,304.03,4.84,18.0,17.0,-2.0,0.2,171.3,-2.1,-5.1,0.0,0,0,1,0,2,1,0,0.08,1,0,0,1
PT-114,2026-10-08T20:10:00,47,33.8,9.8,8.4,0,148.9,75.8,46.9,6.7,6064,322.0,71.9,36.9,6.7,10.3,320.2,317.58,313.53,305.44,5.02,19.2,17.2,-6.4,-7.6,173.1,-3.9,-10.0,0.0,0,0,1,0,2,1,0,0.17,1,0,0,1
PT-114,2026-10-08T20:15:00,47,33.8,9.8,8.4,0,148.9,75.8,46.9,6.7,6064,323.7,79.9,40.9,6.7,11.0,321.97,319.32,315.01,306.84,5.2,20.8,17.7,2.8,-3.6,174.8,4.1,-6.0,0.0,0,0,1,0,2,1,0,0.25,1,0,0,1
PT-114,2026-10-08T20:20:00,47,33.8,9.8,8.4,0,148.9,75.8,46.9,6.7,6064,325.4,81.3,45.1,6.7,5.2,323.7,321.07,316.48,308.27,5.45,21.0,17.7,12.0,5.0,176.5,5.5,-1.8,0.0,0,0,1,0,2,1,0,0.33,1,0,0,1
PT-114,2026-10-08T20:25:00,47,33.8,9.8,8.4,0,148.9,75.8,46.9,6.7,6064,327.0,74.4,41.5,6.7,17.5,325.37,322.78,317.95,309.7,5.73,20.6,17.6,-5.6,9.4,178.1,-1.4,-5.4,0.0,0,0,1,0,2,1,0,0.42,1,0,0,1
PT-114,2026-10-08T20:30:00,47,33.8,9.8,8.4,0,148.9,75.8,46.9,6.7,6064,328.4,74.8,40.1,6.7,19.4,326.93,324.45,319.47,311.14,5.9,20.0,18.2,-8.2,-2.2,179.5,-1.0,-6.8,0.0,0,0,1,0,2,1,0,0.5,1,0,0,1
PT-114,2026-10-08T20:35:00,47,33.8,9.8,8.4,0,148.9,75.8,46.9,6.7,6064,329.5,76.3,40.8,6.7,6.7,328.3,326.0,320.99,312.56,5.93,18.6,18.3,5.2,-2.0,180.6,0.5,-6.1,0.0,0,0,1,0,2,1,0,0.58,1,0,0,1
PT-114,2026-10-08T20:40:00,47,33.8,9.8,8.4,0,148.9,75.8,46.9,6.7,6064,330.9,76.5,40.9,6.7,22.7,329.6,327.48,322.53,313.99,5.9,17.8,18.5,9.2,8.0,182.0,0.7,-6.0,0.0,0,0,1,0,2,1,0,0.67,1,0,0,1
PT-114,2026-10-08T20:45:00,47,33.8,9.8,8.4,0,148.9,75.8,46.9,6.7,6064,332.5,73.9,41.6,6.7,6.3,330.97,328.95,324.13,315.42,5.77,17.6,19.2,-12.0,1.4,183.6,-1.9,-5.3,0.0,0,0,1,0,2,1,0,0.75,1,0,0,1
PT-114,2026-10-08T20:50:00,47,33.8,9.8,8.4,0,148.9,75.8,46.9,6.7,6064,334.0,72.3,40.2,6.7,8.1,332.47,330.38,325.72,316.88,5.62,17.2,19.1,-18.0,-9.8,185.1,-3.5,-6.7,0.0,0,0,1,0,2,1,0,0.83,1,0,0,1
PT-114,2026-10-08T20:55:00,47,33.8,9.8,8.4,0,148.9,75.8,46.9,6.7,6064,335.8,77.7,40.9,6.7,9.0,334.1,331.85,327.32,318.32,5.54,17.6,19.1,6.6,-1.2,186.9,1.9,-6.0,0.0,0,0,1,0,2,1,0,0.92,1,0,0,1
PT-114,2026-10-08T21:00:00,47,33.8,9.8,8.4,0,148.9,75.8,46.9,6.7,6064,337.0,77.8,39.4,6.7,19.2,335.6,333.28,328.87,319.77,5.42,17.2,18.6,6.0,-1.4,188.1,2.0,-7.5,0.0,0,0,1,0,2,1,0,1.0,1,0,0,1
PT-114,2026-10-08T21:05:00,47,33.8,9.8,8.4,0,148.9,75.8,46.9,6.7,6064,338.8,76.9,38.1,6.7,18.1,337.2,334.83,330.42,321.26,5.37,18.6,18.6,1.2,-5.4,189.9,1.1,-8.8,0.0,0,0,1,0,2,1,0,1.08,1,0,0,1
PT-114,2026-10-08T21:10:00,47,33.8,9.8,8.4,0,148.9,75.8,46.9,6.7,6064,340.6,77.3,44.1,6.7,24.3,338.8,336.45,331.97,322.75,5.41,19.4,18.6,1.6,6.4,191.7,1.5,-2.8,0.0,0,0,1,0,2,1,0,1.17,1,0,0,1
PT-114,2026-10-08T21:15:00,47,33.8,9.8,8.4,0,148.9,75.8,46.9,6.7,6064,342.1,76.9,40.9,6.7,9.5,340.5,338.05,333.5,324.25,5.46,19.2,18.4,6.0,-1.4,193.2,1.1,-6.0,0.0,0,0,1,0,2,1,0,1.25,1,0,0,1
PT-114,2026-10-08T21:20:00,47,33.8,9.8,8.4,0,148.9,75.8,46.9,6.7,6064,343.9,74.9,39.5,6.7,21.5,342.2,339.7,335.04,325.76,5.58,19.8,18.5,5.2,-1.4,195.0,-0.9,-7.4,0.0,0,0,1,0,2,1,0,1.33,1,0,0,1
PT-114,2026-10-08T21:25:00,47,33.8,9.8,8.4,0,148.9,75.8,46.9,6.7,6064,345.8,79.7,36.2,6.7,9.8,343.93,341.37,336.61,327.28,5.75,20.0,18.8,4.0,-9.4,196.9,3.9,-10.7,0.0,0,0,1,0,2,1,0,1.42,1,0,0,1
PT-114,2026-10-08T21:30:00,47,33.8,9.8,8.4,0,148.9,75.8,46.9,6.7,6064,347.5,77.9,45.5,6.7,10.8,345.73,343.12,338.2,328.83,5.91,21.0,19.1,0.2,12.2,198.6,2.1,-1.4,0.0,0,0,1,0,2,1,0,1.5,1,0,0,1
PT-114,2026-10-08T21:35:00,47,33.8,9.8,8.4,0,148.9,75.8,46.9,6.7,6064,348.8,79.9,39.2,6.7,20.4,347.37,344.78,339.81,330.4,5.95,20.0,19.3,6.0,2.2,199.9,4.1,-7.7,0.0,0,0,1,0,2,1,0,1.58,1,0,0,1
PT-114,2026-10-08T21:40:00,47,33.8,9.8,8.4,0,148.9,75.8,46.9,6.7,6064,349.9,77.5,41.6,6.7,16.7,348.73,346.33,341.39,331.96,5.9,18.6,19.0,0.4,-5.0,201.0,1.7,-5.3,0.0,0,0,1,0,2,1,0,1.67,1,0,0,1
PT-114,2026-10-08T21:45:00,47,33.8,9.8,8.4,0,148.9,75.8,46.9,6.7,6064,351.7,78.4,46.2,6.7,5.6,350.13,347.93,342.99,333.56,5.87,19.2,19.2,3.0,10.6,202.8,2.6,-0.7,0.0,0,0,1,0,2,1,0,1.75,1,0,0,1
PT-114,2026-10-08T21:50:00,47,33.8,9.8,8.4,0,148.9,75.8,46.9,6.7,6064,352.5,76.6,40.0,6.7,5.8,351.37,349.37,344.53,335.13,5.72,17.2,18.5,3.4,1.0,203.6,0.8,-6.9,0.0,0,0,1,0,2,1,0,1.83,1,0,0,1
PT-114,2026-10-08T21:55:00,47,33.8,9.8,8.4,0,148.9,75.8,46.9,6.7,6064,354.0,73.2,39.8,6.7,10.7,352.73,350.73,346.05,336.68,5.61,16.4,18.2,-13.0,7.2,205.1,-2.6,-7.1,0.0,0,0,1,0,2,1,0,1.92,1,0,0,1
PT-115,2026-10-08T08:00:00,44,22.9,10.5,7.5,1,137.0,73.1,49.7,6.8,4912,132.4,81.0,48.0,6.8,9.8,132.4,132.4,132.4,132.4,0.0,0.0,0.0,0.0,0.0,-4.6,7.9,-1.7,0.0,1,0,0,0,2,1,0,0.0,0,0,0,0
PT-115,2026-10-08T08:05:00,44,22.9,10.5,7.5,1,137.0,73.1,49.7,6.8,4912,143.3,79.0,49.7,6.8,15.3,137.85,137.85,137.85,137.85,7.71,0.0,0.0,0.0,0.0,6.3,5.9,0.0,0.0,1,0,0,0,2,1,0,0.08,0,0,0,0
PT-115,2026-10-08T08:10:00,44,22.9,10.5,7.5,1,137.0,73.1,49.7,6.8,4912,133.6,80.3,49.7,6.8,22.9,136.43,136.43,136.43,136.43,5.98,0.0,0.0,0.0,0.0,-3.4,7.2,0.0,0.0,1,0,0,0,2,1,0,0.17,0,0,0,0
PT-115,2026-10-08T08:15:00,44,22.9,10.5,7.5,1,137.0,73.1,49.7,6.8,4912,141.8,77.6,47.5,6.8,24.7,139.57,137.78,137.78,137.78,5.57,0.0,0.0,0.0,0.0,4.8,4.5,-2.2,0.0,1,0,0,0,2,1,0,0.25,0,0,0,0
PT-115,2026-10-08T08:20:00,44,22.9,10.5,7.5,1,137.0,73.1,49.7,6.8,4912,142.6,75.9,53.6,6.8,11.7,139.33,138.74,138.74,138.74,5.28,0.0,0.0,0.0,0.0,5.6,2.8,3.9,0.0,1,0,0,0,2,1,0,0.33,0,0,0,0
PT-115,2026-10-08T08:25:00,44,22.9,10.5,7.5,1,137.0,73.1,49.7,6.8,4912,140.0,80.3,50.3,6.8,17.9,141.47,138.95,138.95,138.95,4.75,0.0,0.0,0.0,0.0,3.0,7.2,0.6,0.0,1,0,0,0,2,1,0,0.42,0,0,0,0
PT-115,2026-10-08T08:30:00,44,22.9,10.5,7.5,1,137.0,73.1,49.7,6.8,4912,141.5,84.4,43.1,6.8,54.0,141.37,140.47,139.31,139.31,4.45,18.2,0.0,6.8,-9.8,4.5,11.3,-6.6,0.0,1,0,0,0,2,1,0,0.5,0,0,0,0
PT-115,2026-10-08T08:35:00,44,22.9,10.5,7.5,1,137.0,73.1,49.7,6.8,4912,138.4,81.2,45.8,6.8,49.4,139.97,139.65,139.2,139.2,4.13,-9.8,0.0,4.4,-7.8,1.4,8.1,-3.9,0.0,1,0,0,0,2,1,0,0.58,0,0,0,0
PT-115,2026-10-08T08:40:00,44,22.9,10.5,7.5,1,137.0,73.1,49.7,6.8,4912,142.2,84.4,45.7,6.8,52.9,140.7,141.08,139.53,139.53,3.99,17.2,0.0,8.2,-8.0,5.2,11.3,-4.0,0.0,1,0,0,0,2,1,0,0.67,0,0,0,0
PT-115,2026-10-08T08:45:00,44,22.9,10.5,7.5,1,137.0,73.1,49.7,6.8,4912,140.8,82.6,37.7,6.8,59.1,140.47,140.92,139.66,139.66,3.78,-2.0,0.0,10.0,-19.6,3.8,9.5,-12.0,0.0,1,0,0,0,2,1,0,0.75,0,0,0,0
PT-115,2026-10-08T08:50:00,44,22.9,10.5,7.5,1,137.0,73.1,49.7,6.8,4912,135.2,85.9,47.1,6.8,68.1,139.4,139.68,139.25,139.25,3.83,-14.8,0.0,20.0,-13.0,-1.8,12.8,-2.6,0.0,1,0,0,0,2,1,0,0.83,0,0,0,0
PT-115,2026-10-08T08:55:00,44,22.9,10.5,7.5,1,137.0,73.1,49.7,6.8,4912,136.5,86.7,42.1,6.8,74.1,137.5,139.1,139.02,139.02,3.74,-7.0,0.0,12.8,-16.4,-0.5,13.6,-7.6,0.0,1,0,0,0,2,1,0,0.92,0,0,0,0
PT-115,2026-10-08T09:00:00,44,22.9,10.5,7.5,1,137.0,73.1,49.7,6.8,4912,144.2,85.9,46.7,6.8,50.4,138.63,139.55,140.01,139.42,3.37,5.4,11.8,3.0,7.2,7.2,12.8,-3.0,0.0,1,0,0,0,2,1,0,1.0,0,0,0,0
PT-115,2026-10-08T09:05:00,44,22.9,10.5,7.5,1,137.0,73.1,49.7,6.8,4912,137.3,84.1,41.4,6.8,63.2,139.33,139.37,139.51,139.27,3.28,-2.2,-6.0,5.8,-8.8,0.3,11.0,-8.3,0.0,1,0,0,0,2,1,0,1.08,0,0,0,0
PT-115,2026-10-08T09:10:00,44,22.9,10.5,7.5,1,137.0,73.1,49.7,6.8,4912,142.0,88.1,43.0,6.8,56.4,141.17,139.33,140.21,139.45,2.76,-0.4,8.4,7.4,-5.4,5.0,15.0,-6.7,0.0,1,0,0,0,2,1,0,1.17,0,0,0,0
PT-115,2026-10-08T09:15:00,44,22.9,10.5,7.5,1,137.0,73.1,49.7,6.8,4912,137.0,87.2,44.6,6.8,70.7,138.77,138.7,139.81,139.3,2.86,-7.6,-4.8,9.2,13.8,0.0,14.1,-5.1,0.0,1,0,0,0,2,1,0,1.25,0,0,0,0
PT-115,2026-10-08T09:20:00,44,22.9,10.5,7.5,1,137.0,73.1,49.7,6.8,4912,142.3,87.9,44.3,6.8,67.4,140.43,139.88,139.78,139.48,2.83,14.2,-0.3,4.0,-5.6,5.3,14.8,-5.4,0.0,1,0,0,0,2,1,0,1.33,0,0,0,0
PT-115,2026-10-08T09:25:00,44,22.9,10.5,7.5,1,137.0,73.1,49.7,6.8,4912,140.0,82.1,47.2,6.8,58.5,139.77,140.47,139.78,139.51,2.83,7.0,0.0,-9.2,10.2,3.0,9.0,-2.5,0.0,1,0,0,0,2,1,0,1.42,0,0,0,0
PT-115,2026-10-08T09:30:00,44,22.9,10.5,7.5,1,137.0,73.1,49.7,6.8,4912,152.5,86.4,45.8,6.8,64.4,144.93,141.85,140.7,140.19,4.64,16.6,11.0,1.0,-1.8,15.5,13.3,-3.9,0.0,1,0,0,0,2,1,0,1.5,0,0,0,0
PT-115,2026-10-08T09:35:00,44,22.9,10.5,7.5,1,137.0,73.1,49.7,6.8,4912,133.5,76.9,49.2,6.8,10.2,142.0,141.22,140.29,139.85,5.06,-7.6,-4.9,-14.4,15.6,-3.5,3.8,-0.5,0.0,1,0,0,0,2,1,0,1.58,0,0,0,0
PT-115,2026-10-08T09:40:00,44,22.9,10.5,7.5,1,137.0,73.1,49.7,6.8,4912,136.7,80.8,45.4,6.8,23.6,140.9,140.33,139.83,139.7,5.12,-10.6,-5.5,-14.6,4.8,-0.3,7.7,-4.3,0.0,1,0,0,0,2,1,0,1.67,0,0,0,0
PT-115,2026-10-08T09:45:00,44,22.9,10.5,7.5,1,137.0,73.1,49.7,6.8,4912,147.2,77.1,47.5,6.8,12.5,139.13,142.03,140.37,140.05,5.54,20.4,6.4,-20.2,5.8,10.2,4.0,-2.2,0.0,1,0,0,0,2,1,0,1.75,0,0,0,0
PT-115,2026-10-08T09:50:00,44,22.9,10.5,7.5,1,137.0,73.1,49.7,6.8,4912,150.4,77.4,46.3,6.8,14.9,144.77,143.38,141.63,140.5,5.98,16.2,15.2,-21.0,4.0,13.4,4.3,-3.4,0.0,1,0,0,0,2,1,0,1.83,0,0,0,0
PT-115,2026-10-08T09:55:00,44,22.9,10.5,7.5,1,137.0,73.1,49.7,6.8,4912,141.2,82.9,48.5,6.8,24.0,146.27,143.58,142.02,140.52,5.76,2.4,4.7,1.6,2.6,4.2,9.8,-1.2,0.0,1,0,0,0,2,1,0,1.92,0,0,0,0
PT-115,2026-10-08T10:00:00,44,22.9,10.5,7.5,1,137.0,73.1,49.7,6.8,4912,147.8,76.6,49.3,6.8,7.5,146.47,142.8,142.33,141.17,5.97,-9.4,3.6,-19.6,7.0,10.8,3.5,-0.4,0.0,1,0,0,0,2,1,0,2.0,0,0,0,0
PT-115,2026-10-08T10:05:00,44,22.9,10.5,7.5,1,137.0,73.1,49.7,6.8,4912,142.4,82.0,48.4,6.8,6.5,143.8,144.28,142.75,141.13,5.76,17.8,5.1,10.2,-1.6,5.4,8.9,-1.3,0.0,1,0,0,0,2,1,0,2.08,0,0,0,0
PT-115,2026-10-08T10:10:00,44,22.9,10.5,7.5,1,137.0,73.1,49.7,6.8,4912,148.9,78.0,48.8,6.8,14.3,146.37,146.32,143.33,141.77,6.02,24.4,6.9,-5.6,6.8,11.9,4.9,-0.9,0.0,1,0,0,0,2,1,0,2.17,0,0,0,0
PT-115,2026-10-08T10:15:00,44,22.9,10.5,7.5,1,137.0,73.1,49.7,6.8,4912,141.9,78.3,46.1,6.8,11.0,144.4,145.43,143.73,141.77,5.71,-10.6,4.9,2.4,-2.8,4.9,5.2,-3.6,0.0,1,0,0,0,2,1,0,2.25,0,0,0,0
PT-115,2026-10-08T10:20:00,44,22.9,10.5,7.5,1,137.0,73.1,49.7,6.8,4912,142.3,75.8,44.7,6.8,15.7,144.37,144.08,143.73,141.76,5.71,-16.2,0.0,-3.2,-3.2,5.3,2.7,-5.0,0.0,1,0,0,0,2,1,0,2.33,0,0,0,0
PT-115,2026-10-08T10:25:00,44,22.9,10.5,7.5,1,137.0,73.1,49.7,6.8,4912,148.3,79.6,45.7,6.8,16.2,144.17,145.27,144.43,142.1,5.72,14.2,8.3,-6.6,-5.6,11.3,6.5,-4.0,0.0,1,0,0,0,2,1,0,2.42,0,0,0,0
PT-115,2026-10-08T10:30:00,44,22.9,10.5,7.5,1,137.0,73.1,49.7,6.8,4912,138.0,79.4,48.1,6.8,10.0,142.87,143.63,143.22,141.96,5.38,-19.6,-14.5,5.6,-2.4,1.0,6.3,-1.6,0.0,1,0,0,0,2,1,0,2.5,0,0,0,0
PT-115,2026-10-08T10:35:00,44,22.9,10.5,7.5,1,137.0,73.1,49.7,6.8,4912,144.1,78.9,47.4,6.8,14.9,143.47,143.92,144.1,142.2,4.42,3.4,10.6,-6.2,-2.0,7.1,5.8,-2.3,0.0,1,0,0,0,2,1,0,2.58,0,0,0,0
PT-115,2026-10-08T10:40:00,44,22.9,10.5,7.5,1,137.0,73.1,49.7,6.8,4912,140.7,79.1,49.9,6.8,10.3,140.93,142.55,144.43,142.13,3.94,-16.4,4.0,2.2,2.2,3.7,6.0,0.2,0.0,1,0,0,0,2,1,0,2.67,0,0,0,0
PT-115,2026-10-08T10:45:00,44,22.9,10.5,7.5,1,137.0,73.1,49.7,6.8,4912,140.7,80.4,51.9,6.8,11.4,141.83,142.35,143.89,142.13,3.97,-2.4,-6.5,4.2,11.6,3.7,7.3,2.2,0.0,1,0,0,0,2,1,0,2.75,0,0,0,0
PT-115,2026-10-08T10:50:00,44,22.9,10.5,7.5,1,137.0,73.1,49.7,6.8,4912,147.1,81.5,48.3,6.8,8.3,142.83,143.15,143.62,142.62,3.57,9.6,-3.3,11.4,7.2,10.1,8.4,-1.4,0.0,1,0,0,0,2,1,0,2.83,0,0,0,0
PT-115,2026-10-08T10:55:00,44,22.9,10.5,7.5,1,137.0,73.1,49.7,6.8,4912,143.2,81.9,51.1,6.8,15.5,143.67,142.3,143.78,142.9,3.49,-10.2,2.0,4.6,10.8,6.2,8.8,1.4,0.0,1,0,0,0,2,1,0,2.92,0,0,0,0
PT-115,2026-10-08T11:00:00,44,22.9,10.5,7.5,1,137.0,73.1,49.7,6.8,4912,145.6,82.0,45.2,6.8,15.1,145.3,143.57,143.6,142.96,3.32,15.2,-2.2,5.2,-5.8,8.6,8.9,-4.5,0.0,1,0,0,0,2,1,0,3.0,0,0,0,0
PT-115,2026-10-08T11:05:00,44,22.9,10.5,7.5,1,137.0,73.1,49.7,6.8,4912,143.7,76.5,47.6,6.8,13.0,144.17,143.5,143.71,143.23,3.3,-0.8,1.3,-4.8,0.4,6.7,3.4,-2.1,0.0,1,0,0,0,2,1,0,3.08,0,0,0,0
PT-115,2026-10-08T11:10:00,44,22.9,10.5,7.5,1,137.0,73.1,49.7,6.8,4912,140.0,77.1,47.9,6.8,15.3,143.1,143.38,142.97,143.15,3.01,-1.4,-8.9,-4.0,-4.0,3.0,4.0,-1.8,0.0,1,0,0,0,2,1,0,3.17,0,0,0,0
PT-115,2026-10-08T11:15:00,44,22.9,10.5,7.5,1,137.0,73.1,49.7,6.8,4912,140.4,80.0,44.3,6.8,12.8,141.37,143.33,142.84,143.29,3.09,-0.6,-1.5,-0.8,-15.2,3.4,6.9,-5.4,0.0,1,0,0,0,2,1,0,3.25,0,0,0,0
PT-115,2026-10-08T11:20:00,44,22.9,10.5,7.5,1,137.0,73.1,49.7,6.8,4912,139.6,78.0,50.0,6.8,15.4,140.0,142.08,142.62,143.18,3.23,-15.0,-2.7,-7.0,3.4,2.6,4.9,0.3,0.0,1,0,0,0,2,1,0,3.33,0,0,0,0
PT-115,2026-10-08T11:25:00,44,22.9,10.5,7.5,1,137.0,73.1,49.7,6.8,4912,142.1,78.0,53.5,6.8,7.0,140.7,141.9,142.1,143.26,2.68,-2.2,-6.2,-7.8,4.8,5.1,4.9,3.8,0.0,1,0,0,0,2,1,0,3.42,0,0,0,0
PT-115,2026-10-08T11:30:00,44,22.9,10.5,7.5,1,137.0,73.1,49.7,6.8,4912,143.4,81.4,46.4,6.8,23.1,141.7,141.53,142.55,142.88,2.37,-4.4,5.4,-1.2,2.4,6.4,8.3,-3.3,0.0,1,0,0,0,2,1,0,3.5,0,0,0,0
PT-115,2026-10-08T11:35:00,44,22.9,10.5,7.5,1,137.0,73.1,49.7,6.8,4912,146.9,76.8,48.4,6.8,9.1,144.13,142.07,142.78,143.44,2.66,6.4,2.8,0.6,1.6,9.9,3.7,-1.3,0.0,1,0,0,0,2,1,0,3.58,0,0,0,0
PT-115,2026-10-08T11:40:00,44,22.9,10.5,7.5,1,137.0,73.1,49.7,6.8,4912,137.4,83.1,46.6,6.8,23.4,142.57,141.63,142.51,143.47,3.04,-5.2,-3.3,12.0,-2.6,0.4,10.0,-3.1,0.0,1,0,0,0,2,1,0,3.67,0,0,0,0
PT-115,2026-10-08T11:45:00,44,22.9,10.5,7.5,1,137.0,73.1,49.7,6.8,4912,144.8,74.7,47.8,6.8,6.0,143.03,142.37,142.85,143.37,3.04,8.8,4.1,-10.6,7.0,7.8,1.6,-1.9,0.0,1,0,0,0,2,1,0,3.75,0,0,0,0
PT-115,2026-10-08T11:50:00,44,22.9,10.5,7.5,1,137.0,73.1,49.7,6.8,4912,142.1,77.5,47.9,6.8,10.2,141.43,142.78,142.43,143.02,2.74,5.0,-5.0,-1.0,-4.2,5.1,4.4,-1.8,0.0,1,0,0,0,2,1,0,3.83,0,0,0,0
PT-115,2026-10-08T11:55:00,44,22.9,10.5,7.5,1,137.0,73.1,49.7,6.8,4912,143.7,78.0,49.1,6.8,13.7,143.53,143.05,142.48,143.13,2.75,3.2,0.5,0.0,-8.8,6.7,4.9,-0.6,0.0,1,0,0,0,2,1,0,3.92,0,0,0,0
PT-115,2026-10-08T12:00:00,44,22.9,10.5,7.5,1,137.0,73.1,49.7,6.8,4912,140.0,78.3,49.9,6.8,5.5,141.93,142.48,142.01,142.8,2.65,-6.8,-5.6,-6.2,7.0,3.0,5.2,0.2,0.0,0,1,0,0,2,1,0,4.0,0,0,0,0
PT-115,2026-10-08T12:05:00,44,22.9,10.5,7.5,1,137.0,73.1,49.7,6.8,4912,145.2,80.8,46.1,6.8,13.7,142.97,142.2,142.13,142.92,2.77,-3.4,1.5,8.0,-4.6,8.2,7.7,-3.6,0.0,0,1,0,0,2,1,0,4.08,0,0,0,0
PT-115,2026-10-08T12:10:00,44,22.9,10.5,7.5,1,137.0,73.1,49.7,6.8,4912,139.8,81.6,50.1,6.8,11.1,141.67,142.6,142.12,142.54,2.78,4.8,-0.2,-3.0,7.0,2.8,8.5,0.4,0.0,0,1,0,0,2,1,0,4.17,0,0,0,0
PT-115,2026-10-08T12:15:00,44,22.9,10.5,7.5,1,137.0,73.1,49.7,6.8,4912,145.2,81.3,50.6,6.8,12.1,143.4,142.67,142.52,142.68,2.86,0.8,4.8,13.2,5.6,8.2,8.2,0.9,0.0,0,1,0,0,2,1,0,4.25,0,0,0,0
PT-115,2026-10-08T12:20:00,44,22.9,10.5,7.5,1,137.0,73.1,49.7,6.8,4912,149.4,84.1,48.6,6.8,16.5,144.8,143.88,143.33,142.98,3.31,14.6,9.8,13.2,1.4,12.4,11.0,-1.1,0.0,0,1,0,0,2,1,0,4.33,0,0,0,0
PT-115,2026-10-08T12:25:00,44,22.9,10.5,7.5,1,137.0,73.1,49.7,6.8,4912,139.3,80.3,45.3,6.8,17.7,144.63,143.15,143.1,142.6,3.5,-8.8,-2.8,4.6,-7.6,2.3,7.2,-4.4,0.0,0,1,0,0,2,1,0,4.42,0,0,0,0
PT-115,2026-10-08T12:30:00,44,22.9,10.5,7.5,1,137.0,73.1,49.7,6.8,4912,142.5,77.5,50.9,6.8,6.2,143.73,143.57,143.02,142.79,3.5,5.0,-0.9,-1.6,2.0,5.5,4.4,1.2,0.0,0,1,0,0,2,1,0,4.5,0,0,0,0
PT-115,2026-10-08T12:35:00,44,22.9,10.5,7.5,1,137.0,73.1,49.7,6.8,4912,141.4,80.0,50.7,6.8,17.7,141.07,142.93,142.57,142.67,3.3,-7.6,-5.5,-1.6,9.2,4.4,6.9,1.0,0.0,0,1,0,0,2,1,0,4.58,0,0,0,0
PT-115,2026-10-08T12:40:00,44,22.9,10.5,7.5,1,137.0,73.1,49.7,6.8,4912,142.4,82.2,48.6,6.8,10.1,142.1,143.37,142.98,142.75,2.88,5.2,5.0,1.2,-3.0,5.4,9.1,-1.1,0.0,0,1,0,0,2,1,0,4.67,0,0,0,0
PT-115,2026-10-08T12:45:00,44,22.9,10.5,7.5,1,137.0,73.1,49.7,6.8,4912,147.5,76.8,48.9,6.8,14.0,143.77,143.75,143.21,143.03,3.13,4.6,2.7,-9.0,-3.4,10.5,3.7,-0.8,0.0,0,1,0,0,2,1,0,4.75,0,0,0,0
PT-115,2026-10-08T12:50:00,44,22.9,10.5,7.5,1,137.0,73.1,49.7,6.8,4912,146.9,78.4,44.4,6.8,22.0,145.6,143.33,143.61,143.02,3.28,-5.0,4.8,-11.4,-8.4,9.9,5.3,-5.3,0.0,0,1,0,0,2,1,0,4.83,0,0,0,0
PT-115,2026-10-08T12:55:00,44,22.9,10.5,7.5,1,137.0,73.1,49.7,6.8,4912,141.6,83.5,49.1,6.8,21.3,145.33,143.72,143.43,142.95,3.33,4.6,-2.1,6.4,7.6,4.6,10.4,-0.6,0.0,0,1,0,0,2,1,0,4.92,0,0,0,0
PT-115,2026-10-08T13:00:00,44,22.9,10.5,7.5,1,137.0,73.1,49.7,6.8,4912,139.9,81.0,40.7,6.8,34.6,142.8,143.28,143.42,142.72,3.34,-5.2,-0.1,7.0,-20.4,2.9,7.9,-9.0,0.0,0,1,0,0,2,1,0,5.0,0,0,0,0
PT-115,2026-10-08T13:05:00,44,22.9,10.5,7.5,1,137.0,73.1,49.7,6.8,4912,147.1,79.5,45.5,6.8,21.3,142.87,144.23,143.58,142.86,3.47,11.4,1.9,-1.0,-10.4,10.1,6.4,-4.2,0.0,0,1,0,0,2,1,0,5.08,0,0,0,0
PT-115,2026-10-08T13:10:00,44,22.9,10.5,7.5,1,137.0,73.1,49.7,6.8,4912,145.3,83.8,46.0,6.8,30.9,144.1,144.72,144.04,143.08,3.29,5.8,5.5,3.2,-5.2,8.3,10.7,-3.7,0.0,0,1,0,0,2,1,0,5.17,0,0,0,0
PT-115,2026-10-08T13:15:00,44,22.9,10.5,7.5,1,137.0,73.1,49.7,6.8,4912,147.5,84.2,48.0,6.8,31.3,146.63,144.72,144.23,143.38,3.42,0.0,2.3,14.8,-1.8,10.5,11.1,-1.7,0.0,0,1,0,0,2,1,0,5.25,0,0,0,0
PT-115,2026-10-08T13:20:00,44,22.9,10.5,7.5,1,137.0,73.1,49.7,6.8,4912,145.4,77.5,48.5,6.8,15.9,146.07,144.47,143.9,143.62,3.05,-3.0,-4.0,-1.8,8.2,8.4,4.4,-1.2,0.0,0,1,0,0,2,1,0,5.33,0,0,0,0
PT-115,2026-10-08T13:25:00,44,22.9,10.5,7.5,1,137.0,73.1,49.7,6.8,4912,142.7,77.7,47.0,6.8,17.9,145.2,144.65,144.18,143.64,2.72,2.2,3.4,-11.6,-4.2,5.7,4.6,-2.7,0.0,0,1,0,0,2,1,0,5.42,0,0,0,0
PT-115,2026-10-08T13:30:00,44,22.9,10.5,7.5,1,137.0,73.1,49.7,6.8,4912,143.5,77.9,52.1,6.8,16.0,143.87,145.25,144.27,143.65,2.68,7.2,1.0,-6.2,22.8,6.5,4.8,2.4,0.0,0,1,0,0,2,1,0,5.5,0,0,0,0
PT-115,2026-10-08T13:35:00,44,22.9,10.5,7.5,1,137.0,73.1,49.7,6.8,4912,148.3,76.2,51.0,6.8,15.0,144.83,145.45,144.84,143.7,2.75,2.4,6.9,-6.6,11.0,11.3,3.1,1.3,0.0,0,1,0,0,2,1,0,5.58,0,0,0,0
PT-115,2026-10-08T13:40:00,44,22.9,10.5,7.5,1,137.0,73.1,49.7,6.8,4912,144.1,81.8,50.3,6.8,21.8,145.3,145.25,144.98,143.98,2.66,-2.4,1.7,-4.0,8.6,7.1,8.7,0.6,0.0,0,1,0,0,2,1,0,5.67,0,0,0,0
PT-115,2026-10-08T13:45:00,44,22.9,10.5,7.5,1,137.0,73.1,49.7,6.8,4912,144.3,82.4,43.8,6.8,26.5,145.57,144.72,144.72,143.96,2.54,-6.4,-3.2,-3.6,-8.4,7.3,9.3,-5.9,0.0,0,1,0,0,2,1,0,5.75,0,0,0,0
PT-115,2026-10-08T13:50:00,44,22.9,10.5,7.5,1,137.0,73.1,49.7,6.8,4912,141.4,85.7,45.4,6.8,32.9,143.27,144.05,144.26,143.93,2.6,-8.0,-5.5,16.4,-6.2,4.4,12.6,-4.3,0.0,0,1,0,0,2,1,0,5.83,0,0,0,0
PT-115,2026-10-08T13:55:00,44,22.9,10.5,7.5,1,137.0,73.1,49.7,6.8,4912,146.7,82.9,42.4,6.8,34.8,144.13,144.72,144.68,144.06,2.55,8.0,5.1,10.4,-9.2,9.7,9.8,-7.3,0.0,0,1,0,0,2,1,0,5.92,0,0,0,0
PT-115,2026-10-08T14:00:00,44,22.9,10.5,7.5,1,137.0,73.1,49.7,6.8,4912,144.1,80.0,46.5,6.8,18.1,144.07,144.82,145.03,144.23,2.07,1.2,4.2,4.2,-11.2,7.1,6.9,-3.2,0.0,0,1,0,0,2,1,0,6.0,0,0,0,0
PT-115,2026-10-08T14:05:00,44,22.9,10.5,7.5,1,137.0,73.1,49.7,6.8,4912,142.9,81.3,46.9,6.8,18.1,144.57,143.92,144.68,144.13,2.05,-10.8,-4.2,10.2,-8.2,5.9,8.2,-2.8,0.0,0,1,0,0,2,1,0,6.08,0,0,0,0
PT-115,2026-10-08T14:10:00,44,22.9,10.5,7.5,1,137.0,73.1,49.7,6.8,4912,144.6,84.9,45.8,6.8,13.7,143.87,144.0,144.62,144.33,2.04,1.0,-0.7,6.2,-9.0,7.6,11.8,-3.9,0.0,0,1,0,0,2,1,0,6.17,0,0,0,0
PT-115,2026-10-08T14:15:00,44,22.9,10.5,7.5,1,137.0,73.1,49.7,6.8,4912,144.3,77.6,46.4,6.8,19.4,143.93,144.0,144.36,144.3,1.83,0.0,-3.2,-9.6,5.2,7.3,4.5,-3.3,0.0,0,1,0,0,2,1,0,6.25,0,0,0,0
PT-115,2026-10-08T14:20:00,44,22.9,10.5,7.5,1,137.0,73.1,49.7,6.8,4912,145.2,78.6,47.9,6.8,17.1,144.7,144.63,144.34,144.12,1.82,7.6,-0.2,-14.2,5.0,8.2,5.5,-1.8,0.0,0,1,0,0,2,1,0,6.33,0,0,0,0
PT-115,2026-10-08T14:25:00,44,22.9,10.5,7.5,1,137.0,73.1,49.7,6.8,4912,141.6,80.3,47.7,6.8,17.6,143.7,143.78,144.25,144.22,1.93,-10.2,-1.1,-5.2,10.6,4.6,7.2,-2.0,0.0,0,1,0,0,2,1,0,6.42,0,0,0,0
PT-115,2026-10-08T14:30:00,44,22.9,10.5,7.5,1,137.0,73.1,49.7,6.8,4912,148.1,76.8,45.9,6.8,18.2,144.97,144.45,144.63,144.45,2.21,8.0,4.6,-6.4,-1.2,11.1,3.7,-3.8,0.0,0,1,0,0,2,1,0,6.5,0,0,0,0
PT-115,2026-10-08T14:35:00,44,22.9,10.5,7.5,1,137.0,73.1,49.7,6.8,4912,141.1,76.9,47.5,6.8,20.3,143.6,144.15,144.03,144.44,2.09,-3.6,-7.2,-8.8,1.2,4.1,3.8,-2.2,0.0,0,1,0,0,2,1,0,6.58,0,0,0,0
PT-115,2026-10-08T14:40:00,44,22.9,10.5,7.5,1,137.0,73.1,49.7,6.8,4912,145.8,77.3,44.5,6.8,6.2,145.0,144.35,144.17,144.58,2.16,2.4,1.7,-15.2,-2.6,8.8,4.2,-5.2,0.0,0,1,0,0,2,1,0,6.67,0,0,0,0
PT-115,2026-10-08T14:45:00,44,22.9,10.5,7.5,1,137.0,73.1,49.7,6.8,4912,146.3,74.9,46.9,6.8,16.6,144.4,144.68,144.34,144.53,2.24,4.0,2.0,-5.4,1.0,9.3,1.8,-2.8,0.0,0,1,0,0,2,1,0,6.75,0,0,0,0
PT-115,2026-10-08T14:50:00,44,22.9,10.5,7.5,1,137.0,73.1,49.7,6.8,4912,147.0,76.1,47.9,6.8,12.0,146.37,144.98,144.81,144.53,2.15,3.6,5.6,-5.0,0.0,10.0,3.0,-1.8,0.0,0,1,0,0,2,1,0,6.83,0,0,0,0
PT-115,2026-10-08T14:55:00,44,22.9,10.5,7.5,1,137.0,73.1,49.7,6.8,4912,152.6,79.1,46.6,6.8,21.7,148.63,146.82,145.3,144.99,3.09,22.0,5.9,-2.4,-2.2,15.6,6.0,-3.1,0.0,0,1,0,0,2,1,0,6.92,0,0,0,0
PT-115,2026-10-08T15:00:00,44,22.9,10.5,7.5,1,137.0,73.1,49.7,6.8,4912,142.4,80.8,47.2,6.8,22.2,147.33,145.87,145.16,145.1,3.19,-11.4,-1.7,8.0,2.6,5.4,7.7,-2.5,0.0,0,1,0,0,2,1,0,7.0,0,0,0,0
PT-115,2026-10-08T15:05:00,44,22.9,10.5,7.5,1,137.0,73.1,49.7,6.8,4912,144.2,80.2,44.7,6.8,21.8,146.4,146.38,145.27,144.98,3.13,6.2,1.3,6.6,-5.6,7.2,7.1,-5.0,0.0,0,1,0,0,2,1,0,7.08,0,0,0,0
PT-115,2026-10-08T15:10:00,44,22.9,10.5,7.5,1,137.0,73.1,49.7,6.8,4912,141.7,74.4,47.6,6.8,5.3,142.77,145.7,145.02,144.83,3.29,-8.2,-2.9,-5.8,6.2,4.7,1.3,-2.1,0.0,0,1,0,0,2,1,0,7.17,0,0,0,0
PT-115,2026-10-08T15:15:00,44,22.9,10.5,7.5,1,137.0,73.1,49.7,6.8,4912,138.5,75.8,48.6,6.8,14.0,141.47,144.4,144.54,144.45,3.8,-15.6,-5.8,1.8,3.4,1.5,2.7,-1.1,0.0,0,1,0,0,2,1,0,7.25,0,0,0,0
PT-115,2026-10-08T15:20:00,44,22.9,10.5,7.5,1,137.0,73.1,49.7,6.8,4912,144.5,79.7,48.1,6.8,13.9,141.57,143.98,144.48,144.41,3.79,-5.0,-0.7,7.2,0.4,7.5,6.6,-1.6,0.0,0,1,0,0,2,1,0,7.33,0,0,0,0
PT-115,2026-10-08T15:25:00,44,22.9,10.5,7.5,1,137.0,73.1,49.7,6.8,4912,147.9,74.2,42.8,6.8,19.6,143.63,143.2,145.01,144.63,3.79,-9.4,6.3,-9.8,-7.6,10.9,1.1,-6.9,0.0,0,1,0,0,2,1,0,7.42,0,0,0,0
PT-115,2026-10-08T15:30:00,44,22.9,10.5,7.5,1,137.0,73.1,49.7,6.8,4912,151.5,81.4,47.3,6.8,21.6,147.97,144.72,145.29,144.96,4.15,18.2,3.4,1.2,0.2,14.5,8.3,-2.4,0.0,0,1,0,0,2,1,0,7.5,0,0,0,0
PT-115,2026-10-08T15:35:00,44,22.9,10.5,7.5,1,137.0,73.1,49.7,6.8,4912,141.9,76.3,45.7,6.8,19.5,147.1,144.33,145.36,144.7,4.09,-4.6,0.8,-7.8,2.0,4.9,3.2,-4.0,0.0,0,1,0,0,2,1,0,7.58,0,0,0,0
PT-115,2026-10-08T15:40:00,44,22.9,10.5,7.5,1,137.0,73.1,49.7,6.8,4912,140.5,77.7,42.5,6.8,19.1,144.63,144.13,144.92,144.55,4.31,-2.4,-5.3,6.6,-10.2,3.5,4.6,-7.2,0.0,0,1,0,0,2,1,0,7.67,0,0,0,0
PT-115,2026-10-08T15:45:00,44,22.9,10.5,7.5,1,137.0,73.1,49.7,6.8,4912,145.1,79.9,48.0,6.8,20.1,142.5,145.23,144.82,144.58,4.29,13.2,-1.2,8.2,-1.2,8.1,6.8,-1.7,0.0,0,1,0,0,2,1,0,7.75,0,0,0,0
PT-115,2026-10-08T15:50:00,44,22.9,10.5,7.5,1,137.0,73.1,49.7,6.8,4912,151.0,76.8,49.2,6.8,20.4,145.53,146.32,145.15,144.98,4.62,13.0,4.0,-5.8,2.2,14.0,3.7,-0.5,0.0,0,1,0,0,2,1,0,7.83,0,0,0,0
PT-115,2026-10-08T15:55:00,44,22.9,10.5,7.5,1,137.0,73.1,49.7,6.8,4912,148.7,77.7,46.1,6.8,16.3,148.27,146.45,144.82,145.06,4.16,1.6,-3.9,7.0,6.6,11.7,4.6,-3.6,0.0,0,1,0,0,2,1,0,7.92,0,0,0,0
PT-115,2026-10-08T16:00:00,44,22.9,10.5,7.5,1,137.0,73.1,49.7,6.8,4912,138.5,74.9,43.7,6.8,14.8,146.07,144.28,144.5,144.83,4.51,-26.0,-3.9,-13.0,-7.2,1.5,1.8,-6.0,0.0,0,1,0,0,2,1,0,8.0,0,0,0,0
PT-115,2026-10-08T16:05:00,44,22.9,10.5,7.5,1,137.0,73.1,49.7,6.8,4912,148.9,74.8,44.8,6.8,8.1,145.37,145.45,144.89,145.08,4.68,14.0,4.7,-3.0,-1.8,11.9,1.7,-4.9,0.0,0,1,0,0,2,1,0,8.08,0,0,0,0
PT-115,2026-10-08T16:10:00,44,22.9,10.5,7.5,1,137.0,73.1,49.7,6.8,4912,142.4,75.9,48.5,6.8,11.6,143.27,145.77,144.95,144.99,4.64,3.8,0.7,-3.6,12.0,5.4,2.8,-1.2,0.0,0,1,0,0,2,1,0,8.17,0,0,0,0
PT-115,2026-10-08T16:15:00,44,22.9,10.5,7.5,1,137.0,73.1,49.7,6.8,4912,142.9,77.9,48.4,6.8,23.0,144.73,145.4,145.32,144.93,4.24,-4.4,4.4,-4.0,0.8,5.9,4.8,-1.3,0.0,0,1,0,0,2,1,0,8.25,0,0,0,0
PT-115,2026-10-08T16:20:00,44,22.9,10.5,7.5,1,137.0,73.1,49.7,6.8,4912,142.9,74.1,48.3,6.8,9.0,142.73,144.05,145.18,144.83,4.29,-16.2,-1.6,-5.4,-1.8,5.9,1.0,-1.4,0.0,0,1,0,0,2,1,0,8.33,0,0,0,0
PT-115,2026-10-08T16:25:00,44,22.9,10.5,7.5,1,137.0,73.1,49.7,6.8,4912,139.2,75.8,51.2,6.8,16.7,141.67,142.47,144.46,144.73,4.52,-19.0,-8.7,-3.8,10.2,2.2,2.7,1.5,0.0,0,1,0,0,2,1,0,8.42,0,0,0,0
PT-115,2026-10-08T16:30:00,44,22.9,10.5,7.5,1,137.0,73.1,49.7,6.8,4912,141.2,79.6,51.1,6.8,23.5,141.1,142.92,143.6,144.45,4.01,5.4,-10.3,9.4,14.8,4.2,6.5,1.4,0.0,0,1,0,0,2,1,0,8.5,0,0,0,0
PT-115,2026-10-08T16:35:00,44,22.9,10.5,7.5,1,137.0,73.1,49.7,6.8,4912,139.6,74.9,46.9,6.8,21.7,140.0,141.37,143.41,144.38,4.15,-18.6,-2.3,0.2,4.2,2.6,1.8,-2.8,0.0,0,1,0,0,2,1,0,8.58,0,0,0,0
PT-115,2026-10-08T16:40:00,44,22.9,10.5,7.5,1,137.0,73.1,49.7,6.8,4912,133.8,73.4,46.6,6.8,6.8,138.2,139.93,142.85,143.88,4.95,-17.2,-6.7,-5.0,-3.8,-3.2,0.3,-3.1,0.0,0,1,0,0,2,1,0,8.67,0,0,0,0
PT-115,2026-10-08T16:45:00,44,22.9,10.5,7.5,1,137.0,73.1,49.7,6.8,4912,142.3,74.0,47.3,6.8,12.6,138.57,139.83,142.62,143.72,4.9,-1.2,-2.8,-7.8,-2.2,5.3,0.9,-2.4,0.0,0,1,0,0,2,1,0,8.75,0,0,0,0
PT-115,2026-10-08T16:50:00,44,22.9,10.5,7.5,1,137.0,73.1,49.7,6.8,4912,138.5,71.8,45.3,6.8,13.0,138.2,139.1,141.57,143.36,4.24,-8.8,-12.5,-4.6,-6.0,1.5,-1.3,-4.4,0.0,0,1,0,0,2,1,0,8.83,0,0,0,0
PT-115,2026-10-08T16:55:00,44,22.9,10.5,7.5,1,137.0,73.1,49.7,6.8,4912,142.1,77.3,47.2,6.8,12.6,140.97,139.58,141.02,142.93,3.62,5.8,-6.6,3.0,-8.0,5.1,4.2,-2.5,0.0,0,1,0,0,2,1,0,8.92,0,0,0,0
PT-115,2026-10-08T17:00:00,44,22.9,10.5,7.5,1,137.0,73.1,49.7,6.8,4912,137.1,84.3,40.2,6.8,69.1,139.23,138.9,140.91,142.7,3.73,-8.2,-1.4,9.4,-21.8,0.1,11.2,-9.5,0.0,0,0,1,0,2,1,0,9.0,0,0,0,0
PT-115,2026-10-08T17:05:00,44,22.9,10.5,7.5,1,137.0,73.1,49.7,6.8,4912,139.0,86.7,42.9,6.8,53.3,139.4,138.8,140.08,142.49,2.77,-1.2,-9.9,23.6,-8.0,2.0,13.6,-6.8,0.0,0,0,1,0,2,1,0,9.08,0,0,0,0
PT-115,2026-10-08T17:10:00,44,22.9,10.5,7.5,1,137.0,73.1,49.7,6.8,4912,143.2,82.0,45.2,6.8,57.6,139.77,140.37,140.15,142.55,2.84,18.8,0.8,17.2,-2.8,6.2,8.9,-4.5,0.0,0,0,1,0,2,1,0,9.17,0,0,0,0
PT-115,2026-10-08T17:15:00,44,22.9,10.5,7.5,1,137.0,73.1,49.7,6.8,4912,141.1,84.5,36.6,6.8,67.6,141.1,140.17,140.0,142.66,2.73,-2.4,-1.8,21.0,-21.4,4.1,11.4,-13.1,0.0,0,0,1,0,2,1,0,9.25,0,0,0,0
PT-115,2026-10-08T17:20:00,44,22.9,10.5,7.5,1,137.0,73.1,49.7,6.8,4912,143.9,86.7,40.3,6.8,67.0,142.73,141.07,140.08,142.63,2.84,10.8,1.0,29.8,-10.0,6.9,13.6,-9.4,0.0,0,0,1,0,2,1,0,9.33,0,0,0,0
PT-115,2026-10-08T17:25:00,44,22.9,10.5,7.5,1,137.0,73.1,49.7,6.8,4912,143.6,84.6,42.2,6.8,56.9,142.87,141.32,140.45,142.45,2.99,3.0,4.4,14.6,-10.0,6.6,11.5,-7.5,0.0,0,0,1,0,2,1,0,9.42,0,0,0,0
PT-115,2026-10-08T17:30:00,44,22.9,10.5,7.5,1,137.0,73.1,49.7,6.8,4912,137.8,83.5,42.1,6.8,72.1,141.77,141.43,140.17,141.88,3.08,1.4,-3.4,-1.6,3.8,0.8,10.4,-7.6,0.0,0,0,1,0,2,1,0,9.5,0,0,0,0
PT-115,2026-10-08T17:35:00,44,22.9,10.5,7.5,1,137.0,73.1,49.7,6.8,4912,138.0,85.0,43.3,6.8,71.1,139.8,141.27,140.03,141.72,3.14,-2.0,-1.6,-3.4,0.8,1.0,11.9,-6.4,0.0,0,0,1,0,2,1,0,9.58,0,0,0,0
PT-115,2026-10-08T17:40:00,44,22.9,10.5,7.5,1,137.0,73.1,49.7,6.8,4912,142.7,83.5,41.6,6.8,74.0,139.5,141.18,140.78,141.81,2.52,-1.0,8.9,3.0,-7.2,5.7,10.4,-8.1,0.0,0,0,1,0,2,1,0,9.67,0,0,0,0
PT-115,2026-10-08T17:45:00,44,22.9,10.5,7.5,1,137.0,73.1,49.7,6.8,4912,145.6,85.2,40.0,6.8,73.0,142.1,141.93,141.05,141.83,2.86,9.0,3.3,1.4,6.8,8.6,12.1,-9.7,0.0,0,0,1,0,2,1,0,9.75,0,0,0,0
PT-115,2026-10-08T17:50:00,44,22.9,10.5,7.5,1,137.0,73.1,49.7,6.8,4912,141.0,82.1,43.2,6.8,68.5,143.1,141.45,141.26,141.42,2.75,-5.8,2.5,-9.2,5.8,4.0,9.0,-6.5,0.0,0,0,1,0,2,1,0,9.83,0,0,0,0
PT-115,2026-10-08T17:55:00,44,22.9,10.5,7.5,1,137.0,73.1,49.7,6.8,4912,144.8,80.3,39.8,6.8,69.0,143.8,141.65,141.48,141.25,2.93,2.4,2.7,-8.6,-4.8,7.8,7.2,-9.9,0.0,0,0,1,0,2,1,0,9.92,0,0,0,0
PT-115,2026-10-08T18:00:00,44,22.9,10.5,7.5,1,137.0,73.1,49.7,6.8,4912,145.0,84.8,41.2,6.8,74.0,143.6,142.85,142.14,141.52,2.73,14.4,7.9,2.6,-1.8,8.0,11.7,-8.5,0.0,0,0,1,0,2,1,0,10.0,0,0,0,0
PT-115,2026-10-08T18:05:00,44,22.9,10.5,7.5,1,137.0,73.1,49.7,6.8,4912,140.5,80.0,48.4,6.8,10.3,143.43,143.27,142.27,141.17,2.61,5.0,1.5,-10.0,10.2,3.5,6.9,-1.3,0.0,0,0,1,0,2,1,0,10.08,0,0,0,0
PT-115,2026-10-08T18:10:00,44,22.9,10.5,7.5,1,137.0,73.1,49.7,6.8,4912,145.5,74.3,51.0,6.8,7.7,143.67,143.73,142.46,141.3,2.76,5.6,2.3,-18.4,18.8,8.5,1.2,1.3,0.0,0,0,1,0,2,1,0,10.17,0,0,0,0
PT-115,2026-10-08T18:15:00,44,22.9,10.5,7.5,1,137.0,73.1,49.7,6.8,4912,141.0,77.5,49.3,6.8,10.3,142.33,142.97,142.45,141.22,2.77,-9.2,-0.1,-15.4,18.6,4.0,4.4,-0.4,0.0,0,0,1,0,2,1,0,10.25,0,0,0,0
PT-115,2026-10-08T18:20:00,44,22.9,10.5,7.5,1,137.0,73.1,49.7,6.8,4912,139.2,72.7,50.4,6.8,13.4,141.9,142.67,142.06,141.07,2.87,-3.6,-4.7,-18.8,14.4,2.2,-0.4,0.7,0.0,0,0,1,0,2,1,0,10.33,0,0,0,0
PT-115,2026-10-08T18:25:00,44,22.9,10.5,7.5,1,137.0,73.1,49.7,6.8,4912,142.8,76.7,49.2,6.8,7.8,141.0,142.33,141.99,141.22,2.84,-4.0,-0.8,-7.2,18.8,5.8,3.6,-0.5,0.0,0,0,1,0,2,1,0,10.42,0,0,0,0
PT-115,2026-10-08T18:30:00,44,22.9,10.5,7.5,1,137.0,73.1,49.7,6.8,4912,140.0,70.6,47.4,6.8,16.5,140.67,141.5,142.18,141.17,2.61,-10.0,2.2,-28.4,12.4,3.0,-2.5,-2.3,0.0,0,0,1,0,2,1,0,10.5,0,0,0,0
PT-115,2026-10-08T18:35:00,44,22.9,10.5,7.5,1,137.0,73.1,49.7,6.8,4912,135.9,72.9,48.2,6.8,12.1,139.57,140.73,142.0,141.02,2.96,-9.2,-2.1,-14.2,-0.4,-1.1,-0.2,-1.5,0.0,0,0,1,0,2,1,0,10.58,0,0,0,0
PT-115,2026-10-08T18:40:00,44,22.9,10.5,7.5,1,137.0,73.1,49.7,6.8,4912,139.6,74.1,48.8,6.8,11.9,138.5,139.75,141.74,141.26,3.03,-11.8,-3.1,-0.4,-4.4,2.6,1.0,-0.9,0.0,0,0,1,0,2,1,0,10.67,0,0,0,0
PT-115,2026-10-08T18:45:00,44,22.9,10.5,7.5,1,137.0,73.1,49.7,6.8,4912,141.9,76.2,50.0,6.8,9.7,139.13,139.9,141.43,141.24,2.78,1.8,-3.7,-2.6,1.4,4.9,3.1,0.3,0.0,0,0,1,0,2,1,0,10.75,0,0,0,0
PT-115,2026-10-08T18:50:00,44,22.9,10.5,7.5,1,137.0,73.1,49.7,6.8,4912,138.4,78.8,47.7,6.8,16.3,139.97,139.77,141.22,141.24,2.91,-1.6,-2.6,12.2,-5.4,1.4,5.7,-2.0,0.0,0,0,1,0,2,1,0,10.83,0,0,0,0
PT-115,2026-10-08T18:55:00,44,22.9,10.5,7.5,1,137.0,73.1,49.7,6.8,4912,137.7,75.8,49.3,6.8,9.4,139.33,138.92,140.62,141.05,2.84,-10.2,-7.1,-1.8,0.2,0.7,2.7,-0.4,0.0,0,0,1,0,2,1,0,10.92,0,0,0,0
PT-115,2026-10-08T19:00:00,44,22.9,10.5,7.5,1,137.0,73.1,49.7,6.8,4912,144.1,75.5,47.5,6.8,5.2,140.07,139.6,140.55,141.35,2.72,8.2,-0.9,9.8,0.2,7.1,2.4,-2.2,0.0,0,0,1,0,2,1,0,11.0,0,0,0,0
PT-115,2026-10-08T19:05:00,44,22.9,10.5,7.5,1,137.0,73.1,49.7,6.8,4912,139.9,75.8,51.7,6.8,18.2,140.57,140.27,140.5,141.38,2.73,8.0,-0.6,5.8,7.0,2.9,2.7,2.0,0.0,0,0,1,0,2,1,0,11.08,0,0,0,0
PT-115,2026-10-08T19:10:00,44,22.9,10.5,7.5,1,137.0,73.1,49.7,6.8,4912,137.2,73.4,47.3,6.8,16.6,140.4,139.87,139.81,141.13,2.38,-4.8,-8.3,-1.4,-3.0,0.2,0.3,-2.4,0.0,0,0,1,0,2,1,0,11.17,0,0,0,0
PT-115,2026-10-08T19:15:00,44,22.9,10.5,7.5,1,137.0,73.1,49.7,6.8,4912,140.8,71.4,49.8,6.8,23.8,139.3,139.68,139.79,141.12,2.37,-2.2,-0.2,-9.6,-0.4,3.8,-1.7,0.1,0.0,0,0,1,0,2,1,0,11.25,0,0,0,0
PT-115,2026-10-08T19:20:00,44,22.9,10.5,7.5,1,137.0,73.1,49.7,6.8,4912,138.5,73.9,47.9,6.8,11.1,138.83,139.7,139.73,140.9,2.39,0.2,-0.7,-9.8,0.4,1.5,0.8,-1.8,0.0,0,0,1,0,2,1,0,11.33,0,0,0,0
PT-115,2026-10-08T19:25:00,44,22.9,10.5,7.5,1,137.0,73.1,49.7,6.8,4912,137.1,74.7,48.0,6.8,18.0,138.8,139.6,139.26,140.62,2.29,-1.2,-5.7,-2.2,-2.6,0.1,1.6,-1.7,0.0,0,0,1,0,2,1,0,11.42,0,0,0,0
PT-115,2026-10-08T19:30:00,44,22.9,10.5,7.5,1,137.0,73.1,49.7,6.8,4912,140.7,74.0,48.0,6.8,24.2,138.77,139.03,139.32,140.75,2.32,-6.8,0.7,-3.0,1.0,3.7,0.9,-1.7,0.0,0,0,1,0,2,1,0,11.5,0,0,0,0
PT-115,2026-10-08T19:35:00,44,22.9,10.5,7.5,1,137.0,73.1,49.7,6.8,4912,136.8,74.3,52.5,6.8,6.9,138.2,138.52,139.39,140.7,2.21,-6.2,0.9,-3.0,1.6,-0.2,1.2,2.8,0.0,0,0,1,0,2,1,0,11.58,0,0,0,0
PT-115,2026-10-08T19:40:00,44,22.9,10.5,7.5,1,137.0,73.1,49.7,6.8,4912,139.4,73.0,45.3,6.8,13.5,138.97,138.88,139.38,140.56,2.21,4.4,-0.2,-0.8,-4.0,2.4,-0.1,-4.4,0.0,0,0,1,0,2,1,0,11.67,0,0,0,0
PT-115,2026-10-08T19:45:00,44,22.9,10.5,7.5,1,137.0,73.1,49.7,6.8,4912,130.5,72.1,45.9,6.8,7.0,135.57,137.17,138.43,139.93,3.24,-20.6,-11.4,1.4,-7.8,-6.5,-1.0,-3.8,0.0,0,0,1,0,2,1,0,11.75,0,0,0,0
PT-115,2026-10-08T19:50:00,44,22.9,10.5,7.5,1,137.0,73.1,49.7,6.8,4912,141.0,73.7,44.6,6.8,11.0,136.97,137.58,138.64,139.93,3.32,5.0,2.6,-0.4,-6.6,4.0,0.6,-5.1,0.0,0,0,1,0,2,1,0,11.83,0,0,0,0
PT-115,2026-10-08T19:55:00,44,22.9,10.5,7.5,1,137.0,73.1,49.7,6.8,4912,136.7,74.6,48.8,6.8,22.5,136.07,137.52,138.56,139.59,3.36,-0.8,-1.0,-0.2,1.6,-0.3,1.5,-0.9,0.0,0,0,1,0,2,1,0,11.92,0,0,0,0
PT-115,2026-10-08T20:00:00,44,22.9,10.5,7.5,1,137.0,73.1,49.7,6.8,4912,140.4,77.3,47.2,6.8,22.7,139.37,137.47,138.25,139.4,2.95,-0.6,-3.7,6.6,-1.6,3.4,4.2,-2.5,0.0,0,0,1,0,2,1,0,0.0,0,0,0,0
PT-115,2026-10-08T20:05:00,44,22.9,10.5,7.5,1,137.0,73.1,49.7,6.8,4912,139.1,73.1,53.2,6.8,15.1,138.73,137.85,138.18,139.34,2.92,4.6,-0.8,-2.4,1.4,2.1,0.0,3.5,0.0,0,0,1,0,2,1,0,0.08,0,0,0,0
PT-115,2026-10-08T20:10:00,44,22.9,10.5,7.5,1,137.0,73.1,49.7,6.8,4912,143.0,73.4,51.3,6.8,15.5,140.83,138.45,138.67,139.24,3.21,7.2,5.8,0.8,12.0,6.0,0.3,1.6,0.0,0,0,1,0,2,1,0,0.17,0,0,0,0
PT-115,2026-10-08T20:15:00,44,22.9,10.5,7.5,1,137.0,73.1,49.7,6.8,4912,140.7,72.4,51.6,6.8,21.3,140.93,140.15,138.66,139.22,3.2,20.4,-0.1,0.6,11.4,3.7,-0.7,1.9,0.0,0,0,1,0,2,1,0,0.25,0,0,0,0
PT-115,2026-10-08T20:20:00,44,22.9,10.5,7.5,1,137.0,73.1,49.7,6.8,4912,135.8,74.7,48.1,6.8,17.9,139.83,139.28,138.43,139.08,3.31,-10.4,-2.7,2.0,7.0,-1.2,1.6,-1.6,0.0,0,0,1,0,2,1,0,0.33,0,0,0,0
PT-115,2026-10-08T20:25:00,44,22.9,10.5,7.5,1,137.0,73.1,49.7,6.8,4912,136.3,76.5,42.1,6.8,24.9,137.6,139.22,138.37,138.81,3.34,-0.8,-0.8,3.8,-13.4,-0.7,3.4,-7.6,0.0,0,0,1,0,2,1,0,0.42,0,0,0,0
PT-115,2026-10-08T20:30:00,44,22.9,10.5,7.5,1,137.0,73.1,49.7,6.8,4912,134.1,72.9,50.5,6.8,24.7,135.4,138.17,137.82,138.57,3.47,-12.6,-6.6,-8.8,6.6,-2.9,-0.2,0.8,0.0,0,0,1,0,2,1,0,0.5,0,0,0,0
PT-115,2026-10-08T20:35:00,44,22.9,10.5,7.5,1,137.0,73.1,49.7,6.8,4912,133.7,70.0,45.7,6.8,12.9,134.7,137.27,137.56,138.48,3.66,-10.8,-3.1,-6.2,-15.0,-3.3,-3.1,-4.0,0.0,0,0,1,0,2,1,0,0.58,0,0,0,0
PT-115,2026-10-08T20:40:00,44,22.9,10.5,7.5,1,137.0,73.1,49.7,6.8,4912,137.7,71.3,49.4,6.8,7.8,135.17,136.38,137.42,138.4,3.61,-10.6,-1.7,-4.2,-3.8,0.7,-1.8,-0.3,0.0,0,0,1,0,2,1,0,0.67,0,0,0,0
PT-115,2026-10-08T20:45:00,44,22.9,10.5,7.5,1,137.0,73.1,49.7,6.8,4912,137.2,71.1,46.3,6.8,14.4,136.2,135.8,137.98,138.2,2.89,-7.0,6.7,-2.6,-10.6,0.2,-2.0,-3.4,0.0,0,0,1,0,2,1,0,0.75,0,0,0,0
PT-115,2026-10-08T20:50:00,44,22.9,10.5,7.5,1,137.0,73.1,49.7,6.8,4912,133.2,72.4,48.7,6.8,13.7,136.03,135.37,137.32,137.98,3.03,-5.2,-7.8,-4.6,1.2,-3.8,-0.7,-1.0,0.0,0,0,1,0,2,1,0,0.83,0,0,0,0
PT-115,2026-10-08T20:55:00,44,22.9,10.5,7.5,1,137.0,73.1,49.7,6.8,4912,128.0,74.8,51.6,6.8,9.1,132.8,133.98,136.6,137.58,4.06,-16.6,-8.7,-3.4,19.0,-9.0,1.7,1.9,0.0,0,0,1,0,2,1,0,0.92,0,0,0,0
PT-115,2026-10-08T21:00:00,44,22.9,10.5,7.5,1,137.0,73.1,49.7,6.8,4912,135.9,71.5,50.2,6.8,8.0,132.37,134.28,136.22,137.24,3.88,3.6,-4.5,-2.8,-0.6,-1.1,-1.6,0.5,0.0,0,0,1,0,2,1,0,1.0,0,0,0,0
PT-115,2026-10-08T21:05:00,44,22.9,10.5,7.5,1,137.0,73.1,49.7,6.8,4912,137.8,74.2,46.2,6.8,13.5,133.9,134.97,136.12,137.15,3.81,8.2,-1.3,8.4,1.0,0.8,1.1,-3.5,0.0,0,0,1,0,2,1,0,1.08,0,0,0,0
PT-115,2026-10-08T21:10:00,44,22.9,10.5,7.5,1,137.0,73.1,49.7,6.8,4912,129.6,75.5,50.2,6.8,22.5,134.43,133.62,135.0,136.83,3.56,-16.2,-13.4,8.4,1.6,-7.4,2.4,0.5,0.0,0,0,1,0,2,1,0,1.17,0,0,0,0
PT-115,2026-10-08T21:15:00,44,22.9,10.5,7.5,1,137.0,73.1,49.7,6.8,4912,130.7,69.2,51.7,6.8,7.6,132.7,132.53,134.17,136.41,3.26,-13.0,-10.0,-3.8,10.8,-6.3,-3.9,2.0,0.0,0,0,1,0,2,1,0,1.25,0,0,0,0
PT-115,2026-10-08T21:20:00,44,22.9,10.5,7.5,1,137.0,73.1,49.7,6.8,4912,130.1,70.8,47.2,6.8,13.6,130.13,132.02,133.69,136.06,3.42,-6.2,-5.7,-3.2,-3.0,-6.9,-2.3,-2.5,0.0,0,0,1,0,2,1,0,1.33,0,0,0,0
PT-115,2026-10-08T21:25:00,44,22.9,10.5,7.5,1,137.0,73.1,49.7,6.8,4912,130.7,73.1,43.9,6.8,5.2,130.5,132.47,133.22,135.8,3.41,5.4,-5.6,-3.4,-15.4,-6.3,0.0,-5.8,0.0,0,0,1,0,2,1,0,1.42,0,0,0,0
PT-115,2026-10-08T21:30:00,44,22.9,10.5,7.5,1,137.0,73.1,49.7,6.8,4912,136.9,71.5,48.6,6.8,17.5,132.57,132.63,133.46,135.64,3.57,2.0,2.8,0.0,-3.2,-0.1,-1.6,-1.1,0.0,0,0,1,0,2,1,0,1.5,0,0,0,0
PT-115,2026-10-08T21:35:00,44,22.9,10.5,7.5,1,137.0,73.1,49.7,6.8,4912,135.8,71.5,46.6,6.8,6.7,134.47,132.3,133.63,135.6,3.63,-4.0,2.1,-5.4,0.8,-1.2,-1.6,-3.1,0.0,0,0,1,0,2,1,0,1.58,0,0,0,0
PT-115,2026-10-08T21:40:00,44,22.9,10.5,7.5,1,137.0,73.1,49.7,6.8,4912,126.4,73.3,45.3,6.8,12.1,133.03,131.77,132.69,135.05,3.93,-6.4,-11.3,-4.4,-9.8,-10.6,0.2,-4.4,0.0,0,0,1,0,2,1,0,1.67,0,0,0,0
PT-115,2026-10-08T21:45:00,44,22.9,10.5,7.5,1,137.0,73.1,49.7,6.8,4912,128.6,71.0,49.5,6.8,13.9,130.27,131.42,131.98,134.98,3.82,-4.2,-8.6,3.6,-4.4,-8.4,-2.1,-0.2,0.0,0,0,1,0,2,1,0,1.75,0,0,0,0
PT-115,2026-10-08T21:50:00,44,22.9,10.5,7.5,1,137.0,73.1,49.7,6.8,4912,135.6,70.9,52.4,6.8,23.8,130.2,132.33,132.17,134.75,3.95,11.0,2.4,0.2,10.4,-1.4,-2.2,2.7,0.0,0,0,1,0,2,1,0,1.83,0,0,0,0
PT-115,2026-10-08T21:55:00,44,22.9,10.5,7.5,1,137.0,73.1,49.7,6.8,4912,132.0,70.3,47.0,6.8,17.8,132.07,132.55,132.51,134.55,3.73,2.6,4.0,-5.6,6.2,-5.0,-2.8,-2.7,0.0,0,0,1,0,2,1,0,1.92,0,0,0,0
PT-116,2026-10-08T08:00:00,46,33.8,3.4,7.0,0,126.4,68.9,47.7,7.3,5721,127.1,71.9,42.4,7.3,22.9,127.1,127.1,127.1,127.1,0.0,0.0,0.0,0.0,0.0,0.7,3.0,-5.3,0.0,1,0,0,0,3,1,0,0.0,0,0,0,0
PT-116,2026-10-08T08:05:00,46,33.8,3.4,7.0,0,126.4,68.9,47.7,7.3,5721,125.0,72.4,43.6,7.3,23.3,126.05,126.05,126.05,126.05,1.48,0.0,0.0,0.0,0.0,-1.4,3.5,-4.1,0.0,1,0,0,0,3,1,0,0.08,0,0,0,0
PT-116,2026-10-08T08:10:00,46,33.8,3.4,7.0,0,126.4,68.9,47.7,7.3,5721,119.0,74.6,45.2,7.3,21.0,123.7,123.7,123.7,123.7,4.2,0.0,0.0,0.0,0.0,-7.4,5.7,-2.5,0.0,1,0,0,0,3,1,0,0.17,0,0,0,0
PT-116,2026-10-08T08:15:00,46,33.8,3.4,7.0,0,126.4,68.9,47.7,7.3,5721,128.0,72.1,45.5,7.3,24.6,124.0,124.78,124.78,124.78,4.05,0.0,0.0,0.0,0.0,1.6,3.2,-2.2,0.0,1,0,0,0,3,1,0,0.25,0,0,0,0
PT-116,2026-10-08T08:20:00,46,33.8,3.4,7.0,0,126.4,68.9,47.7,7.3,5721,131.3,71.7,44.2,7.3,17.2,126.1,126.08,126.08,126.08,4.56,0.0,0.0,0.0,0.0,4.9,2.8,-3.5,0.0,1,0,0,0,3,1,0,0.33,0,0,0,0
PT-116,2026-10-08T08:25:00,46,33.8,3.4,7.0,0,126.4,68.9,47.7,7.3,5721,129.1,75.9,43.4,7.3,12.4,129.47,126.58,126.58,126.58,4.26,0.0,0.0,0.0,0.0,2.7,7.0,-4.3,0.0,1,0,0,0,3,1,0,0.42,0,0,0,0
PT-116,2026-10-08T08:30:00,46,33.8,3.4,7.0,0,126.4,68.9,47.7,7.3,5721,129.6,79.5,39.5,7.3,57.1,130.0,127.0,127.01,127.01,4.06,5.0,0.0,15.2,-5.8,3.2,10.6,-8.2,0.0,1,0,0,0,3,1,0,0.5,0,0,0,0
PT-116,2026-10-08T08:35:00,46,33.8,3.4,7.0,0,126.4,68.9,47.7,7.3,5721,129.0,80.9,39.8,7.3,61.6,129.23,127.67,127.26,127.26,3.82,8.0,0.0,17.0,-7.6,2.6,12.0,-7.9,0.0,1,0,0,0,3,1,0,0.58,0,0,0,0
PT-116,2026-10-08T08:40:00,46,33.8,3.4,7.0,0,126.4,68.9,47.7,7.3,5721,125.4,87.7,35.6,7.3,73.7,128.0,128.73,127.06,127.06,3.63,12.8,0.0,26.2,-19.2,-1.0,18.8,-12.1,0.0,1,0,0,0,3,1,0,0.67,0,0,0,0
PT-116,2026-10-08T08:45:00,46,33.8,3.4,7.0,0,126.4,68.9,47.7,7.3,5721,126.2,79.0,43.9,7.3,50.1,126.87,128.43,126.97,126.97,3.43,-3.6,0.0,13.8,-3.2,-0.2,10.1,-3.8,0.0,1,0,0,0,3,1,0,0.75,0,0,0,0
PT-116,2026-10-08T08:50:00,46,33.8,3.4,7.0,0,126.4,68.9,47.7,7.3,5721,123.8,79.5,40.9,7.3,53.6,125.13,127.18,126.68,126.68,3.39,-15.0,0.0,15.6,-6.6,-2.6,10.6,-6.8,0.0,1,0,0,0,3,1,0,0.83,0,0,0,0
PT-116,2026-10-08T08:55:00,46,33.8,3.4,7.0,0,126.4,68.9,47.7,7.3,5721,125.7,86.4,37.6,7.3,71.8,125.23,126.62,126.6,126.6,3.25,-6.8,0.0,21.0,-11.6,-0.7,17.5,-10.1,0.0,1,0,0,0,3,1,0,0.92,0,0,0,0
PT-116,2026-10-08T09:00:00,46,33.8,3.4,7.0,0,126.4,68.9,47.7,7.3,5721,130.0,78.5,43.8,7.3,46.8,126.5,126.68,126.84,126.86,3.39,0.8,2.9,-2.0,8.6,3.6,9.6,-3.9,0.0,1,0,0,0,3,1,0,1.0,0,0,0,0
PT-116,2026-10-08T09:05:00,46,33.8,3.4,7.0,0,126.4,68.9,47.7,7.3,5721,123.8,80.3,33.2,7.3,71.8,126.5,125.82,126.74,126.64,3.47,-10.4,-1.2,-1.2,-13.2,-2.6,11.4,-14.5,0.0,1,0,0,0,3,1,0,1.08,0,0,0,0
PT-116,2026-10-08T09:10:00,46,33.8,3.4,7.0,0,126.4,68.9,47.7,7.3,5721,133.1,78.1,42.2,7.3,47.7,128.97,127.1,127.92,127.07,2.96,15.4,14.1,-19.2,13.2,6.7,9.2,-5.5,0.0,1,0,0,0,3,1,0,1.17,0,0,0,0
PT-116,2026-10-08T09:15:00,46,33.8,3.4,7.0,0,126.4,68.9,47.7,7.3,5721,134.6,78.3,39.1,7.3,70.2,130.5,128.5,128.47,127.54,3.53,16.8,6.6,-1.4,-9.6,8.2,9.4,-8.6,0.0,1,0,0,0,3,1,0,1.25,0,0,0,0
PT-116,2026-10-08T09:20:00,46,33.8,3.4,7.0,0,126.4,68.9,47.7,7.3,5721,130.0,80.7,38.3,7.3,67.2,132.57,129.53,128.36,127.69,3.46,12.4,-1.3,2.4,-5.2,3.6,11.8,-9.4,0.0,1,0,0,0,3,1,0,1.33,0,0,0,0
PT-116,2026-10-08T09:25:00,46,33.8,3.4,7.0,0,126.4,68.9,47.7,7.3,5721,121.9,78.2,39.8,7.3,63.5,128.83,128.9,127.76,127.37,3.91,-7.6,-7.2,-16.4,4.4,-4.5,9.3,-7.9,0.0,1,0,0,0,3,1,0,1.42,0,0,0,0
PT-116,2026-10-08T09:30:00,46,33.8,3.4,7.0,0,126.4,68.9,47.7,7.3,5721,130.8,79.1,42.7,7.3,73.9,127.57,129.03,127.86,127.55,3.98,1.6,1.2,1.2,-2.2,4.4,10.2,-5.0,0.0,1,0,0,0,3,1,0,1.5,0,0,0,0
PT-116,2026-10-08T09:35:00,46,33.8,3.4,7.0,0,126.4,68.9,47.7,7.3,5721,129.5,70.7,46.1,7.3,8.9,127.4,129.98,127.9,127.65,3.99,11.4,0.5,-19.2,25.8,3.1,1.8,-1.6,0.0,1,0,0,0,3,1,0,1.58,0,0,0,0
PT-116,2026-10-08T09:40:00,46,33.8,3.4,7.0,0,126.4,68.9,47.7,7.3,5721,125.0,76.9,43.9,7.3,13.8,128.43,128.63,127.87,127.52,4.02,-16.2,-0.4,-2.4,3.4,-1.4,8.0,-3.8,0.0,1,0,0,0,3,1,0,1.67,0,0,0,0
PT-116,2026-10-08T09:45:00,46,33.8,3.4,7.0,0,126.4,68.9,47.7,7.3,5721,132.7,74.3,42.8,7.3,17.1,129.07,128.32,128.41,127.75,4.21,-3.8,6.5,-8.0,7.4,6.3,5.4,-4.9,0.0,1,0,0,0,3,1,0,1.75,0,0,0,0
PT-116,2026-10-08T09:50:00,46,33.8,3.4,7.0,0,126.4,68.9,47.7,7.3,5721,130.9,75.5,45.2,7.3,17.6,129.53,128.47,129.0,127.89,3.99,1.8,7.1,-10.4,13.8,4.5,6.6,-2.5,0.0,1,0,0,0,3,1,0,1.83,0,0,0,0
PT-116,2026-10-08T09:55:00,46,33.8,3.4,7.0,0,126.4,68.9,47.7,7.3,5721,130.8,78.3,44.4,7.3,6.5,131.47,129.95,129.42,128.01,3.88,17.8,5.1,0.2,9.2,4.4,9.4,-3.3,0.0,1,0,0,0,3,1,0,1.92,0,0,0,0
PT-116,2026-10-08T10:00:00,46,33.8,3.4,7.0,0,126.4,68.9,47.7,7.3,5721,127.5,80.5,45.2,7.3,17.1,129.73,129.4,129.22,128.03,3.91,-6.6,-2.5,2.8,5.0,1.1,11.6,-2.5,0.0,1,0,0,0,3,1,0,2.0,0,0,0,0
PT-116,2026-10-08T10:05:00,46,33.8,3.4,7.0,0,126.4,68.9,47.7,7.3,5721,132.0,71.1,43.8,7.3,14.1,130.1,129.82,129.9,128.32,3.58,5.0,8.2,0.8,-4.6,5.6,2.2,-3.9,0.0,1,0,0,0,3,1,0,2.08,0,0,0,0
PT-116,2026-10-08T10:10:00,46,33.8,3.4,7.0,0,126.4,68.9,47.7,7.3,5721,130.3,76.6,49.8,7.3,11.3,129.93,130.7,129.67,128.79,3.44,10.6,-2.8,-0.6,11.8,3.9,7.7,2.1,0.0,1,0,0,0,3,1,0,2.17,0,0,0,0
PT-116,2026-10-08T10:15:00,46,33.8,3.4,7.0,0,126.4,68.9,47.7,7.3,5721,126.3,73.4,42.9,7.3,8.3,129.53,129.63,128.98,128.72,3.19,-12.8,-8.3,-1.8,0.2,-0.1,4.5,-4.8,0.0,1,0,0,0,3,1,0,2.25,0,0,0,0
PT-116,2026-10-08T10:20:00,46,33.8,3.4,7.0,0,126.4,68.9,47.7,7.3,5721,134.8,75.3,42.6,7.3,15.0,130.47,130.28,129.38,128.87,3.6,7.8,4.8,-0.4,-5.2,8.4,6.4,-5.1,0.0,1,0,0,0,3,1,0,2.33,0,0,0,0
PT-116,2026-10-08T10:25:00,46,33.8,3.4,7.0,0,126.4,68.9,47.7,7.3,5721,134.0,78.3,46.8,7.3,24.8,131.7,130.82,130.38,129.07,2.95,6.4,12.1,0.0,4.8,7.6,9.4,-0.9,0.0,1,0,0,0,3,1,0,2.42,0,0,0,0
PT-116,2026-10-08T10:30:00,46,33.8,3.4,7.0,0,126.4,68.9,47.7,7.3,5721,136.5,75.4,50.8,7.3,14.9,135.1,132.32,130.86,129.36,3.44,18.0,5.7,-10.2,11.2,10.1,6.5,3.1,0.0,1,0,0,0,3,1,0,2.5,0,0,0,0
PT-116,2026-10-08T10:35:00,46,33.8,3.4,7.0,0,126.4,68.9,47.7,7.3,5721,135.1,72.0,44.7,7.3,6.4,135.2,132.83,131.33,129.61,3.62,6.2,5.6,1.8,1.8,8.7,3.1,-3.0,0.0,1,0,0,0,3,1,0,2.58,0,0,0,0
PT-116,2026-10-08T10:40:00,46,33.8,3.4,7.0,0,126.4,68.9,47.7,7.3,5721,138.6,75.4,43.1,7.3,9.7,136.73,134.22,132.46,130.16,3.59,16.6,13.6,-2.4,-13.4,12.2,6.5,-4.6,0.0,1,0,0,0,3,1,0,2.67,0,0,0,0
PT-116,2026-10-08T10:45:00,46,33.8,3.4,7.0,0,126.4,68.9,47.7,7.3,5721,130.6,74.1,48.9,7.3,19.7,134.77,134.93,132.28,130.35,3.62,8.6,-2.1,1.4,12.0,4.2,5.2,1.2,0.0,1,0,0,0,3,1,0,2.75,0,0,0,0
PT-116,2026-10-08T10:50:00,46,33.8,3.4,7.0,0,126.4,68.9,47.7,7.3,5721,127.4,77.1,48.1,7.3,7.7,132.2,133.7,131.99,130.5,3.88,-14.8,-3.5,3.6,11.0,1.0,8.2,0.4,0.0,1,0,0,0,3,1,0,2.83,0,0,0,0
PT-116,2026-10-08T10:55:00,46,33.8,3.4,7.0,0,126.4,68.9,47.7,7.3,5721,130.0,76.8,44.9,7.3,24.0,129.33,133.03,131.92,130.68,3.91,-8.0,-0.8,-3.0,-3.8,3.6,7.9,-2.8,0.0,1,0,0,0,3,1,0,2.92,0,0,0,0
PT-116,2026-10-08T11:00:00,46,33.8,3.4,7.0,0,126.4,68.9,47.7,7.3,5721,132.1,73.2,42.7,7.3,12.3,129.83,132.3,132.31,130.76,3.65,-8.8,4.6,-4.4,-16.2,5.7,4.3,-5.0,0.0,1,0,0,0,3,1,0,3.0,0,0,0,0
PT-116,2026-10-08T11:05:00,46,33.8,3.4,7.0,0,126.4,68.9,47.7,7.3,5721,125.2,78.5,43.4,7.3,7.0,129.1,130.65,131.74,130.82,4.19,-19.8,-6.8,13.0,-2.6,-1.2,9.6,-4.3,0.0,1,0,0,0,3,1,0,3.08,0,0,0,0
PT-116,2026-10-08T11:10:00,46,33.8,3.4,7.0,0,126.4,68.9,47.7,7.3,5721,128.3,76.3,45.4,7.3,18.1,128.53,128.93,131.58,130.62,4.29,-20.6,-2.0,1.8,4.6,1.9,7.4,-2.3,0.0,1,0,0,0,3,1,0,3.17,0,0,0,0
PT-116,2026-10-08T11:15:00,46,33.8,3.4,7.0,0,126.4,68.9,47.7,7.3,5721,137.9,78.4,47.5,7.3,19.7,130.47,130.15,132.54,130.76,4.3,14.6,11.6,8.6,-2.8,11.5,9.5,-0.2,0.0,1,0,0,0,3,1,0,3.25,0,0,0,0
PT-116,2026-10-08T11:20:00,46,33.8,3.4,7.0,0,126.4,68.9,47.7,7.3,5721,129.9,72.0,47.3,7.3,21.6,132.03,130.57,132.13,130.75,4.3,5.0,-4.9,-10.2,-1.6,3.5,3.1,-0.4,0.0,1,0,0,0,3,1,0,3.33,0,0,0,0
PT-116,2026-10-08T11:25:00,46,33.8,3.4,7.0,0,126.4,68.9,47.7,7.3,5721,136.4,79.6,39.4,7.3,22.2,134.73,131.63,132.33,131.36,4.45,12.8,2.4,5.6,-11.0,10.0,10.7,-8.3,0.0,1,0,0,0,3,1,0,3.42,0,0,0,0
PT-116,2026-10-08T11:30:00,46,33.8,3.4,7.0,0,126.4,68.9,47.7,7.3,5721,139.6,74.7,41.3,7.3,18.9,135.3,132.88,132.59,131.72,4.79,15.0,3.1,3.0,-2.8,13.2,5.8,-6.4,0.0,1,0,0,0,3,1,0,3.5,0,0,0,0
PT-116,2026-10-08T11:35:00,46,33.8,3.4,7.0,0,126.4,68.9,47.7,7.3,5721,132.4,74.7,46.8,7.3,10.6,136.13,134.08,132.37,131.85,4.72,14.4,-2.7,-7.6,6.8,6.0,5.8,-0.9,0.0,1,0,0,0,3,1,0,3.58,0,0,0,0
PT-116,2026-10-08T11:40:00,46,33.8,3.4,7.0,0,126.4,68.9,47.7,7.3,5721,131.1,77.5,44.5,7.3,17.5,134.37,134.55,131.74,132.1,4.3,5.6,-7.5,2.4,-1.8,4.7,8.6,-3.2,0.0,1,0,0,0,3,1,0,3.67,0,0,0,0
PT-116,2026-10-08T11:45:00,46,33.8,3.4,7.0,0,126.4,68.9,47.7,7.3,5721,128.6,76.4,45.3,7.3,11.4,130.7,133.0,131.58,131.93,4.39,-18.6,-2.0,-4.0,-4.4,2.2,7.5,-2.4,0.0,1,0,0,0,3,1,0,3.75,0,0,0,0
PT-116,2026-10-08T11:50:00,46,33.8,3.4,7.0,0,126.4,68.9,47.7,7.3,5721,133.1,74.8,43.4,7.3,9.1,130.93,133.53,132.05,132.02,4.2,6.4,5.7,5.6,-7.8,6.7,5.9,-4.3,0.0,1,0,0,0,3,1,0,3.83,0,0,0,0
PT-116,2026-10-08T11:55:00,46,33.8,3.4,7.0,0,126.4,68.9,47.7,7.3,5721,134.4,77.4,40.5,7.3,21.4,132.03,133.2,132.42,132.17,4.2,-4.0,4.4,-4.4,2.2,8.0,8.5,-7.2,0.0,1,0,0,0,3,1,0,3.92,0,0,0,0
PT-116,2026-10-08T12:00:00,46,33.8,3.4,7.0,0,126.4,68.9,47.7,7.3,5721,133.9,78.1,43.0,7.3,15.7,133.8,132.25,132.57,132.44,4.22,-11.4,1.8,6.8,3.4,7.5,9.2,-4.7,0.0,0,1,0,0,3,1,0,4.0,0,0,0,0
PT-116,2026-10-08T12:05:00,46,33.8,3.4,7.0,0,126.4,68.9,47.7,7.3,5721,137.9,77.9,40.7,7.3,16.2,135.4,133.17,133.62,132.68,3.77,11.0,12.7,6.4,-12.2,11.5,9.0,-7.0,0.0,0,1,0,0,3,1,0,4.08,0,0,0,0
PT-116,2026-10-08T12:10:00,46,33.8,3.4,7.0,0,126.4,68.9,47.7,7.3,5721,131.4,72.9,43.7,7.3,22.0,134.4,133.22,133.88,132.73,3.46,0.6,3.1,-9.2,-1.6,5.0,4.0,-4.0,0.0,0,1,0,0,3,1,0,4.17,0,0,0,0
PT-116,2026-10-08T12:15:00,46,33.8,3.4,7.0,0,126.4,68.9,47.7,7.3,5721,129.2,78.3,46.8,7.3,15.7,132.83,133.32,133.16,132.85,3.46,1.2,-8.7,3.8,3.0,2.8,9.4,-0.9,0.0,0,1,0,0,3,1,0,4.25,0,0,0,0
PT-116,2026-10-08T12:20:00,46,33.8,3.4,7.0,0,126.4,68.9,47.7,7.3,5721,131.7,72.8,46.8,7.3,11.4,130.77,133.08,133.31,132.72,3.34,-2.8,1.8,-4.0,6.8,5.3,3.9,-0.9,0.0,0,1,0,0,3,1,0,4.33,0,0,0,0
PT-116,2026-10-08T12:25:00,46,33.8,3.4,7.0,0,126.4,68.9,47.7,7.3,5721,131.0,73.9,42.4,7.3,16.5,130.63,132.52,132.86,132.6,3.25,-6.8,-5.4,-7.0,3.8,4.6,5.0,-5.3,0.0,0,1,0,0,3,1,0,4.42,0,0,0,0
PT-116,2026-10-08T12:30:00,46,33.8,3.4,7.0,0,126.4,68.9,47.7,7.3,5721,141.8,75.8,45.2,7.3,19.5,134.83,133.83,133.04,132.82,3.7,15.8,2.2,-4.6,4.4,15.4,6.9,-2.5,0.0,0,1,0,0,3,1,0,4.5,0,0,0,0
PT-116,2026-10-08T12:35:00,46,33.8,3.4,7.0,0,126.4,68.9,47.7,7.3,5721,132.1,74.9,44.2,7.3,16.6,134.97,132.87,133.02,132.69,3.7,-11.6,-0.3,-6.0,7.0,5.7,6.0,-3.5,0.0,0,1,0,0,3,1,0,4.58,0,0,0,0
PT-116,2026-10-08T12:40:00,46,33.8,3.4,7.0,0,126.4,68.9,47.7,7.3,5721,128.0,78.7,46.8,7.3,21.9,133.97,132.3,132.76,132.25,3.95,-6.8,-3.1,11.6,6.2,1.6,9.8,-0.9,0.0,0,1,0,0,3,1,0,4.67,0,0,0,0
PT-116,2026-10-08T12:45:00,46,33.8,3.4,7.0,0,126.4,68.9,47.7,7.3,5721,131.6,75.0,47.2,7.3,9.3,130.57,132.7,133.01,132.29,3.75,4.8,3.0,-6.6,0.8,5.2,6.1,-0.5,0.0,0,1,0,0,3,1,0,4.75,0,0,0,0
PT-116,2026-10-08T12:50:00,46,33.8,3.4,7.0,0,126.4,68.9,47.7,7.3,5721,136.9,79.2,44.6,7.3,22.8,132.17,133.57,133.33,132.69,3.92,10.4,3.8,12.8,-4.4,10.5,10.3,-3.1,0.0,0,1,0,0,3,1,0,4.83,0,0,0,0
PT-116,2026-10-08T12:55:00,46,33.8,3.4,7.0,0,126.4,68.9,47.7,7.3,5721,131.2,79.4,49.8,7.3,20.0,133.23,133.6,133.06,132.74,3.94,0.4,-3.2,11.0,14.8,4.8,10.5,2.1,0.0,0,1,0,0,3,1,0,4.92,0,0,0,0
PT-116,2026-10-08T13:00:00,46,33.8,3.4,7.0,0,126.4,68.9,47.7,7.3,5721,128.4,74.1,47.4,7.3,15.5,132.17,131.37,132.6,132.58,4.15,-26.8,-5.5,-3.4,4.4,2.0,5.2,-0.3,0.0,0,1,0,0,3,1,0,5.0,0,0,0,0
PT-116,2026-10-08T13:05:00,46,33.8,3.4,7.0,0,126.4,68.9,47.7,7.3,5721,134.9,74.9,42.3,7.3,22.5,131.5,131.83,132.35,132.99,3.89,5.6,-3.0,0.0,-3.8,8.5,6.0,-5.4,0.0,0,1,0,0,3,1,0,5.08,0,0,0,0
PT-116,2026-10-08T13:10:00,46,33.8,3.4,7.0,0,126.4,68.9,47.7,7.3,5721,134.0,75.4,44.9,7.3,30.7,132.43,132.83,132.57,133.22,3.9,12.0,2.6,-6.6,-3.8,7.6,6.5,-2.8,0.0,0,1,0,0,3,1,0,5.17,0,0,0,0
PT-116,2026-10-08T13:15:00,46,33.8,3.4,7.0,0,126.4,68.9,47.7,7.3,5721,133.8,75.5,47.3,7.3,34.9,134.23,133.2,132.95,133.05,3.76,4.4,4.6,1.0,0.2,7.4,6.6,-0.4,0.0,0,1,0,0,3,1,0,5.25,0,0,0,0
PT-116,2026-10-08T13:20:00,46,33.8,3.4,7.0,0,126.4,68.9,47.7,7.3,5721,127.7,74.3,41.3,7.3,22.1,131.83,131.67,132.62,132.96,4.05,-18.4,-4.0,-9.8,-6.6,1.3,5.4,-6.4,0.0,0,1,0,0,3,1,0,5.33,0,0,0,0
PT-116,2026-10-08T13:25:00,46,33.8,3.4,7.0,0,126.4,68.9,47.7,7.3,5721,135.3,77.5,42.2,7.3,27.1,132.27,132.35,132.98,132.92,4.08,8.2,4.3,-3.8,-15.2,8.9,8.6,-5.5,0.0,0,1,0,0,3,1,0,5.42,0,0,0,0
PT-116,2026-10-08T13:30:00,46,33.8,3.4,7.0,0,126.4,68.9,47.7,7.3,5721,132.8,77.4,44.3,7.3,29.5,131.93,133.08,132.22,132.63,3.0,8.8,-9.0,6.6,-6.2,6.4,8.5,-3.4,0.0,0,1,0,0,3,1,0,5.5,0,0,0,0
PT-116,2026-10-08T13:35:00,46,33.8,3.4,7.0,0,126.4,68.9,47.7,7.3,5721,131.6,74.1,39.3,7.3,21.3,133.23,132.53,132.18,132.6,3.0,-6.6,-0.5,-1.6,-6.0,5.2,5.2,-8.4,0.0,0,1,0,0,3,1,0,5.58,0,0,0,0
PT-116,2026-10-08T13:40:00,46,33.8,3.4,7.0,0,126.4,68.9,47.7,7.3,5721,135.0,77.7,44.2,7.3,33.9,133.13,132.7,132.77,132.76,2.79,2.0,7.0,4.6,-1.4,8.6,8.8,-3.5,0.0,0,1,0,0,3,1,0,5.67,0,0,0,0
PT-116,2026-10-08T13:45:00,46,33.8,3.4,7.0,0,126.4,68.9,47.7,7.3,5721,126.6,78.7,44.3,7.3,32.3,131.07,131.5,132.35,132.68,3.3,-14.4,-5.0,6.4,-6.0,0.2,9.8,-3.4,0.0,0,1,0,0,3,1,0,5.75,0,0,0,0
PT-116,2026-10-08T13:50:00,46,33.8,3.4,7.0,0,126.4,68.9,47.7,7.3,5721,141.2,75.2,45.4,7.3,25.2,134.27,133.75,132.71,133.02,4.0,27.0,4.3,1.8,8.2,14.8,6.3,-2.3,0.0,0,1,0,0,3,1,0,5.83,0,0,0,0
PT-116,2026-10-08T13:55:00,46,33.8,3.4,7.0,0,126.4,68.9,47.7,7.3,5721,128.8,74.8,48.5,7.3,22.9,132.2,132.67,132.51,132.78,4.14,-13.0,-2.4,-5.4,12.6,2.4,5.9,0.8,0.0,0,1,0,0,3,1,0,5.92,0,0,0,0
PT-116,2026-10-08T14:00:00,46,33.8,3.4,7.0,0,126.4,68.9,47.7,7.3,5721,137.2,72.7,50.1,7.3,24.1,135.73,133.4,133.24,132.92,4.13,8.8,8.8,-9.4,11.6,10.8,3.8,2.4,0.0,0,1,0,0,3,1,0,6.0,0,0,0,0
PT-116,2026-10-08T14:05:00,46,33.8,3.4,7.0,0,126.4,68.9,47.7,7.3,5721,134.6,75.3,46.6,7.3,6.2,133.53,133.9,133.22,132.78,4.12,6.0,-0.3,2.4,14.6,8.2,6.4,-1.1,0.0,0,1,0,0,3,1,0,6.08,0,0,0,0
PT-116,2026-10-08T14:10:00,46,33.8,3.4,7.0,0,126.4,68.9,47.7,7.3,5721,133.0,69.6,47.1,7.3,9.0,134.93,133.57,133.13,132.85,4.11,-4.0,-1.0,-16.2,5.8,6.6,0.7,-0.6,0.0,0,1,0,0,3,1,0,6.17,0,0,0,0
PT-116,2026-10-08T14:15:00,46,33.8,3.4,7.0,0,126.4,68.9,47.7,7.3,5721,131.4,74.5,48.7,7.3,11.7,133.0,134.37,132.93,132.94,4.13,9.6,-2.4,-8.4,8.8,5.0,5.6,1.0,0.0,0,1,0,0,3,1,0,6.25,0,0,0,0
PT-116,2026-10-08T14:20:00,46,33.8,3.4,7.0,0,126.4,68.9,47.7,7.3,5721,131.7,73.8,48.5,7.3,9.3,132.03,132.78,133.27,132.94,3.82,-19.0,4.0,-2.8,6.2,5.3,4.9,0.8,0.0,0,1,0,0,3,1,0,6.33,0,0,0,0
PT-116,2026-10-08T14:25:00,46,33.8,3.4,7.0,0,126.4,68.9,47.7,7.3,5721,133.6,76.3,45.3,7.3,18.9,132.23,133.58,133.12,133.05,3.77,9.6,-1.7,3.0,-6.4,7.2,7.4,-2.4,0.0,0,1,0,0,3,1,0,6.42,0,0,0,0
PT-116,2026-10-08T14:30:00,46,33.8,3.4,7.0,0,126.4,68.9,47.7,7.3,5721,130.3,72.2,44.8,7.3,20.0,131.87,132.43,132.92,132.57,3.86,-13.8,-2.5,-1.0,-10.6,3.9,3.3,-2.9,0.0,0,1,0,0,3,1,0,6.5,0,0,0,0
PT-116,2026-10-08T14:35:00,46,33.8,3.4,7.0,0,126.4,68.9,47.7,7.3,5721,137.0,74.0,48.9,7.3,11.8,133.63,132.83,133.37,132.78,4.0,4.8,5.4,-2.6,4.6,10.6,5.1,1.2,0.0,0,1,0,0,3,1,0,6.58,0,0,0,0
PT-116,2026-10-08T14:40:00,46,33.8,3.4,7.0,0,126.4,68.9,47.7,7.3,5721,132.9,75.6,42.2,7.3,20.5,133.4,132.82,133.19,132.98,3.97,-0.2,-2.1,12.0,-9.8,6.5,6.7,-5.5,0.0,0,1,0,0,3,1,0,6.67,0,0,0,0
PT-116,2026-10-08T14:45:00,46,33.8,3.4,7.0,0,126.4,68.9,47.7,7.3,5721,135.5,74.0,45.6,7.3,19.9,135.13,133.5,133.93,133.14,3.42,8.2,8.9,-1.0,-6.2,9.1,5.1,-2.1,0.0,0,1,0,0,3,1,0,6.75,0,0,0,0
PT-116,2026-10-08T14:50:00,46,33.8,3.4,7.0,0,126.4,68.9,47.7,7.3,5721,135.2,72.0,45.0,7.3,18.8,134.53,134.08,133.43,133.07,2.6,7.0,-6.0,-3.6,-7.0,8.8,3.1,-2.7,0.0,0,1,0,0,3,1,0,6.83,0,0,0,0
PT-116,2026-10-08T14:55:00,46,33.8,3.4,7.0,0,126.4,68.9,47.7,7.3,5721,132.4,74.1,41.6,7.3,7.7,134.37,133.88,133.73,133.12,2.2,-2.4,3.6,-4.4,-7.4,6.0,5.2,-6.1,0.0,0,1,0,0,3,1,0,6.92,0,0,0,0
PT-116,2026-10-08T15:00:00,46,33.8,3.4,7.0,0,126.4,68.9,47.7,7.3,5721,137.8,80.1,43.8,7.3,15.6,135.13,135.13,133.78,133.51,2.29,15.0,0.6,15.8,-2.0,11.4,11.2,-3.9,0.0,0,1,0,0,3,1,0,7.0,0,0,0,0
PT-116,2026-10-08T15:05:00,46,33.8,3.4,7.0,0,126.4,68.9,47.7,7.3,5721,136.3,72.6,46.6,7.3,5.0,135.5,135.02,133.93,133.57,2.39,-1.4,1.7,-2.8,-4.6,9.9,3.7,-1.1,0.0,0,1,0,0,3,1,0,7.08,0,0,0,0
PT-116,2026-10-08T15:10:00,46,33.8,3.4,7.0,0,126.4,68.9,47.7,7.3,5721,134.4,73.8,44.1,7.3,16.1,136.17,135.27,134.04,133.59,2.38,3.0,1.4,-3.6,3.8,8.0,4.9,-3.6,0.0,0,1,0,0,3,1,0,7.17,0,0,0,0
PT-116,2026-10-08T15:15:00,46,33.8,3.4,7.0,0,126.4,68.9,47.7,7.3,5721,133.7,71.7,44.6,7.3,6.1,134.8,134.97,134.23,133.58,2.23,-3.6,2.3,-4.6,-2.0,7.3,2.8,-3.1,0.0,0,1,0,0,3,1,0,7.25,0,0,0,0
PT-116,2026-10-08T15:20:00,46,33.8,3.4,7.0,0,126.4,68.9,47.7,7.3,5721,138.4,74.1,44.1,7.3,13.5,135.5,135.5,134.79,134.03,2.38,6.4,6.7,4.2,-1.8,12.0,5.2,-3.6,0.0,0,1,0,0,3,1,0,7.33,0,0,0,0
PT-116,2026-10-08T15:25:00,46,33.8,3.4,7.0,0,126.4,68.9,47.7,7.3,5721,127.9,72.2,47.3,7.3,21.2,133.33,134.75,134.32,133.72,3.1,-9.0,-5.7,-3.8,11.4,1.5,3.3,-0.4,0.0,0,1,0,0,3,1,0,7.42,0,0,0,0
PT-116,2026-10-08T15:30:00,46,33.8,3.4,7.0,0,126.4,68.9,47.7,7.3,5721,136.9,71.0,49.9,7.3,13.4,134.4,134.6,134.87,133.89,2.9,-1.8,6.6,-18.2,12.2,10.5,2.1,2.2,0.0,0,1,0,0,3,1,0,7.5,0,0,0,0
PT-116,2026-10-08T15:35:00,46,33.8,3.4,7.0,0,126.4,68.9,47.7,7.3,5721,130.8,75.3,46.0,7.3,7.2,131.87,133.68,134.35,133.86,3.03,-11.0,-6.2,5.4,-1.2,4.4,6.4,-1.7,0.0,0,1,0,0,3,1,0,7.58,0,0,0,0
PT-116,2026-10-08T15:40:00,46,33.8,3.4,7.0,0,126.4,68.9,47.7,7.3,5721,140.5,72.5,43.9,7.3,12.5,136.07,134.7,134.98,134.09,3.47,12.2,7.6,-2.6,-0.4,14.1,3.6,-3.8,0.0,0,1,0,0,3,1,0,7.67,0,0,0,0
PT-116,2026-10-08T15:45:00,46,33.8,3.4,7.0,0,126.4,68.9,47.7,7.3,5721,133.6,73.6,49.3,7.3,21.0,134.97,134.68,134.83,134.38,3.48,-0.2,-1.9,3.8,9.4,7.2,4.7,1.6,0.0,0,1,0,0,3,1,0,7.75,0,0,0,0
PT-116,2026-10-08T15:50:00,46,33.8,3.4,7.0,0,126.4,68.9,47.7,7.3,5721,139.0,72.0,49.0,7.3,7.5,137.7,134.78,135.14,134.29,3.69,1.2,3.8,-4.2,9.8,12.6,3.1,1.3,0.0,0,1,0,0,3,1,0,7.83,0,0,0,0
PT-116,2026-10-08T15:55:00,46,33.8,3.4,7.0,0,126.4,68.9,47.7,7.3,5721,135.0,71.5,47.2,7.3,5.1,135.87,135.97,135.36,134.55,3.59,14.2,2.6,-1.4,-0.2,8.6,2.6,-0.5,0.0,0,1,0,0,3,1,0,7.92,0,0,0,0
PT-116,2026-10-08T16:00:00,46,33.8,3.4,7.0,0,126.4,68.9,47.7,7.3,5721,129.4,74.5,47.1,7.3,11.4,134.47,134.72,134.66,134.22,3.87,-15.0,-8.4,7.0,-5.6,3.0,5.6,-0.6,0.0,0,1,0,0,3,1,0,8.0,0,0,0,0
PT-116,2026-10-08T16:05:00,46,33.8,3.4,7.0,0,126.4,68.9,47.7,7.3,5721,135.6,70.4,47.2,7.3,13.8,133.33,135.52,134.6,134.26,3.85,9.6,-0.7,-9.8,2.4,9.2,1.5,-0.5,0.0,0,1,0,0,3,1,0,8.08,0,0,0,0
PT-116,2026-10-08T16:10:00,46,33.8,3.4,7.0,0,126.4,68.9,47.7,7.3,5721,131.6,72.5,48.0,7.3,10.2,132.2,134.03,134.37,134.2,3.95,-17.8,-2.8,0.0,8.2,5.2,3.6,0.3,0.0,0,1,0,0,3,1,0,8.17,0,0,0,0
PT-116,2026-10-08T16:15:00,46,33.8,3.4,7.0,0,126.4,68.9,47.7,7.3,5721,132.0,70.1,50.3,7.3,5.2,133.07,133.77,134.22,134.23,4.01,-3.2,-1.7,-7.0,2.0,5.6,1.2,2.6,0.0,0,1,0,0,3,1,0,8.25,0,0,0,0
PT-116,2026-10-08T16:20:00,46,33.8,3.4,7.0,0,126.4,68.9,47.7,7.3,5721,136.3,72.1,46.9,7.3,12.8,133.3,133.32,134.05,134.42,3.85,-5.4,-2.1,0.2,-4.2,9.9,3.2,-0.8,0.0,0,1,0,0,3,1,0,8.33,0,0,0,0
PT-116,2026-10-08T16:25:00,46,33.8,3.4,7.0,0,126.4,68.9,47.7,7.3,5721,138.1,73.4,44.8,7.3,21.0,135.47,133.83,134.9,134.61,3.48,6.2,10.2,3.8,-4.8,11.7,4.5,-2.9,0.0,0,1,0,0,3,1,0,8.42,0,0,0,0
PT-116,2026-10-08T16:30:00,46,33.8,3.4,7.0,0,126.4,68.9,47.7,7.3,5721,126.5,73.5,41.8,7.3,20.1,133.63,133.35,134.03,134.45,4.16,-5.8,-10.4,-2.0,-10.6,0.1,4.6,-5.9,0.0,0,1,0,0,3,1,0,8.5,0,0,0,0
PT-116,2026-10-08T16:35:00,46,33.8,3.4,7.0,0,126.4,68.9,47.7,7.3,5721,137.8,70.9,51.5,7.3,13.1,134.13,133.72,134.62,134.48,4.16,4.4,7.0,1.0,8.6,11.4,2.0,3.8,0.0,0,1,0,0,3,1,0,8.58,0,0,0,0
PT-116,2026-10-08T16:40:00,46,33.8,3.4,7.0,0,126.4,68.9,47.7,7.3,5721,131.3,71.7,45.8,7.3,5.2,131.87,133.67,133.85,134.42,3.81,-0.6,-9.2,-1.6,-4.4,4.9,2.8,-1.9,0.0,0,1,0,0,3,1,0,8.67,0,0,0,0
PT-116,2026-10-08T16:45:00,46,33.8,3.4,7.0,0,126.4,68.9,47.7,7.3,5721,133.6,69.2,46.3,7.3,12.1,134.23,133.93,133.85,134.34,3.81,3.2,0.0,-1.8,-8.0,7.2,0.3,-1.4,0.0,0,1,0,0,3,1,0,8.75,0,0,0,0
PT-116,2026-10-08T16:50:00,46,33.8,3.4,7.0,0,126.4,68.9,47.7,7.3,5721,136.7,75.4,44.6,7.3,16.3,133.87,134.0,133.66,134.4,3.58,0.8,-2.3,6.6,-4.6,10.3,6.5,-3.1,0.0,0,1,0,0,3,1,0,8.83,0,0,0,0
PT-116,2026-10-08T16:55:00,46,33.8,3.4,7.0,0,126.4,68.9,47.7,7.3,5721,132.4,74.9,43.4,7.3,8.9,134.23,133.05,133.44,134.4,3.57,-11.4,-2.6,3.0,-2.8,6.0,6.0,-4.3,0.0,0,1,0,0,3,1,0,8.92,0,0,0,0
PT-116,2026-10-08T17:00:00,46,33.8,3.4,7.0,0,126.4,68.9,47.7,7.3,5721,134.2,76.6,43.4,7.3,54.1,134.43,134.33,133.84,134.25,3.33,15.4,4.8,6.2,3.2,7.8,7.7,-4.3,0.0,0,0,1,0,3,1,0,9.0,0,0,0,0
PT-116,2026-10-08T17:05:00,46,33.8,3.4,7.0,0,126.4,68.9,47.7,7.3,5721,130.8,80.0,36.0,7.3,56.0,132.47,133.17,133.44,134.02,3.39,-14.0,-4.8,18.2,-31.0,4.4,11.1,-11.7,0.0,0,0,1,0,3,1,0,9.08,0,0,0,0
PT-116,2026-10-08T17:10:00,46,33.8,3.4,7.0,0,126.4,68.9,47.7,7.3,5721,132.7,79.4,47.7,7.3,57.2,132.57,133.4,133.53,133.95,3.35,2.8,1.1,15.4,3.8,6.3,10.5,0.0,0.0,0,0,1,0,3,1,0,9.17,0,0,0,0
PT-116,2026-10-08T17:15:00,46,33.8,3.4,7.0,0,126.4,68.9,47.7,7.3,5721,128.7,82.3,41.0,7.3,66.6,130.73,132.58,133.26,133.74,3.61,-9.8,-3.3,26.2,-10.6,2.3,13.4,-6.7,0.0,0,0,1,0,3,1,0,9.25,0,0,0,0
PT-116,2026-10-08T17:20:00,46,33.8,3.4,7.0,0,126.4,68.9,47.7,7.3,5721,132.9,80.3,40.3,7.3,62.6,131.43,131.95,132.98,133.51,3.48,-7.6,-3.4,9.8,-8.6,6.5,11.4,-7.4,0.0,0,0,1,0,3,1,0,9.33,0,0,0,0
PT-116,2026-10-08T17:25:00,46,33.8,3.4,7.0,0,126.4,68.9,47.7,7.3,5721,135.1,80.8,40.7,7.3,62.2,132.23,132.4,132.72,133.81,3.18,5.4,-3.0,11.8,-5.4,8.7,11.9,-7.0,0.0,0,0,1,0,3,1,0,9.42,0,0,0,0
PT-116,2026-10-08T17:30:00,46,33.8,3.4,7.0,0,126.4,68.9,47.7,7.3,5721,132.9,75.9,39.7,7.3,68.6,133.63,132.18,133.26,133.65,2.5,-2.6,6.4,-1.4,-7.4,6.5,7.0,-8.0,0.0,0,0,1,0,3,1,0,9.5,0,0,0,0
PT-116,2026-10-08T17:35:00,46,33.8,3.4,7.0,0,126.4,68.9,47.7,7.3,5721,132.5,75.7,40.1,7.3,58.4,133.5,132.47,132.82,133.72,2.05,3.4,-5.3,-8.6,8.2,6.1,6.8,-7.6,0.0,0,0,1,0,3,1,0,9.58,0,0,0,0
PT-116,2026-10-08T17:40:00,46,33.8,3.4,7.0,0,126.4,68.9,47.7,7.3,5721,131.3,74.6,38.5,7.3,59.6,132.23,132.23,132.82,133.33,2.05,-2.8,0.0,-9.6,-18.4,4.9,5.7,-9.2,0.0,0,0,1,0,3,1,0,9.67,0,0,0,0
PT-116,2026-10-08T17:45:00,46,33.8,3.4,7.0,0,126.4,68.9,47.7,7.3,5721,134.2,78.9,41.9,7.3,71.0,132.67,133.15,132.87,133.36,2.08,11.0,0.6,-6.8,1.8,7.8,10.0,-5.8,0.0,0,0,1,0,3,1,0,9.75,0,0,0,0
PT-116,2026-10-08T17:50:00,46,33.8,3.4,7.0,0,126.4,68.9,47.7,7.3,5721,133.7,76.0,41.2,7.3,69.1,133.07,133.28,132.62,133.14,1.73,1.6,-3.0,-8.6,1.8,7.3,7.1,-6.5,0.0,0,0,1,0,3,1,0,9.83,0,0,0,0
PT-116,2026-10-08T17:55:00,46,33.8,3.4,7.0,0,126.4,68.9,47.7,7.3,5721,129.4,80.6,44.2,7.3,67.3,132.43,132.33,132.37,132.9,1.97,-11.4,-3.0,-0.4,7.0,3.0,11.7,-3.5,0.0,0,0,1,0,3,1,0,9.92,0,0,0,0
PT-116,2026-10-08T18:00:00,46,33.8,3.4,7.0,0,126.4,68.9,47.7,7.3,5721,132.5,81.5,40.9,7.3,68.6,131.87,132.27,132.22,133.03,1.88,-0.8,-1.7,11.2,2.4,6.1,12.6,-6.8,0.0,0,0,1,0,3,1,0,10.0,0,0,0,0
PT-116,2026-10-08T18:05:00,46,33.8,3.4,7.0,0,126.4,68.9,47.7,7.3,5721,131.9,72.6,48.8,7.3,20.3,131.27,132.17,132.32,132.88,1.83,-1.2,1.1,-6.2,17.4,5.5,3.7,1.1,0.0,0,0,1,0,3,1,0,10.08,0,0,0,0
PT-116,2026-10-08T18:10:00,46,33.8,3.4,7.0,0,126.4,68.9,47.7,7.3,5721,127.1,74.0,48.6,7.3,9.9,130.5,131.47,131.85,132.69,2.36,-8.4,-5.6,-1.2,20.2,0.7,5.1,0.9,0.0,0,0,1,0,3,1,0,10.17,0,0,0,0
PT-116,2026-10-08T18:15:00,46,33.8,3.4,7.0,0,126.4,68.9,47.7,7.3,5721,128.6,68.9,45.9,7.3,17.9,129.2,130.53,131.84,132.55,2.37,-11.2,-0.1,-20.0,8.0,2.2,0.0,-1.8,0.0,0,0,1,0,3,1,0,10.25,0,0,0,0
PT-116,2026-10-08T18:20:00,46,33.8,3.4,7.0,0,126.4,68.9,47.7,7.3,5721,127.5,71.1,40.8,7.3,24.8,127.73,129.5,131.39,132.18,2.65,-12.4,-5.4,-9.8,-0.8,1.1,2.2,-6.9,0.0,0,0,1,0,3,1,0,10.33,0,0,0,0
PT-116,2026-10-08T18:25:00,46,33.8,3.4,7.0,0,126.4,68.9,47.7,7.3,5721,123.9,70.1,43.3,7.3,12.3,126.67,128.58,130.46,131.59,3.15,-11.0,-11.2,-21.0,-1.8,-2.5,1.2,-4.4,0.0,0,0,1,0,3,1,0,10.42,0,0,0,0
PT-116,2026-10-08T18:30:00,46,33.8,3.4,7.0,0,126.4,68.9,47.7,7.3,5721,131.8,71.6,47.5,7.3,18.2,127.73,128.47,130.37,131.81,3.09,-1.4,-1.1,-19.8,13.2,5.4,2.7,-0.2,0.0,0,0,1,0,3,1,0,10.5,0,0,0,0
PT-116,2026-10-08T18:35:00,46,33.8,3.4,7.0,0,126.4,68.9,47.7,7.3,5721,135.4,71.1,47.2,7.3,21.5,130.37,129.05,130.61,131.71,3.37,7.0,2.9,-3.0,-3.2,9.0,2.2,-0.5,0.0,0,0,1,0,3,1,0,10.58,0,0,0,0
PT-116,2026-10-08T18:40:00,46,33.8,3.4,7.0,0,126.4,68.9,47.7,7.3,5721,132.6,69.5,44.1,7.3,16.8,133.27,129.97,130.72,131.77,3.42,11.0,1.3,-9.0,-9.0,6.2,0.6,-3.6,0.0,0,0,1,0,3,1,0,10.67,0,0,0,0
PT-116,2026-10-08T18:45:00,46,33.8,3.4,7.0,0,126.4,68.9,47.7,7.3,5721,127.8,68.5,49.5,7.3,5.8,131.93,129.83,130.18,131.52,3.32,-1.6,-6.4,-0.8,7.2,1.4,-0.4,1.8,0.0,0,0,1,0,3,1,0,10.75,0,0,0,0
PT-116,2026-10-08T18:50:00,46,33.8,3.4,7.0,0,126.4,68.9,47.7,7.3,5721,129.7,66.2,50.7,7.3,6.4,130.03,130.2,129.85,131.23,3.13,4.4,-4.0,-9.8,19.8,3.3,-2.7,3.0,0.0,0,0,1,0,3,1,0,10.83,0,0,0,0
PT-116,2026-10-08T18:55:00,46,33.8,3.4,7.0,0,126.4,68.9,47.7,7.3,5721,124.7,70.7,49.1,7.3,14.2,127.4,130.33,129.46,130.91,3.47,1.6,-4.7,1.2,11.6,-1.7,1.8,1.4,0.0,0,0,1,0,3,1,0,10.92,0,0,0,0
PT-116,2026-10-08T19:00:00,46,33.8,3.4,7.0,0,126.4,68.9,47.7,7.3,5721,129.0,66.5,43.2,7.3,10.7,127.8,129.87,129.17,130.7,3.33,-5.6,-3.5,-10.2,-8.6,2.6,-2.4,-4.5,0.0,0,0,1,0,3,1,0,11.0,0,0,0,0
PT-116,2026-10-08T19:05:00,46,33.8,3.4,7.0,0,126.4,68.9,47.7,7.3,5721,125.7,69.4,49.2,7.3,15.9,126.47,128.25,128.65,130.48,3.35,-19.4,-6.2,-3.4,4.0,-0.7,0.5,1.5,0.0,0,0,1,0,3,1,0,11.08,0,0,0,0
PT-116,2026-10-08T19:10:00,46,33.8,3.4,7.0,0,126.4,68.9,47.7,7.3,5721,128.4,69.0,39.6,7.3,15.3,127.7,127.55,128.76,130.3,3.32,-8.4,1.3,-1.0,-9.0,2.0,0.1,-8.1,0.0,0,0,1,0,3,1,0,11.17,0,0,0,0
PT-116,2026-10-08T19:15:00,46,33.8,3.4,7.0,0,126.4,68.9,47.7,7.3,5721,128.0,68.9,42.7,7.3,6.3,127.37,127.58,128.71,130.28,3.33,0.4,-0.6,0.8,-13.6,1.6,0.0,-5.0,0.0,0,0,1,0,3,1,0,11.25,0,0,0,0
PT-116,2026-10-08T19:20:00,46,33.8,3.4,7.0,0,126.4,68.9,47.7,7.3,5721,122.7,67.4,48.2,7.3,18.2,126.37,126.42,128.31,129.85,3.75,-14.0,-4.8,2.4,-5.0,-3.7,-1.5,0.5,0.0,0,0,1,0,3,1,0,11.33,0,0,0,0
PT-116,2026-10-08T19:25:00,46,33.8,3.4,7.0,0,126.4,68.9,47.7,7.3,5721,122.4,68.6,43.8,7.3,19.8,124.37,126.03,128.18,129.32,3.93,-4.6,-1.5,-4.2,-10.6,-4.0,-0.3,-3.9,0.0,0,0,1,0,3,1,0,11.42,0,0,0,0
PT-116,2026-10-08T19:30:00,46,33.8,3.4,7.0,0,126.4,68.9,47.7,7.3,5721,130.4,70.7,48.1,7.3,14.0,125.17,126.27,128.07,129.22,3.83,2.8,-1.4,8.4,9.8,4.0,1.8,0.4,0.0,0,0,1,0,3,1,0,11.5,0,0,0,0
PT-116,2026-10-08T19:35:00,46,33.8,3.4,7.0,0,126.4,68.9,47.7,7.3,5721,130.5,76.4,44.9,7.3,24.2,127.77,127.07,127.66,129.13,3.18,9.6,-4.9,14.0,-8.6,4.1,7.5,-2.8,0.0,0,0,1,0,3,1,0,11.58,0,0,0,0
PT-116,2026-10-08T19:40:00,46,33.8,3.4,7.0,0,126.4,68.9,47.7,7.3,5721,126.5,65.6,45.4,7.3,5.4,129.13,126.75,127.15,128.93,2.78,-3.8,-6.1,-6.8,11.6,0.1,-3.3,-2.3,0.0,0,0,1,0,3,1,0,11.67,0,0,0,0
PT-116,2026-10-08T19:45:00,46,33.8,3.4,7.0,0,126.4,68.9,47.7,7.3,5721,129.3,69.4,46.2,7.3,6.0,128.77,126.97,127.28,128.73,2.85,2.6,1.5,1.0,7.0,2.9,0.5,-1.5,0.0,0,0,1,0,3,1,0,11.75,0,0,0,0
PT-116,2026-10-08T19:50:00,46,33.8,3.4,7.0,0,126.4,68.9,47.7,7.3,5721,131.0,69.7,44.1,7.3,18.9,128.93,128.35,127.38,128.62,2.97,16.6,1.3,4.6,-8.2,4.6,0.8,-3.6,0.0,0,0,1,0,3,1,0,11.83,0,0,0,0
PT-116,2026-10-08T19:55:00,46,33.8,3.4,7.0,0,126.4,68.9,47.7,7.3,5721,129.1,73.8,47.3,7.3,23.8,129.8,129.47,127.75,128.6,2.88,13.4,4.4,10.4,7.0,2.7,4.9,-0.4,0.0,0,0,1,0,3,1,0,11.92,0,0,0,0
PT-116,2026-10-08T20:00:00,46,33.8,3.4,7.0,0,126.4,68.9,47.7,7.3,5721,130.8,67.2,44.7,7.3,9.5,130.3,129.53,127.9,128.53,3.0,0.8,1.8,-7.0,-6.8,4.4,-1.7,-3.0,0.0,0,0,1,0,3,1,0,0.0,0,0,0,0
PT-116,2026-10-08T20:05:00,46,33.8,3.4,7.0,0,126.4,68.9,47.7,7.3,5721,124.2,72.7,48.9,7.3,15.2,128.03,128.48,127.78,128.21,3.13,-12.6,-1.5,-7.4,8.0,-2.2,3.8,1.2,0.0,0,0,1,0,3,1,0,0.08,0,0,0,0
PT-116,2026-10-08T20:10:00,46,33.8,3.4,7.0,0,126.4,68.9,47.7,7.3,5721,135.2,69.8,43.3,7.3,16.0,130.07,129.93,128.34,128.55,3.79,17.4,6.8,8.4,-4.2,8.8,0.9,-4.4,0.0,0,0,1,0,3,1,0,0.17,0,0,0,0
PT-116,2026-10-08T20:15:00,46,33.8,3.4,7.0,0,126.4,68.9,47.7,7.3,5721,125.9,68.7,45.6,7.3,15.5,128.43,129.37,128.17,128.44,3.86,-6.8,-2.1,-1.4,-1.2,-0.5,-0.2,-2.1,0.0,0,0,1,0,3,1,0,0.25,0,0,0,0
PT-116,2026-10-08T20:20:00,46,33.8,3.4,7.0,0,126.4,68.9,47.7,7.3,5721,126.2,69.4,42.4,7.3,13.5,129.1,128.57,128.46,128.38,3.53,-9.6,3.5,-0.6,-3.4,-0.2,0.5,-5.3,0.0,0,0,1,0,3,1,0,0.33,0,0,0,0
PT-116,2026-10-08T20:25:00,46,33.8,3.4,7.0,0,126.4,68.9,47.7,7.3,5721,126.0,69.6,45.2,7.3,22.3,126.03,128.05,128.76,128.47,3.09,-6.2,3.6,-8.4,-4.2,-0.4,0.7,-2.5,0.0,0,0,1,0,3,1,0,0.42,0,0,0,0
PT-116,2026-10-08T20:30:00,46,33.8,3.4,7.0,0,126.4,68.9,47.7,7.3,5721,121.3,66.2,51.5,7.3,5.7,124.5,126.47,128.0,128.03,3.71,-19.0,-9.1,-2.0,13.6,-5.1,-2.7,3.8,0.0,0,0,1,0,3,1,0,0.5,0,0,0,0
PT-116,2026-10-08T20:35:00,46,33.8,3.4,7.0,0,126.4,68.9,47.7,7.3,5721,127.7,66.2,47.6,7.3,9.2,125.0,127.05,127.77,127.71,3.62,7.0,-2.8,-13.0,-2.6,1.3,-2.7,-0.1,0.0,0,0,1,0,3,1,0,0.58,0,0,0,0
PT-116,2026-10-08T20:40:00,46,33.8,3.4,7.0,0,126.4,68.9,47.7,7.3,5721,121.5,69.5,44.1,7.3,7.6,123.5,124.77,127.35,127.25,4.04,-27.4,-5.0,-0.6,1.6,-4.9,0.6,-3.6,0.0,0,0,1,0,3,1,0,0.67,0,0,0,0
PT-116,2026-10-08T20:45:00,46,33.8,3.4,7.0,0,126.4,68.9,47.7,7.3,5721,129.6,66.8,47.0,7.3,7.4,126.27,125.38,127.38,127.32,4.06,7.4,0.3,-3.8,2.8,3.2,-2.1,-0.7,0.0,0,0,1,0,3,1,0,0.75,0,0,0,0
PT-116,2026-10-08T20:50:00,46,33.8,3.4,7.0,0,126.4,68.9,47.7,7.3,5721,117.8,71.0,40.5,7.3,9.2,122.97,123.98,126.28,126.83,4.72,-16.8,-13.2,3.2,-3.8,-8.6,2.1,-7.2,0.0,0,0,1,0,3,1,0,0.83,0,0,0,0
PT-116,2026-10-08T20:55:00,46,33.8,3.4,7.0,0,126.4,68.9,47.7,7.3,5721,122.4,68.2,49.5,7.3,13.9,123.27,123.38,125.72,126.73,4.75,-7.2,-6.7,-2.8,8.6,-4.0,-0.7,1.8,0.0,0,0,1,0,3,1,0,0.92,0,0,0,0
PT-116,2026-10-08T21:00:00,46,33.8,3.4,7.0,0,126.4,68.9,47.7,7.3,5721,123.8,72.2,47.3,7.3,17.2,121.33,123.8,125.13,126.52,4.49,5.0,-7.0,12.0,-8.4,-2.6,3.3,-0.4,0.0,0,0,1,0,3,1,0,1.0,0,0,0,0
PT-116,2026-10-08T21:05:00,46,33.8,3.4,7.0,0,126.4,68.9,47.7,7.3,5721,125.7,66.8,47.4,7.3,8.3,123.97,123.47,125.26,126.52,4.49,-4.0,1.5,1.2,-0.4,-0.7,-2.1,-0.3,0.0,0,0,1,0,3,1,0,1.08,0,0,0,0
PT-116,2026-10-08T21:10:00,46,33.8,3.4,7.0,0,126.4,68.9,47.7,7.3,5721,123.4,69.8,40.4,7.3,23.0,124.3,123.78,124.28,126.31,3.23,3.8,-11.8,0.6,-7.4,-3.0,0.9,-7.3,0.0,0,0,1,0,3,1,0,1.17,0,0,0,0
PT-116,2026-10-08T21:15:00,46,33.8,3.4,7.0,0,126.4,68.9,47.7,7.3,5721,120.5,67.2,53.3,7.3,6.9,123.2,122.27,123.82,126.0,3.35,-18.2,-5.4,0.8,12.6,-5.9,-1.7,5.6,0.0,0,0,1,0,3,1,0,1.25,0,0,0,0
PT-116,2026-10-08T21:20:00,46,33.8,3.4,7.0,0,126.4,68.9,47.7,7.3,5721,127.6,66.3,46.9,7.3,19.9,123.83,123.9,123.94,126.2,3.46,19.6,1.4,-9.4,12.8,1.2,-2.6,-0.8,0.0,0,0,1,0,3,1,0,1.33,0,0,0,0
PT-116,2026-10-08T21:25:00,46,33.8,3.4,7.0,0,126.4,68.9,47.7,7.3,5721,120.7,68.9,42.6,7.3,17.8,122.93,123.62,123.5,126.13,3.52,-3.4,-5.3,1.4,-13.8,-5.7,0.0,-5.1,0.0,0,0,1,0,3,1,0,1.42,0,0,0,0
PT-116,2026-10-08T21:30:00,46,33.8,3.4,7.0,0,126.4,68.9,47.7,7.3,5721,124.2,65.2,45.6,7.3,6.7,124.17,123.68,123.74,125.87,3.45,0.8,2.9,-14.0,-3.4,-2.2,-3.7,-2.1,0.0,0,0,1,0,3,1,0,1.5,0,0,0,0
PT-116,2026-10-08T21:35:00,46,33.8,3.4,7.0,0,126.4,68.9,47.7,7.3,5721,123.2,66.8,48.7,7.3,16.9,122.7,123.27,123.37,125.57,3.22,-5.0,-4.5,0.0,2.6,-3.2,-2.1,1.0,0.0,0,0,1,0,3,1,0,1.58,0,0,0,0
PT-116,2026-10-08T21:40:00,46,33.8,3.4,7.0,0,126.4,68.9,47.7,7.3,5721,116.3,67.2,48.3,7.3,11.8,121.23,122.08,122.93,125.14,3.79,-14.2,-5.2,-5.2,15.8,-10.1,-1.7,0.6,0.0,0,0,1,0,3,1,0,1.67,0,0,0,0
PT-116,2026-10-08T21:45:00,46,33.8,3.4,7.0,0,126.4,68.9,47.7,7.3,5721,118.0,66.7,43.7,7.3,18.4,119.17,121.67,121.97,124.67,3.39,-5.0,-11.6,-1.0,-19.2,-8.4,-2.2,-4.0,0.0,0,0,1,0,3,1,0,1.75,0,0,0,0
PT-116,2026-10-08T21:50:00,46,33.8,3.4,7.0,0,126.4,68.9,47.7,7.3,5721,119.6,66.4,44.9,7.3,24.3,117.97,120.33,122.12,124.2,3.23,-16.0,1.8,0.2,-4.0,-6.8,-2.5,-2.8,0.0,0,0,1,0,3,1,0,1.83,0,0,0,0
PT-116,2026-10-08T21:55:00,46,33.8,3.4,7.0,0,126.4,68.9,47.7,7.3,5721,117.9,66.7,46.0,7.3,13.2,118.5,119.87,121.74,123.73,3.45,-5.6,-4.5,-4.4,6.8,-8.5,-2.2,-1.7,0.0,0,0,1,0,3,1,0,1.92,0,0,0,0
PT-117,2026-10-08T08:00:00,57,23.3,6.3,6.6,0,134.0,72.0,51.2,7.1,5171,144.8,85.5,36.2,3.8,8.6,144.8,144.8,144.8,144.8,0.0,0.0,0.0,0.0,0.0,10.8,13.5,-15.0,-3.3,1,0,0,0,1,1,0,0.0,0,0,0,0
PT-117,2026-10-08T08:05:00,57,23.3,6.3,6.6,0,134.0,72.0,51.2,7.1,5171,143.0,87.7,37.9,3.8,9.6,143.9,143.9,143.9,143.9,1.27,0.0,0.0,0.0,0.0,9.0,15.7,-13.3,-3.3,1,0,0,0,1,1,0,0.08,0,0,0,0
PT-117,2026-10-08T08:10:00,57,23.3,6.3,6.6,0,134.0,72.0,51.2,7.1,5171,138.2,86.3,36.5,3.8,8.1,142.0,142.0,142.0,142.0,3.41,0.0,0.0,0.0,0.0,4.2,14.3,-14.7,-3.3,1,0,0,0,1,1,0,0.17,0,0,0,0
PT-117,2026-10-08T08:15:00,57,23.3,6.3,6.6,0,134.0,72.0,51.2,7.1,5171,137.8,86.3,34.9,3.8,6.3,139.67,140.95,140.95,140.95,3.49,0.0,0.0,0.0,0.0,3.8,14.3,-16.3,-3.3,1,0,0,0,1,1,0,0.25,0,0,0,0
PT-117,2026-10-08T08:20:00,57,23.3,6.3,6.6,0,134.0,72.0,51.2,7.1,5171,138.6,85.8,36.3,3.8,7.7,138.2,140.48,140.48,140.48,3.2,0.0,0.0,0.0,0.0,4.6,13.8,-14.9,-3.3,1,0,0,0,1,1,0,0.33,0,0,0,0
PT-117,2026-10-08T08:25:00,57,23.3,6.3,6.6,0,134.0,72.0,51.2,7.1,5171,136.4,85.0,38.2,3.8,3.9,137.6,139.8,139.8,139.8,3.31,0.0,0.0,0.0,0.0,2.4,13.0,-13.0,-3.3,1,0,0,0,1,1,0,0.42,0,0,0,0
PT-117,2026-10-08T08:30:00,57,23.3,6.3,6.6,0,134.0,72.0,51.2,7.1,5171,136.7,83.1,35.5,3.8,22.9,137.23,138.45,139.36,139.36,3.24,-16.2,0.0,-4.8,-1.4,2.7,11.1,-15.7,-3.3,1,0,0,0,1,1,0,0.5,0,0,0,0
PT-117,2026-10-08T08:35:00,57,23.3,6.3,6.6,0,134.0,72.0,51.2,7.1,5171,141.9,88.0,37.2,3.8,21.8,138.33,138.27,139.68,139.68,3.13,-2.2,0.0,0.6,-1.4,7.9,16.0,-14.0,-3.3,1,0,0,0,1,1,0,0.58,0,0,0,0
PT-117,2026-10-08T08:40:00,57,23.3,6.3,6.6,0,134.0,72.0,51.2,7.1,5171,139.8,87.0,38.1,3.8,29.3,139.47,138.53,139.69,139.69,2.93,3.2,0.0,1.4,3.2,5.8,15.0,-13.1,-3.3,1,0,0,0,1,1,0,0.67,0,0,0,0
PT-117,2026-10-08T08:45:00,57,23.3,6.3,6.6,0,134.0,72.0,51.2,7.1,5171,139.7,88.7,40.2,3.8,26.0,140.47,138.85,139.69,139.69,2.76,3.8,0.0,4.8,10.6,5.7,16.7,-11.0,-3.3,1,0,0,0,1,1,0,0.75,0,0,0,0
PT-117,2026-10-08T08:50:00,57,23.3,6.3,6.6,0,134.0,72.0,51.2,7.1,5171,142.7,89.2,36.0,3.8,22.3,140.73,139.53,139.96,139.96,2.77,8.2,0.0,6.8,-0.6,8.7,17.2,-15.2,-3.3,1,0,0,0,1,1,0,0.83,0,0,0,0
PT-117,2026-10-08T08:55:00,57,23.3,6.3,6.6,0,134.0,72.0,51.2,7.1,5171,142.9,87.7,38.7,3.8,28.0,141.77,140.62,140.21,140.21,2.78,13.0,0.0,5.4,1.0,8.9,15.7,-12.5,-3.3,1,0,0,0,1,1,0,0.92,0,0,0,0
PT-117,2026-10-08T09:00:00,57,23.3,6.3,6.6,0,134.0,72.0,51.2,7.1,5171,143.1,90.8,37.2,3.8,27.3,142.9,141.68,140.07,140.43,2.56,12.8,-1.7,15.4,3.4,9.1,18.8,-14.0,-3.3,1,0,0,0,1,1,0,1.0,0,0,0,0
PT-117,2026-10-08T09:05:00,57,23.3,6.3,6.6,0,134.0,72.0,51.2,7.1,5171,140.3,86.9,31.3,3.8,24.6,142.1,141.42,139.84,140.42,2.39,-3.2,-2.7,-2.2,-11.8,6.3,14.9,-19.9,-3.3,1,0,0,0,1,1,0,1.08,0,0,0,0
PT-117,2026-10-08T09:10:00,57,23.3,6.3,6.6,0,134.0,72.0,51.2,7.1,5171,139.4,82.9,39.0,3.8,27.4,140.93,141.35,139.94,140.35,2.34,-0.8,1.2,-8.2,1.8,5.4,10.9,-12.2,-3.3,1,0,0,0,1,1,0,1.17,0,0,0,0
PT-117,2026-10-08T09:15:00,57,23.3,6.3,6.6,0,134.0,72.0,51.2,7.1,5171,137.9,87.6,34.6,3.8,24.0,139.2,141.05,139.95,140.2,2.33,-3.6,0.1,-2.2,-11.2,3.9,15.6,-16.6,-3.3,1,0,0,0,1,1,0,1.25,0,0,0,0
PT-117,2026-10-08T09:20:00,57,23.3,6.3,6.6,0,134.0,72.0,51.2,7.1,5171,138.6,89.8,37.5,3.8,24.8,138.63,140.37,139.95,140.11,2.33,-8.2,0.0,1.2,3.0,4.6,17.8,-13.7,-3.3,1,0,0,0,1,1,0,1.33,0,0,0,0
PT-117,2026-10-08T09:25:00,57,23.3,6.3,6.6,0,134.0,72.0,51.2,7.1,5171,140.6,86.6,31.9,3.8,29.2,139.03,139.98,140.3,140.13,2.05,-4.6,4.2,-2.2,-13.6,6.6,14.6,-19.3,-3.3,1,0,0,0,1,1,0,1.42,0,0,0,0
PT-117,2026-10-08T09:30:00,57,23.3,6.3,6.6,0,134.0,72.0,51.2,7.1,5171,144.4,87.2,36.3,3.8,24.3,141.2,140.2,140.94,140.36,2.02,2.6,7.7,-7.2,-1.8,10.4,15.2,-14.9,-3.3,1,0,0,0,1,1,0,1.5,0,0,0,0
PT-117,2026-10-08T09:35:00,57,23.3,6.3,6.6,0,134.0,72.0,51.2,7.1,5171,145.5,86.6,32.7,3.8,7.8,143.5,141.07,141.24,140.62,2.41,10.4,3.6,-0.6,2.8,11.5,14.6,-18.5,-3.3,1,0,0,0,1,1,0,1.58,0,0,0,0
PT-117,2026-10-08T09:40:00,57,23.3,6.3,6.6,0,134.0,72.0,51.2,7.1,5171,147.8,91.3,36.0,3.8,5.7,145.9,142.47,141.91,140.96,3.0,16.8,8.0,16.8,-6.0,13.8,19.3,-15.2,-3.3,1,0,0,0,1,1,0,1.67,0,0,0,0
PT-117,2026-10-08T09:45:00,57,23.3,6.3,6.6,0,134.0,72.0,51.2,7.1,5171,150.2,84.3,34.0,3.8,8.3,147.83,144.52,142.78,141.38,3.74,24.6,10.5,-6.6,-1.2,16.2,12.3,-17.2,-3.3,1,0,0,0,1,1,0,1.75,0,0,0,0
PT-117,2026-10-08T09:50:00,57,23.3,6.3,6.6,0,134.0,72.0,51.2,7.1,5171,152.7,90.3,37.4,3.8,4.2,150.23,146.87,143.62,141.87,4.71,28.2,10.0,1.0,-0.2,18.7,18.3,-13.8,-3.3,1,0,0,0,1,1,0,1.83,0,0,0,0
PT-117,2026-10-08T09:55:00,57,23.3,6.3,6.6,0,134.0,72.0,51.2,7.1,5171,151.0,92.4,36.9,3.8,6.4,151.3,148.6,144.29,142.25,5.16,20.8,8.1,11.6,10.0,17.0,20.4,-14.3,-3.3,1,0,0,0,1,1,0,1.92,0,0,0,0
PT-117,2026-10-08T10:00:00,57,23.3,6.3,6.6,0,134.0,72.0,51.2,7.1,5171,153.7,86.1,36.0,3.8,2.5,152.47,150.15,145.18,142.62,5.8,18.6,10.6,-2.2,-0.6,19.7,14.1,-15.2,-3.3,1,0,0,0,1,1,0,2.0,0,0,0,0
PT-117,2026-10-08T10:05:00,57,23.3,6.3,6.6,0,134.0,72.0,51.2,7.1,5171,151.8,85.7,39.5,3.8,9.8,152.17,151.2,146.13,142.99,5.87,12.6,11.5,-1.8,13.6,17.8,13.7,-11.7,-3.3,1,0,0,0,1,1,0,2.08,0,0,0,0
PT-117,2026-10-08T10:10:00,57,23.3,6.3,6.6,0,134.0,72.0,51.2,7.1,5171,151.4,87.7,37.0,3.8,8.1,152.3,151.8,147.13,143.54,5.64,7.2,12.0,-7.2,2.0,17.4,15.7,-14.2,-3.3,1,0,0,0,1,1,0,2.17,0,0,0,0
PT-117,2026-10-08T10:15:00,57,23.3,6.3,6.6,0,134.0,72.0,51.2,7.1,5171,152.6,84.4,37.5,3.8,6.7,151.93,152.2,148.36,144.15,5.01,4.8,14.7,0.2,7.0,18.6,12.4,-13.7,-3.3,1,0,0,0,1,1,0,2.25,0,0,0,0
PT-117,2026-10-08T10:20:00,57,23.3,6.3,6.6,0,134.0,72.0,51.2,7.1,5171,154.0,83.1,35.8,3.8,2.1,152.67,152.42,149.64,144.8,4.19,2.6,15.4,-14.4,-3.2,20.0,11.1,-15.4,-3.3,1,0,0,0,1,1,0,2.33,0,0,0,0
PT-117,2026-10-08T10:25:00,57,23.3,6.3,6.6,0,134.0,72.0,51.2,7.1,5171,153.9,91.6,35.7,3.8,3.5,153.5,152.9,150.75,145.52,3.23,5.8,13.3,-1.6,-2.4,19.9,19.6,-15.5,-3.3,1,0,0,0,1,1,0,2.42,0,0,0,0
PT-117,2026-10-08T10:30:00,57,23.3,6.3,6.6,0,134.0,72.0,51.2,7.1,5171,151.2,93.1,39.1,3.8,2.5,153.03,152.48,151.32,146.13,2.54,-5.0,6.8,14.0,6.2,17.2,21.1,-12.1,-3.3,1,0,0,0,1,1,0,2.5,0,0,0,0
PT-117,2026-10-08T10:35:00,57,23.3,6.3,6.6,0,134.0,72.0,51.2,7.1,5171,150.9,90.8,35.8,3.8,6.7,152.0,152.33,151.77,146.5,1.78,-1.8,5.4,10.2,-7.4,16.9,18.8,-15.4,-3.3,1,0,0,0,1,1,0,2.58,0,0,0,0
PT-117,2026-10-08T10:40:00,57,23.3,6.3,6.6,0,134.0,72.0,51.2,7.1,5171,149.7,85.2,35.5,3.8,3.6,150.6,152.05,151.93,146.92,1.45,-3.4,1.9,-5.0,-3.0,15.7,13.2,-15.7,-3.3,1,0,0,0,1,1,0,2.67,0,0,0,0
PT-117,2026-10-08T10:45:00,57,23.3,6.3,6.6,0,134.0,72.0,51.2,7.1,5171,150.0,87.2,35.9,3.8,7.6,150.2,151.62,151.91,147.35,1.47,-5.2,-0.2,5.6,-3.2,16.0,15.2,-15.3,-3.3,1,0,0,0,1,1,0,2.75,0,0,0,0
PT-117,2026-10-08T10:50:00,57,23.3,6.3,6.6,0,134.0,72.0,51.2,7.1,5171,147.4,89.7,35.3,3.8,7.7,149.03,150.52,151.47,147.54,1.93,-13.2,-5.3,13.2,-1.0,13.4,17.7,-15.9,-3.3,1,0,0,0,1,1,0,2.83,0,0,0,0
PT-117,2026-10-08T10:55:00,57,23.3,6.3,6.6,0,134.0,72.0,51.2,7.1,5171,148.2,85.8,35.6,3.8,8.0,148.53,149.57,151.23,147.76,2.15,-11.4,-2.8,-11.6,-0.2,14.2,13.8,-15.6,-3.3,1,0,0,0,1,1,0,2.92,0,0,0,0
PT-117,2026-10-08T11:00:00,57,23.3,6.3,6.6,0,134.0,72.0,51.2,7.1,5171,149.4,87.5,38.5,3.8,3.4,148.33,149.27,150.88,148.02,2.06,-3.6,-4.3,-11.2,-1.2,15.4,15.5,-12.7,-3.3,1,0,0,0,1,1,0,3.0,0,0,0,0
PT-117,2026-10-08T11:05:00,57,23.3,6.3,6.6,0,134.0,72.0,51.2,7.1,5171,153.9,89.3,37.0,3.8,5.4,150.5,149.77,151.05,148.59,2.23,6.0,2.1,-3.0,2.4,19.9,17.3,-14.2,-3.3,1,0,0,0,1,1,0,3.08,0,0,0,0
PT-117,2026-10-08T11:10:00,57,23.3,6.3,6.6,0,134.0,72.0,51.2,7.1,5171,151.8,86.3,35.9,3.8,5.3,151.7,150.12,151.08,149.11,2.24,4.2,0.4,2.2,0.8,17.8,14.3,-15.3,-3.3,1,0,0,0,1,1,0,3.17,0,0,0,0
PT-117,2026-10-08T11:15:00,57,23.3,6.3,6.6,0,134.0,72.0,51.2,7.1,5171,151.4,86.4,33.4,3.8,9.0,152.37,150.35,150.98,149.67,2.19,2.8,-1.2,-1.6,-5.0,17.4,14.4,-17.8,-3.3,1,0,0,0,1,1,0,3.25,0,0,0,0
PT-117,2026-10-08T11:20:00,57,23.3,6.3,6.6,0,134.0,72.0,51.2,7.1,5171,146.6,84.7,38.2,3.8,8.2,149.93,150.22,150.37,150.0,2.3,-1.6,-7.4,-10.0,5.8,12.6,12.7,-13.0,-3.3,1,0,0,0,1,1,0,3.33,0,0,0,0
PT-117,2026-10-08T11:25:00,57,23.3,6.3,6.6,0,134.0,72.0,51.2,7.1,5171,149.4,86.1,35.1,3.8,2.5,149.13,150.42,149.99,150.37,2.02,2.4,-4.5,0.6,-1.0,15.4,14.1,-16.1,-3.3,1,0,0,0,1,1,0,3.42,0,0,0,0
PT-117,2026-10-08T11:30:00,57,23.3,6.3,6.6,0,134.0,72.0,51.2,7.1,5171,149.9,88.4,32.6,3.8,8.2,148.63,150.5,149.88,150.6,1.99,1.0,-1.3,1.8,-11.8,15.9,16.4,-18.6,-3.3,1,0,0,0,1,1,0,3.5,0,0,0,0
PT-117,2026-10-08T11:35:00,57,23.3,6.3,6.6,0,134.0,72.0,51.2,7.1,5171,147.6,87.1,35.8,3.8,5.5,148.97,149.45,149.61,150.69,2.06,-12.6,-3.3,-4.4,-2.4,13.6,15.1,-15.4,-3.3,1,0,0,0,1,1,0,3.58,0,0,0,0
PT-117,2026-10-08T11:40:00,57,23.3,6.3,6.6,0,134.0,72.0,51.2,7.1,5171,145.9,87.7,40.5,3.8,4.1,147.8,148.47,149.29,150.61,2.32,-11.8,-3.8,2.8,9.2,11.9,15.7,-10.7,-3.3,1,0,0,0,1,1,0,3.67,0,0,0,0
PT-117,2026-10-08T11:45:00,57,23.3,6.3,6.6,0,134.0,72.0,51.2,7.1,5171,147.9,85.6,37.3,3.8,3.5,147.13,147.88,149.12,150.51,2.34,-7.0,-2.1,-1.6,7.8,13.9,13.6,-13.9,-3.3,1,0,0,0,1,1,0,3.75,0,0,0,0
PT-117,2026-10-08T11:50:00,57,23.3,6.3,6.6,0,134.0,72.0,51.2,7.1,5171,150.2,87.1,36.8,3.8,2.8,148.0,148.48,149.35,150.41,2.29,7.2,2.8,4.8,-2.8,16.2,15.1,-14.4,-3.3,1,0,0,0,1,1,0,3.83,0,0,0,0
PT-117,2026-10-08T11:55:00,57,23.3,6.3,6.6,0,134.0,72.0,51.2,7.1,5171,150.4,84.7,39.5,3.8,2.3,149.5,148.65,149.53,150.38,2.28,2.0,2.2,-2.8,8.8,16.4,12.7,-11.7,-3.3,1,0,0,0,1,1,0,3.92,0,0,0,0
PT-117,2026-10-08T12:00:00,57,23.3,6.3,6.6,0,134.0,72.0,51.2,7.1,5171,152.6,90.5,38.6,3.8,5.5,151.07,149.1,149.8,150.34,2.45,5.4,3.2,4.2,12.0,18.6,18.5,-12.6,-3.3,0,1,0,0,1,1,0,4.0,0,0,0,0
PT-117,2026-10-08T12:05:00,57,23.3,6.3,6.6,0,134.0,72.0,51.2,7.1,5171,153.3,91.1,33.1,3.8,4.2,152.1,150.05,149.75,150.4,2.36,11.4,-0.6,8.0,-5.4,19.3,19.1,-18.1,-3.3,0,1,0,0,1,1,0,4.08,0,0,0,0
PT-117,2026-10-08T12:10:00,57,23.3,6.3,6.6,0,134.0,72.0,51.2,7.1,5171,151.4,88.4,35.5,3.8,9.0,152.43,150.97,149.72,150.4,2.33,11.0,-0.4,1.4,-10.0,17.4,16.4,-15.7,-3.3,0,1,0,0,1,1,0,4.17,0,0,0,0
PT-117,2026-10-08T12:15:00,57,23.3,6.3,6.6,0,134.0,72.0,51.2,7.1,5171,146.9,91.9,36.3,3.8,3.7,150.53,150.8,149.34,150.16,2.4,-2.0,-4.5,12.6,-2.0,12.9,19.9,-14.9,-3.3,0,1,0,0,1,1,0,4.25,0,0,0,0
PT-117,2026-10-08T12:20:00,57,23.3,6.3,6.6,0,134.0,72.0,51.2,7.1,5171,145.3,89.1,39.1,3.8,9.6,147.87,149.98,149.23,149.8,2.55,-9.8,-1.3,4.0,4.6,11.3,17.1,-12.1,-3.3,0,1,0,0,1,1,0,4.33,0,0,0,0
PT-117,2026-10-08T12:25:00,57,23.3,6.3,6.6,0,134.0,72.0,51.2,7.1,5171,147.8,85.4,36.2,3.8,2.6,146.67,149.55,149.1,149.55,2.59,-5.2,-1.6,1.4,-6.6,13.8,13.4,-15.0,-3.3,0,1,0,0,1,1,0,4.42,0,0,0,0
PT-117,2026-10-08T12:30:00,57,23.3,6.3,6.6,0,134.0,72.0,51.2,7.1,5171,151.7,87.5,37.3,3.8,4.4,148.27,149.4,149.25,149.57,2.69,-1.8,1.8,-6.0,-2.6,17.7,15.5,-13.9,-3.3,0,1,0,0,1,1,0,4.5,0,0,0,0
PT-117,2026-10-08T12:35:00,57,23.3,6.3,6.6,0,134.0,72.0,51.2,7.1,5171,154.9,88.4,36.4,3.8,4.3,151.47,149.67,149.86,149.73,3.08,3.2,7.3,-5.4,6.6,20.9,16.4,-14.8,-3.3,0,1,0,0,1,1,0,4.58,0,0,0,0
PT-117,2026-10-08T12:40:00,57,23.3,6.3,6.6,0,134.0,72.0,51.2,7.1,5171,155.7,87.5,36.6,3.8,9.3,154.1,150.38,150.67,149.98,3.23,8.6,9.8,-1.8,2.2,21.7,15.5,-14.6,-3.3,0,1,0,0,1,1,0,4.67,0,0,0,0
PT-117,2026-10-08T12:45:00,57,23.3,6.3,6.6,0,134.0,72.0,51.2,7.1,5171,157.5,85.7,35.5,3.8,3.4,156.03,152.15,151.48,150.3,3.64,21.2,9.6,-12.4,-1.6,23.5,13.7,-15.7,-3.3,0,1,0,0,1,1,0,4.75,0,0,0,0
PT-117,2026-10-08T12:50:00,57,23.3,6.3,6.6,0,134.0,72.0,51.2,7.1,5171,155.3,86.5,34.5,3.8,6.7,156.17,153.82,151.9,150.62,3.77,20.0,5.1,-5.2,-9.2,21.3,14.5,-16.7,-3.3,0,1,0,0,1,1,0,4.83,0,0,0,0
PT-117,2026-10-08T12:55:00,57,23.3,6.3,6.6,0,134.0,72.0,51.2,7.1,5171,159.0,89.1,38.1,3.8,5.1,157.27,155.68,152.62,151.07,4.25,22.4,8.6,7.4,3.8,25.0,17.1,-13.1,-3.3,0,1,0,0,1,1,0,4.92,0,0,0,0
PT-117,2026-10-08T13:00:00,57,23.3,6.3,6.6,0,134.0,72.0,51.2,7.1,5171,159.1,91.9,34.9,3.8,8.1,157.8,156.92,153.16,151.48,4.64,14.8,6.5,8.8,-4.8,25.1,19.9,-16.3,-3.3,0,1,0,0,1,1,0,5.0,0,0,0,0
PT-117,2026-10-08T13:05:00,57,23.3,6.3,6.6,0,134.0,72.0,51.2,7.1,5171,159.5,86.1,33.8,3.8,10.9,159.2,157.68,153.67,151.71,4.99,9.2,6.2,-4.6,-5.2,25.5,14.1,-17.4,-3.3,0,1,0,0,1,1,0,5.08,0,0,0,0
PT-117,2026-10-08T13:10:00,57,23.3,6.3,6.6,0,134.0,72.0,51.2,7.1,5171,160.9,85.2,37.1,3.8,6.5,159.83,158.55,154.47,152.09,5.34,10.4,9.5,-4.6,1.0,26.9,13.2,-14.1,-3.3,0,1,0,0,1,1,0,5.17,0,0,0,0
PT-117,2026-10-08T13:15:00,57,23.3,6.3,6.6,0,134.0,72.0,51.2,7.1,5171,163.6,85.7,36.5,3.8,8.7,161.33,159.57,155.86,152.6,5.37,12.2,16.7,0.0,2.0,29.6,13.7,-14.7,-3.3,0,1,0,0,1,1,0,5.25,0,0,0,0
PT-117,2026-10-08T13:20:00,57,23.3,6.3,6.6,0,134.0,72.0,51.2,7.1,5171,166.0,93.6,36.0,3.8,11.1,163.5,161.35,157.58,153.41,4.98,21.4,20.7,14.2,3.0,32.0,21.6,-15.2,-3.3,0,1,0,0,1,1,0,5.33,0,0,0,0
PT-117,2026-10-08T13:25:00,57,23.3,6.3,6.6,0,134.0,72.0,51.2,7.1,5171,166.1,85.8,35.5,3.8,11.5,165.23,162.53,159.11,154.1,4.48,14.2,18.3,-6.6,-5.2,32.1,13.8,-15.7,-3.3,0,1,0,0,1,1,0,5.42,0,0,0,0
PT-117,2026-10-08T13:30:00,57,23.3,6.3,6.6,0,134.0,72.0,51.2,7.1,5171,171.8,87.6,35.0,3.8,9.6,167.97,164.65,160.78,155.02,5.17,25.4,20.1,-8.6,0.2,37.8,15.6,-16.2,-3.3,0,1,0,0,1,1,0,5.5,0,0,0,0
PT-117,2026-10-08T13:35:00,57,23.3,6.3,6.6,0,134.0,72.0,51.2,7.1,5171,168.2,86.2,33.6,3.8,13.6,168.7,166.1,161.89,155.88,5.22,17.4,13.3,0.2,-0.4,34.2,14.2,-17.6,-3.3,0,1,0,0,1,1,0,5.58,0,0,0,0
PT-117,2026-10-08T13:40:00,57,23.3,6.3,6.6,0,134.0,72.0,51.2,7.1,5171,165.0,85.9,37.2,3.8,7.9,168.33,166.78,162.67,156.67,4.89,8.2,9.3,1.4,0.2,31.0,13.9,-14.0,-3.3,0,1,0,0,1,1,0,5.67,0,0,0,0
PT-117,2026-10-08T13:45:00,57,23.3,6.3,6.6,0,134.0,72.0,51.2,7.1,5171,165.0,88.9,36.9,3.8,8.3,166.07,167.02,163.29,157.38,4.65,2.8,7.5,6.4,0.8,31.0,16.9,-14.3,-3.3,0,1,0,0,1,1,0,5.75,0,0,0,0
PT-117,2026-10-08T13:50:00,57,23.3,6.3,6.6,0,134.0,72.0,51.2,7.1,5171,165.2,84.8,34.1,3.8,7.5,165.07,166.88,164.12,158.01,3.92,-1.6,9.9,-17.6,-3.8,31.2,12.8,-17.1,-3.3,0,1,0,0,1,1,0,5.83,0,0,0,0
PT-117,2026-10-08T13:55:00,57,23.3,6.3,6.6,0,134.0,72.0,51.2,7.1,5171,168.2,85.7,33.6,3.8,8.5,166.13,167.23,164.88,158.75,3.73,4.2,9.2,-0.2,-3.8,34.2,13.7,-17.6,-3.3,0,1,0,0,1,1,0,5.92,0,0,0,0
PT-117,2026-10-08T14:00:00,57,23.3,6.3,6.6,0,134.0,72.0,51.2,7.1,5171,168.5,88.6,35.0,3.8,8.0,167.3,166.68,165.67,159.41,3.37,-6.6,9.4,2.0,0.0,34.5,16.6,-16.2,-3.3,0,1,0,0,1,1,0,6.0,0,0,0,0
PT-117,2026-10-08T14:05:00,57,23.3,6.3,6.6,0,134.0,72.0,51.2,7.1,5171,170.1,88.5,34.3,3.8,7.8,168.93,167.0,166.55,160.11,2.97,3.8,10.6,4.6,1.4,36.1,16.5,-16.9,-3.3,0,1,0,0,1,1,0,6.08,0,0,0,0
PT-117,2026-10-08T14:10:00,57,23.3,6.3,6.6,0,134.0,72.0,51.2,7.1,5171,169.2,85.1,34.7,3.8,3.2,169.27,167.7,167.24,160.85,2.46,8.4,8.3,-1.6,-5.0,35.2,13.1,-16.5,-3.3,0,1,0,0,1,1,0,6.17,0,0,0,0
PT-117,2026-10-08T14:15:00,57,23.3,6.3,6.6,0,134.0,72.0,51.2,7.1,5171,167.4,87.3,40.4,3.8,2.2,168.9,168.1,167.56,161.71,2.18,4.8,3.8,-3.2,7.0,33.4,15.3,-10.8,-3.3,0,1,0,0,1,1,0,6.25,0,0,0,0
PT-117,2026-10-08T14:20:00,57,23.3,6.3,6.6,0,134.0,72.0,51.2,7.1,5171,167.8,85.7,34.2,3.8,7.8,168.13,168.53,167.71,162.65,2.12,5.2,1.8,1.8,0.2,33.8,13.7,-17.0,-3.3,0,1,0,0,1,1,0,6.33,0,0,0,0
PT-117,2026-10-08T14:25:00,57,23.3,6.3,6.6,0,134.0,72.0,51.2,7.1,5171,169.9,89.1,33.9,3.8,3.5,168.37,168.82,168.02,163.57,2.14,3.4,3.8,6.8,0.6,35.9,17.1,-17.3,-3.3,0,1,0,0,1,1,0,6.42,0,0,0,0
PT-117,2026-10-08T14:30:00,57,23.3,6.3,6.6,0,134.0,72.0,51.2,7.1,5171,169.3,90.0,32.9,3.8,2.1,169.0,168.95,167.82,164.3,1.84,1.6,-2.5,2.8,-4.2,35.3,18.0,-18.3,-3.3,0,1,0,0,1,1,0,6.5,0,0,0,0
PT-117,2026-10-08T14:35:00,57,23.3,6.3,6.6,0,134.0,72.0,51.2,7.1,5171,166.9,88.4,39.0,3.8,9.7,168.7,168.42,167.71,164.8,1.86,-6.4,-1.3,-0.2,9.4,32.9,16.4,-12.2,-3.3,0,1,0,0,1,1,0,6.58,0,0,0,0
PT-117,2026-10-08T14:40:00,57,23.3,6.3,6.6,0,134.0,72.0,51.2,7.1,5171,168.2,88.3,36.9,3.8,10.0,168.13,168.25,167.98,165.32,1.65,-2.0,3.2,6.4,4.4,34.2,16.3,-14.3,-3.3,0,1,0,0,1,1,0,6.67,0,0,0,0
PT-117,2026-10-08T14:45:00,57,23.3,6.3,6.6,0,134.0,72.0,51.2,7.1,5171,169.5,87.4,32.5,3.8,3.8,168.2,168.6,168.35,165.82,1.4,4.2,4.5,0.2,-15.8,35.5,15.4,-18.7,-3.3,0,1,0,0,1,1,0,6.75,0,0,0,0
PT-117,2026-10-08T14:50:00,57,23.3,6.3,6.6,0,134.0,72.0,51.2,7.1,5171,169.4,82.8,34.7,3.8,5.8,169.03,168.87,168.7,166.41,1.02,3.2,4.2,-5.8,1.0,35.4,10.8,-16.5,-3.3,0,1,0,0,1,1,0,6.83,0,0,0,0
PT-117,2026-10-08T14:55:00,57,23.3,6.3,6.6,0,134.0,72.0,51.2,7.1,5171,170.1,85.4,36.8,3.8,9.5,169.67,168.9,168.86,166.87,1.08,0.4,1.9,-7.4,5.8,36.1,13.4,-14.4,-3.3,0,1,0,0,1,1,0,6.92,0,0,0,1
PT-117,2026-10-08T15:00:00,57,23.3,6.3,6.6,0,134.0,72.0,51.2,7.1,5171,171.4,85.9,36.2,3.8,2.8,170.3,169.25,169.1,167.38,1.3,4.2,2.9,-8.2,6.6,37.4,13.9,-15.0,-3.3,0,1,0,0,1,1,0,7.0,0,0,0,1
PT-117,2026-10-08T15:05:00,57,23.3,6.3,6.6,0,134.0,72.0,51.2,7.1,5171,171.7,86.2,36.0,3.8,8.8,171.07,170.05,169.23,167.89,1.48,9.6,1.6,-4.4,-6.0,37.7,14.2,-15.2,-3.3,0,1,0,0,1,1,0,7.08,0,0,0,1
PT-117,2026-10-08T15:10:00,57,23.3,6.3,6.6,0,134.0,72.0,51.2,7.1,5171,172.9,86.1,36.5,3.8,6.4,172.0,170.83,169.54,168.39,1.82,9.4,3.7,-4.4,-0.8,38.9,14.1,-14.7,-3.3,0,1,0,0,1,1,0,7.17,0,0,0,1
PT-117,2026-10-08T15:15:00,57,23.3,6.3,6.6,0,134.0,72.0,51.2,7.1,5171,168.1,86.0,37.1,3.8,5.8,170.9,170.6,169.6,168.58,1.75,-2.8,0.7,-2.8,9.2,34.1,14.0,-14.1,-3.3,0,1,0,0,1,1,0,7.25,0,0,0,1
PT-117,2026-10-08T15:20:00,57,23.3,6.3,6.6,0,134.0,72.0,51.2,7.1,5171,169.1,84.9,39.3,3.8,7.3,170.03,170.55,169.71,168.71,1.67,-0.6,1.3,4.2,9.2,35.1,12.9,-11.9,-3.3,0,1,0,0,1,1,0,7.33,0,0,0,1
PT-117,2026-10-08T15:25:00,57,23.3,6.3,6.6,0,134.0,72.0,51.2,7.1,5171,171.2,88.4,33.7,3.8,5.4,169.47,170.73,169.82,168.92,1.72,2.2,1.3,6.0,-6.2,37.2,16.4,-17.5,-3.3,0,1,0,0,1,1,0,7.42,0,0,0,1
PT-117,2026-10-08T15:30:00,57,23.3,6.3,6.6,0,134.0,72.0,51.2,7.1,5171,172.2,85.2,38.6,3.8,3.6,170.83,170.87,170.06,168.94,1.84,1.6,2.9,-1.4,4.8,38.2,13.2,-12.6,-3.3,0,1,0,0,1,1,0,7.5,0,0,0,1
PT-117,2026-10-08T15:35:00,57,23.3,6.3,6.6,0,134.0,72.0,51.2,7.1,5171,173.1,88.0,36.1,3.8,6.9,172.17,171.1,170.58,169.14,1.74,2.8,6.2,3.6,0.2,39.1,16.0,-15.1,-3.3,0,1,0,0,1,1,0,7.58,0,0,0,1
PT-117,2026-10-08T15:40:00,57,23.3,6.3,6.6,0,134.0,72.0,51.2,7.1,5171,174.0,85.8,36.0,3.8,4.6,173.1,171.28,171.06,169.52,1.83,2.2,5.8,-0.6,-1.0,40.0,13.8,-15.2,-3.3,0,1,0,0,1,1,0,7.67,0,0,0,1
PT-117,2026-10-08T15:45:00,57,23.3,6.3,6.6,0,134.0,72.0,51.2,7.1,5171,176.5,83.8,35.8,3.8,8.3,174.53,172.68,171.64,170.0,2.33,16.8,7.0,-4.4,-2.6,42.5,11.8,-15.4,-3.3,0,1,0,0,1,1,0,7.75,0,0,0,1
PT-117,2026-10-08T15:50:00,57,23.3,6.3,6.6,0,134.0,72.0,51.2,7.1,5171,173.8,84.8,36.2,3.8,3.2,174.77,173.47,172.01,170.35,2.29,9.4,4.4,-0.2,-6.2,39.8,12.8,-15.0,-3.3,0,1,0,0,1,1,0,7.83,0,0,0,1
PT-117,2026-10-08T15:55:00,57,23.3,6.3,6.6,0,134.0,72.0,51.2,7.1,5171,176.8,86.9,34.0,3.8,2.8,175.7,174.4,172.57,170.71,2.58,11.2,6.7,-3.0,0.6,42.8,14.9,-17.2,-3.3,0,1,0,0,1,1,0,7.92,0,0,0,1
PT-117,2026-10-08T16:00:00,57,23.3,6.3,6.6,0,134.0,72.0,51.2,7.1,5171,176.1,86.2,36.3,3.8,2.3,175.57,175.05,172.96,171.03,2.74,7.8,4.7,2.0,-4.6,42.1,14.2,-14.9,-3.3,0,1,0,0,1,1,0,8.0,0,0,0,1
PT-117,2026-10-08T16:05:00,57,23.3,6.3,6.6,0,134.0,72.0,51.2,7.1,5171,177.1,86.4,37.9,3.8,5.7,176.67,175.72,173.41,171.32,2.95,8.0,5.4,-3.2,3.6,43.1,14.4,-13.3,-3.3,0,1,0,0,1,1,0,8.08,0,0,0,1
PT-117,2026-10-08T16:10:00,57,23.3,6.3,6.6,0,134.0,72.0,51.2,7.1,5171,174.1,86.2,33.1,3.8,9.4,175.77,175.73,173.51,171.52,2.95,0.2,1.2,0.8,-5.8,40.1,14.2,-18.1,-3.3,0,1,0,0,1,1,0,8.17,0,0,0,1
PT-117,2026-10-08T16:15:00,57,23.3,6.3,6.6,0,134.0,72.0,51.2,7.1,5171,175.5,82.2,35.6,3.8,5.9,175.57,175.57,174.12,171.86,2.45,-2.0,7.4,-3.2,-0.4,41.5,10.2,-15.6,-3.3,0,1,0,0,1,1,0,8.25,0,0,0,1
PT-117,2026-10-08T16:20:00,57,23.3,6.3,6.6,0,134.0,72.0,51.2,7.1,5171,171.9,84.4,34.5,3.8,2.5,173.83,175.25,174.36,172.03,2.03,-3.8,2.8,-0.8,-3.4,37.9,12.4,-16.7,-3.3,0,1,0,0,1,1,0,8.33,0,0,0,1
PT-117,2026-10-08T16:25:00,57,23.3,6.3,6.6,0,134.0,72.0,51.2,7.1,5171,174.2,90.6,35.0,3.8,7.8,173.87,174.82,174.61,172.21,1.77,-5.2,3.0,7.4,2.0,40.2,18.6,-16.2,-3.3,0,1,0,0,1,1,0,8.42,0,0,0,1
PT-117,2026-10-08T16:30:00,57,23.3,6.3,6.6,0,134.0,72.0,51.2,7.1,5171,175.2,85.2,35.6,3.8,5.3,173.77,174.67,174.86,172.46,1.6,-1.8,3.0,-2.0,-1.4,41.2,13.2,-15.6,-3.3,0,1,0,0,1,1,0,8.5,0,0,0,1
PT-117,2026-10-08T16:35:00,57,23.3,6.3,6.6,0,134.0,72.0,51.2,7.1,5171,178.6,86.3,35.8,3.8,6.3,176.0,174.92,175.32,172.95,1.83,3.0,5.5,-0.2,-4.2,44.6,14.3,-15.4,-3.3,0,1,0,0,1,1,0,8.58,0,0,0,1
PT-117,2026-10-08T16:40:00,57,23.3,6.3,6.6,0,134.0,72.0,51.2,7.1,5171,178.6,86.2,36.4,3.8,4.2,177.47,175.67,175.7,173.38,2.0,9.0,4.6,0.0,6.6,44.6,14.2,-14.8,-3.3,0,1,0,0,1,1,0,8.67,0,0,0,1
PT-117,2026-10-08T16:45:00,57,23.3,6.3,6.6,0,134.0,72.0,51.2,7.1,5171,178.3,88.8,36.0,3.8,9.1,178.5,176.13,175.85,173.75,2.13,5.6,1.8,13.2,0.8,44.3,16.8,-15.2,-3.3,0,1,0,0,1,1,0,8.75,0,0,0,1
PT-117,2026-10-08T16:50:00,57,23.3,6.3,6.6,0,134.0,72.0,51.2,7.1,5171,179.5,85.6,32.7,3.8,3.8,178.8,177.4,176.32,174.17,2.26,15.2,5.7,2.4,-3.6,45.5,13.6,-18.5,-3.3,0,1,0,0,1,1,0,8.83,0,0,0,1
PT-117,2026-10-08T16:55:00,57,23.3,6.3,6.6,0,134.0,72.0,51.2,7.1,5171,181.5,83.4,38.0,3.8,8.5,179.77,178.62,176.72,174.64,2.71,14.6,4.7,-14.4,6.0,47.5,11.4,-13.2,-3.3,0,1,0,0,1,1,0,8.92,0,0,0,1
PT-117,2026-10-08T17:00:00,57,23.3,6.3,6.6,0,134.0,72.0,51.2,7.1,5171,179.4,86.8,34.0,3.8,26.7,180.13,179.32,176.99,174.98,2.81,8.4,3.3,3.2,-3.2,45.4,14.8,-17.2,-3.3,0,0,1,0,1,1,0,9.0,0,0,0,1
PT-117,2026-10-08T17:05:00,57,23.3,6.3,6.6,0,134.0,72.0,51.2,7.1,5171,176.3,86.6,39.0,3.8,22.0,179.07,178.93,176.92,175.17,2.82,-4.6,-0.8,0.6,6.4,42.3,14.6,-12.2,-3.3,0,0,1,0,1,1,0,9.08,0,0,0,1
PT-117,2026-10-08T17:10:00,57,23.3,6.3,6.6,0,134.0,72.0,51.2,7.1,5171,173.2,83.5,34.8,3.8,19.9,176.3,178.03,176.85,175.18,2.91,-10.8,-0.9,-5.4,-3.2,39.2,11.5,-16.4,-3.3,0,0,1,0,1,1,0,9.17,0,0,0,1
PT-117,2026-10-08T17:15:00,57,23.3,6.3,6.6,0,134.0,72.0,51.2,7.1,5171,170.9,87.6,38.2,3.8,24.7,173.47,176.8,176.47,175.3,3.37,-14.8,-4.6,-2.4,4.4,36.9,15.6,-13.0,-3.3,0,0,1,0,1,1,0,9.25,0,0,0,1
PT-117,2026-10-08T17:20:00,57,23.3,6.3,6.6,0,134.0,72.0,51.2,7.1,5171,170.9,86.4,33.9,3.8,22.9,171.67,175.37,176.38,175.37,3.5,-17.2,-1.0,1.6,2.4,36.9,14.4,-17.3,-3.3,0,0,1,0,1,1,0,9.33,0,0,0,1
PT-117,2026-10-08T17:25:00,57,23.3,6.3,6.6,0,134.0,72.0,51.2,7.1,5171,171.6,81.3,34.5,3.8,29.4,171.13,173.72,176.17,175.39,3.72,-19.8,-2.6,-4.2,-7.0,37.6,9.3,-16.7,-3.3,0,0,1,0,1,1,0,9.42,0,0,0,1
PT-117,2026-10-08T17:30:00,57,23.3,6.3,6.6,0,134.0,72.0,51.2,7.1,5171,171.1,83.0,38.9,3.8,25.4,171.2,172.33,175.82,175.34,4.0,-16.6,-4.1,-7.6,9.8,37.1,11.0,-12.3,-3.3,0,0,1,0,1,1,0,9.5,0,0,0,1
PT-117,2026-10-08T17:35:00,57,23.3,6.3,6.6,0,134.0,72.0,51.2,7.1,5171,172.5,84.7,33.6,3.8,26.5,171.73,171.7,175.32,175.32,4.0,-7.6,-6.1,-3.8,-10.8,38.5,12.7,-17.6,-3.3,0,0,1,0,1,1,0,9.58,0,0,0,1
PT-117,2026-10-08T17:40:00,57,23.3,6.3,6.6,0,134.0,72.0,51.2,7.1,5171,171.3,85.1,41.0,3.8,20.1,171.63,171.38,174.71,175.2,4.01,-3.8,-7.3,3.2,12.4,37.3,13.1,-10.2,-3.3,0,0,1,0,1,1,0,9.67,0,0,0,1
PT-117,2026-10-08T17:45:00,57,23.3,6.3,6.6,0,134.0,72.0,51.2,7.1,5171,168.6,81.8,32.1,3.8,29.5,170.8,171.0,173.9,174.88,4.19,-4.6,-9.7,-11.6,-12.2,34.6,9.8,-19.1,-3.3,0,0,1,0,1,1,0,9.75,0,0,0,1
PT-117,2026-10-08T17:50:00,57,23.3,6.3,6.6,0,134.0,72.0,51.2,7.1,5171,168.2,81.5,39.6,3.8,21.5,169.37,170.55,172.96,174.64,4.09,-5.4,-11.3,-9.8,11.4,34.2,9.5,-11.6,-3.3,0,0,1,0,1,1,0,9.83,0,0,0,1
PT-117,2026-10-08T17:55:00,57,23.3,6.3,6.6,0,134.0,72.0,51.2,7.1,5171,170.2,90.0,35.9,3.8,21.6,169.0,170.32,172.02,174.37,3.13,-2.8,-11.3,17.4,2.8,36.2,18.0,-15.3,-3.3,0,0,1,0,1,1,0,9.92,0,0,0,1
PT-117,2026-10-08T18:00:00,57,23.3,6.3,6.6,0,134.0,72.0,51.2,7.1,5171,171.0,81.4,37.3,3.8,27.9,169.8,170.3,171.32,174.15,2.1,-0.2,-8.4,-3.2,-3.2,37.0,9.4,-13.9,-3.3,0,0,1,0,1,1,0,10.0,0,0,0,1
PT-117,2026-10-08T18:05:00,57,23.3,6.3,6.6,0,134.0,72.0,51.2,7.1,5171,174.5,82.4,36.5,3.8,4.4,171.9,170.63,171.17,174.05,1.75,4.0,-1.8,-4.6,5.8,40.5,10.4,-14.7,-3.3,0,0,1,0,1,1,0,10.08,0,0,0,1
PT-117,2026-10-08T18:10:00,57,23.3,6.3,6.6,0,134.0,72.0,51.2,7.1,5171,178.5,82.5,37.4,3.8,4.0,174.67,171.83,171.61,174.23,2.71,14.4,5.3,-5.2,-7.2,44.5,10.5,-13.8,-3.3,0,0,1,0,1,1,0,10.17,0,0,0,1
PT-117,2026-10-08T18:15:00,57,23.3,6.3,6.6,0,134.0,72.0,51.2,7.1,5171,182.6,84.9,37.2,3.8,3.0,178.53,174.17,172.58,174.52,4.16,28.0,11.7,6.2,10.2,48.6,12.9,-14.0,-3.3,0,0,1,0,1,1,0,10.25,0,0,0,1
PT-117,2026-10-08T18:20:00,57,23.3,6.3,6.6,0,134.0,72.0,51.2,7.1,5171,181.8,85.8,36.9,3.8,8.7,180.97,176.43,173.49,174.94,4.88,27.2,10.9,8.6,-5.4,47.8,13.8,-14.3,-3.3,0,0,1,0,1,1,0,10.33,0,0,0,1
PT-117,2026-10-08T18:25:00,57,23.3,6.3,6.6,0,134.0,72.0,51.2,7.1,5171,184.2,79.8,35.6,3.8,8.4,182.87,178.77,174.54,175.35,5.72,28.0,12.6,-20.4,-0.6,50.2,7.8,-15.6,-3.3,0,0,1,0,1,1,0,10.42,0,0,0,1
PT-117,2026-10-08T18:30:00,57,23.3,6.3,6.6,0,134.0,72.0,51.2,7.1,5171,186.3,83.4,36.7,3.8,8.3,184.1,181.32,175.81,175.82,6.52,30.6,15.2,4.0,-1.2,52.3,11.4,-14.5,-3.3,0,0,1,0,1,1,0,10.5,0,0,0,1
PT-117,2026-10-08T18:35:00,57,23.3,6.3,6.6,0,134.0,72.0,51.2,7.1,5171,186.7,82.3,40.7,3.8,9.9,185.73,183.35,176.99,176.15,7.12,24.4,14.2,-0.2,8.4,52.7,10.3,-10.5,-3.3,0,0,1,0,1,1,0,10.58,0,0,0,1
PT-117,2026-10-08T18:40:00,57,23.3,6.3,6.6,0,134.0,72.0,51.2,7.1,5171,187.5,83.2,39.0,3.8,7.7,186.83,184.85,178.34,176.52,7.47,18.0,16.2,1.4,3.2,53.5,11.2,-12.2,-3.3,0,0,1,0,1,1,0,10.67,0,0,0,1
PT-117,2026-10-08T18:45:00,57,23.3,6.3,6.6,0,134.0,72.0,51.2,7.1,5171,189.6,82.8,39.4,3.8,2.4,187.93,186.02,180.09,177.0,7.44,14.0,21.0,-4.2,4.4,55.6,10.8,-11.8,-3.3,0,0,1,0,1,1,0,10.75,0,0,0,1
PT-117,2026-10-08T18:50:00,57,23.3,6.3,6.6,0,134.0,72.0,51.2,7.1,5171,186.6,83.5,35.3,3.8,2.6,187.9,186.82,181.62,177.29,6.62,9.6,18.4,-4.6,-3.2,52.6,11.5,-15.9,-3.3,0,0,1,0,1,1,0,10.83,0,0,0,1
PT-117,2026-10-08T18:55:00,57,23.3,6.3,6.6,0,134.0,72.0,51.2,7.1,5171,189.5,84.6,36.9,3.8,5.9,188.57,187.7,183.23,177.62,5.9,10.6,19.3,9.6,2.6,55.5,12.6,-14.3,-3.3,0,0,1,0,1,1,0,10.92,0,0,0,1
PT-117,2026-10-08T19:00:00,57,23.3,6.3,6.6,0,134.0,72.0,51.2,7.1,5171,190.8,80.4,35.0,3.8,4.7,188.97,188.45,184.88,178.1,4.84,9.0,19.8,-6.0,-3.4,56.8,8.4,-16.2,-3.3,0,0,1,0,1,1,0,11.0,0,0,0,1
PT-117,2026-10-08T19:05:00,57,23.3,6.3,6.6,0,134.0,72.0,51.2,7.1,5171,193.9,82.0,36.1,3.8,8.2,191.4,189.65,186.5,178.83,4.26,14.4,19.4,-0.6,-9.2,59.9,10.0,-15.1,-3.3,0,0,1,0,1,1,0,11.08,0,0,0,1
PT-117,2026-10-08T19:10:00,57,23.3,6.3,6.6,0,134.0,72.0,51.2,7.1,5171,194.7,80.1,33.6,3.8,5.2,193.13,190.85,187.85,179.73,4.06,14.4,16.2,-6.2,-10.8,60.7,8.1,-17.6,-3.3,0,0,1,0,1,1,0,11.17,0,0,0,1
PT-117,2026-10-08T19:15:00,57,23.3,6.3,6.6,0,134.0,72.0,51.2,7.1,5171,199.0,80.5,37.3,3.8,8.9,195.87,192.42,189.22,180.9,4.82,18.8,16.4,-4.6,-4.2,65.0,8.5,-13.9,-3.3,0,0,1,0,1,1,0,11.25,0,0,0,1
PT-117,2026-10-08T19:20:00,57,23.3,6.3,6.6,0,134.0,72.0,51.2,7.1,5171,200.1,83.1,35.9,3.8,4.5,197.93,194.67,190.74,182.12,5.14,27.0,18.3,-0.8,1.2,66.1,11.1,-15.3,-3.3,0,0,1,0,1,1,0,11.33,0,0,0,1
PT-117,2026-10-08T19:25:00,57,23.3,6.3,6.6,0,134.0,72.0,51.2,7.1,5171,200.0,78.1,40.0,3.8,2.1,199.7,196.42,192.06,183.3,5.33,21.0,15.8,-13.0,6.2,66.0,6.1,-11.2,-3.3,0,0,1,0,1,1,0,11.42,0,0,0,1
PT-117,2026-10-08T19:30:00,57,23.3,6.3,6.6,0,134.0,72.0,51.2,7.1,5171,199.5,82.7,42.6,3.8,9.5,199.87,197.87,193.16,184.48,5.4,17.4,13.2,4.6,15.2,65.5,10.7,-8.6,-3.3,0,0,1,0,1,1,0,11.5,0,0,0,1
PT-117,2026-10-08T19:35:00,57,23.3,6.3,6.6,0,134.0,72.0,51.2,7.1,5171,200.9,82.4,35.9,3.8,7.4,200.13,199.03,194.34,185.67,5.41,14.0,14.2,0.8,-0.4,66.9,10.4,-15.3,-3.3,0,0,1,0,1,1,0,11.58,0,0,0,1
PT-117,2026-10-08T19:40:00,57,23.3,6.3,6.6,0,134.0,72.0,51.2,7.1,5171,202.8,81.9,37.3,3.8,6.0,201.07,200.38,195.62,186.98,5.45,16.2,15.3,3.6,7.4,68.8,9.9,-13.9,-3.3,0,0,1,0,1,1,0,11.67,0,0,0,1
PT-117,2026-10-08T19:45:00,57,23.3,6.3,6.6,0,134.0,72.0,51.2,7.1,5171,206.7,84.2,36.0,3.8,8.2,203.47,201.67,197.04,188.57,5.95,15.4,17.1,7.4,-2.6,72.7,12.2,-15.2,-3.3,0,0,1,0,1,1,0,11.75,0,0,0,1
PT-117,2026-10-08T19:50:00,57,23.3,6.3,6.6,0,134.0,72.0,51.2,7.1,5171,202.4,79.4,35.6,3.8,4.3,203.97,202.05,198.36,189.99,5.12,4.6,15.8,-7.4,-0.6,68.4,7.4,-15.6,-3.3,0,0,1,0,1,1,0,11.83,0,0,0,1
PT-117,2026-10-08T19:55:00,57,23.3,6.3,6.6,0,134.0,72.0,51.2,7.1,5171,204.3,83.0,37.0,3.8,3.0,204.47,202.77,199.59,191.41,4.54,8.6,14.8,9.8,-6.0,70.3,11.0,-14.2,-3.3,0,0,1,0,1,1,0,11.92,0,0,0,1
PT-117,2026-10-08T20:00:00,57,23.3,6.3,6.6,0,134.0,72.0,51.2,7.1,5171,205.3,85.6,34.7,3.8,4.4,204.0,203.73,200.8,192.84,3.87,11.6,14.5,5.8,-15.8,71.3,13.6,-16.5,-3.3,0,0,1,0,1,1,0,0.0,0,0,0,1
PT-117,2026-10-08T20:05:00,57,23.3,6.3,6.6,0,134.0,72.0,51.2,7.1,5171,206.1,81.5,36.3,3.8,9.9,205.23,204.6,201.82,194.16,3.48,10.4,12.2,-1.8,0.8,72.1,9.5,-14.9,-3.3,0,0,1,0,1,1,0,0.08,0,0,0,1
PT-117,2026-10-08T20:10:00,57,23.3,6.3,6.6,0,134.0,72.0,51.2,7.1,5171,208.1,81.7,40.7,3.8,5.5,206.5,205.48,202.93,195.39,3.11,10.6,13.4,-0.4,6.8,74.1,9.7,-10.5,-3.3,0,0,1,0,1,1,0,0.17,0,0,0,1
PT-117,2026-10-08T20:15:00,57,23.3,6.3,6.6,0,134.0,72.0,51.2,7.1,5171,210.6,81.6,35.1,3.8,7.1,208.27,206.13,203.9,196.56,3.55,7.8,11.6,-5.2,-1.8,76.6,9.6,-16.1,-3.3,0,0,1,0,1,1,0,0.25,0,0,0,1
PT-117,2026-10-08T20:20:00,57,23.3,6.3,6.6,0,134.0,72.0,51.2,7.1,5171,209.8,81.2,33.1,3.8,5.0,209.5,207.37,204.71,197.72,3.71,14.8,9.7,3.6,-5.0,75.8,9.2,-18.1,-3.3,0,0,1,0,1,1,0,0.33,0,0,0,1
PT-117,2026-10-08T20:25:00,57,23.3,6.3,6.6,0,134.0,72.0,51.2,7.1,5171,209.5,83.5,38.9,3.8,5.4,209.97,208.23,205.5,198.78,3.63,10.4,9.5,1.0,3.8,75.5,11.5,-12.3,-3.3,0,0,1,0,1,1,0,0.42,0,0,0,1
PT-117,2026-10-08T20:30:00,57,23.3,6.3,6.6,0,134.0,72.0,51.2,7.1,5171,211.0,83.6,34.7,3.8,6.1,210.1,209.18,206.46,199.81,3.41,11.4,11.5,-4.0,0.0,77.0,11.6,-16.5,-3.3,0,0,1,0,1,1,0,0.5,0,0,0,1
PT-117,2026-10-08T20:35:00,57,23.3,6.3,6.6,0,134.0,72.0,51.2,7.1,5171,209.2,81.2,35.3,3.8,7.0,209.9,209.7,207.15,200.75,3.0,6.2,8.3,-0.6,-2.0,75.2,9.2,-15.9,-3.3,0,0,1,0,1,1,0,0.58,0,0,0,1
PT-117,2026-10-08T20:40:00,57,23.3,6.3,6.6,0,134.0,72.0,51.2,7.1,5171,210.5,83.0,36.0,3.8,7.7,210.23,210.1,207.79,201.7,2.8,4.8,7.7,2.6,-9.4,76.5,11.0,-15.2,-3.3,0,0,1,0,1,1,0,0.67,0,0,0,1
PT-117,2026-10-08T20:45:00,57,23.3,6.3,6.6,0,134.0,72.0,51.2,7.1,5171,212.1,80.3,34.4,3.8,7.1,210.6,210.35,208.24,202.64,3.03,3.0,5.4,-2.6,-1.4,78.1,8.3,-16.8,-3.3,0,0,1,0,1,1,0,0.75,0,0,0,1
PT-117,2026-10-08T20:50:00,57,23.3,6.3,6.6,0,134.0,72.0,51.2,7.1,5171,213.5,79.4,38.5,3.8,9.5,212.03,210.97,209.17,203.76,2.77,7.4,11.1,-3.6,10.8,79.5,7.4,-12.7,-3.3,0,0,1,0,1,1,0,0.83,0,0,0,1
PT-117,2026-10-08T20:55:00,57,23.3,6.3,6.6,0,134.0,72.0,51.2,7.1,5171,216.2,78.1,33.5,3.8,9.3,213.93,212.08,210.16,204.88,2.99,13.4,11.9,-10.8,-10.8,82.2,6.1,-17.7,-3.3,0,0,1,0,1,1,0,0.92,0,0,0,1
PT-117,2026-10-08T21:00:00,57,23.3,6.3,6.6,0,134.0,72.0,51.2,7.1,5171,215.7,80.2,34.4,3.8,9.0,215.13,212.87,211.02,205.91,2.96,9.4,10.4,-6.8,-0.6,81.7,8.2,-16.8,-3.3,0,0,1,0,1,1,0,1.0,0,0,0,1
PT-117,2026-10-08T21:05:00,57,23.3,6.3,6.6,0,134.0,72.0,51.2,7.1,5171,213.3,80.1,35.6,3.8,9.0,215.07,213.55,211.62,206.72,2.58,8.2,7.2,-2.2,0.6,79.3,8.1,-15.6,-3.3,0,0,1,0,1,1,0,1.08,0,0,0,1
PT-117,2026-10-08T21:10:00,57,23.3,6.3,6.6,0,134.0,72.0,51.2,7.1,5171,213.2,77.4,36.4,3.8,9.2,214.07,214.0,212.05,207.49,2.35,5.4,5.1,-11.2,0.8,79.2,5.4,-14.8,-3.3,0,0,1,0,1,1,0,1.17,0,0,0,1
PT-117,2026-10-08T21:15:00,57,23.3,6.3,6.6,0,134.0,72.0,51.2,7.1,5171,209.7,81.0,37.5,3.8,9.7,212.07,213.6,211.98,207.94,2.42,-4.8,-0.9,1.4,6.2,75.7,9.0,-13.7,-3.3,0,0,1,0,1,1,0,1.25,0,0,0,1
PT-117,2026-10-08T21:20:00,57,23.3,6.3,6.6,0,134.0,72.0,51.2,7.1,5171,209.0,81.9,31.4,3.8,6.7,210.63,212.85,211.91,208.31,2.49,-9.0,-0.8,5.0,-14.2,75.0,9.9,-19.8,-3.3,0,0,1,0,1,1,0,1.33,0,0,0,1
PT-117,2026-10-08T21:25:00,57,23.3,6.3,6.6,0,134.0,72.0,51.2,7.1,5171,211.3,80.9,36.8,3.8,5.2,210.0,212.03,212.06,208.78,2.38,-9.8,1.8,5.6,6.6,77.3,8.9,-14.4,-3.3,0,0,1,0,1,1,0,1.42,0,0,0,1
PT-117,2026-10-08T21:30:00,57,23.3,6.3,6.6,0,134.0,72.0,51.2,7.1,5171,216.9,77.9,41.6,3.8,9.3,212.4,212.23,212.55,209.5,2.73,2.4,5.9,-4.6,14.4,82.9,5.9,-9.6,-3.3,0,0,1,0,1,1,0,1.5,0,0,0,1
PT-117,2026-10-08T21:35:00,57,23.3,6.3,6.6,0,134.0,72.0,51.2,7.1,5171,216.2,81.0,36.5,3.8,4.2,214.8,212.72,213.13,210.14,2.7,5.8,7.0,1.8,1.8,82.2,9.0,-14.7,-3.3,0,0,1,0,1,1,0,1.58,0,0,0,1
PT-117,2026-10-08T21:40:00,57,23.3,6.3,6.6,0,134.0,72.0,51.2,7.1,5171,216.5,78.7,35.4,3.8,9.1,216.53,213.27,213.63,210.71,2.72,6.6,6.0,2.6,-2.0,82.5,6.7,-15.8,-3.3,0,0,1,0,1,1,0,1.67,0,0,0,1
PT-117,2026-10-08T21:45:00,57,23.3,6.3,6.6,0,134.0,72.0,51.2,7.1,5171,218.0,82.5,39.4,3.8,7.9,216.9,214.65,214.12,211.18,2.94,16.6,5.9,3.0,3.8,84.0,10.5,-11.8,-3.3,0,0,1,0,1,1,0,1.75,0,0,0,1
PT-117,2026-10-08T21:50:00,57,23.3,6.3,6.6,0,134.0,72.0,51.2,7.1,5171,219.4,79.2,34.2,3.8,9.1,217.97,216.38,214.62,211.89,3.3,20.8,5.9,-5.4,5.6,85.4,7.2,-17.0,-3.3,0,0,1,0,1,1,0,1.83,0,0,0,1
PT-117,2026-10-08T21:55:00,57,23.3,6.3,6.6,0,134.0,72.0,51.2,7.1,5171,216.4,78.5,34.8,3.8,7.1,217.93,217.23,214.63,212.4,3.31,10.2,0.2,-4.8,-4.0,82.4,6.5,-16.4,-3.3,0,0,1,0,1,1,0,1.92,0,0,0,1
PT-118,2026-10-08T08:00:00,48,23.3,6.8,7.6,1,154.1,70.4,54.1,7.3,6622,155.5,74.3,50.9,7.3,9.8,155.5,155.5,155.5,155.5,0.0,0.0,0.0,0.0,0.0,1.4,3.9,-3.2,0.0,1,0,0,0,2,1,1,0.0,0,0,0,0
PT-118,2026-10-08T08:05:00,48,23.3,6.8,7.6,1,154.1,70.4,54.1,7.3,6622,154.4,70.0,56.2,7.3,11.6,154.95,154.95,154.95,154.95,0.78,0.0,0.0,0.0,0.0,0.3,-0.4,2.1,0.0,1,0,0,0,2,1,1,0.08,0,0,0,0
PT-118,2026-10-08T08:10:00,48,23.3,6.8,7.6,1,154.1,70.4,54.1,7.3,6622,155.8,72.4,55.2,7.3,13.5,155.23,155.23,155.23,155.23,0.74,0.0,0.0,0.0,0.0,1.7,2.0,1.1,0.0,1,0,0,0,2,1,1,0.17,0,0,0,0
PT-118,2026-10-08T08:15:00,48,23.3,6.8,7.6,1,154.1,70.4,54.1,7.3,6622,159.9,69.6,53.5,7.3,19.5,156.7,156.4,156.4,156.4,2.41,0.0,0.0,0.0,0.0,5.8,-0.8,-0.6,0.0,1,0,0,0,2,1,1,0.25,0,0,0,0
PT-118,2026-10-08T08:20:00,48,23.3,6.8,7.6,1,154.1,70.4,54.1,7.3,6622,156.2,69.3,52.7,7.3,5.4,157.3,156.36,156.36,156.36,2.09,0.0,0.0,0.0,0.0,2.1,-1.1,-1.4,0.0,1,0,0,0,2,1,1,0.33,0,0,0,0
PT-118,2026-10-08T08:25:00,48,23.3,6.8,7.6,1,154.1,70.4,54.1,7.3,6622,154.4,70.4,53.1,7.3,9.9,156.83,156.03,156.03,156.03,2.03,0.0,0.0,0.0,0.0,0.3,0.0,-1.0,0.0,1,0,0,0,2,1,1,0.42,0,0,0,0
PT-118,2026-10-08T08:30:00,48,23.3,6.8,7.6,1,154.1,70.4,54.1,7.3,6622,158.4,70.8,53.5,7.3,52.8,156.33,156.52,156.37,156.37,2.06,5.8,0.0,-7.0,5.2,4.3,0.4,-0.6,0.0,1,0,0,0,2,1,1,0.5,0,0,0,0
PT-118,2026-10-08T08:35:00,48,23.3,6.8,7.6,1,154.1,70.4,54.1,7.3,6622,157.7,70.3,57.7,7.3,69.5,156.83,157.07,156.54,156.54,1.96,6.6,0.0,0.6,3.0,3.6,-0.1,3.6,0.0,1,0,0,0,2,1,1,0.58,0,0,0,1
PT-118,2026-10-08T08:40:00,48,23.3,6.8,7.6,1,154.1,70.4,54.1,7.3,6622,155.9,69.6,54.1,7.3,53.6,157.33,157.08,156.47,156.47,1.85,0.2,0.0,-5.6,-2.2,1.8,-0.8,0.0,0.0,1,0,0,0,2,1,1,0.67,0,0,0,1
PT-118,2026-10-08T08:45:00,48,23.3,6.8,7.6,1,154.1,70.4,54.1,7.3,6622,156.2,66.5,53.2,7.3,66.1,156.6,156.47,156.44,156.44,1.75,-7.4,0.0,-6.2,-0.6,2.1,-3.9,-0.9,0.0,1,0,0,0,2,1,1,0.75,0,0,0,1
PT-118,2026-10-08T08:50:00,48,23.3,6.8,7.6,1,154.1,70.4,54.1,7.3,6622,152.3,71.5,54.0,7.3,65.7,154.8,155.82,156.06,156.06,2.07,-7.8,0.0,4.4,2.6,-1.8,1.1,-0.1,0.0,1,0,0,0,2,1,1,0.83,0,0,0,1
PT-118,2026-10-08T08:55:00,48,23.3,6.8,7.6,1,154.1,70.4,54.1,7.3,6622,154.0,68.8,53.7,7.3,60.5,154.17,155.75,155.89,155.89,2.07,-0.8,0.0,-3.2,1.2,-0.1,-1.6,-0.4,0.0,1,0,0,0,2,1,1,0.92,0,0,0,1
PT-118,2026-10-08T09:00:00,48,23.3,6.8,7.6,1,154.1,70.4,54.1,7.3,6622,152.3,71.2,51.6,7.3,67.6,152.87,154.73,155.62,155.62,2.31,-12.2,-3.2,0.8,-3.8,-1.8,0.8,-2.5,0.0,1,0,0,0,2,1,1,1.0,0,0,0,1
PT-118,2026-10-08T09:05:00,48,23.3,6.8,7.6,1,154.1,70.4,54.1,7.3,6622,156.9,71.6,56.0,7.3,52.5,154.4,154.6,155.83,155.71,2.3,-1.6,2.5,2.6,-3.4,2.8,1.2,1.9,0.0,1,0,0,0,2,1,1,1.08,0,0,0,1
PT-118,2026-10-08T09:10:00,48,23.3,6.8,7.6,1,154.1,70.4,54.1,7.3,6622,150.9,71.1,57.2,7.3,51.2,153.37,153.77,155.42,155.39,2.71,-10.0,-4.9,3.0,6.2,-3.2,0.7,3.1,0.0,1,0,0,0,2,1,1,1.17,0,0,0,1
PT-118,2026-10-08T09:15:00,48,23.3,6.8,7.6,1,154.1,70.4,54.1,7.3,6622,157.3,73.3,50.9,7.3,60.0,155.03,153.95,155.21,155.51,2.41,2.2,-2.6,13.6,-4.6,3.2,2.9,-3.2,0.0,1,0,0,0,2,1,1,1.25,0,0,0,1
PT-118,2026-10-08T09:20:00,48,23.3,6.8,7.6,1,154.1,70.4,54.1,7.3,6622,154.3,75.1,53.9,7.3,57.0,154.17,154.28,155.05,155.44,2.4,4.0,-1.9,7.2,-0.2,0.2,4.7,-0.2,0.0,1,0,0,0,2,1,1,1.33,0,0,0,1
PT-118,2026-10-08T09:25:00,48,23.3,6.8,7.6,1,154.1,70.4,54.1,7.3,6622,153.3,69.9,52.8,7.3,59.4,154.97,154.17,154.96,155.32,2.44,-1.4,-1.1,2.2,-1.8,-0.8,-0.5,-1.3,0.0,1,0,0,0,2,1,1,1.42,0,0,0,1
PT-118,2026-10-08T09:30:00,48,23.3,6.8,7.6,1,154.1,70.4,54.1,7.3,6622,157.0,69.8,53.3,7.3,52.9,154.87,154.95,154.84,155.41,2.29,9.4,-1.4,-2.8,3.4,2.9,-0.6,-0.8,0.0,1,0,0,0,2,1,1,1.5,0,0,0,1
PT-118,2026-10-08T09:35:00,48,23.3,6.8,7.6,1,154.1,70.4,54.1,7.3,6622,156.9,70.3,54.9,7.3,5.5,155.73,154.95,154.78,155.48,2.21,0.0,-0.8,-2.6,-2.2,2.8,-0.1,0.8,0.0,1,0,0,0,2,1,1,1.58,0,0,0,1
PT-118,2026-10-08T09:40:00,48,23.3,6.8,7.6,1,154.1,70.4,54.1,7.3,6622,157.7,71.1,58.2,7.3,5.6,157.2,156.08,154.92,155.59,2.35,13.6,1.8,0.0,2.0,3.6,0.7,4.1,0.0,1,0,0,0,2,1,1,1.67,0,0,0,1
PT-118,2026-10-08T09:45:00,48,23.3,6.8,7.6,1,154.1,70.4,54.1,7.3,6622,152.5,67.4,55.1,7.3,20.3,155.7,155.28,154.62,155.45,2.41,-9.6,-3.7,-11.8,8.4,-1.6,-3.0,1.0,0.0,1,0,0,0,2,1,1,1.75,0,0,0,1
PT-118,2026-10-08T09:50:00,48,23.3,6.8,7.6,1,154.1,70.4,54.1,7.3,6622,159.5,72.9,55.1,7.3,20.1,156.57,156.15,155.22,155.62,2.67,10.4,7.2,-4.4,2.4,5.4,2.5,1.0,0.0,1,0,0,0,2,1,1,1.83,0,0,0,1
PT-118,2026-10-08T09:55:00,48,23.3,6.8,7.6,1,154.1,70.4,54.1,7.3,6622,157.0,76.0,56.0,7.3,10.9,156.33,156.77,155.47,155.68,2.68,7.4,3.0,12.2,6.4,2.9,5.6,1.9,0.0,1,0,0,0,2,1,1,1.92,0,0,0,1
PT-118,2026-10-08T10:00:00,48,23.3,6.8,7.6,1,154.1,70.4,54.1,7.3,6622,154.5,72.1,55.5,7.3,10.8,157.0,156.35,155.65,155.64,2.52,-5.0,2.2,4.6,4.4,0.4,1.7,1.4,0.0,1,0,0,0,2,1,1,2.0,0,0,0,1
PT-118,2026-10-08T10:05:00,48,23.3,6.8,7.6,1,154.1,70.4,54.1,7.3,6622,159.0,67.1,52.0,7.3,20.5,156.83,156.7,155.83,155.83,2.68,4.2,2.1,-6.4,-5.8,4.9,-3.3,-2.1,0.0,1,0,0,0,2,1,1,2.08,0,0,0,1
PT-118,2026-10-08T10:10:00,48,23.3,6.8,7.6,1,154.1,70.4,54.1,7.3,6622,162.7,69.7,51.7,7.3,7.1,158.73,157.53,156.81,156.12,2.87,10.0,11.8,-2.8,-13.0,8.6,-0.7,-2.4,0.0,1,0,0,0,2,1,1,2.17,0,0,0,1
PT-118,2026-10-08T10:15:00,48,23.3,6.8,7.6,1,154.1,70.4,54.1,7.3,6622,167.5,71.1,53.1,7.3,7.5,163.07,160.03,157.66,156.43,4.22,30.0,10.2,7.4,-4.0,13.4,0.7,-1.0,0.0,1,0,0,0,2,1,1,2.25,0,0,0,1
PT-118,2026-10-08T10:20:00,48,23.3,6.8,7.6,1,154.1,70.4,54.1,7.3,6622,171.1,73.9,54.0,7.3,22.2,167.1,161.97,159.06,157.05,5.57,23.2,16.8,2.0,-2.2,17.0,3.5,-0.1,0.0,1,0,0,0,2,1,1,2.33,0,0,0,1
PT-118,2026-10-08T10:25:00,48,23.3,6.8,7.6,1,154.1,70.4,54.1,7.3,6622,175.0,72.0,51.0,7.3,15.5,171.2,164.97,160.87,157.91,6.9,36.0,21.7,-8.0,-10.0,20.9,1.6,-3.1,0.0,1,0,0,0,2,1,1,2.42,0,0,0,1
PT-118,2026-10-08T10:30:00,48,23.3,6.8,7.6,1,154.1,70.4,54.1,7.3,6622,179.5,73.7,53.1,7.3,8.8,175.2,169.13,162.74,158.79,8.6,50.0,22.5,3.2,-4.8,25.4,3.3,-1.0,0.0,1,0,0,0,2,1,1,2.5,0,0,0,1
PT-118,2026-10-08T10:35:00,48,23.3,6.8,7.6,1,154.1,70.4,54.1,7.3,6622,184.3,73.9,47.3,7.3,17.4,179.6,173.35,165.02,159.9,10.36,50.6,27.4,13.6,-9.4,30.2,3.5,-6.8,0.0,1,0,0,0,2,1,1,2.58,0,0,0,1
PT-118,2026-10-08T10:40:00,48,23.3,6.8,7.6,1,154.1,70.4,54.1,7.3,6622,188.1,71.9,48.6,7.3,15.9,183.97,177.58,167.56,161.24,12.0,50.8,30.4,4.4,-6.2,34.0,1.5,-5.5,0.0,1,0,0,0,2,1,1,2.67,0,0,0,1
PT-118,2026-10-08T10:45:00,48,23.3,6.8,7.6,1,154.1,70.4,54.1,7.3,6622,194.0,73.2,51.4,7.3,8.4,188.8,182.0,171.02,162.82,13.18,53.0,41.5,4.2,-3.4,39.9,2.8,-2.7,0.0,1,0,0,0,2,1,1,2.75,0,0,0,1
PT-118,2026-10-08T10:50:00,48,23.3,6.8,7.6,1,154.1,70.4,54.1,7.3,6622,197.8,74.5,41.5,7.3,6.7,193.3,186.45,174.21,164.71,14.69,53.4,38.3,1.2,-25.0,43.7,4.1,-12.6,0.0,1,0,0,0,2,1,1,2.83,0,0,0,1
PT-118,2026-10-08T10:55:00,48,23.3,6.8,7.6,1,154.1,70.4,54.1,7.3,6622,203.1,75.0,48.0,7.3,19.3,198.3,191.13,178.05,166.76,15.77,56.2,46.1,6.0,-6.0,49.0,4.6,-6.1,0.0,1,0,0,0,2,1,1,2.92,0,0,0,1
PT-118,2026-10-08T11:00:00,48,23.3,6.8,7.6,1,154.1,70.4,54.1,7.3,6622,207.3,79.2,43.9,7.3,10.3,202.73,195.77,182.45,169.05,15.97,55.6,52.8,11.0,-18.4,53.2,8.8,-10.2,0.0,1,0,0,0,2,1,1,3.0,0,0,0,1
PT-118,2026-10-08T11:05:00,48,23.3,6.8,7.6,1,154.1,70.4,54.1,7.3,6622,213.3,78.7,42.9,7.3,24.5,207.9,200.6,186.98,171.4,16.41,58.0,54.3,9.6,-8.8,59.2,8.3,-11.2,0.0,1,0,0,0,2,1,1,3.08,0,0,0,1
PT-118,2026-10-08T11:10:00,48,23.3,6.8,7.6,1,154.1,70.4,54.1,7.3,6622,217.3,77.6,41.8,7.3,21.3,212.63,205.47,191.52,174.17,16.63,58.4,54.6,11.4,-13.6,63.2,7.2,-12.3,0.0,1,0,0,0,2,1,1,3.17,0,0,0,1
PT-118,2026-10-08T11:15:00,48,23.3,6.8,7.6,1,154.1,70.4,54.1,7.3,6622,220.9,81.2,43.7,7.3,17.3,217.17,209.95,195.98,176.82,16.76,53.8,53.4,16.0,-15.4,66.8,10.8,-10.4,0.0,1,0,0,0,2,1,1,3.25,0,0,0,1
PT-118,2026-10-08T11:20:00,48,23.3,6.8,7.6,1,154.1,70.4,54.1,7.3,6622,224.9,78.8,39.6,7.3,5.8,221.03,214.47,200.46,179.76,16.7,54.2,53.8,8.6,-3.8,70.8,8.4,-14.5,0.0,1,0,0,0,2,1,1,3.33,0,0,0,1
PT-118,2026-10-08T11:25:00,48,23.3,6.8,7.6,1,154.1,70.4,54.1,7.3,6622,229.4,79.3,44.0,7.3,9.1,225.07,218.85,204.99,182.93,16.54,52.6,54.4,8.6,-8.0,75.3,8.9,-10.1,0.0,1,0,0,0,2,1,1,3.42,0,0,0,1
PT-118,2026-10-08T11:30:00,48,23.3,6.8,7.6,1,154.1,70.4,54.1,7.3,6622,235.4,79.8,43.7,7.3,10.4,229.9,223.53,209.65,186.2,16.58,56.2,55.9,1.2,-0.4,81.3,9.4,-10.4,0.0,1,0,0,0,2,1,1,3.5,0,0,0,1
PT-118,2026-10-08T11:35:00,48,23.3,6.8,7.6,1,154.1,70.4,54.1,7.3,6622,241.0,78.6,38.8,7.3,20.1,235.27,228.15,214.38,189.7,16.78,55.4,56.7,-0.2,-8.2,86.9,8.2,-15.3,0.0,1,0,0,0,2,1,1,3.58,0,0,0,1
PT-118,2026-10-08T11:40:00,48,23.3,6.8,7.6,1,154.1,70.4,54.1,7.3,6622,246.9,76.5,39.8,7.3,17.6,241.1,233.08,219.28,193.42,16.99,59.2,58.8,-2.2,-4.0,92.8,6.1,-14.3,0.0,1,0,0,0,2,1,1,3.67,0,0,0,1
PT-118,2026-10-08T11:45:00,48,23.3,6.8,7.6,1,154.1,70.4,54.1,7.3,6622,246.4,81.7,35.2,7.3,24.9,244.77,237.33,223.64,197.33,16.64,51.0,52.4,1.0,-17.0,92.3,11.3,-18.9,0.0,1,0,0,0,2,1,1,3.75,0,0,0,1
PT-118,2026-10-08T11:50:00,48,23.3,6.8,7.6,1,154.1,70.4,54.1,7.3,6622,245.3,82.1,40.5,7.3,6.8,246.2,240.73,227.6,200.9,15.54,40.8,47.5,6.6,1.8,91.2,11.7,-13.6,0.0,1,0,0,0,2,1,1,3.83,0,0,0,1
PT-118,2026-10-08T11:55:00,48,23.3,6.8,7.6,1,154.1,70.4,54.1,7.3,6622,244.5,81.6,39.2,7.3,19.7,245.4,243.25,231.05,204.55,14.14,30.2,41.4,4.6,-9.6,90.4,11.2,-14.9,0.0,1,0,0,0,2,1,1,3.92,0,0,0,1
PT-118,2026-10-08T12:00:00,48,23.3,6.8,7.6,1,154.1,70.4,54.1,7.3,6622,243.4,80.2,40.1,7.3,14.8,244.4,244.58,234.06,208.25,12.36,16.0,36.1,0.8,-7.2,89.3,9.8,-14.0,0.0,0,1,0,0,2,1,1,4.0,0,0,0,1
PT-118,2026-10-08T12:05:00,48,23.3,6.8,7.6,1,154.1,70.4,54.1,7.3,6622,242.7,85.4,41.4,7.3,8.6,243.53,244.87,236.51,211.74,10.67,3.4,29.4,13.6,5.2,88.6,15.0,-12.7,0.0,0,1,0,0,2,1,1,4.08,0,0,0,1
PT-118,2026-10-08T12:10:00,48,23.3,6.8,7.6,1,154.1,70.4,54.1,7.3,6622,242.2,85.7,38.1,7.3,20.7,242.77,244.08,238.58,215.05,8.86,-9.4,24.9,18.4,-3.4,88.1,15.3,-16.0,0.0,0,1,0,0,2,1,1,4.17,0,0,0,1
PT-118,2026-10-08T12:15:00,48,23.3,6.8,7.6,1,154.1,70.4,54.1,7.3,6622,240.9,81.5,38.5,7.3,23.8,241.93,243.17,240.25,218.11,6.9,-11.0,20.0,-0.4,6.6,86.8,11.1,-15.6,0.0,0,1,0,0,2,1,1,4.25,0,0,0,1
PT-118,2026-10-08T12:20:00,48,23.3,6.8,7.6,1,154.1,70.4,54.1,7.3,6622,239.9,78.9,37.3,7.3,23.6,241.0,242.27,241.5,220.98,4.94,-10.8,15.0,-6.4,-6.4,85.8,8.5,-16.8,0.0,0,1,0,0,2,1,1,4.33,0,0,0,1
PT-118,2026-10-08T12:25:00,48,23.3,6.8,7.6,1,154.1,70.4,54.1,7.3,6622,239.1,75.5,40.5,7.3,9.6,239.97,241.37,242.31,223.65,3.31,-10.8,9.7,-12.2,2.6,85.0,5.1,-13.6,0.0,0,1,0,0,2,1,1,4.42,0,0,0,1
PT-118,2026-10-08T12:30:00,48,23.3,6.8,7.6,1,154.1,70.4,54.1,7.3,6622,237.6,79.9,39.8,7.3,17.4,238.87,240.4,242.49,226.07,2.93,-11.6,2.2,-0.6,-0.6,83.5,9.5,-14.3,0.0,0,1,0,0,2,1,1,4.5,0,0,0,1
PT-118,2026-10-08T12:35:00,48,23.3,6.8,7.6,1,154.1,70.4,54.1,7.3,6622,236.1,80.8,40.9,7.3,16.8,237.6,239.3,242.08,228.23,3.45,-13.2,-4.9,-9.2,-1.0,82.0,10.4,-13.2,0.0,0,1,0,0,2,1,1,4.58,0,0,0,1
PT-118,2026-10-08T12:40:00,48,23.3,6.8,7.6,1,154.1,70.4,54.1,7.3,6622,235.4,81.6,40.8,7.3,18.7,236.37,238.17,241.12,230.2,3.59,-13.6,-11.5,-8.2,5.4,81.3,11.2,-13.3,0.0,0,1,0,0,2,1,1,4.67,0,0,0,1
PT-118,2026-10-08T12:45:00,48,23.3,6.8,7.6,1,154.1,70.4,54.1,7.3,6622,234.9,80.3,38.8,7.3,6.3,235.47,237.17,240.17,231.9,3.59,-12.0,-11.5,-2.4,0.6,80.8,9.9,-15.3,0.0,0,1,0,0,2,1,1,4.75,0,0,0,1
PT-118,2026-10-08T12:50:00,48,23.3,6.8,7.6,1,154.1,70.4,54.1,7.3,6622,233.5,84.8,36.1,7.3,20.7,234.6,236.1,239.18,233.39,3.67,-12.8,-11.8,11.8,-2.4,79.4,14.4,-18.0,0.0,0,1,0,0,2,1,1,4.83,0,0,0,1
PT-118,2026-10-08T12:55:00,48,23.3,6.8,7.6,1,154.1,70.4,54.1,7.3,6622,232.4,79.8,38.4,7.3,14.7,233.6,234.98,238.18,234.61,3.74,-13.4,-12.1,8.6,-4.2,78.3,9.4,-15.7,0.0,0,1,0,0,2,1,1,4.92,0,0,0,1
PT-118,2026-10-08T13:00:00,48,23.3,6.8,7.6,1,154.1,70.4,54.1,7.3,6622,231.8,81.6,37.7,7.3,22.6,232.57,234.02,237.21,235.63,3.76,-11.6,-11.6,3.4,-4.2,77.7,11.2,-16.4,0.0,0,1,0,0,2,1,1,5.0,0,0,0,1
PT-118,2026-10-08T13:05:00,48,23.3,6.8,7.6,1,154.1,70.4,54.1,7.3,6622,231.1,82.3,43.2,7.3,27.3,231.77,233.18,236.24,236.38,3.71,-10.0,-11.6,3.0,4.6,77.0,11.9,-10.9,0.0,0,1,0,0,2,1,1,5.08,0,0,0,1
PT-118,2026-10-08T13:10:00,48,23.3,6.8,7.6,1,154.1,70.4,54.1,7.3,6622,230.0,82.4,43.9,7.3,34.3,230.97,232.28,235.22,236.9,3.6,-10.8,-12.2,1.6,6.2,75.9,12.0,-10.2,0.0,0,1,0,0,2,1,1,5.17,0,0,0,1
PT-118,2026-10-08T13:15:00,48,23.3,6.8,7.6,1,154.1,70.4,54.1,7.3,6622,229.2,80.2,39.4,7.3,31.6,230.1,231.33,234.25,237.25,3.51,-11.4,-11.7,-0.2,1.2,75.1,9.8,-14.7,0.0,0,1,0,0,2,1,1,5.25,0,0,0,1
PT-118,2026-10-08T13:20:00,48,23.3,6.8,7.6,1,154.1,70.4,54.1,7.3,6622,228.7,79.5,37.0,7.3,22.1,229.3,230.53,233.32,237.41,3.35,-9.6,-11.2,-10.6,1.8,74.6,9.1,-17.1,0.0,0,1,0,0,2,1,1,5.33,0,0,0,1
PT-118,2026-10-08T13:25:00,48,23.3,6.8,7.6,1,154.1,70.4,54.1,7.3,6622,227.9,78.3,38.3,7.3,17.3,228.6,229.78,232.38,237.35,3.15,-9.0,-11.2,-3.0,-0.2,73.8,7.9,-15.8,0.0,0,1,0,0,2,1,1,5.42,0,0,0,1
PT-118,2026-10-08T13:30:00,48,23.3,6.8,7.6,1,154.1,70.4,54.1,7.3,6622,226.5,77.7,38.8,7.3,29.6,227.7,228.9,231.46,236.98,3.11,-10.6,-11.1,-7.8,2.2,72.4,7.3,-15.3,0.0,0,1,0,0,2,1,1,5.5,0,0,0,1
PT-118,2026-10-08T13:35:00,48,23.3,6.8,7.6,1,154.1,70.4,54.1,7.3,6622,225.9,72.8,39.0,7.3,18.3,226.77,228.03,230.61,236.35,3.12,-10.4,-10.2,-19.0,-8.4,71.8,2.4,-15.1,0.0,0,1,0,0,2,1,1,5.58,0,0,0,1
PT-118,2026-10-08T13:40:00,48,23.3,6.8,7.6,1,154.1,70.4,54.1,7.3,6622,225.2,81.4,40.4,7.3,22.2,225.87,227.23,229.76,235.44,3.08,-9.6,-10.2,-2.0,-7.0,71.1,11.0,-13.7,0.0,0,1,0,0,2,1,1,5.67,0,0,0,1
PT-118,2026-10-08T13:45:00,48,23.3,6.8,7.6,1,154.1,70.4,54.1,7.3,6622,223.9,73.8,39.3,7.3,23.0,225.0,226.35,228.84,234.5,3.05,-10.6,-11.0,-12.8,-0.2,69.8,3.4,-14.8,0.0,0,1,0,0,2,1,1,5.75,0,0,0,1
PT-118,2026-10-08T13:50:00,48,23.3,6.8,7.6,1,154.1,70.4,54.1,7.3,6622,222.5,77.5,39.1,7.3,34.5,223.87,225.32,227.92,233.55,3.17,-12.4,-11.0,-4.0,4.2,68.4,7.1,-15.0,0.0,0,1,0,0,2,1,1,5.83,0,0,0,1
PT-118,2026-10-08T13:55:00,48,23.3,6.8,7.6,1,154.1,70.4,54.1,7.3,6622,221.3,78.2,46.4,7.3,15.3,222.57,224.22,227.0,232.59,3.36,-13.2,-11.1,-0.2,16.2,67.2,7.8,-7.7,0.0,0,1,0,0,2,1,1,5.92,0,0,0,1
PT-118,2026-10-08T14:00:00,48,23.3,6.8,7.6,1,154.1,70.4,54.1,7.3,6622,220.0,77.5,39.3,7.3,23.6,221.27,223.13,226.02,231.61,3.55,-13.0,-11.8,-0.4,1.0,65.9,7.1,-14.8,0.0,0,1,0,0,2,1,1,6.0,0,0,0,1
PT-118,2026-10-08T14:05:00,48,23.3,6.8,7.6,1,154.1,70.4,54.1,7.3,6622,218.5,78.3,41.3,7.3,9.0,219.93,221.9,224.97,230.6,3.77,-14.8,-12.6,11.0,4.6,64.4,7.9,-12.8,0.0,0,1,0,0,2,1,1,6.08,0,0,0,1
PT-118,2026-10-08T14:10:00,48,23.3,6.8,7.6,1,154.1,70.4,54.1,7.3,6622,217.8,79.7,41.3,7.3,22.4,218.77,220.67,223.95,229.59,3.93,-14.8,-12.2,-3.4,1.8,63.7,9.3,-12.8,0.0,0,1,0,0,2,1,1,6.17,0,0,0,1
PT-118,2026-10-08T14:15:00,48,23.3,6.8,7.6,1,154.1,70.4,54.1,7.3,6622,217.0,81.0,42.0,7.3,7.9,217.77,219.52,222.93,228.59,4.02,-13.8,-12.2,14.4,5.4,62.9,10.6,-12.1,0.0,0,1,0,0,2,1,1,6.25,0,0,0,1
PT-118,2026-10-08T14:20:00,48,23.3,6.8,7.6,1,154.1,70.4,54.1,7.3,6622,215.6,76.6,44.0,7.3,8.9,216.8,218.37,221.84,227.58,4.09,-13.8,-13.1,-1.8,9.8,61.5,6.2,-10.1,0.0,0,1,0,0,2,1,1,6.33,0,0,0,1
PT-118,2026-10-08T14:25:00,48,23.3,6.8,7.6,1,154.1,70.4,54.1,7.3,6622,214.1,78.0,45.6,7.3,12.1,215.57,217.17,220.69,226.54,4.18,-14.4,-13.8,-0.4,-1.6,60.0,7.6,-8.5,0.0,0,1,0,0,2,1,1,6.42,0,0,0,1
PT-118,2026-10-08T14:30:00,48,23.3,6.8,7.6,1,154.1,70.4,54.1,7.3,6622,213.0,79.5,41.3,7.3,9.3,214.23,216.0,219.57,225.51,4.29,-14.0,-13.5,4.0,4.0,58.9,9.1,-12.8,0.0,0,1,0,0,2,1,1,6.5,0,0,0,1
PT-118,2026-10-08T14:35:00,48,23.3,6.8,7.6,1,154.1,70.4,54.1,7.3,6622,212.4,78.3,42.4,7.3,16.4,213.17,214.98,218.44,224.52,4.24,-12.2,-13.5,0.0,2.2,58.3,7.9,-11.7,0.0,0,1,0,0,2,1,1,6.58,0,0,0,1
PT-118,2026-10-08T14:40:00,48,23.3,6.8,7.6,1,154.1,70.4,54.1,7.3,6622,211.4,76.1,46.4,7.3,13.3,212.27,213.92,217.29,223.52,4.11,-12.8,-13.8,-7.2,10.2,57.3,5.7,-7.7,0.0,0,1,0,0,2,1,1,6.67,0,0,0,1
PT-118,2026-10-08T14:45:00,48,23.3,6.8,7.6,1,154.1,70.4,54.1,7.3,6622,210.7,76.5,46.1,7.3,12.3,211.5,212.87,216.19,222.52,3.95,-12.6,-13.2,-9.0,8.2,56.6,6.1,-8.0,0.0,0,1,0,0,2,1,1,6.75,0,0,0,1
PT-118,2026-10-08T14:50:00,48,23.3,6.8,7.6,1,154.1,70.4,54.1,7.3,6622,209.9,75.8,44.7,7.3,13.0,210.67,211.92,215.14,221.53,3.79,-11.4,-12.6,-1.6,1.4,55.8,5.4,-9.4,0.0,0,1,0,0,2,1,1,6.83,0,0,0,1
PT-118,2026-10-08T14:55:00,48,23.3,6.8,7.6,1,154.1,70.4,54.1,7.3,6622,208.8,75.8,44.7,7.3,8.4,209.8,211.03,214.1,220.55,3.66,-10.6,-12.5,-4.4,-1.8,54.7,5.4,-9.4,0.0,0,1,0,0,2,1,1,6.92,0,0,0,1
PT-118,2026-10-08T15:00:00,48,23.3,6.8,7.6,1,154.1,70.4,54.1,7.3,6622,208.1,78.4,44.0,7.3,9.7,208.93,210.22,213.11,219.56,3.52,-9.8,-11.9,-2.2,5.4,54.0,8.0,-10.1,0.0,0,1,0,0,2,1,1,7.0,0,0,0,1
PT-118,2026-10-08T15:05:00,48,23.3,6.8,7.6,1,154.1,70.4,54.1,7.3,6622,206.8,74.7,44.6,7.3,11.0,207.9,209.28,212.13,218.55,3.51,-11.2,-11.7,-7.2,4.4,52.7,4.3,-9.5,0.0,0,1,0,0,2,1,1,7.08,0,0,0,1
PT-118,2026-10-08T15:10:00,48,23.3,6.8,7.6,1,154.1,70.4,54.1,7.3,6622,205.4,73.9,44.1,7.3,7.5,206.77,208.28,211.1,217.52,3.52,-12.0,-12.4,-4.4,-4.6,51.3,3.5,-10.0,0.0,0,1,0,0,2,1,1,7.17,0,0,0,1
PT-118,2026-10-08T15:15:00,48,23.3,6.8,7.6,1,154.1,70.4,54.1,7.3,6622,204.3,78.5,42.3,7.3,7.2,205.5,207.22,210.04,216.49,3.49,-12.8,-12.7,4.0,-7.6,50.2,8.1,-11.8,0.0,0,1,0,0,2,1,1,7.25,0,0,0,1
PT-118,2026-10-08T15:20:00,48,23.3,6.8,7.6,1,154.1,70.4,54.1,7.3,6622,203.1,70.8,46.0,7.3,20.8,204.27,206.08,209.0,215.42,3.55,-13.6,-12.5,-10.0,2.6,49.0,0.4,-8.1,0.0,0,1,0,0,2,1,1,7.33,0,0,0,1
PT-118,2026-10-08T15:25:00,48,23.3,6.8,7.6,1,154.1,70.4,54.1,7.3,6622,202.6,73.0,47.5,7.3,18.4,203.33,205.05,208.04,214.37,3.6,-12.4,-11.5,-5.6,5.6,48.5,2.6,-6.6,0.0,0,1,0,0,2,1,1,7.42,0,0,0,1
PT-118,2026-10-08T15:30:00,48,23.3,6.8,7.6,1,154.1,70.4,54.1,7.3,6622,201.8,78.3,46.4,7.3,19.2,202.5,204.0,207.11,213.34,3.65,-12.6,-11.2,-0.2,4.8,47.7,7.9,-7.7,0.0,0,1,0,0,2,1,1,7.5,0,0,0,1
PT-118,2026-10-08T15:35:00,48,23.3,6.8,7.6,1,154.1,70.4,54.1,7.3,6622,200.4,75.4,44.4,7.3,23.4,201.6,202.93,206.11,212.28,3.71,-12.8,-12.0,1.4,-0.4,46.3,5.0,-9.7,0.0,0,1,0,0,2,1,1,7.58,0,0,0,1
PT-118,2026-10-08T15:40:00,48,23.3,6.8,7.6,1,154.1,70.4,54.1,7.3,6622,199.8,79.0,47.6,7.3,15.4,200.67,202.0,205.14,211.22,3.72,-11.2,-11.6,10.2,7.0,45.7,8.6,-6.5,0.0,0,1,0,0,2,1,1,7.67,0,0,0,1
PT-118,2026-10-08T15:45:00,48,23.3,6.8,7.6,1,154.1,70.4,54.1,7.3,6622,198.9,78.9,47.0,7.3,17.1,199.7,201.1,204.16,210.18,3.67,-10.8,-11.8,0.8,9.4,44.8,8.5,-7.1,0.0,0,1,0,0,2,1,1,7.75,0,0,0,1
PT-118,2026-10-08T15:50:00,48,23.3,6.8,7.6,1,154.1,70.4,54.1,7.3,6622,198.3,75.5,44.0,7.3,8.7,199.0,200.3,203.19,209.17,3.55,-9.6,-11.6,9.4,-4.0,44.2,5.1,-10.1,0.0,0,1,0,0,2,1,1,7.83,0,0,0,1
PT-118,2026-10-08T15:55:00,48,23.3,6.8,7.6,1,154.1,70.4,54.1,7.3,6622,197.6,76.4,49.1,7.3,23.3,198.27,199.47,202.26,208.18,3.41,-10.0,-11.2,6.8,3.2,43.5,6.0,-5.0,0.0,0,1,0,0,2,1,1,7.92,0,0,0,1
PT-118,2026-10-08T16:00:00,48,23.3,6.8,7.6,1,154.1,70.4,54.1,7.3,6622,197.0,74.4,46.1,7.3,17.4,197.63,198.67,201.33,207.22,3.18,-9.6,-11.1,-7.8,-0.6,42.9,4.0,-8.0,0.0,0,1,0,0,2,1,1,8.0,0,0,0,1
PT-118,2026-10-08T16:05:00,48,23.3,6.8,7.6,1,154.1,70.4,54.1,7.3,6622,196.1,74.3,44.0,7.3,20.3,196.9,197.95,200.44,206.29,3.0,-8.6,-10.7,-2.2,-0.8,42.0,3.9,-10.1,0.0,0,1,0,0,2,1,1,8.08,0,0,0,1
PT-118,2026-10-08T16:10:00,48,23.3,6.8,7.6,1,154.1,70.4,54.1,7.3,6622,195.3,74.5,42.2,7.3,8.3,196.13,197.2,199.6,205.35,2.9,-9.0,-10.1,-9.0,-10.8,41.2,4.1,-11.9,0.0,0,1,0,0,2,1,1,8.17,0,0,0,1
PT-118,2026-10-08T16:15:00,48,23.3,6.8,7.6,1,154.1,70.4,54.1,7.3,6622,193.9,78.2,48.9,7.3,13.0,195.1,196.37,198.73,204.39,2.92,-10.0,-10.4,-1.4,3.8,39.8,7.8,-5.2,0.0,0,1,0,0,2,1,1,8.25,0,0,0,1
PT-118,2026-10-08T16:20:00,48,23.3,6.8,7.6,1,154.1,70.4,54.1,7.3,6622,192.7,76.5,41.5,7.3,13.5,193.97,195.43,197.87,203.43,3.05,-11.2,-10.4,2.0,-5.0,38.6,6.1,-12.6,0.0,0,1,0,0,2,1,1,8.33,0,0,0,1
PT-118,2026-10-08T16:25:00,48,23.3,6.8,7.6,1,154.1,70.4,54.1,7.3,6622,191.4,73.9,49.7,7.3,19.3,192.67,194.4,196.93,202.49,3.18,-12.4,-11.2,-5.0,1.2,37.3,3.5,-4.4,0.0,0,1,0,0,2,1,1,8.42,0,0,0,1
PT-118,2026-10-08T16:30:00,48,23.3,6.8,7.6,1,154.1,70.4,54.1,7.3,6622,190.6,76.1,44.4,7.3,8.2,191.57,193.33,196.0,201.55,3.26,-12.8,-11.2,3.4,-3.4,36.5,5.7,-9.7,0.0,0,1,0,0,2,1,1,8.5,0,0,0,1
PT-118,2026-10-08T16:35:00,48,23.3,6.8,7.6,1,154.1,70.4,54.1,7.3,6622,189.9,75.3,45.9,7.3,19.9,190.63,192.3,195.12,200.62,3.38,-12.4,-10.5,2.0,3.8,35.8,4.9,-8.2,0.0,0,1,0,0,2,1,1,8.58,0,0,0,1
PT-118,2026-10-08T16:40:00,48,23.3,6.8,7.6,1,154.1,70.4,54.1,7.3,6622,189.1,73.2,46.6,7.3,22.6,189.87,191.27,194.23,199.69,3.45,-12.4,-10.7,-2.6,8.8,35.0,2.8,-7.5,0.0,0,1,0,0,2,1,1,8.67,0,0,0,1
PT-118,2026-10-08T16:45:00,48,23.3,6.8,7.6,1,154.1,70.4,54.1,7.3,6622,188.4,76.8,47.9,7.3,24.8,189.13,190.35,193.36,198.76,3.49,-11.0,-10.5,-2.8,-2.0,34.3,6.4,-6.2,0.0,0,1,0,0,2,1,1,8.75,0,0,0,1
PT-118,2026-10-08T16:50:00,48,23.3,6.8,7.6,1,154.1,70.4,54.1,7.3,6622,187.5,77.8,48.8,7.3,11.0,188.33,189.48,192.46,197.82,3.49,-10.4,-10.8,2.6,14.6,33.4,7.4,-5.3,0.0,0,1,0,0,2,1,1,8.83,0,0,0,1
PT-118,2026-10-08T16:55:00,48,23.3,6.8,7.6,1,154.1,70.4,54.1,7.3,6622,186.7,74.1,47.9,7.3,14.2,187.53,188.7,191.55,196.9,3.45,-9.4,-10.9,0.4,-3.6,32.6,3.7,-6.2,0.0,0,1,0,0,2,1,1,8.92,0,0,0,1
PT-118,2026-10-08T17:00:00,48,23.3,6.8,7.6,1,154.1,70.4,54.1,7.3,6622,185.2,74.5,46.3,7.3,55.7,186.47,187.8,190.57,195.95,3.44,-10.8,-11.8,-3.2,3.8,31.1,4.1,-7.8,0.0,0,0,1,0,2,1,1,9.0,0,0,0,1
PT-118,2026-10-08T17:05:00,48,23.3,6.8,7.6,1,154.1,70.4,54.1,7.3,6622,184.1,78.6,50.7,7.3,49.3,185.33,186.83,189.57,195.0,3.42,-11.6,-12.0,6.6,9.6,30.0,8.2,-3.4,0.0,0,0,1,0,2,1,1,9.08,0,0,0,1
PT-118,2026-10-08T17:10:00,48,23.3,6.8,7.6,1,154.1,70.4,54.1,7.3,6622,183.2,74.7,48.0,7.3,59.2,184.17,185.85,188.56,194.08,3.36,-11.8,-12.1,3.0,2.8,29.1,4.3,-6.1,0.0,0,0,1,0,2,1,1,9.17,0,0,0,1
PT-118,2026-10-08T17:15:00,48,23.3,6.8,7.6,1,154.1,70.4,54.1,7.3,6622,182.2,75.5,47.2,7.3,52.5,183.17,184.82,187.58,193.16,3.37,-12.4,-11.7,-2.6,-1.4,28.1,5.1,-6.9,0.0,0,0,1,0,2,1,1,9.25,0,0,0,1
PT-118,2026-10-08T17:20:00,48,23.3,6.8,7.6,1,154.1,70.4,54.1,7.3,6622,181.0,72.5,46.7,7.3,62.7,182.13,183.73,186.61,192.24,3.45,-13.0,-11.7,-10.6,-4.2,26.9,2.1,-7.4,0.0,0,0,1,0,2,1,1,9.33,0,0,0,1
PT-118,2026-10-08T17:25:00,48,23.3,6.8,7.6,1,154.1,70.4,54.1,7.3,6622,180.1,75.0,48.4,7.3,60.9,181.1,182.63,185.67,191.3,3.56,-13.2,-11.3,1.8,1.0,26.0,4.6,-5.7,0.0,0,0,1,0,2,1,1,9.42,0,0,0,0
PT-118,2026-10-08T17:30:00,48,23.3,6.8,7.6,1,154.1,70.4,54.1,7.3,6622,179.0,74.1,48.6,7.3,74.5,180.03,181.6,184.7,190.35,3.67,-12.4,-11.6,-0.8,4.6,24.9,3.7,-5.5,0.0,0,0,1,0,2,1,1,9.5,0,0,0,0
PT-118,2026-10-08T17:35:00,48,23.3,6.8,7.6,1,154.1,70.4,54.1,7.3,6622,177.7,67.6,52.2,7.3,71.3,178.93,180.53,183.68,189.4,3.79,-12.8,-12.2,-22.0,3.0,23.6,-2.8,-1.9,0.0,0,0,1,0,2,1,1,9.58,0,0,0,0
PT-118,2026-10-08T17:40:00,48,23.3,6.8,7.6,1,154.1,70.4,54.1,7.3,6622,176.5,75.1,51.6,7.3,70.6,177.73,179.42,182.63,188.43,3.9,-13.4,-12.6,0.8,7.2,22.4,4.7,-2.5,0.0,0,0,1,0,2,1,1,9.67,0,0,0,0
PT-118,2026-10-08T17:45:00,48,23.3,6.8,7.6,1,154.1,70.4,54.1,7.3,6622,175.0,70.9,51.2,7.3,68.4,176.4,178.22,181.52,187.44,4.01,-14.4,-13.4,-9.2,8.0,20.9,0.5,-2.9,0.0,0,0,1,0,2,1,1,9.75,0,0,0,0
PT-118,2026-10-08T17:50:00,48,23.3,6.8,7.6,1,154.1,70.4,54.1,7.3,6622,174.4,72.4,49.3,7.3,68.5,175.3,177.12,180.42,186.44,4.02,-13.2,-13.1,-0.2,5.2,20.3,2.0,-4.8,0.0,0,0,1,0,2,1,1,9.83,0,0,0,0
PT-118,2026-10-08T17:55:00,48,23.3,6.8,7.6,1,154.1,70.4,54.1,7.3,6622,173.6,69.1,51.4,7.3,71.2,174.33,176.03,179.33,185.44,3.94,-13.0,-13.1,-11.8,6.0,19.5,-1.3,-2.7,0.0,0,0,1,0,2,1,1,9.92,0,0,0,0
PT-118,2026-10-08T18:00:00,48,23.3,6.8,7.6,1,154.1,70.4,54.1,7.3,6622,173.1,75.4,50.1,7.3,48.6,173.7,175.05,178.32,184.45,3.85,-11.8,-12.1,2.6,3.0,19.0,5.0,-4.0,0.0,0,0,1,0,2,1,1,10.0,0,0,0,0
PT-118,2026-10-08T18:05:00,48,23.3,6.8,7.6,1,154.1,70.4,54.1,7.3,6622,172.2,73.6,48.2,7.3,7.9,172.97,174.13,177.33,183.45,3.75,-11.0,-11.9,12.0,-8.0,18.1,3.2,-5.9,0.0,0,0,1,0,2,1,1,10.08,0,0,0,0
PT-118,2026-10-08T18:10:00,48,23.3,6.8,7.6,1,154.1,70.4,54.1,7.3,6622,171.7,73.7,54.1,7.3,11.9,172.33,173.33,176.38,182.47,3.58,-9.6,-11.5,-2.8,5.0,17.6,3.3,0.0,0.0,0,0,1,0,2,1,1,10.17,0,0,0,0
PT-118,2026-10-08T18:15:00,48,23.3,6.8,7.6,1,154.1,70.4,54.1,7.3,6622,171.1,69.2,54.7,7.3,19.5,171.67,172.68,175.45,181.52,3.37,-7.8,-11.1,-3.4,7.0,17.0,-1.2,0.6,0.0,0,0,1,0,2,1,1,10.25,0,0,0,0
PT-118,2026-10-08T18:20:00,48,23.3,6.8,7.6,1,154.1,70.4,54.1,7.3,6622,169.7,72.2,46.8,7.3,13.1,170.83,171.9,174.51,180.56,3.26,-9.4,-11.3,-0.4,-5.0,15.6,1.8,-7.3,0.0,0,0,1,0,2,1,1,10.33,0,0,0,0
PT-118,2026-10-08T18:25:00,48,23.3,6.8,7.6,1,154.1,70.4,54.1,7.3,6622,169.2,70.5,51.8,7.3,7.3,170.0,171.17,173.6,179.63,3.07,-8.8,-10.9,2.8,0.8,15.1,0.1,-2.3,0.0,0,0,1,0,2,1,1,10.42,0,0,0,0
PT-118,2026-10-08T18:30:00,48,23.3,6.8,7.6,1,154.1,70.4,54.1,7.3,6622,168.7,73.0,51.1,7.3,20.2,169.2,170.43,172.74,178.72,2.85,-8.8,-10.3,-4.8,2.0,14.6,2.6,-3.0,0.0,0,0,1,0,2,1,1,10.5,0,0,0,0
PT-118,2026-10-08T18:35:00,48,23.3,6.8,7.6,1,154.1,70.4,54.1,7.3,6622,167.6,71.0,51.3,7.3,16.2,168.5,169.67,171.9,177.79,2.75,-9.2,-10.1,-5.2,6.2,13.5,0.6,-2.8,0.0,0,0,1,0,2,1,1,10.58,0,0,0,0
PT-118,2026-10-08T18:40:00,48,23.3,6.8,7.6,1,154.1,70.4,54.1,7.3,6622,166.5,70.5,52.2,7.3,17.1,167.6,168.8,171.07,176.85,2.74,-10.4,-10.0,-6.4,-3.8,12.4,0.1,-1.9,0.0,0,0,1,0,2,1,1,10.67,0,0,0,0
PT-118,2026-10-08T18:45:00,48,23.3,6.8,7.6,1,154.1,70.4,54.1,7.3,6622,165.9,69.4,51.0,7.3,8.2,166.67,167.93,170.31,175.91,2.81,-10.4,-9.1,0.4,-7.4,11.8,-1.0,-3.1,0.0,0,0,1,0,2,1,1,10.75,0,0,0,0
PT-118,2026-10-08T18:50:00,48,23.3,6.8,7.6,1,154.1,70.4,54.1,7.3,6622,164.7,69.2,52.7,7.3,8.6,165.7,167.1,169.5,174.96,2.92,-10.0,-9.7,-6.0,11.8,10.6,-1.2,-1.4,0.0,0,0,1,0,2,1,1,10.83,0,0,0,0
PT-118,2026-10-08T18:55:00,48,23.3,6.8,7.6,1,154.1,70.4,54.1,7.3,6622,163.7,72.7,51.2,7.3,13.5,164.77,166.18,168.68,174.0,3.05,-11.0,-9.9,4.4,-1.2,9.6,2.3,-2.9,0.0,0,0,1,0,2,1,1,10.92,0,0,0,0
PT-118,2026-10-08T19:00:00,48,23.3,6.8,7.6,1,154.1,70.4,54.1,7.3,6622,162.6,70.7,55.3,7.3,10.1,163.67,165.17,167.8,173.06,3.17,-12.2,-10.5,-4.6,8.4,8.5,0.3,1.2,0.0,0,0,1,0,2,1,1,11.0,0,0,0,0
PT-118,2026-10-08T19:05:00,48,23.3,6.8,7.6,1,154.1,70.4,54.1,7.3,6622,161.9,70.3,52.9,7.3,12.8,162.73,164.22,166.94,172.14,3.26,-11.4,-10.3,-1.4,3.2,7.8,-0.1,-1.2,0.0,0,0,1,0,2,1,1,11.08,0,0,0,0
PT-118,2026-10-08T19:10:00,48,23.3,6.8,7.6,1,154.1,70.4,54.1,7.3,6622,161.1,74.7,55.0,7.3,11.5,161.87,163.32,166.06,171.22,3.29,-10.8,-10.6,8.4,5.6,7.0,4.3,0.9,0.0,0,0,1,0,2,1,1,11.17,0,0,0,0
PT-118,2026-10-08T19:15:00,48,23.3,6.8,7.6,1,154.1,70.4,54.1,7.3,6622,160.0,71.4,54.6,7.3,14.1,161.0,162.33,165.13,170.29,3.31,-11.8,-11.1,4.0,7.2,5.9,1.0,0.5,0.0,0,0,1,0,2,1,1,11.25,0,0,0,0
PT-118,2026-10-08T19:20:00,48,23.3,6.8,7.6,1,154.1,70.4,54.1,7.3,6622,160.0,75.8,54.8,7.3,23.4,160.37,161.55,164.32,169.42,3.28,-9.4,-9.7,13.2,4.2,5.9,5.4,0.7,0.0,0,0,1,0,2,1,1,11.33,0,0,0,0
PT-118,2026-10-08T19:25:00,48,23.3,6.8,7.6,1,154.1,70.4,54.1,7.3,6622,160.0,71.4,54.0,7.3,16.1,160.0,160.93,163.56,168.58,3.1,-7.4,-9.2,-2.6,5.6,5.9,1.0,-0.1,0.0,0,0,1,0,2,1,1,11.42,0,0,0,0
PT-118,2026-10-08T19:30:00,48,23.3,6.8,7.6,1,154.1,70.4,54.1,7.3,6622,160.0,72.0,54.4,7.3,20.3,160.0,160.5,162.83,167.79,2.79,-5.2,-8.7,2.6,-1.8,5.9,1.6,0.3,0.0,0,0,1,0,2,1,1,11.5,0,0,0,0
PT-118,2026-10-08T19:35:00,48,23.3,6.8,7.6,1,154.1,70.4,54.1,7.3,6622,160.0,71.4,53.1,7.3,20.0,160.0,160.18,162.2,167.05,2.46,-3.8,-7.6,2.2,0.4,5.9,1.0,-1.0,0.0,0,0,1,0,2,1,1,11.58,0,0,0,0
PT-118,2026-10-08T19:40:00,48,23.3,6.8,7.6,1,154.1,70.4,54.1,7.3,6622,160.0,72.9,49.9,7.3,13.2,160.0,160.0,161.66,166.36,2.11,-2.2,-6.5,-3.6,-10.2,5.9,2.5,-4.2,0.0,0,0,1,0,2,1,1,11.67,0,0,0,0
PT-118,2026-10-08T19:45:00,48,23.3,6.8,7.6,1,154.1,70.4,54.1,7.3,6622,160.0,72.1,50.7,7.3,9.1,160.0,160.0,161.17,165.74,1.68,0.0,-5.9,1.4,-7.8,5.9,1.7,-3.4,0.0,0,0,1,0,2,1,1,11.75,0,0,0,0
PT-118,2026-10-08T19:50:00,48,23.3,6.8,7.6,1,154.1,70.4,54.1,7.3,6622,160.0,73.0,51.5,7.3,10.2,160.0,160.0,160.78,165.14,1.28,0.0,-4.7,-5.6,-6.6,5.9,2.6,-2.6,0.0,0,0,1,0,2,1,1,11.83,0,0,0,0
PT-118,2026-10-08T19:55:00,48,23.3,6.8,7.6,1,154.1,70.4,54.1,7.3,6622,160.0,70.0,50.0,7.3,22.5,160.0,160.0,160.47,164.57,0.9,0.0,-3.7,-2.8,-8.0,5.9,-0.4,-4.1,0.0,0,0,1,0,2,1,1,11.92,0,0,0,0
PT-118,2026-10-08T20:00:00,48,23.3,6.8,7.6,1,154.1,70.4,54.1,7.3,6622,160.0,69.2,54.4,7.3,21.0,160.0,160.0,160.25,164.02,0.61,0.0,-2.6,-5.6,0.0,5.9,-1.2,0.3,0.0,0,0,1,0,2,1,1,0.0,0,0,0,0
PT-118,2026-10-08T20:05:00,48,23.3,6.8,7.6,1,154.1,70.4,54.1,7.3,6622,160.0,70.9,55.0,7.3,7.7,160.0,160.0,160.09,163.52,0.32,0.0,-1.9,-1.0,3.8,5.9,0.5,0.9,0.0,0,0,1,0,2,1,1,0.08,0,0,0,0
PT-118,2026-10-08T20:10:00,48,23.3,6.8,7.6,1,154.1,70.4,54.1,7.3,6622,160.0,68.4,53.8,7.3,24.4,160.0,160.0,160.0,163.03,0.0,0.0,-1.1,-9.0,7.8,5.9,-2.0,-0.3,0.0,0,0,1,0,2,1,1,0.17,0,0,0,0
PT-118,2026-10-08T20:15:00,48,23.3,6.8,7.6,1,154.1,70.4,54.1,7.3,6622,160.0,68.5,51.4,7.3,24.4,160.0,160.0,160.0,162.57,0.0,0.0,0.0,-7.2,1.4,5.9,-1.9,-2.7,0.0,0,0,1,0,2,1,1,0.25,0,0,0,0
PT-118,2026-10-08T20:20:00,48,23.3,6.8,7.6,1,154.1,70.4,54.1,7.3,6622,160.0,73.8,52.8,7.3,20.6,160.0,160.0,160.0,162.16,0.0,0.0,0.0,1.6,2.6,5.9,3.4,-1.3,0.0,0,0,1,0,2,1,1,0.33,0,0,0,0
PT-118,2026-10-08T20:25:00,48,23.3,6.8,7.6,1,154.1,70.4,54.1,7.3,6622,160.0,74.3,55.2,7.3,13.9,160.0,160.0,160.0,161.78,0.0,0.0,0.0,8.6,10.4,5.9,3.9,1.1,0.0,0,0,1,0,2,1,1,0.42,0,0,0,0
PT-118,2026-10-08T20:30:00,48,23.3,6.8,7.6,1,154.1,70.4,54.1,7.3,6622,160.0,69.4,51.7,7.3,12.2,160.0,160.0,160.0,161.42,0.0,0.0,0.0,0.4,-5.4,5.9,-1.0,-2.4,0.0,0,0,1,0,2,1,1,0.5,0,0,0,0
PT-118,2026-10-08T20:35:00,48,23.3,6.8,7.6,1,154.1,70.4,54.1,7.3,6622,160.0,71.7,53.6,7.3,11.3,160.0,160.0,160.0,161.1,0.0,0.0,0.0,1.6,-2.8,5.9,1.3,-0.5,0.0,0,0,1,0,2,1,1,0.58,0,0,0,0
PT-118,2026-10-08T20:40:00,48,23.3,6.8,7.6,1,154.1,70.4,54.1,7.3,6622,160.0,72.2,54.2,7.3,7.2,160.0,160.0,160.0,160.83,0.0,0.0,0.0,7.6,0.8,5.9,1.8,0.1,0.0,0,0,1,0,2,1,1,0.67,0,0,0,0
PT-118,2026-10-08T20:45:00,48,23.3,6.8,7.6,1,154.1,70.4,54.1,7.3,6622,160.0,69.0,55.8,7.3,20.3,160.0,160.0,160.0,160.58,0.0,0.0,0.0,1.0,8.8,5.9,-1.4,1.7,0.0,0,0,1,0,2,1,1,0.75,0,0,0,0
PT-118,2026-10-08T20:50:00,48,23.3,6.8,7.6,1,154.1,70.4,54.1,7.3,6622,160.0,69.0,52.6,7.3,11.2,160.0,160.0,160.0,160.39,0.0,0.0,0.0,-9.6,-0.4,5.9,-1.4,-1.5,0.0,0,0,1,0,2,1,1,0.83,0,0,0,0
PT-118,2026-10-08T20:55:00,48,23.3,6.8,7.6,1,154.1,70.4,54.1,7.3,6622,160.0,70.5,53.6,7.3,12.9,160.0,160.0,160.0,160.23,0.0,0.0,0.0,-7.6,-3.2,5.9,0.1,-0.5,0.0,0,0,1,0,2,1,1,0.92,0,0,0,0
PT-118,2026-10-08T21:00:00,48,23.3,6.8,7.6,1,154.1,70.4,54.1,7.3,6622,160.0,74.7,56.1,7.3,22.6,160.0,160.0,160.0,160.12,0.0,0.0,0.0,10.6,8.8,5.9,4.3,2.0,0.0,0,0,1,0,2,1,1,1.0,0,0,0,0
PT-118,2026-10-08T21:05:00,48,23.3,6.8,7.6,1,154.1,70.4,54.1,7.3,6622,160.0,72.4,52.8,7.3,7.2,160.0,160.0,160.0,160.05,0.0,0.0,0.0,1.4,-1.6,5.9,2.0,-1.3,0.0,0,0,1,0,2,1,1,1.08,0,0,0,0
PT-118,2026-10-08T21:10:00,48,23.3,6.8,7.6,1,154.1,70.4,54.1,7.3,6622,160.0,72.0,52.4,7.3,17.7,160.0,160.0,160.0,160.0,0.0,0.0,0.0,-0.4,-3.6,5.9,1.6,-1.7,0.0,0,0,1,0,2,1,1,1.17,0,0,0,0
PT-118,2026-10-08T21:15:00,48,23.3,6.8,7.6,1,154.1,70.4,54.1,7.3,6622,160.0,71.6,52.2,7.3,18.9,160.0,160.0,160.0,160.0,0.0,0.0,0.0,5.2,-7.2,5.9,1.2,-1.9,0.0,0,0,1,0,2,1,1,1.25,0,0,0,0
PT-118,2026-10-08T21:20:00,48,23.3,6.8,7.6,1,154.1,70.4,54.1,7.3,6622,160.0,70.8,51.1,7.3,17.1,160.0,160.0,160.0,160.0,0.0,0.0,0.0,3.6,-3.0,5.9,0.4,-3.0,0.0,0,0,1,0,2,1,1,1.33,0,0,0,0
PT-118,2026-10-08T21:25:00,48,23.3,6.8,7.6,1,154.1,70.4,54.1,7.3,6622,160.0,67.0,54.3,7.3,18.9,160.0,160.0,160.0,160.0,0.0,0.0,0.0,-7.0,1.4,5.9,-3.4,0.2,0.0,0,0,1,0,2,1,1,1.42,0,0,0,0
PT-118,2026-10-08T21:30:00,48,23.3,6.8,7.6,1,154.1,70.4,54.1,7.3,6622,160.0,69.2,53.4,7.3,7.7,160.0,160.0,160.0,160.0,0.0,0.0,0.0,-11.0,-5.4,5.9,-1.2,-0.7,0.0,0,0,1,0,2,1,1,1.5,0,0,0,0
PT-118,2026-10-08T21:35:00,48,23.3,6.8,7.6,1,154.1,70.4,54.1,7.3,6622,160.0,69.5,54.2,7.3,13.6,160.0,160.0,160.0,160.0,0.0,0.0,0.0,-5.8,2.8,5.9,-0.9,0.1,0.0,0,0,1,0,2,1,1,1.58,0,0,0,0
PT-118,2026-10-08T21:40:00,48,23.3,6.8,7.6,1,154.1,70.4,54.1,7.3,6622,160.0,72.1,51.1,7.3,22.5,160.0,160.0,160.0,160.0,0.0,0.0,0.0,0.2,-2.6,5.9,1.7,-3.0,0.0,0,0,1,0,2,1,1,1.67,0,0,0,0
PT-118,2026-10-08T21:45:00,48,23.3,6.8,7.6,1,154.1,70.4,54.1,7.3,6622,160.0,70.7,55.6,7.3,23.4,160.0,160.0,160.0,160.0,0.0,0.0,0.0,-1.8,6.8,5.9,0.3,1.5,0.0,0,0,1,0,2,1,1,1.75,0,0,0,0
PT-118,2026-10-08T21:50:00,48,23.3,6.8,7.6,1,154.1,70.4,54.1,7.3,6622,160.0,70.4,50.6,7.3,18.6,160.0,160.0,160.0,160.0,0.0,0.0,0.0,-0.8,-1.0,5.9,0.0,-3.5,0.0,0,0,1,0,2,1,1,1.83,0,0,0,0
PT-118,2026-10-08T21:55:00,48,23.3,6.8,7.6,1,154.1,70.4,54.1,7.3,6622,160.0,70.4,50.7,7.3,23.8,160.0,160.0,160.0,160.0,0.0,0.0,0.0,6.8,-7.2,5.9,0.0,-3.4,0.0,0,0,1,0,2,1,1,1.92,0,0,0,0
PT-119,2026-10-08T08:00:00,51,31.4,6.3,8.2,0,174.6,78.6,43.6,7.5,5148,202.0,93.2,25.3,7.5,19.2,202.0,202.0,202.0,202.0,0.0,0.0,0.0,0.0,0.0,27.4,14.6,-18.3,0.0,1,0,0,0,3,1,0,0.0,0,0,0,1
PT-119,2026-10-08T08:05:00,51,31.4,6.3,8.2,0,174.6,78.6,43.6,7.5,5148,205.0,93.6,24.8,7.5,24.4,203.5,203.5,203.5,203.5,2.12,0.0,0.0,0.0,0.0,30.4,15.0,-18.8,0.0,1,0,0,0,3,1,0,0.08,0,0,0,1
PT-119,2026-10-08T08:10:00,51,31.4,6.3,8.2,0,174.6,78.6,43.6,7.5,5148,207.9,94.2,24.2,7.5,5.1,204.97,204.97,204.97,204.97,2.95,0.0,0.0,0.0,0.0,33.3,15.6,-19.4,0.0,1,0,0,0,3,1,0,0.17,0,0,0,1
PT-119,2026-10-08T08:15:00,51,31.4,6.3,8.2,0,174.6,78.6,43.6,7.5,5148,211.3,94.7,23.7,7.5,23.0,208.07,206.55,206.55,206.55,3.98,0.0,0.0,0.0,0.0,36.7,16.1,-19.9,0.0,1,0,0,0,3,1,0,0.25,0,0,0,1
PT-119,2026-10-08T08:20:00,51,31.4,6.3,8.2,0,174.6,78.6,43.6,7.5,5148,213.6,95.4,23.2,7.5,6.7,210.93,207.96,207.96,207.96,4.67,0.0,0.0,0.0,0.0,39.0,16.8,-20.4,0.0,1,0,0,0,3,1,0,0.33,0,0,0,1
PT-119,2026-10-08T08:25:00,51,31.4,6.3,8.2,0,174.6,78.6,43.6,7.5,5148,216.2,96.0,22.9,7.5,7.8,213.7,209.33,209.33,209.33,5.36,0.0,0.0,0.0,0.0,41.6,17.4,-20.7,0.0,1,0,0,0,3,1,0,0.42,0,0,0,1
PT-119,2026-10-08T08:30:00,51,31.4,6.3,8.2,0,174.6,78.6,43.6,7.5,5148,219.9,96.3,22.6,7.5,53.3,216.57,212.32,210.84,210.84,6.32,35.8,0.0,6.2,-5.4,45.3,17.7,-21.0,0.0,1,0,0,0,3,1,0,0.5,0,0,0,1
PT-119,2026-10-08T08:35:00,51,31.4,6.3,8.2,0,174.6,78.6,43.6,7.5,5148,223.5,96.8,22.2,7.5,63.0,219.87,215.4,212.42,212.42,7.37,37.0,0.0,6.4,-5.2,48.9,18.2,-21.4,0.0,1,0,0,0,3,1,0,0.58,0,0,0,1
PT-119,2026-10-08T08:40:00,51,31.4,6.3,8.2,0,174.6,78.6,43.6,7.5,5148,225.6,97.4,21.9,7.5,54.4,223.0,218.35,213.89,213.89,8.17,35.4,0.0,6.4,-4.6,51.0,18.8,-21.7,0.0,1,0,0,0,3,1,0,0.67,0,0,0,1
PT-119,2026-10-08T08:45:00,51,31.4,6.3,8.2,0,174.6,78.6,43.6,7.5,5148,228.8,98.0,21.4,7.5,48.6,225.97,221.27,215.38,215.38,9.03,35.0,0.0,6.6,-4.6,54.2,19.4,-22.2,0.0,1,0,0,0,3,1,0,0.75,0,0,0,1
PT-119,2026-10-08T08:50:00,51,31.4,6.3,8.2,0,174.6,78.6,43.6,7.5,5148,231.9,98.3,21.0,7.5,51.0,228.77,224.32,216.88,216.88,9.91,36.6,0.0,5.8,-4.4,57.3,19.7,-22.6,0.0,1,0,0,0,3,1,0,0.83,0,0,0,1
PT-119,2026-10-08T08:55:00,51,31.4,6.3,8.2,0,174.6,78.6,43.6,7.5,5148,234.9,98.9,20.8,7.5,46.6,231.87,227.43,218.38,218.38,10.79,37.4,0.0,5.8,-4.2,60.3,20.3,-22.8,0.0,1,0,0,0,3,1,0,0.92,0,0,0,1
PT-119,2026-10-08T09:00:00,51,31.4,6.3,8.2,0,174.6,78.6,43.6,7.5,5148,236.7,99.1,20.6,7.5,71.8,234.5,230.23,221.28,219.79,10.65,33.6,34.7,5.6,-4.0,62.1,20.5,-23.0,0.0,1,0,0,0,3,1,0,1.0,0,0,0,1
PT-119,2026-10-08T09:05:00,51,31.4,6.3,8.2,0,174.6,78.6,43.6,7.5,5148,240.5,99.5,20.1,7.5,74.3,237.37,233.07,224.23,221.27,10.64,34.0,35.5,5.4,-4.2,65.9,20.9,-23.5,0.0,1,0,0,0,3,1,0,1.08,0,0,0,1
PT-119,2026-10-08T09:10:00,51,31.4,6.3,8.2,0,174.6,78.6,43.6,7.5,5148,242.9,99.9,19.6,7.5,71.0,240.03,235.95,227.15,222.71,10.56,34.6,35.0,5.0,-4.6,68.3,21.3,-24.0,0.0,1,0,0,0,3,1,0,1.17,0,0,0,1
PT-119,2026-10-08T09:15:00,51,31.4,6.3,8.2,0,174.6,78.6,43.6,7.5,5148,245.9,100.6,19.2,7.5,61.2,243.1,238.8,230.03,224.16,10.56,34.2,34.6,5.2,-4.4,71.3,22.0,-24.4,0.0,1,0,0,0,3,1,0,1.25,0,0,0,1
PT-119,2026-10-08T09:20:00,51,31.4,6.3,8.2,0,174.6,78.6,43.6,7.5,5148,247.7,101.1,18.9,7.5,52.9,245.5,241.43,232.88,225.55,10.32,31.6,34.1,5.6,-4.2,73.1,22.5,-24.7,0.0,1,0,0,0,3,1,0,1.33,0,0,0,1
PT-119,2026-10-08T09:25:00,51,31.4,6.3,8.2,0,174.6,78.6,43.6,7.5,5148,251.4,101.3,18.3,7.5,67.3,248.33,244.18,235.81,226.98,10.15,33.0,35.2,4.8,-5.0,76.8,22.7,-25.3,0.0,1,0,0,0,3,1,0,1.42,0,0,0,1
PT-119,2026-10-08T09:30:00,51,31.4,6.3,8.2,0,174.6,78.6,43.6,7.5,5148,254.2,101.9,18.1,7.5,73.3,251.1,247.1,238.67,228.42,10.09,35.0,34.3,5.6,-5.0,79.6,23.3,-25.5,0.0,1,0,0,0,3,1,0,1.5,0,0,0,1
PT-119,2026-10-08T09:35:00,51,31.4,6.3,8.2,0,174.6,78.6,43.6,7.5,5148,257.5,102.6,17.6,7.5,17.5,254.37,249.93,241.5,229.87,10.22,34.0,34.0,6.2,-5.0,82.9,24.0,-26.0,0.0,1,0,0,0,3,1,0,1.58,0,0,0,1
PT-119,2026-10-08T09:40:00,51,31.4,6.3,8.2,0,174.6,78.6,43.6,7.5,5148,260.4,103.2,17.2,7.5,16.1,257.37,252.85,244.4,231.32,10.24,35.0,34.8,6.6,-4.8,85.8,24.6,-26.4,0.0,1,0,0,0,3,1,0,1.67,0,0,0,1
PT-119,2026-10-08T09:45:00,51,31.4,6.3,8.2,0,174.6,78.6,43.6,7.5,5148,263.2,103.8,17.0,7.5,18.6,260.37,255.73,247.27,232.77,10.29,34.6,34.4,6.4,-4.4,88.6,25.2,-26.6,0.0,1,0,0,0,3,1,0,1.75,0,0,0,1
PT-119,2026-10-08T09:50:00,51,31.4,6.3,8.2,0,174.6,78.6,43.6,7.5,5148,265.5,104.3,16.5,7.5,20.7,263.03,258.7,250.07,234.2,10.3,35.6,33.6,6.4,-4.8,90.9,25.7,-27.1,0.0,1,0,0,0,3,1,0,1.83,0,0,0,1
PT-119,2026-10-08T09:55:00,51,31.4,6.3,8.2,0,174.6,78.6,43.6,7.5,5148,268.7,104.5,16.2,7.5,12.7,265.8,261.58,252.88,235.63,10.39,34.6,33.8,6.4,-4.2,94.1,25.9,-27.4,0.0,1,0,0,0,3,1,0,1.92,0,0,0,1
PT-119,2026-10-08T10:00:00,51,31.4,6.3,8.2,0,174.6,78.6,43.6,7.5,5148,271.2,104.9,15.6,7.5,23.9,268.47,264.42,255.76,238.52,10.28,34.0,34.5,6.0,-5.0,96.6,26.3,-28.0,0.0,1,0,0,0,3,1,0,2.0,0,0,0,1
PT-119,2026-10-08T10:05:00,51,31.4,6.3,8.2,0,174.6,78.6,43.6,7.5,5148,274.0,105.1,15.3,7.5,22.2,271.3,267.17,258.55,241.39,10.31,33.0,33.5,5.0,-4.6,99.4,26.5,-28.3,0.0,1,0,0,0,3,1,0,2.08,0,0,0,1
PT-119,2026-10-08T10:10:00,51,31.4,6.3,8.2,0,174.6,78.6,43.6,7.5,5148,276.5,105.5,15.0,7.5,11.9,273.9,269.85,261.35,244.25,10.23,32.2,33.6,4.6,-4.4,101.9,26.9,-28.6,0.0,1,0,0,0,3,1,0,2.17,0,0,0,1
PT-119,2026-10-08T10:15:00,51,31.4,6.3,8.2,0,174.6,78.6,43.6,7.5,5148,280.0,106.1,15.0,7.5,11.4,276.83,272.65,264.19,247.11,10.29,33.6,34.1,4.6,-4.0,105.4,27.5,-28.6,0.0,1,0,0,0,3,1,0,2.25,0,0,0,1
PT-119,2026-10-08T10:20:00,51,31.4,6.3,8.2,0,174.6,78.6,43.6,7.5,5148,283.6,106.3,15.0,7.5,20.4,280.03,275.67,267.18,250.03,10.28,36.2,35.9,4.0,-3.0,109.0,27.7,-28.6,0.0,1,0,0,0,3,1,0,2.33,0,0,0,1
PT-119,2026-10-08T10:25:00,51,31.4,6.3,8.2,0,174.6,78.6,43.6,7.5,5148,285.5,106.6,15.0,7.5,14.8,283.03,278.47,270.03,252.92,10.23,33.6,34.1,4.2,-2.4,110.9,28.0,-28.6,0.0,1,0,0,0,3,1,0,2.42,0,0,0,1
PT-119,2026-10-08T10:30:00,51,31.4,6.3,8.2,0,174.6,78.6,43.6,7.5,5148,287.9,107.0,15.0,7.5,22.5,285.67,281.25,272.83,255.75,10.12,33.4,33.7,4.2,-1.2,113.3,28.4,-28.6,0.0,1,0,0,0,3,1,0,2.5,0,0,0,1
PT-119,2026-10-08T10:35:00,51,31.4,6.3,8.2,0,174.6,78.6,43.6,7.5,5148,291.6,107.6,15.0,7.5,10.2,288.33,284.18,275.68,258.59,10.21,35.2,34.1,5.0,-0.6,117.0,29.0,-28.6,0.0,1,0,0,0,3,1,0,2.58,0,0,0,1
PT-119,2026-10-08T10:40:00,51,31.4,6.3,8.2,0,174.6,78.6,43.6,7.5,5148,293.5,108.3,15.0,7.5,8.1,291.0,287.02,278.43,261.42,10.18,34.0,33.1,5.6,0.0,118.9,29.7,-28.6,0.0,1,0,0,0,3,1,0,2.67,0,0,0,1
PT-119,2026-10-08T10:45:00,51,31.4,6.3,8.2,0,174.6,78.6,43.6,7.5,5148,297.0,108.5,15.0,7.5,22.0,294.03,289.85,281.25,264.26,10.25,34.0,33.8,4.8,0.0,122.4,29.9,-28.6,0.0,1,0,0,0,3,1,0,2.75,0,0,0,1
PT-119,2026-10-08T10:50:00,51,31.4,6.3,8.2,0,174.6,78.6,43.6,7.5,5148,300.7,109.0,15.0,7.5,11.6,297.07,292.7,284.18,267.12,10.37,34.2,35.2,5.4,0.0,126.1,30.4,-28.6,0.0,1,0,0,0,3,1,0,2.83,0,0,0,1
PT-119,2026-10-08T10:55:00,51,31.4,6.3,8.2,0,174.6,78.6,43.6,7.5,5148,304.2,109.5,15.0,7.5,22.9,300.63,295.82,287.14,270.01,10.61,37.4,35.5,5.8,0.0,129.6,30.9,-28.6,0.0,1,0,0,0,3,1,0,2.92,0,0,0,1
PT-119,2026-10-08T11:00:00,51,31.4,6.3,8.2,0,174.6,78.6,43.6,7.5,5148,306.7,109.9,15.0,7.5,19.0,303.87,298.95,290.1,272.93,10.71,37.6,35.5,5.8,0.0,132.1,31.3,-28.6,0.0,1,0,0,0,3,1,0,3.0,0,0,0,1
PT-119,2026-10-08T11:05:00,51,31.4,6.3,8.2,0,174.6,78.6,43.6,7.5,5148,310.1,110.2,15.0,7.5,20.5,307.0,302.03,293.11,275.83,10.85,37.0,36.1,5.2,0.0,135.5,31.6,-28.6,0.0,1,0,0,0,3,1,0,3.08,0,0,0,1
PT-119,2026-10-08T11:10:00,51,31.4,6.3,8.2,0,174.6,78.6,43.6,7.5,5148,313.3,110.8,15.0,7.5,15.3,310.03,305.33,296.18,278.76,10.93,39.6,36.8,5.0,0.0,138.7,32.2,-28.6,0.0,1,0,0,0,3,1,0,3.17,0,0,0,1
PT-119,2026-10-08T11:15:00,51,31.4,6.3,8.2,0,174.6,78.6,43.6,7.5,5148,315.1,111.1,15.0,7.5,23.2,312.83,308.35,299.1,281.65,10.9,36.2,35.1,5.2,0.0,140.5,32.5,-28.6,0.0,1,0,0,0,3,1,0,3.25,0,0,0,1
PT-119,2026-10-08T11:20:00,51,31.4,6.3,8.2,0,174.6,78.6,43.6,7.5,5148,318.2,111.5,15.0,7.5,12.3,315.53,311.27,301.98,284.58,11.01,35.0,34.6,5.0,0.0,143.6,32.9,-28.6,0.0,1,0,0,0,3,1,0,3.33,0,0,0,1
PT-119,2026-10-08T11:25:00,51,31.4,6.3,8.2,0,174.6,78.6,43.6,7.5,5148,321.9,111.8,15.0,7.5,19.4,318.4,314.22,305.02,287.52,11.07,35.4,36.4,4.6,0.0,147.3,33.2,-28.6,0.0,1,0,0,0,3,1,0,3.42,0,0,0,1
PT-119,2026-10-08T11:30:00,51,31.4,6.3,8.2,0,174.6,78.6,43.6,7.5,5148,324.8,112.3,15.0,7.5,22.6,321.63,317.23,308.09,290.46,11.0,36.2,36.9,4.8,0.0,150.2,33.7,-28.6,0.0,1,0,0,0,3,1,0,3.5,0,0,0,1
PT-119,2026-10-08T11:35:00,51,31.4,6.3,8.2,0,174.6,78.6,43.6,7.5,5148,328.1,112.7,15.0,7.5,15.8,324.93,320.23,311.13,293.4,11.08,36.0,36.5,5.0,0.0,153.5,34.1,-28.6,0.0,1,0,0,0,3,1,0,3.58,0,0,0,1
PT-119,2026-10-08T11:40:00,51,31.4,6.3,8.2,0,174.6,78.6,43.6,7.5,5148,330.1,113.0,15.0,7.5,18.0,327.67,323.03,314.18,296.31,10.81,33.6,36.6,4.4,0.0,155.5,34.4,-28.6,0.0,1,0,0,0,3,1,0,3.67,0,0,0,1
PT-119,2026-10-08T11:45:00,51,31.4,6.3,8.2,0,174.6,78.6,43.6,7.5,5148,331.9,113.6,15.0,7.5,15.1,330.03,325.83,317.09,299.17,10.46,33.6,34.9,5.0,0.0,157.3,35.0,-28.6,0.0,1,0,0,0,3,1,0,3.75,0,0,0,1
PT-119,2026-10-08T11:50:00,51,31.4,6.3,8.2,0,174.6,78.6,43.6,7.5,5148,333.7,114.2,15.0,7.5,21.4,331.9,328.42,319.84,302.01,10.09,31.0,33.0,5.4,0.0,159.1,35.6,-28.6,0.0,1,0,0,0,3,1,0,3.83,0,0,0,1
PT-119,2026-10-08T11:55:00,51,31.4,6.3,8.2,0,174.6,78.6,43.6,7.5,5148,336.5,114.5,15.0,7.5,11.9,334.03,330.85,322.53,304.84,9.84,29.2,32.3,5.4,0.0,161.9,35.9,-28.6,0.0,1,0,0,0,3,1,0,3.92,0,0,0,1
PT-119,2026-10-08T12:00:00,51,31.4,6.3,8.2,0,174.6,78.6,43.6,7.5,5148,340.0,115.1,15.0,7.5,14.4,336.73,333.38,325.31,307.7,9.67,30.4,33.3,5.6,0.0,165.4,36.5,-28.6,0.0,0,1,0,0,3,1,0,4.0,0,0,0,1
PT-119,2026-10-08T12:05:00,51,31.4,6.3,8.2,0,174.6,78.6,43.6,7.5,5148,342.4,115.8,15.0,7.5,22.4,339.63,335.77,328.0,310.55,9.54,28.6,32.3,6.2,0.0,167.8,37.2,-28.6,0.0,0,1,0,0,3,1,0,4.08,0,0,0,1
PT-119,2026-10-08T12:10:00,51,31.4,6.3,8.2,0,174.6,78.6,43.6,7.5,5148,346.1,116.2,15.0,7.5,23.0,342.83,338.43,330.73,313.45,9.65,32.0,32.8,6.4,0.0,171.5,37.6,-28.6,0.0,0,1,0,0,3,1,0,4.17,0,0,0,1
PT-119,2026-10-08T12:15:00,51,31.4,6.3,8.2,0,174.6,78.6,43.6,7.5,5148,349.6,116.6,15.0,7.5,10.6,346.03,341.38,333.61,316.35,9.7,35.4,34.5,6.0,0.0,175.0,38.0,-28.6,0.0,0,1,0,0,3,1,0,4.25,0,0,0,1
PT-119,2026-10-08T12:20:00,51,31.4,6.3,8.2,0,174.6,78.6,43.6,7.5,5148,352.6,117.3,15.0,7.5,22.6,349.43,344.53,336.48,319.23,9.82,37.8,34.4,6.2,0.0,178.0,38.7,-28.6,0.0,0,1,0,0,3,1,0,4.33,0,0,0,1
PT-119,2026-10-08T12:25:00,51,31.4,6.3,8.2,0,174.6,78.6,43.6,7.5,5148,355.4,117.9,15.0,7.5,13.2,352.53,347.68,339.27,322.14,10.06,37.8,33.5,6.8,0.0,180.8,39.3,-28.6,0.0,0,1,0,0,3,1,0,4.42,0,0,0,1
PT-119,2026-10-08T12:30:00,51,31.4,6.3,8.2,0,174.6,78.6,43.6,7.5,5148,359.0,118.1,15.0,7.5,16.5,355.67,350.85,342.12,325.1,10.42,38.0,34.2,6.0,0.0,184.4,39.5,-28.6,0.0,0,1,0,0,3,1,0,4.5,0,0,0,1
PT-119,2026-10-08T12:35:00,51,31.4,6.3,8.2,0,174.6,78.6,43.6,7.5,5148,361.1,118.7,15.0,7.5,13.8,358.5,353.97,344.87,328.0,10.74,37.4,33.0,5.8,0.0,186.5,40.1,-28.6,0.0,0,1,0,0,3,1,0,4.58,0,0,0,1
PT-119,2026-10-08T12:40:00,51,31.4,6.3,8.2,0,174.6,78.6,43.6,7.5,5148,363.0,119.1,15.0,7.5,18.7,361.03,356.78,347.61,330.9,10.83,33.8,32.9,5.8,0.0,188.4,40.5,-28.6,0.0,0,1,0,0,3,1,0,4.67,0,0,0,1
PT-119,2026-10-08T12:45:00,51,31.4,6.3,8.2,0,174.6,78.6,43.6,7.5,5148,366.5,119.5,15.0,7.5,13.6,363.53,359.6,350.49,333.79,10.87,33.8,34.6,5.8,0.0,191.9,40.9,-28.6,0.0,0,1,0,0,3,1,0,4.75,0,0,0,1
PT-119,2026-10-08T12:50:00,51,31.4,6.3,8.2,0,174.6,78.6,43.6,7.5,5148,370.2,119.7,15.0,7.5,11.7,366.57,362.53,353.53,336.69,10.85,35.2,36.5,4.8,0.0,195.6,41.1,-28.6,0.0,0,1,0,0,3,1,0,4.83,0,0,0,1
PT-119,2026-10-08T12:55:00,51,31.4,6.3,8.2,0,174.6,78.6,43.6,7.5,5148,372.1,120.0,15.0,7.5,12.2,369.6,365.32,356.5,339.52,10.63,33.4,35.6,4.2,0.0,197.5,41.4,-28.6,0.0,0,1,0,0,3,1,0,4.92,0,0,0,1
PT-119,2026-10-08T13:00:00,51,31.4,6.3,8.2,0,174.6,78.6,43.6,7.5,5148,375.3,120.0,15.0,7.5,25.0,372.53,368.03,359.44,342.38,10.54,32.6,35.3,3.8,0.0,200.7,41.4,-28.6,0.0,0,1,0,0,3,1,0,5.0,0,0,0,1
PT-119,2026-10-08T13:05:00,51,31.4,6.3,8.2,0,174.6,78.6,43.6,7.5,5148,377.8,120.0,15.0,7.5,17.0,375.07,370.82,362.39,345.2,10.28,33.4,35.4,2.6,0.0,203.2,41.4,-28.6,0.0,0,1,0,0,3,1,0,5.08,0,0,0,1
PT-119,2026-10-08T13:10:00,51,31.4,6.3,8.2,0,174.6,78.6,43.6,7.5,5148,380.0,120.0,15.0,7.5,21.0,377.7,373.65,365.22,347.98,10.06,34.0,33.9,1.8,0.0,205.4,41.4,-28.6,0.0,0,1,0,0,3,1,0,5.17,0,0,0,1
PT-119,2026-10-08T13:15:00,51,31.4,6.3,8.2,0,174.6,78.6,43.6,7.5,5148,380.0,120.0,15.0,7.5,17.9,379.27,375.9,367.75,350.68,9.58,27.0,30.4,1.0,0.0,205.4,41.4,-28.6,0.0,0,1,0,0,3,1,0,5.25,0,0,0,1
PT-119,2026-10-08T13:20:00,51,31.4,6.3,8.2,0,174.6,78.6,43.6,7.5,5148,380.0,120.0,15.0,7.5,29.7,380.0,377.53,370.03,353.25,8.88,19.6,27.4,0.6,0.0,205.4,41.4,-28.6,0.0,0,1,0,0,3,1,0,5.33,0,0,0,1
PT-119,2026-10-08T13:25:00,51,31.4,6.3,8.2,0,174.6,78.6,43.6,7.5,5148,380.0,120.0,15.0,7.5,17.2,380.0,378.85,372.08,355.68,7.99,15.8,24.6,0.0,0.0,205.4,41.4,-28.6,0.0,0,1,0,0,3,1,0,5.42,0,0,0,1
PT-119,2026-10-08T13:30:00,51,31.4,6.3,8.2,0,174.6,78.6,43.6,7.5,5148,380.0,120.0,15.0,7.5,31.0,380.0,379.63,373.83,357.98,7.12,9.4,21.0,0.0,0.0,205.4,41.4,-28.6,0.0,0,1,0,0,3,1,0,5.5,0,0,0,1
PT-119,2026-10-08T13:35:00,51,31.4,6.3,8.2,0,174.6,78.6,43.6,7.5,5148,380.0,120.0,15.0,7.5,33.8,380.0,380.0,375.41,360.14,6.06,4.4,18.9,0.0,0.0,205.4,41.4,-28.6,0.0,0,1,0,0,3,1,0,5.58,0,0,0,1
PT-119,2026-10-08T13:40:00,51,31.4,6.3,8.2,0,174.6,78.6,43.6,7.5,5148,380.0,120.0,15.0,7.5,17.0,380.0,380.0,376.82,362.22,4.74,0.0,17.0,0.0,0.0,205.4,41.4,-28.6,0.0,0,1,0,0,3,1,0,5.67,0,0,0,1
PT-119,2026-10-08T13:45:00,51,31.4,6.3,8.2,0,174.6,78.6,43.6,7.5,5148,380.0,120.0,15.0,7.5,32.6,380.0,380.0,377.95,364.22,3.5,0.0,13.5,0.0,0.0,205.4,41.4,-28.6,0.0,0,1,0,0,3,1,0,5.75,0,0,0,1
PT-119,2026-10-08T13:50:00,51,31.4,6.3,8.2,0,174.6,78.6,43.6,7.5,5148,380.0,120.0,15.0,7.5,18.3,380.0,380.0,378.77,366.15,2.54,0.0,9.8,0.0,0.0,205.4,41.4,-28.6,0.0,0,1,0,0,3,1,0,5.83,0,0,0,1
PT-119,2026-10-08T13:55:00,51,31.4,6.3,8.2,0,174.6,78.6,43.6,7.5,5148,380.0,120.0,15.0,7.5,22.7,380.0,380.0,379.42,367.96,1.44,0.0,7.9,0.0,0.0,205.4,41.4,-28.6,0.0,0,1,0,0,3,1,0,5.92,0,0,0,1
PT-119,2026-10-08T14:00:00,51,31.4,6.3,8.2,0,174.6,78.6,43.6,7.5,5148,380.0,120.0,15.0,7.5,29.5,380.0,380.0,379.82,369.63,0.64,0.0,4.7,0.0,0.0,205.4,41.4,-28.6,0.0,0,1,0,0,3,1,0,6.0,0,0,0,1
PT-119,2026-10-08T14:05:00,51,31.4,6.3,8.2,0,174.6,78.6,43.6,7.5,5148,380.0,120.0,15.0,7.5,7.1,380.0,380.0,380.0,371.2,0.0,0.0,2.2,0.0,0.0,205.4,41.4,-28.6,0.0,0,1,0,0,3,1,0,6.08,0,0,0,1
PT-119,2026-10-08T14:10:00,51,31.4,6.3,8.2,0,174.6,78.6,43.6,7.5,5148,380.0,120.0,15.0,7.5,15.9,380.0,380.0,380.0,372.61,0.0,0.0,0.0,0.0,0.0,205.4,41.4,-28.6,0.0,0,1,0,0,3,1,0,6.17,0,0,0,1
PT-119,2026-10-08T14:15:00,51,31.4,6.3,8.2,0,174.6,78.6,43.6,7.5,5148,380.0,120.0,15.0,7.5,24.9,380.0,380.0,380.0,373.88,0.0,0.0,0.0,0.0,0.0,205.4,41.4,-28.6,0.0,0,1,0,0,3,1,0,6.25,0,0,0,1
PT-119,2026-10-08T14:20:00,51,31.4,6.3,8.2,0,174.6,78.6,43.6,7.5,5148,380.0,120.0,15.0,7.5,20.5,380.0,380.0,380.0,375.02,0.0,0.0,0.0,0.0,0.0,205.4,41.4,-28.6,0.0,0,1,0,0,3,1,0,6.33,0,0,0,1
PT-119,2026-10-08T14:25:00,51,31.4,6.3,8.2,0,174.6,78.6,43.6,7.5,5148,380.0,120.0,15.0,7.5,23.6,380.0,380.0,380.0,376.04,0.0,0.0,0.0,0.0,0.0,205.4,41.4,-28.6,0.0,0,1,0,0,3,1,0,6.42,0,0,0,1
PT-119,2026-10-08T14:30:00,51,31.4,6.3,8.2,0,174.6,78.6,43.6,7.5,5148,380.0,120.0,15.0,7.5,15.9,380.0,380.0,380.0,376.92,0.0,0.0,0.0,0.0,0.0,205.4,41.4,-28.6,0.0,0,1,0,0,3,1,0,6.5,0,0,0,1
PT-119,2026-10-08T14:35:00,51,31.4,6.3,8.2,0,174.6,78.6,43.6,7.5,5148,380.0,120.0,15.0,7.5,22.2,380.0,380.0,380.0,377.7,0.0,0.0,0.0,0.0,0.0,205.4,41.4,-28.6,0.0,0,1,0,0,3,1,0,6.58,0,0,0,1
PT-119,2026-10-08T14:40:00,51,31.4,6.3,8.2,0,174.6,78.6,43.6,7.5,5148,380.0,120.0,15.0,7.5,8.4,380.0,380.0,380.0,378.41,0.0,0.0,0.0,0.0,0.0,205.4,41.4,-28.6,0.0,0,1,0,0,3,1,0,6.67,0,0,0,1
PT-119,2026-10-08T14:45:00,51,31.4,6.3,8.2,0,174.6,78.6,43.6,7.5,5148,380.0,120.0,15.0,7.5,24.6,380.0,380.0,380.0,378.98,0.0,0.0,0.0,0.0,0.0,205.4,41.4,-28.6,0.0,0,1,0,0,3,1,0,6.75,0,0,0,1
PT-119,2026-10-08T14:50:00,51,31.4,6.3,8.2,0,174.6,78.6,43.6,7.5,5148,380.0,120.0,15.0,7.5,23.8,380.0,380.0,380.0,379.38,0.0,0.0,0.0,0.0,0.0,205.4,41.4,-28.6,0.0,0,1,0,0,3,1,0,6.83,0,0,0,1
PT-119,2026-10-08T14:55:00,51,31.4,6.3,8.2,0,174.6,78.6,43.6,7.5,5148,380.0,120.0,15.0,7.5,15.9,380.0,380.0,380.0,379.71,0.0,0.0,0.0,0.0,0.0,205.4,41.4,-28.6,0.0,0,1,0,0,3,1,0,6.92,0,0,0,1
PT-119,2026-10-08T15:00:00,51,31.4,6.3,8.2,0,174.6,78.6,43.6,7.5,5148,380.0,120.0,15.0,7.5,7.9,380.0,380.0,380.0,379.91,0.0,0.0,0.0,0.0,0.0,205.4,41.4,-28.6,0.0,0,1,0,0,3,1,0,7.0,0,0,0,1
PT-119,2026-10-08T15:05:00,51,31.4,6.3,8.2,0,174.6,78.6,43.6,7.5,5148,380.0,120.0,15.0,7.5,7.0,380.0,380.0,380.0,380.0,0.0,0.0,0.0,0.0,0.0,205.4,41.4,-28.6,0.0,0,1,0,0,3,1,0,7.08,0,0,0,1
PT-119,2026-10-08T15:10:00,51,31.4,6.3,8.2,0,174.6,78.6,43.6,7.5,5148,380.0,120.0,15.0,7.5,16.1,380.0,380.0,380.0,380.0,0.0,0.0,0.0,0.0,0.0,205.4,41.4,-28.6,0.0,0,1,0,0,3,1,0,7.17,0,0,0,1
PT-119,2026-10-08T15:15:00,51,31.4,6.3,8.2,0,174.6,78.6,43.6,7.5,5148,380.0,120.0,15.0,7.5,12.7,380.0,380.0,380.0,380.0,0.0,0.0,0.0,0.0,0.0,205.4,41.4,-28.6,0.0,0,1,0,0,3,1,0,7.25,0,0,0,1
PT-119,2026-10-08T15:20:00,51,31.4,6.3,8.2,0,174.6,78.6,43.6,7.5,5148,380.0,120.0,15.0,7.5,14.6,380.0,380.0,380.0,380.0,0.0,0.0,0.0,0.0,0.0,205.4,41.4,-28.6,0.0,0,1,0,0,3,1,0,7.33,0,0,0,1
PT-119,2026-10-08T15:25:00,51,31.4,6.3,8.2,0,174.6,78.6,43.6,7.5,5148,380.0,120.0,15.0,7.5,6.2,380.0,380.0,380.0,380.0,0.0,0.0,0.0,0.0,0.0,205.4,41.4,-28.6,0.0,0,1,0,0,3,1,0,7.42,0,0,0,1
PT-119,2026-10-08T15:30:00,51,31.4,6.3,8.2,0,174.6,78.6,43.6,7.5,5148,380.0,120.0,15.0,7.5,8.4,380.0,380.0,380.0,380.0,0.0,0.0,0.0,0.0,0.0,205.4,41.4,-28.6,0.0,0,1,0,0,3,1,0,7.5,0,0,0,1
PT-119,2026-10-08T15:35:00,51,31.4,6.3,8.2,0,174.6,78.6,43.6,7.5,5148,380.0,120.0,15.0,7.5,23.3,380.0,380.0,380.0,380.0,0.0,0.0,0.0,0.0,0.0,205.4,41.4,-28.6,0.0,0,1,0,0,3,1,0,7.58,0,0,0,1
PT-119,2026-10-08T15:40:00,51,31.4,6.3,8.2,0,174.6,78.6,43.6,7.5,5148,380.0,120.0,15.0,7.5,21.2,380.0,380.0,380.0,380.0,0.0,0.0,0.0,0.0,0.0,205.4,41.4,-28.6,0.0,0,1,0,0,3,1,0,7.67,0,0,0,1
PT-119,2026-10-08T15:45:00,51,31.4,6.3,8.2,0,174.6,78.6,43.6,7.5,5148,380.0,120.0,15.0,7.5,21.3,380.0,380.0,380.0,380.0,0.0,0.0,0.0,0.0,0.0,205.4,41.4,-28.6,0.0,0,1,0,0,3,1,0,7.75,0,0,0,1
PT-119,2026-10-08T15:50:00,51,31.4,6.3,8.2,0,174.6,78.6,43.6,7.5,5148,380.0,120.0,15.0,7.5,15.6,380.0,380.0,380.0,380.0,0.0,0.0,0.0,0.0,0.0,205.4,41.4,-28.6,0.0,0,1,0,0,3,1,0,7.83,0,0,0,1
PT-119,2026-10-08T15:55:00,51,31.4,6.3,8.2,0,174.6,78.6,43.6,7.5,5148,380.0,120.0,15.0,7.5,9.6,380.0,380.0,380.0,380.0,0.0,0.0,0.0,0.0,0.0,205.4,41.4,-28.6,0.0,0,1,0,0,3,1,0,7.92,0,0,0,1
PT-119,2026-10-08T16:00:00,51,31.4,6.3,8.2,0,174.6,78.6,43.6,7.5,5148,380.0,120.0,15.0,7.5,21.9,380.0,380.0,380.0,380.0,0.0,0.0,0.0,0.0,0.0,205.4,41.4,-28.6,0.0,0,1,0,0,3,1,0,8.0,0,0,0,1
PT-119,2026-10-08T16:05:00,51,31.4,6.3,8.2,0,174.6,78.6,43.6,7.5,5148,380.0,120.0,15.0,7.5,7.2,380.0,380.0,380.0,380.0,0.0,0.0,0.0,0.0,0.0,205.4,41.4,-28.6,0.0,0,1,0,0,3,1,0,8.08,0,0,0,1
PT-119,2026-10-08T16:10:00,51,31.4,6.3,8.2,0,174.6,78.6,43.6,7.5,5148,380.0,120.0,15.0,7.5,10.3,380.0,380.0,380.0,380.0,0.0,0.0,0.0,0.0,0.0,205.4,41.4,-28.6,0.0,0,1,0,0,3,1,0,8.17,0,0,0,1
PT-119,2026-10-08T16:15:00,51,31.4,6.3,8.2,0,174.6,78.6,43.6,7.5,5148,380.0,120.0,15.0,7.5,19.6,380.0,380.0,380.0,380.0,0.0,0.0,0.0,0.0,0.0,205.4,41.4,-28.6,0.0,0,1,0,0,3,1,0,8.25,0,0,0,1
PT-119,2026-10-08T16:20:00,51,31.4,6.3,8.2,0,174.6,78.6,43.6,7.5,5148,380.0,120.0,15.0,7.5,24.3,380.0,380.0,380.0,380.0,0.0,0.0,0.0,0.0,0.0,205.4,41.4,-28.6,0.0,0,1,0,0,3,1,0,8.33,0,0,0,1
PT-119,2026-10-08T16:25:00,51,31.4,6.3,8.2,0,174.6,78.6,43.6,7.5,5148,380.0,120.0,15.0,7.5,24.8,380.0,380.0,380.0,380.0,0.0,0.0,0.0,0.0,0.0,205.4,41.4,-28.6,0.0,0,1,0,0,3,1,0,8.42,0,0,0,1
PT-119,2026-10-08T16:30:00,51,31.4,6.3,8.2,0,174.6,78.6,43.6,7.5,5148,380.0,120.0,15.0,7.5,8.0,380.0,380.0,380.0,380.0,0.0,0.0,0.0,0.0,0.0,205.4,41.4,-28.6,0.0,0,1,0,0,3,1,0,8.5,0,0,0,1
PT-119,2026-10-08T16:35:00,51,31.4,6.3,8.2,0,174.6,78.6,43.6,7.5,5148,380.0,120.0,15.0,7.5,16.5,380.0,380.0,380.0,380.0,0.0,0.0,0.0,0.0,0.0,205.4,41.4,-28.6,0.0,0,1,0,0,3,1,0,8.58,0,0,0,1
PT-119,2026-10-08T16:40:00,51,31.4,6.3,8.2,0,174.6,78.6,43.6,7.5,5148,380.0,120.0,15.0,7.5,18.2,380.0,380.0,380.0,380.0,0.0,0.0,0.0,0.0,0.0,205.4,41.4,-28.6,0.0,0,1,0,0,3,1,0,8.67,0,0,0,1
PT-119,2026-10-08T16:45:00,51,31.4,6.3,8.2,0,174.6,78.6,43.6,7.5,5148,380.0,120.0,15.0,7.5,18.8,380.0,380.0,380.0,380.0,0.0,0.0,0.0,0.0,0.0,205.4,41.4,-28.6,0.0,0,1,0,0,3,1,0,8.75,0,0,0,1
PT-119,2026-10-08T16:50:00,51,31.4,6.3,8.2,0,174.6,78.6,43.6,7.5,5148,380.0,120.0,15.0,7.5,7.6,380.0,380.0,380.0,380.0,0.0,0.0,0.0,0.0,0.0,205.4,41.4,-28.6,0.0,0,1,0,0,3,1,0,8.83,0,0,0,1
PT-119,2026-10-08T16:55:00,51,31.4,6.3,8.2,0,174.6,78.6,43.6,7.5,5148,380.0,120.0,15.0,7.5,10.7,380.0,380.0,380.0,380.0,0.0,0.0,0.0,0.0,0.0,205.4,41.4,-28.6,0.0,0,1,0,0,3,1,0,8.92,0,0,0,1
PT-119,2026-10-08T17:00:00,51,31.4,6.3,8.2,0,174.6,78.6,43.6,7.5,5148,380.0,120.0,15.0,7.5,67.9,380.0,380.0,380.0,380.0,0.0,0.0,0.0,0.0,0.0,205.4,41.4,-28.6,0.0,0,0,1,0,3,1,0,9.0,0,0,0,1
PT-119,2026-10-08T17:05:00,51,31.4,6.3,8.2,0,174.6,78.6,43.6,7.5,5148,380.0,120.0,15.0,7.5,71.3,380.0,380.0,380.0,380.0,0.0,0.0,0.0,0.0,0.0,205.4,41.4,-28.6,0.0,0,0,1,0,3,1,0,9.08,0,0,0,1
PT-119,2026-10-08T17:10:00,51,31.4,6.3,8.2,0,174.6,78.6,43.6,7.5,5148,380.0,120.0,15.0,7.5,52.8,380.0,380.0,380.0,380.0,0.0,0.0,0.0,0.0,0.0,205.4,41.4,-28.6,0.0,0,0,1,0,3,1,0,9.17,0,0,0,1
PT-119,2026-10-08T17:15:00,51,31.4,6.3,8.2,0,174.6,78.6,43.6,7.5,5148,380.0,120.0,15.0,7.5,64.7,380.0,380.0,380.0,380.0,0.0,0.0,0.0,0.0,0.0,205.4,41.4,-28.6,0.0,0,0,1,0,3,1,0,9.25,0,0,0,1
PT-119,2026-10-08T17:20:00,51,31.4,6.3,8.2,0,174.6,78.6,43.6,7.5,5148,380.0,120.0,15.0,7.5,48.6,380.0,380.0,380.0,380.0,0.0,0.0,0.0,0.0,0.0,205.4,41.4,-28.6,0.0,0,0,1,0,3,1,0,9.33,0,0,0,1
PT-119,2026-10-08T17:25:00,51,31.4,6.3,8.2,0,174.6,78.6,43.6,7.5,5148,380.0,120.0,15.0,7.5,55.3,380.0,380.0,380.0,380.0,0.0,0.0,0.0,0.0,0.0,205.4,41.4,-28.6,0.0,0,0,1,0,3,1,0,9.42,0,0,0,1
PT-119,2026-10-08T17:30:00,51,31.4,6.3,8.2,0,174.6,78.6,43.6,7.5,5148,380.0,120.0,15.0,7.5,50.6,380.0,380.0,380.0,380.0,0.0,0.0,0.0,0.0,0.0,205.4,41.4,-28.6,0.0,0,0,1,0,3,1,0,9.5,0,0,0,1
PT-119,2026-10-08T17:35:00,51,31.4,6.3,8.2,0,174.6,78.6,43.6,7.5,5148,380.0,120.0,15.0,7.5,47.8,380.0,380.0,380.0,380.0,0.0,0.0,0.0,0.0,0.0,205.4,41.4,-28.6,0.0,0,0,1,0,3,1,0,9.58,0,0,0,1
PT-119,2026-10-08T17:40:00,51,31.4,6.3,8.2,0,174.6,78.6,43.6,7.5,5148,380.0,120.0,15.0,7.5,48.0,380.0,380.0,380.0,380.0,0.0,0.0,0.0,0.0,0.0,205.4,41.4,-28.6,0.0,0,0,1,0,3,1,0,9.67,0,0,0,1
PT-119,2026-10-08T17:45:00,51,31.4,6.3,8.2,0,174.6,78.6,43.6,7.5,5148,380.0,120.0,15.0,7.5,64.6,380.0,380.0,380.0,380.0,0.0,0.0,0.0,0.0,0.0,205.4,41.4,-28.6,0.0,0,0,1,0,3,1,0,9.75,0,0,0,1
PT-119,2026-10-08T17:50:00,51,31.4,6.3,8.2,0,174.6,78.6,43.6,7.5,5148,380.0,120.0,15.0,7.5,61.0,380.0,380.0,380.0,380.0,0.0,0.0,0.0,0.0,0.0,205.4,41.4,-28.6,0.0,0,0,1,0,3,1,0,9.83,0,0,0,1
PT-119,2026-10-08T17:55:00,51,31.4,6.3,8.2,0,174.6,78.6,43.6,7.5,5148,380.0,120.0,15.0,7.5,49.3,380.0,380.0,380.0,380.0,0.0,0.0,0.0,0.0,0.0,205.4,41.4,-28.6,0.0,0,0,1,0,3,1,0,9.92,0,0,0,1
PT-119,2026-10-08T18:00:00,51,31.4,6.3,8.2,0,174.6,78.6,43.6,7.5,5148,380.0,120.0,15.0,7.5,63.3,380.0,380.0,380.0,380.0,0.0,0.0,0.0,0.0,0.0,205.4,41.4,-28.6,0.0,0,0,1,0,3,1,0,10.0,0,0,0,1
PT-119,2026-10-08T18:05:00,51,31.4,6.3,8.2,0,174.6,78.6,43.6,7.5,5148,380.0,120.0,15.0,7.5,24.7,380.0,380.0,380.0,380.0,0.0,0.0,0.0,0.0,0.0,205.4,41.4,-28.6,0.0,0,0,1,0,3,1,0,10.08,0,0,0,1
PT-119,2026-10-08T18:10:00,51,31.4,6.3,8.2,0,174.6,78.6,43.6,7.5,5148,380.0,120.0,15.0,7.5,15.6,380.0,380.0,380.0,380.0,0.0,0.0,0.0,0.0,0.0,205.4,41.4,-28.6,0.0,0,0,1,0,3,1,0,10.17,0,0,0,1
PT-119,2026-10-08T18:15:00,51,31.4,6.3,8.2,0,174.6,78.6,43.6,7.5,5148,380.0,120.0,15.0,7.5,17.9,380.0,380.0,380.0,380.0,0.0,0.0,0.0,0.0,0.0,205.4,41.4,-28.6,0.0,0,0,1,0,3,1,0,10.25,0,0,0,1
PT-119,2026-10-08T18:20:00,51,31.4,6.3,8.2,0,174.6,78.6,43.6,7.5,5148,380.0,120.0,15.0,7.5,16.8,380.0,380.0,380.0,380.0,0.0,0.0,0.0,0.0,0.0,205.4,41.4,-28.6,0.0,0,0,1,0,3,1,0,10.33,0,0,0,1
PT-119,2026-10-08T18:25:00,51,31.4,6.3,8.2,0,174.6,78.6,43.6,7.5,5148,380.0,120.0,15.0,7.5,20.6,380.0,380.0,380.0,380.0,0.0,0.0,0.0,0.0,0.0,205.4,41.4,-28.6,0.0,0,0,1,0,3,1,0,10.42,0,0,0,1
PT-119,2026-10-08T18:30:00,51,31.4,6.3,8.2,0,174.6,78.6,43.6,7.5,5148,380.0,120.0,15.0,7.5,5.6,380.0,380.0,380.0,380.0,0.0,0.0,0.0,0.0,0.0,205.4,41.4,-28.6,0.0,0,0,1,0,3,1,0,10.5,0,0,0,1
PT-119,2026-10-08T18:35:00,51,31.4,6.3,8.2,0,174.6,78.6,43.6,7.5,5148,380.0,120.0,15.0,7.5,20.4,380.0,380.0,380.0,380.0,0.0,0.0,0.0,0.0,0.0,205.4,41.4,-28.6,0.0,0,0,1,0,3,1,0,10.58,0,0,0,1
PT-119,2026-10-08T18:40:00,51,31.4,6.3,8.2,0,174.6,78.6,43.6,7.5,5148,380.0,120.0,15.0,7.5,16.3,380.0,380.0,380.0,380.0,0.0,0.0,0.0,0.0,0.0,205.4,41.4,-28.6,0.0,0,0,1,0,3,1,0,10.67,0,0,0,1
PT-119,2026-10-08T18:45:00,51,31.4,6.3,8.2,0,174.6,78.6,43.6,7.5,5148,380.0,120.0,15.0,7.5,16.1,380.0,380.0,380.0,380.0,0.0,0.0,0.0,0.0,0.0,205.4,41.4,-28.6,0.0,0,0,1,0,3,1,0,10.75,0,0,0,1
PT-119,2026-10-08T18:50:00,51,31.4,6.3,8.2,0,174.6,78.6,43.6,7.5,5148,380.0,120.0,15.0,7.5,19.4,380.0,380.0,380.0,380.0,0.0,0.0,0.0,0.0,0.0,205.4,41.4,-28.6,0.0,0,0,1,0,3,1,0,10.83,0,0,0,1
PT-119,2026-10-08T18:55:00,51,31.4,6.3,8.2,0,174.6,78.6,43.6,7.5,5148,380.0,120.0,15.0,7.5,23.2,380.0,380.0,380.0,380.0,0.0,0.0,0.0,0.0,0.0,205.4,41.4,-28.6,0.0,0,0,1,0,3,1,0,10.92,0,0,0,1
PT-119,2026-10-08T19:00:00,51,31.4,6.3,8.2,0,174.6,78.6,43.6,7.5,5148,380.0,120.0,15.0,7.5,11.9,380.0,380.0,380.0,380.0,0.0,0.0,0.0,0.0,0.0,205.4,41.4,-28.6,0.0,0,0,1,0,3,1,0,11.0,0,0,0,1
PT-119,2026-10-08T19:05:00,51,31.4,6.3,8.2,0,174.6,78.6,43.6,7.5,5148,380.0,120.0,15.0,7.5,11.1,380.0,380.0,380.0,380.0,0.0,0.0,0.0,0.0,0.0,205.4,41.4,-28.6,0.0,0,0,1,0,3,1,0,11.08,0,0,0,1
PT-119,2026-10-08T19:10:00,51,31.4,6.3,8.2,0,174.6,78.6,43.6,7.5,5148,380.0,120.0,15.0,7.5,19.2,380.0,380.0,380.0,380.0,0.0,0.0,0.0,0.0,0.0,205.4,41.4,-28.6,0.0,0,0,1,0,3,1,0,11.17,0,0,0,1
PT-119,2026-10-08T19:15:00,51,31.4,6.3,8.2,0,174.6,78.6,43.6,7.5,5148,380.0,120.0,15.0,7.5,6.8,380.0,380.0,380.0,380.0,0.0,0.0,0.0,0.0,0.0,205.4,41.4,-28.6,0.0,0,0,1,0,3,1,0,11.25,0,0,0,1
PT-119,2026-10-08T19:20:00,51,31.4,6.3,8.2,0,174.6,78.6,43.6,7.5,5148,380.0,120.0,15.0,7.5,7.7,380.0,380.0,380.0,380.0,0.0,0.0,0.0,0.0,0.0,205.4,41.4,-28.6,0.0,0,0,1,0,3,1,0,11.33,0,0,0,1
PT-119,2026-10-08T19:25:00,51,31.4,6.3,8.2,0,174.6,78.6,43.6,7.5,5148,380.0,120.0,15.0,7.5,20.8,380.0,380.0,380.0,380.0,0.0,0.0,0.0,0.0,0.0,205.4,41.4,-28.6,0.0,0,0,1,0,3,1,0,11.42,0,0,0,1
PT-119,2026-10-08T19:30:00,51,31.4,6.3,8.2,0,174.6,78.6,43.6,7.5,5148,380.0,120.0,15.0,7.5,20.2,380.0,380.0,380.0,380.0,0.0,0.0,0.0,0.0,0.0,205.4,41.4,-28.6,0.0,0,0,1,0,3,1,0,11.5,0,0,0,1
PT-119,2026-10-08T19:35:00,51,31.4,6.3,8.2,0,174.6,78.6,43.6,7.5,5148,380.0,120.0,15.0,7.5,14.8,380.0,380.0,380.0,380.0,0.0,0.0,0.0,0.0,0.0,205.4,41.4,-28.6,0.0,0,0,1,0,3,1,0,11.58,0,0,0,1
PT-119,2026-10-08T19:40:00,51,31.4,6.3,8.2,0,174.6,78.6,43.6,7.5,5148,380.0,120.0,15.0,7.5,23.4,380.0,380.0,380.0,380.0,0.0,0.0,0.0,0.0,0.0,205.4,41.4,-28.6,0.0,0,0,1,0,3,1,0,11.67,0,0,0,1
PT-119,2026-10-08T19:45:00,51,31.4,6.3,8.2,0,174.6,78.6,43.6,7.5,5148,380.0,120.0,15.0,7.5,21.4,380.0,380.0,380.0,380.0,0.0,0.0,0.0,0.0,0.0,205.4,41.4,-28.6,0.0,0,0,1,0,3,1,0,11.75,0,0,0,1
PT-119,2026-10-08T19:50:00,51,31.4,6.3,8.2,0,174.6,78.6,43.6,7.5,5148,380.0,120.0,15.0,7.5,13.6,380.0,380.0,380.0,380.0,0.0,0.0,0.0,0.0,0.0,205.4,41.4,-28.6,0.0,0,0,1,0,3,1,0,11.83,0,0,0,1
PT-119,2026-10-08T19:55:00,51,31.4,6.3,8.2,0,174.6,78.6,43.6,7.5,5148,380.0,120.0,15.0,7.5,21.1,380.0,380.0,380.0,380.0,0.0,0.0,0.0,0.0,0.0,205.4,41.4,-28.6,0.0,0,0,1,0,3,1,0,11.92,0,0,0,1
PT-119,2026-10-08T20:00:00,51,31.4,6.3,8.2,0,174.6,78.6,43.6,7.5,5148,380.0,120.0,15.0,7.5,20.9,380.0,380.0,380.0,380.0,0.0,0.0,0.0,0.0,0.0,205.4,41.4,-28.6,0.0,0,0,1,0,3,1,0,0.0,0,0,0,1
PT-119,2026-10-08T20:05:00,51,31.4,6.3,8.2,0,174.6,78.6,43.6,7.5,5148,380.0,120.0,15.0,7.5,19.4,380.0,380.0,380.0,380.0,0.0,0.0,0.0,0.0,0.0,205.4,41.4,-28.6,0.0,0,0,1,0,3,1,0,0.08,0,0,0,1
PT-119,2026-10-08T20:10:00,51,31.4,6.3,8.2,0,174.6,78.6,43.6,7.5,5148,380.0,120.0,15.0,7.5,5.5,380.0,380.0,380.0,380.0,0.0,0.0,0.0,0.0,0.0,205.4,41.4,-28.6,0.0,0,0,1,0,3,1,0,0.17,0,0,0,1
PT-119,2026-10-08T20:15:00,51,31.4,6.3,8.2,0,174.6,78.6,43.6,7.5,5148,380.0,120.0,15.0,7.5,22.3,380.0,380.0,380.0,380.0,0.0,0.0,0.0,0.0,0.0,205.4,41.4,-28.6,0.0,0,0,1,0,3,1,0,0.25,0,0,0,1
PT-119,2026-10-08T20:20:00,51,31.4,6.3,8.2,0,174.6,78.6,43.6,7.5,5148,380.0,120.0,15.0,7.5,23.7,380.0,380.0,380.0,380.0,0.0,0.0,0.0,0.0,0.0,205.4,41.4,-28.6,0.0,0,0,1,0,3,1,0,0.33,0,0,0,1
PT-119,2026-10-08T20:25:00,51,31.4,6.3,8.2,0,174.6,78.6,43.6,7.5,5148,380.0,120.0,15.0,7.5,16.7,380.0,380.0,380.0,380.0,0.0,0.0,0.0,0.0,0.0,205.4,41.4,-28.6,0.0,0,0,1,0,3,1,0,0.42,0,0,0,1
PT-119,2026-10-08T20:30:00,51,31.4,6.3,8.2,0,174.6,78.6,43.6,7.5,5148,380.0,120.0,15.0,7.5,17.8,380.0,380.0,380.0,380.0,0.0,0.0,0.0,0.0,0.0,205.4,41.4,-28.6,0.0,0,0,1,0,3,1,0,0.5,0,0,0,1
PT-119,2026-10-08T20:35:00,51,31.4,6.3,8.2,0,174.6,78.6,43.6,7.5,5148,380.0,120.0,15.0,7.5,20.1,380.0,380.0,380.0,380.0,0.0,0.0,0.0,0.0,0.0,205.4,41.4,-28.6,0.0,0,0,1,0,3,1,0,0.58,0,0,0,1
PT-119,2026-10-08T20:40:00,51,31.4,6.3,8.2,0,174.6,78.6,43.6,7.5,5148,380.0,120.0,15.0,7.5,6.8,380.0,380.0,380.0,380.0,0.0,0.0,0.0,0.0,0.0,205.4,41.4,-28.6,0.0,0,0,1,0,3,1,0,0.67,0,0,0,1
PT-119,2026-10-08T20:45:00,51,31.4,6.3,8.2,0,174.6,78.6,43.6,7.5,5148,380.0,120.0,15.0,7.5,17.3,380.0,380.0,380.0,380.0,0.0,0.0,0.0,0.0,0.0,205.4,41.4,-28.6,0.0,0,0,1,0,3,1,0,0.75,0,0,0,1
PT-119,2026-10-08T20:50:00,51,31.4,6.3,8.2,0,174.6,78.6,43.6,7.5,5148,380.0,120.0,15.0,7.5,11.1,380.0,380.0,380.0,380.0,0.0,0.0,0.0,0.0,0.0,205.4,41.4,-28.6,0.0,0,0,1,0,3,1,0,0.83,0,0,0,1
PT-119,2026-10-08T20:55:00,51,31.4,6.3,8.2,0,174.6,78.6,43.6,7.5,5148,380.0,120.0,15.0,7.5,5.2,380.0,380.0,380.0,380.0,0.0,0.0,0.0,0.0,0.0,205.4,41.4,-28.6,0.0,0,0,1,0,3,1,0,0.92,0,0,0,1
PT-119,2026-10-08T21:00:00,51,31.4,6.3,8.2,0,174.6,78.6,43.6,7.5,5148,380.0,120.0,15.0,7.5,11.6,380.0,380.0,380.0,380.0,0.0,0.0,0.0,0.0,0.0,205.4,41.4,-28.6,0.0,0,0,1,0,3,1,0,1.0,0,0,0,1
PT-119,2026-10-08T21:05:00,51,31.4,6.3,8.2,0,174.6,78.6,43.6,7.5,5148,380.0,120.0,15.0,7.5,23.8,380.0,380.0,380.0,380.0,0.0,0.0,0.0,0.0,0.0,205.4,41.4,-28.6,0.0,0,0,1,0,3,1,0,1.08,0,0,0,1
PT-119,2026-10-08T21:10:00,51,31.4,6.3,8.2,0,174.6,78.6,43.6,7.5,5148,380.0,120.0,15.0,7.5,23.7,380.0,380.0,380.0,380.0,0.0,0.0,0.0,0.0,0.0,205.4,41.4,-28.6,0.0,0,0,1,0,3,1,0,1.17,0,0,0,1
PT-119,2026-10-08T21:15:00,51,31.4,6.3,8.2,0,174.6,78.6,43.6,7.5,5148,380.0,120.0,15.0,7.5,10.6,380.0,380.0,380.0,380.0,0.0,0.0,0.0,0.0,0.0,205.4,41.4,-28.6,0.0,0,0,1,0,3,1,0,1.25,0,0,0,1
PT-119,2026-10-08T21:20:00,51,31.4,6.3,8.2,0,174.6,78.6,43.6,7.5,5148,380.0,120.0,15.0,7.5,9.8,380.0,380.0,380.0,380.0,0.0,0.0,0.0,0.0,0.0,205.4,41.4,-28.6,0.0,0,0,1,0,3,1,0,1.33,0,0,0,1
PT-119,2026-10-08T21:25:00,51,31.4,6.3,8.2,0,174.6,78.6,43.6,7.5,5148,380.0,120.0,15.0,7.5,11.1,380.0,380.0,380.0,380.0,0.0,0.0,0.0,0.0,0.0,205.4,41.4,-28.6,0.0,0,0,1,0,3,1,0,1.42,0,0,0,1
PT-119,2026-10-08T21:30:00,51,31.4,6.3,8.2,0,174.6,78.6,43.6,7.5,5148,380.0,120.0,15.0,7.5,18.9,380.0,380.0,380.0,380.0,0.0,0.0,0.0,0.0,0.0,205.4,41.4,-28.6,0.0,0,0,1,0,3,1,0,1.5,0,0,0,1
PT-119,2026-10-08T21:35:00,51,31.4,6.3,8.2,0,174.6,78.6,43.6,7.5,5148,380.0,120.0,15.0,7.5,14.0,380.0,380.0,380.0,380.0,0.0,0.0,0.0,0.0,0.0,205.4,41.4,-28.6,0.0,0,0,1,0,3,1,0,1.58,0,0,0,1
PT-119,2026-10-08T21:40:00,51,31.4,6.3,8.2,0,174.6,78.6,43.6,7.5,5148,380.0,120.0,15.0,7.5,22.8,380.0,380.0,380.0,380.0,0.0,0.0,0.0,0.0,0.0,205.4,41.4,-28.6,0.0,0,0,1,0,3,1,0,1.67,0,0,0,1
PT-119,2026-10-08T21:45:00,51,31.4,6.3,8.2,0,174.6,78.6,43.6,7.5,5148,380.0,120.0,15.0,7.5,9.5,380.0,380.0,380.0,380.0,0.0,0.0,0.0,0.0,0.0,205.4,41.4,-28.6,0.0,0,0,1,0,3,1,0,1.75,0,0,0,1
PT-119,2026-10-08T21:50:00,51,31.4,6.3,8.2,0,174.6,78.6,43.6,7.5,5148,380.0,120.0,15.0,7.5,13.1,380.0,380.0,380.0,380.0,0.0,0.0,0.0,0.0,0.0,205.4,41.4,-28.6,0.0,0,0,1,0,3,1,0,1.83,0,0,0,1
PT-119,2026-10-08T21:55:00,51,31.4,6.3,8.2,0,174.6,78.6,43.6,7.5,5148,380.0,120.0,15.0,7.5,18.9,380.0,380.0,380.0,380.0,0.0,0.0,0.0,0.0,0.0,205.4,41.4,-28.6,0.0,0,0,1,0,3,1,0,1.92,0,0,0,1
PT-120,2026-10-08T08:00:00,52,27.5,5.5,6.7,1,133.6,73.2,50.2,7.5,6486,133.1,70.6,48.1,7.5,23.5,133.1,133.1,133.1,133.1,0.0,0.0,0.0,0.0,0.0,-0.5,-2.6,-2.1,0.0,1,0,0,0,3,1,0,0.0,0,0,0,0
PT-120,2026-10-08T08:05:00,52,27.5,5.5,6.7,1,133.6,73.2,50.2,7.5,6486,142.7,73.9,50.1,7.5,23.1,137.9,137.9,137.9,137.9,6.79,0.0,0.0,0.0,0.0,9.1,0.7,-0.1,0.0,1,0,0,0,3,1,0,0.08,0,0,0,0
PT-120,2026-10-08T08:10:00,52,27.5,5.5,6.7,1,133.6,73.2,50.2,7.5,6486,137.5,73.0,53.6,7.5,13.1,137.77,137.77,137.77,137.77,4.81,0.0,0.0,0.0,0.0,3.9,-0.2,3.4,0.0,1,0,0,0,3,1,0,0.17,0,0,0,0
PT-120,2026-10-08T08:15:00,52,27.5,5.5,6.7,1,133.6,73.2,50.2,7.5,6486,130.7,75.1,49.2,7.5,21.2,136.97,136.0,136.0,136.0,5.28,0.0,0.0,0.0,0.0,-2.9,1.9,-1.0,0.0,1,0,0,0,3,1,0,0.25,0,0,0,0
PT-120,2026-10-08T08:20:00,52,27.5,5.5,6.7,1,133.6,73.2,50.2,7.5,6486,138.1,74.5,46.1,7.5,12.6,135.43,136.42,136.42,136.42,4.67,0.0,0.0,0.0,0.0,4.5,1.3,-4.1,0.0,1,0,0,0,3,1,0,0.33,0,0,0,0
PT-120,2026-10-08T08:25:00,52,27.5,5.5,6.7,1,133.6,73.2,50.2,7.5,6486,135.9,77.1,47.8,7.5,24.6,134.9,136.33,136.33,136.33,4.18,0.0,0.0,0.0,0.0,2.3,3.9,-2.4,0.0,1,0,0,0,3,1,0,0.42,0,0,0,0
PT-120,2026-10-08T08:30:00,52,27.5,5.5,6.7,1,133.6,73.2,50.2,7.5,6486,133.2,76.2,49.0,7.5,51.9,135.73,136.35,135.89,135.89,4.0,0.2,0.0,11.2,1.8,-0.4,3.0,-1.2,0.0,1,0,0,0,3,1,0,0.5,0,0,0,0
PT-120,2026-10-08T08:35:00,52,27.5,5.5,6.7,1,133.6,73.2,50.2,7.5,6486,134.0,80.2,50.5,7.5,57.4,134.37,134.9,135.65,135.65,3.76,-17.4,0.0,12.6,0.8,0.4,7.0,0.3,0.0,1,0,0,0,3,1,0,0.58,0,0,0,0
PT-120,2026-10-08T08:40:00,52,27.5,5.5,6.7,1,133.6,73.2,50.2,7.5,6486,133.6,77.5,52.6,7.5,67.3,133.6,134.25,135.42,135.42,3.58,-7.8,0.0,9.0,-2.0,0.0,4.3,2.4,0.0,1,0,0,0,3,1,0,0.67,0,0,0,0
PT-120,2026-10-08T08:45:00,52,27.5,5.5,6.7,1,133.6,73.2,50.2,7.5,6486,138.9,75.1,47.3,7.5,64.2,135.5,135.62,135.77,135.77,3.55,16.4,0.0,0.0,-3.8,5.3,1.9,-2.9,0.0,1,0,0,0,3,1,0,0.75,0,0,0,0
PT-120,2026-10-08T08:50:00,52,27.5,5.5,6.7,1,133.6,73.2,50.2,7.5,6486,131.2,73.2,49.2,7.5,71.4,134.57,134.47,135.35,135.35,3.64,-13.8,0.0,-2.6,6.2,-2.4,0.0,-1.0,0.0,1,0,0,0,3,1,0,0.83,0,0,0,0
PT-120,2026-10-08T08:55:00,52,27.5,5.5,6.7,1,133.6,73.2,50.2,7.5,6486,135.9,77.1,52.4,7.5,73.7,135.33,134.47,135.4,135.4,3.47,0.0,0.0,0.0,9.2,2.3,3.9,2.2,0.0,1,0,0,0,3,1,0,0.92,0,0,0,0
PT-120,2026-10-08T09:00:00,52,27.5,5.5,6.7,1,133.6,73.2,50.2,7.5,6486,134.7,71.9,52.6,7.5,58.8,133.93,134.72,135.53,135.35,3.41,3.0,1.6,-8.6,7.2,1.1,-1.3,2.4,0.0,1,0,0,0,3,1,0,1.0,0,0,0,0
PT-120,2026-10-08T09:05:00,52,27.5,5.5,6.7,1,133.6,73.2,50.2,7.5,6486,140.8,78.5,50.1,7.5,65.1,137.13,135.85,135.38,135.74,3.07,13.6,-1.9,-3.4,-0.8,7.2,5.3,-0.1,0.0,1,0,0,0,3,1,0,1.08,0,0,0,0
PT-120,2026-10-08T09:10:00,52,27.5,5.5,6.7,1,133.6,73.2,50.2,7.5,6486,136.8,77.0,50.3,7.5,59.2,137.43,136.38,135.32,135.81,3.04,6.4,-0.7,-1.0,-4.6,3.2,3.8,0.1,0.0,1,0,0,0,3,1,0,1.17,0,0,0,0
PT-120,2026-10-08T09:15:00,52,27.5,5.5,6.7,1,133.6,73.2,50.2,7.5,6486,135.2,75.9,50.2,7.5,20.0,137.6,135.77,135.69,135.77,2.67,-7.4,4.5,1.6,5.8,1.6,2.7,0.0,0.0,1,0,0,0,3,1,0,1.25,0,0,1,0
PT-120,2026-10-08T09:20:00,52,27.5,5.5,6.7,1,133.6,73.2,50.2,7.5,6486,133.6,76.0,50.2,7.5,20.0,135.2,136.17,135.32,135.64,2.62,4.8,-4.5,5.6,2.0,0.0,2.8,0.0,0.0,1,0,0,0,3,1,0,1.33,0,1,1,0
PT-120,2026-10-08T09:25:00,52,27.5,5.5,6.7,1,133.6,73.2,50.2,7.5,6486,138.7,74.3,50.2,7.5,20.0,135.83,136.63,135.55,135.81,2.79,5.6,2.8,-5.6,-4.4,5.1,1.1,0.0,0.0,1,0,0,0,3,1,0,1.42,0,0,1,0
PT-120,2026-10-08T09:30:00,52,27.5,5.5,6.7,1,133.6,73.2,50.2,7.5,6486,133.6,73.6,50.2,7.5,20.0,135.3,136.45,135.58,135.69,2.76,-2.2,0.4,3.4,-4.8,0.0,0.4,0.0,0.0,1,0,0,0,3,1,0,1.5,0,1,1,0
PT-120,2026-10-08T09:35:00,52,27.5,5.5,6.7,1,133.6,73.2,50.2,7.5,6486,133.2,77.2,50.2,7.5,20.0,135.17,135.18,135.52,135.57,2.81,-15.2,-0.8,-2.6,0.2,-0.4,4.0,0.0,0.0,1,0,0,0,3,1,0,1.58,0,0,1,0
PT-120,2026-10-08T09:40:00,52,27.5,5.5,6.7,1,133.6,73.2,50.2,7.5,6486,133.6,74.5,50.2,7.5,20.0,133.47,134.65,135.52,135.48,2.81,-6.4,0.0,-5.0,-0.2,0.0,1.3,0.0,0.0,1,0,0,0,3,1,0,1.67,0,1,1,0
PT-120,2026-10-08T09:45:00,52,27.5,5.5,6.7,1,133.6,73.2,50.2,7.5,6486,134.1,76.4,50.2,7.5,20.0,133.63,134.47,135.12,135.41,2.62,-2.2,-4.8,1.0,0.0,0.5,3.2,0.0,0.0,1,0,0,0,3,1,0,1.75,0,0,1,0
PT-120,2026-10-08T09:50:00,52,27.5,5.5,6.7,1,133.6,73.2,50.2,7.5,6486,133.6,73.6,50.2,7.5,20.0,133.77,134.47,135.32,135.33,2.38,0.0,2.4,-4.8,0.0,0.0,0.4,0.0,0.0,1,0,0,0,3,1,0,1.83,0,1,1,0
PT-120,2026-10-08T09:55:00,52,27.5,5.5,6.7,1,133.6,73.2,50.2,7.5,6486,140.0,75.2,50.2,7.5,20.0,135.9,134.68,135.66,135.53,2.74,2.6,4.1,1.8,0.0,6.4,2.0,0.0,0.0,1,0,0,0,3,1,0,1.92,0,0,1,0
PT-120,2026-10-08T10:00:00,52,27.5,5.5,6.7,1,133.6,73.2,50.2,7.5,6486,133.6,76.7,50.2,7.5,20.0,135.73,134.68,135.57,135.55,2.79,0.0,-1.1,6.2,0.0,0.0,3.5,0.0,0.0,1,0,0,0,3,1,0,2.0,0,1,1,0
PT-120,2026-10-08T10:05:00,52,27.5,5.5,6.7,1,133.6,73.2,50.2,7.5,6486,139.6,75.5,50.2,7.5,20.0,137.73,135.75,135.47,135.42,2.6,12.8,-1.2,-3.4,0.0,6.0,2.3,0.0,0.0,1,0,0,0,3,1,0,2.08,0,0,1,0
PT-120,2026-10-08T10:10:00,52,27.5,5.5,6.7,1,133.6,73.2,50.2,7.5,6486,141.8,75.7,49.1,7.5,11.5,138.33,137.12,135.88,135.6,3.17,16.4,5.0,2.4,-2.2,8.2,2.5,-1.1,0.0,1,0,0,0,3,1,0,2.17,0,0,0,0
PT-120,2026-10-08T10:15:00,52,27.5,5.5,6.7,1,133.6,73.2,50.2,7.5,6486,137.5,74.5,50.3,7.5,24.0,139.63,137.68,136.07,135.88,3.2,6.8,2.3,-3.8,0.2,3.9,1.3,0.1,0.0,1,0,0,0,3,1,0,2.25,0,0,0,0
PT-120,2026-10-08T10:20:00,52,27.5,5.5,6.7,1,133.6,73.2,50.2,7.5,6486,137.4,75.9,53.2,7.5,23.5,138.9,138.32,136.39,135.85,3.12,7.6,3.8,4.6,6.0,3.8,2.7,3.0,0.0,1,0,0,0,3,1,0,2.33,0,0,0,0
PT-120,2026-10-08T10:25:00,52,27.5,5.5,6.7,1,133.6,73.2,50.2,7.5,6486,140.3,78.4,48.5,7.5,12.7,138.4,138.37,136.52,136.04,3.25,0.6,1.6,6.4,-3.4,6.7,5.2,-1.7,0.0,1,0,0,0,3,1,0,2.42,0,0,0,0
PT-120,2026-10-08T10:30:00,52,27.5,5.5,6.7,1,133.6,73.2,50.2,7.5,6486,140.1,80.6,52.8,7.5,21.4,139.27,139.45,137.07,136.33,3.26,13.0,6.5,7.8,5.2,6.5,7.4,2.6,0.0,1,0,0,0,3,1,0,2.5,0,0,0,0
PT-120,2026-10-08T10:35:00,52,27.5,5.5,6.7,1,133.6,73.2,50.2,7.5,6486,131.4,76.0,50.8,7.5,24.0,137.27,138.08,136.92,136.22,3.49,-16.4,-1.8,1.0,1.2,-2.2,2.8,0.6,0.0,1,0,0,0,3,1,0,2.58,0,0,0,0
PT-120,2026-10-08T10:40:00,52,27.5,5.5,6.7,1,133.6,73.2,50.2,7.5,6486,137.1,79.5,47.3,7.5,18.2,136.2,137.3,137.21,136.36,3.33,-9.4,3.5,7.6,-3.6,3.5,6.3,-2.9,0.0,1,0,0,0,3,1,0,2.67,0,0,0,0
PT-120,2026-10-08T10:45:00,52,27.5,5.5,6.7,1,133.6,73.2,50.2,7.5,6486,133.9,74.3,47.2,7.5,7.4,134.13,136.7,137.19,136.15,3.35,-7.2,-0.2,-0.4,-6.2,0.3,1.1,-3.0,0.0,1,0,0,0,3,1,0,2.75,0,0,0,0
PT-120,2026-10-08T10:50:00,52,27.5,5.5,6.7,1,133.6,73.2,50.2,7.5,6486,139.7,75.7,48.6,7.5,15.1,136.9,137.08,137.7,136.51,3.21,4.6,6.1,-0.4,-9.2,6.1,2.5,-1.6,0.0,1,0,0,0,3,1,0,2.83,0,0,0,0
PT-120,2026-10-08T10:55:00,52,27.5,5.5,6.7,1,133.6,73.2,50.2,7.5,6486,140.2,76.2,48.6,7.5,21.5,137.93,137.07,137.72,136.69,3.23,-0.2,0.2,-4.4,0.2,6.6,3.0,-1.6,0.0,1,0,0,0,3,1,0,2.92,0,0,0,0
PT-120,2026-10-08T11:00:00,52,27.5,5.5,6.7,1,133.6,73.2,50.2,7.5,6486,139.9,78.4,44.7,7.5,10.7,139.93,137.03,138.24,136.9,3.0,-0.4,6.3,-4.4,-16.2,6.3,5.2,-5.5,0.0,1,0,0,0,3,1,0,3.0,0,0,0,0
PT-120,2026-10-08T11:05:00,52,27.5,5.5,6.7,1,133.6,73.2,50.2,7.5,6486,142.3,77.5,51.4,7.5,13.4,140.8,138.85,138.47,136.97,3.21,21.8,2.7,3.0,1.2,8.7,4.3,1.2,0.0,1,0,0,0,3,1,0,3.08,0,0,0,0
PT-120,2026-10-08T11:10:00,52,27.5,5.5,6.7,1,133.6,73.2,50.2,7.5,6486,140.0,78.0,48.1,7.5,8.4,140.73,139.33,138.32,137.1,3.08,5.8,-1.8,-3.0,1.6,6.4,4.8,-2.1,0.0,1,0,0,0,3,1,0,3.17,0,0,0,0
PT-120,2026-10-08T11:15:00,52,27.5,5.5,6.7,1,133.6,73.2,50.2,7.5,6486,135.5,76.5,55.6,7.5,7.2,139.27,139.6,138.15,137.11,3.18,3.2,-2.0,4.4,16.8,1.9,3.3,5.4,0.0,1,0,0,0,3,1,0,3.25,0,0,0,0
PT-120,2026-10-08T11:20:00,52,27.5,5.5,6.7,1,133.6,73.2,50.2,7.5,6486,136.6,78.7,46.4,7.5,19.5,137.37,139.08,138.08,137.24,3.2,-6.2,-0.8,6.0,-4.4,3.0,5.5,-3.8,0.0,1,0,0,0,3,1,0,3.33,0,0,0,0
PT-120,2026-10-08T11:25:00,52,27.5,5.5,6.7,1,133.6,73.2,50.2,7.5,6486,138.1,76.1,52.6,7.5,17.5,136.73,138.73,137.9,137.21,3.13,-4.2,-2.2,-0.2,8.0,4.5,2.9,2.4,0.0,1,0,0,0,3,1,0,3.42,0,0,0,0
PT-120,2026-10-08T11:30:00,52,27.5,5.5,6.7,1,133.6,73.2,50.2,7.5,6486,144.1,76.6,52.0,7.5,13.4,139.6,139.43,138.23,137.65,3.56,8.4,4.0,-3.6,14.6,10.5,3.4,1.8,0.0,1,0,0,0,3,1,0,3.5,0,0,0,0
PT-120,2026-10-08T11:35:00,52,27.5,5.5,6.7,1,133.6,73.2,50.2,7.5,6486,141.5,77.7,48.1,7.5,16.3,141.23,139.3,139.08,138.0,2.94,-1.6,10.1,0.4,-6.6,7.9,4.5,-2.1,0.0,1,0,0,0,3,1,0,3.58,0,0,0,0
PT-120,2026-10-08T11:40:00,52,27.5,5.5,6.7,1,133.6,73.2,50.2,7.5,6486,141.7,73.7,46.0,7.5,14.3,142.43,139.58,139.46,138.33,2.96,3.4,4.6,-8.6,-4.2,8.1,0.5,-4.2,0.0,1,0,0,0,3,1,0,3.67,0,0,0,0
PT-120,2026-10-08T11:45:00,52,27.5,5.5,6.7,1,133.6,73.2,50.2,7.5,6486,138.6,76.0,52.0,7.5,22.2,140.6,140.1,139.85,138.52,2.42,6.2,4.7,-1.0,-7.2,5.0,2.8,1.8,0.0,1,0,0,0,3,1,0,3.75,0,0,0,0
PT-120,2026-10-08T11:50:00,52,27.5,5.5,6.7,1,133.6,73.2,50.2,7.5,6486,137.1,78.0,51.3,7.5,17.1,139.13,140.18,139.63,138.67,2.55,1.0,-2.6,-1.4,9.8,3.5,4.8,1.1,0.0,1,0,0,0,3,1,0,3.83,0,0,0,0
PT-120,2026-10-08T11:55:00,52,27.5,5.5,6.7,1,133.6,73.2,50.2,7.5,6486,144.3,77.4,52.3,7.5,15.8,140.0,141.22,139.98,138.85,2.88,12.4,4.1,2.6,-0.6,10.7,4.2,2.1,0.0,1,0,0,0,3,1,0,3.92,0,0,0,0
PT-120,2026-10-08T12:00:00,52,27.5,5.5,6.7,1,133.6,73.2,50.2,7.5,6486,144.5,76.0,52.4,7.5,14.2,141.97,141.28,140.36,139.3,3.17,0.8,4.6,-1.2,0.8,10.9,2.8,2.2,0.0,0,1,0,0,3,1,0,4.0,0,0,0,0
PT-120,2026-10-08T12:05:00,52,27.5,5.5,6.7,1,133.6,73.2,50.2,7.5,6486,139.4,73.8,54.3,7.5,22.8,142.73,140.93,140.12,139.29,3.11,-4.2,-2.9,-7.8,12.4,5.8,0.6,4.1,0.0,0,1,0,0,3,1,0,4.08,0,0,0,0
PT-120,2026-10-08T12:10:00,52,27.5,5.5,6.7,1,133.6,73.2,50.2,7.5,6486,133.6,78.5,50.2,7.5,20.0,139.17,139.58,139.58,138.95,3.64,-16.2,-6.4,9.6,8.4,0.0,5.3,0.0,0.0,0,1,0,0,3,1,0,4.17,0,1,1,0
PT-120,2026-10-08T12:15:00,52,27.5,5.5,6.7,1,133.6,73.2,50.2,7.5,6486,143.4,75.8,50.2,7.5,20.0,138.8,140.38,140.24,139.2,3.55,9.6,7.9,-0.4,-3.6,9.8,2.6,0.0,0.0,0,1,0,0,3,1,0,4.25,0,0,1,0
PT-120,2026-10-08T12:20:00,52,27.5,5.5,6.7,1,133.6,73.2,50.2,7.5,6486,133.6,75.1,50.2,7.5,20.0,136.87,139.8,139.99,139.04,3.91,-7.0,-3.0,-5.8,-2.2,0.0,1.9,0.0,0.0,0,1,0,0,3,1,0,4.33,0,1,1,0
PT-120,2026-10-08T12:25:00,52,27.5,5.5,6.7,1,133.6,73.2,50.2,7.5,6486,141.3,79.8,50.2,7.5,20.0,139.43,139.3,140.26,139.08,3.88,-6.0,3.2,4.8,-4.2,7.7,6.6,0.0,0.0,0,1,0,0,3,1,0,4.42,0,0,1,0
PT-120,2026-10-08T12:30:00,52,27.5,5.5,6.7,1,133.6,73.2,50.2,7.5,6486,133.6,80.5,50.2,7.5,20.0,136.17,137.48,139.38,138.81,4.11,-21.8,-10.5,9.0,-4.4,0.0,7.3,0.0,0.0,0,1,0,0,3,1,0,4.5,0,1,1,0
PT-120,2026-10-08T12:35:00,52,27.5,5.5,6.7,1,133.6,73.2,50.2,7.5,6486,138.7,74.9,50.2,7.5,20.0,137.87,137.37,139.15,139.11,4.06,-1.4,-2.8,2.2,-8.2,5.1,1.7,0.0,0.0,0,1,0,0,3,1,0,4.58,0,0,1,0
PT-120,2026-10-08T12:40:00,52,27.5,5.5,6.7,1,133.6,73.2,50.2,7.5,6486,133.6,75.2,50.2,7.5,20.0,135.3,137.37,138.48,138.97,4.27,0.0,-8.1,-6.6,0.0,0.0,2.0,0.0,0.0,0,1,0,0,3,1,0,4.67,0,1,1,0
PT-120,2026-10-08T12:45:00,52,27.5,5.5,6.7,1,133.6,73.2,50.2,7.5,6486,143.0,73.8,51.4,7.5,22.8,138.43,137.3,138.84,139.35,4.46,-0.8,4.4,-4.0,2.4,9.4,0.6,1.2,0.0,0,1,0,0,3,1,0,4.75,0,0,0,0
PT-120,2026-10-08T12:50:00,52,27.5,5.5,6.7,1,133.6,73.2,50.2,7.5,6486,139.6,77.9,48.9,7.5,10.9,138.73,138.3,139.05,139.34,4.43,12.0,2.5,5.6,-2.6,6.0,4.7,-1.3,0.0,0,1,0,0,3,1,0,4.83,0,0,0,0
PT-120,2026-10-08T12:55:00,52,27.5,5.5,6.7,1,133.6,73.2,50.2,7.5,6486,137.3,77.8,52.3,7.5,6.0,139.97,137.63,138.47,139.22,4.13,-8.0,-7.0,-4.0,4.2,3.7,4.6,2.1,0.0,0,1,0,0,3,1,0,4.92,0,0,0,0
PT-120,2026-10-08T13:00:00,52,27.5,5.5,6.7,1,133.6,73.2,50.2,7.5,6486,141.5,77.2,49.4,7.5,15.8,139.47,138.95,138.22,139.29,3.81,15.8,-3.0,-6.6,-1.6,7.9,4.0,-0.8,0.0,0,1,0,0,3,1,0,5.0,0,0,0,0
PT-120,2026-10-08T13:05:00,52,27.5,5.5,6.7,1,133.6,73.2,50.2,7.5,6486,142.3,77.6,50.2,7.5,27.3,140.37,139.55,138.46,139.29,3.98,7.2,2.9,5.4,0.0,8.7,4.4,0.0,0.0,0,1,0,0,3,1,0,5.08,0,0,0,0
PT-120,2026-10-08T13:10:00,52,27.5,5.5,6.7,1,133.6,73.2,50.2,7.5,6486,141.9,74.6,49.1,7.5,30.7,141.9,140.93,139.15,139.37,3.77,16.6,8.3,-1.2,-2.2,8.3,1.4,-1.1,0.0,0,1,0,0,3,1,0,5.17,0,0,0,0
PT-120,2026-10-08T13:15:00,52,27.5,5.5,6.7,1,133.6,73.2,50.2,7.5,6486,142.9,80.0,54.0,7.5,29.0,142.37,140.92,139.11,139.67,3.73,-0.2,-0.5,12.4,5.2,9.3,6.8,3.8,0.0,0,1,0,0,3,1,0,5.25,0,0,0,0
PT-120,2026-10-08T13:20:00,52,27.5,5.5,6.7,1,133.6,73.2,50.2,7.5,6486,141.3,78.9,48.2,7.5,30.8,142.03,141.2,139.75,139.87,3.33,3.4,7.7,2.0,-1.4,7.7,5.7,-2.0,0.0,0,1,0,0,3,1,0,5.33,0,0,0,0
PT-120,2026-10-08T13:25:00,52,27.5,5.5,6.7,1,133.6,73.2,50.2,7.5,6486,144.5,74.6,49.6,7.5,17.8,142.9,142.4,140.02,140.14,3.59,14.4,3.2,-6.4,-5.4,10.9,1.4,-0.6,0.0,0,1,0,0,3,1,0,5.42,0,0,0,0
PT-120,2026-10-08T13:30:00,52,27.5,5.5,6.7,1,133.6,73.2,50.2,7.5,6486,141.1,77.2,48.0,7.5,27.7,142.3,142.33,140.64,140.01,2.97,-0.8,7.5,0.0,-2.8,7.5,4.0,-2.2,0.0,0,1,0,0,3,1,0,5.5,0,0,0,0
PT-120,2026-10-08T13:35:00,52,27.5,5.5,6.7,1,133.6,73.2,50.2,7.5,6486,142.8,74.0,48.9,7.5,16.9,142.8,142.42,140.98,140.07,2.96,1.0,4.1,-7.2,-2.6,9.2,0.8,-1.3,0.0,0,1,0,0,3,1,0,5.58,0,0,0,0
PT-120,2026-10-08T13:40:00,52,27.5,5.5,6.7,1,133.6,73.2,50.2,7.5,6486,141.1,75.9,47.7,7.5,30.3,141.67,142.28,141.61,140.04,1.84,-1.6,7.5,2.6,-2.8,7.5,2.7,-2.5,0.0,0,1,0,0,3,1,0,5.67,0,0,0,0
PT-120,2026-10-08T13:45:00,52,27.5,5.5,6.7,1,133.6,73.2,50.2,7.5,6486,139.4,78.0,48.2,7.5,34.4,141.1,141.7,141.31,140.08,1.88,-7.0,-3.6,-4.0,-11.6,5.8,4.8,-2.0,0.0,0,1,0,0,3,1,0,5.75,0,0,0,0
PT-120,2026-10-08T13:50:00,52,27.5,5.5,6.7,1,133.6,73.2,50.2,7.5,6486,143.3,77.9,51.9,7.5,31.9,141.27,142.03,141.62,140.33,1.88,4.0,3.7,-2.0,7.4,9.7,4.7,1.7,0.0,0,1,0,0,3,1,0,5.83,0,0,0,0
PT-120,2026-10-08T13:55:00,52,27.5,5.5,6.7,1,133.6,73.2,50.2,7.5,6486,138.9,75.9,46.9,7.5,15.5,140.53,141.1,141.75,140.11,1.58,-11.2,1.6,2.6,-5.4,5.3,2.7,-3.3,0.0,0,1,0,0,3,1,0,5.92,0,0,0,0
PT-120,2026-10-08T14:00:00,52,27.5,5.5,6.7,1,133.6,73.2,50.2,7.5,6486,146.9,74.7,48.5,7.5,16.3,143.03,142.07,142.2,140.21,2.16,11.6,5.4,-5.0,1.0,13.3,1.5,-1.7,0.0,0,1,0,0,3,1,0,6.0,0,0,0,0
PT-120,2026-10-08T14:05:00,52,27.5,5.5,6.7,1,133.6,73.2,50.2,7.5,6486,143.0,79.6,50.0,7.5,22.7,142.93,142.1,142.26,140.36,2.18,0.4,0.7,11.2,2.2,9.4,6.4,-0.2,0.0,0,1,0,0,3,1,0,6.08,0,0,0,0
PT-120,2026-10-08T14:10:00,52,27.5,5.5,6.7,1,133.6,73.2,50.2,7.5,6486,141.3,75.7,49.4,7.5,12.2,143.73,142.13,142.21,140.68,2.19,0.4,-0.6,-0.4,3.4,7.7,2.5,-0.8,0.0,0,1,0,0,3,1,0,6.17,0,0,0,0
PT-120,2026-10-08T14:15:00,52,27.5,5.5,6.7,1,133.6,73.2,50.2,7.5,6486,145.3,74.1,52.0,7.5,17.4,143.2,143.12,142.41,140.76,2.36,11.8,2.4,-7.8,7.6,11.7,0.9,1.8,0.0,0,1,0,0,3,1,0,6.25,0,0,0,0
PT-120,2026-10-08T14:20:00,52,27.5,5.5,6.7,1,133.6,73.2,50.2,7.5,6486,143.2,79.7,45.9,7.5,14.0,143.27,143.1,142.57,141.16,2.35,-0.2,1.9,3.6,-12.0,9.6,6.5,-4.3,0.0,0,1,0,0,3,1,0,6.33,0,0,0,0
PT-120,2026-10-08T14:25:00,52,27.5,5.5,6.7,1,133.6,73.2,50.2,7.5,6486,140.8,70.3,47.2,7.5,20.9,143.1,143.42,142.26,141.14,2.31,3.8,-3.7,-11.2,0.6,7.2,-2.9,-3.0,0.0,0,1,0,0,3,1,0,6.42,0,0,0,0
PT-120,2026-10-08T14:30:00,52,27.5,5.5,6.7,1,133.6,73.2,50.2,7.5,6486,140.6,76.8,50.8,7.5,14.2,141.53,142.37,142.22,141.43,2.34,-12.6,-0.5,4.2,4.6,7.0,3.6,0.6,0.0,0,1,0,0,3,1,0,6.5,0,0,0,0
PT-120,2026-10-08T14:35:00,52,27.5,5.5,6.7,1,133.6,73.2,50.2,7.5,6486,141.4,73.3,48.0,7.5,18.0,140.93,142.1,142.1,141.54,2.34,-3.2,-1.4,-12.6,-4.0,7.8,0.1,-2.2,0.0,0,1,0,0,3,1,0,6.58,0,0,0,0
PT-120,2026-10-08T14:40:00,52,27.5,5.5,6.7,1,133.6,73.2,50.2,7.5,6486,143.2,75.2,52.8,7.5,5.5,141.73,142.42,142.28,141.94,2.34,3.8,2.1,-1.0,6.8,9.6,2.0,2.6,0.0,0,1,0,0,3,1,0,6.67,0,0,0,0
PT-120,2026-10-08T14:45:00,52,27.5,5.5,6.7,1,133.6,73.2,50.2,7.5,6486,140.5,73.6,45.5,7.5,18.8,141.7,141.62,142.37,141.84,2.24,-9.6,1.1,-1.0,-13.0,6.9,0.4,-4.7,0.0,0,1,0,0,3,1,0,6.75,0,0,0,0
PT-120,2026-10-08T14:50:00,52,27.5,5.5,6.7,1,133.6,73.2,50.2,7.5,6486,137.4,76.7,49.2,7.5,6.3,140.37,140.65,141.88,141.75,2.63,-11.6,-5.9,-6.0,6.6,3.8,3.5,-1.0,0.0,0,1,0,0,3,1,0,6.83,0,0,0,0
PT-120,2026-10-08T14:55:00,52,27.5,5.5,6.7,1,133.6,73.2,50.2,7.5,6486,146.3,75.7,49.5,7.5,19.3,141.4,141.57,142.49,142.12,2.73,11.0,7.4,10.8,4.6,12.7,2.5,-0.7,0.0,0,1,0,0,3,1,0,6.92,0,0,0,0
PT-120,2026-10-08T15:00:00,52,27.5,5.5,6.7,1,133.6,73.2,50.2,7.5,6486,146.5,71.3,53.2,7.5,7.9,143.4,142.55,142.46,142.33,2.67,11.8,-0.4,-11.0,4.8,12.9,-1.9,3.0,0.0,0,1,0,0,3,1,0,7.0,0,0,0,0
PT-120,2026-10-08T15:05:00,52,27.5,5.5,6.7,1,133.6,73.2,50.2,7.5,6486,143.8,79.1,48.4,7.5,19.5,145.53,142.95,142.52,142.39,2.7,4.8,0.8,11.6,0.8,10.2,5.9,-1.8,0.0,0,1,0,0,3,1,0,7.08,0,0,0,0
PT-120,2026-10-08T15:10:00,52,27.5,5.5,6.7,1,133.6,73.2,50.2,7.5,6486,138.1,74.5,49.6,7.5,16.8,142.8,142.1,142.26,142.23,2.97,-10.2,-3.2,-1.4,-6.4,4.5,1.3,-0.6,0.0,0,1,0,0,3,1,0,7.17,0,0,0,0
PT-120,2026-10-08T15:15:00,52,27.5,5.5,6.7,1,133.6,73.2,50.2,7.5,6486,140.3,76.7,50.2,7.5,13.8,140.73,142.07,141.84,142.12,2.86,-0.4,-5.0,6.2,9.4,6.7,3.5,0.0,0.0,0,1,0,0,3,1,0,7.25,0,0,0,0
PT-120,2026-10-08T15:20:00,52,27.5,5.5,6.7,1,133.6,73.2,50.2,7.5,6486,143.1,75.4,54.7,7.5,21.6,140.5,143.02,141.83,142.2,2.85,11.4,-0.1,-2.6,11.0,9.5,2.2,4.5,0.0,0,1,0,0,3,1,0,7.33,0,0,0,0
PT-120,2026-10-08T15:25:00,52,27.5,5.5,6.7,1,133.6,73.2,50.2,7.5,6486,146.7,74.6,49.9,7.5,17.6,143.37,143.08,142.33,142.29,3.15,0.8,5.9,-2.2,0.8,13.1,1.4,-0.3,0.0,0,1,0,0,3,1,0,7.42,0,0,0,0
PT-120,2026-10-08T15:30:00,52,27.5,5.5,6.7,1,133.6,73.2,50.2,7.5,6486,136.7,76.8,51.4,7.5,16.1,142.17,141.45,142.0,142.11,3.52,-19.6,-3.9,11.0,-3.6,3.1,3.6,1.2,0.0,0,1,0,0,3,1,0,7.5,0,0,0,0
PT-120,2026-10-08T15:35:00,52,27.5,5.5,6.7,1,133.6,73.2,50.2,7.5,6486,142.2,75.1,47.1,7.5,12.7,141.87,141.18,142.07,142.08,3.52,-3.2,0.8,-8.0,-2.6,8.6,1.9,-3.1,0.0,0,1,0,0,3,1,0,7.58,0,0,0,0
PT-120,2026-10-08T15:40:00,52,27.5,5.5,6.7,1,133.6,73.2,50.2,7.5,6486,144.8,76.0,49.7,7.5,24.3,141.23,142.3,142.2,142.24,3.6,13.4,1.6,3.0,0.2,11.2,2.8,-0.5,0.0,0,1,0,0,3,1,0,7.67,0,0,0,0
PT-120,2026-10-08T15:45:00,52,27.5,5.5,6.7,1,133.6,73.2,50.2,7.5,6486,140.1,76.4,55.2,7.5,13.6,142.37,142.27,142.17,142.27,3.62,-0.4,-0.4,-0.6,10.0,6.5,3.2,5.0,0.0,0,1,0,0,3,1,0,7.75,0,0,0,0
PT-120,2026-10-08T15:50:00,52,27.5,5.5,6.7,1,133.6,73.2,50.2,7.5,6486,139.5,75.1,51.8,7.5,17.6,141.47,141.67,142.34,142.11,3.41,-7.2,2.1,-0.6,-5.8,5.9,1.9,1.6,0.0,0,1,0,0,3,1,0,7.83,0,0,0,0
PT-120,2026-10-08T15:55:00,52,27.5,5.5,6.7,1,133.6,73.2,50.2,7.5,6486,144.2,70.2,47.9,7.5,16.6,141.27,141.25,142.17,142.33,3.24,-5.0,-2.1,-8.8,-4.0,10.6,-3.0,-2.3,0.0,0,1,0,0,3,1,0,7.92,0,0,0,0
PT-120,2026-10-08T16:00:00,52,27.5,5.5,6.7,1,133.6,73.2,50.2,7.5,6486,138.3,78.2,51.6,7.5,11.6,140.67,141.52,141.48,141.97,3.1,3.2,-8.2,2.8,0.4,4.7,5.0,1.4,0.0,0,1,0,0,3,1,0,8.0,0,0,0,0
PT-120,2026-10-08T16:05:00,52,27.5,5.5,6.7,1,133.6,73.2,50.2,7.5,6486,134.3,76.8,52.7,7.5,18.1,138.93,140.2,140.69,141.61,3.62,-15.8,-9.5,3.4,11.2,0.7,3.6,2.5,0.0,0,1,0,0,3,1,0,8.08,0,0,0,0
PT-120,2026-10-08T16:10:00,52,27.5,5.5,6.7,1,133.6,73.2,50.2,7.5,6486,146.0,74.0,46.9,7.5,23.0,139.53,140.4,141.35,141.8,3.82,2.4,7.9,-4.0,-5.6,12.4,0.8,-3.3,0.0,0,1,0,0,3,1,0,8.17,0,0,0,0
PT-120,2026-10-08T16:15:00,52,27.5,5.5,6.7,1,133.6,73.2,50.2,7.5,6486,140.4,76.8,48.7,7.5,20.7,140.23,140.45,141.36,141.6,3.82,0.6,0.1,0.8,-13.0,6.8,3.6,-1.5,0.0,0,1,0,0,3,1,0,8.25,0,0,0,0
PT-120,2026-10-08T16:20:00,52,27.5,5.5,6.7,1,133.6,73.2,50.2,7.5,6486,140.5,76.1,50.0,7.5,20.0,142.3,140.62,141.14,141.49,3.79,2.0,-2.6,2.0,-3.6,6.9,2.9,-0.2,0.0,0,1,0,0,3,1,0,8.33,0,0,0,0
PT-120,2026-10-08T16:25:00,52,27.5,5.5,6.7,1,133.6,73.2,50.2,7.5,6486,144.5,74.9,51.3,7.5,21.4,141.8,140.67,140.96,141.64,3.54,0.6,-2.2,9.4,6.8,10.9,1.7,1.1,0.0,0,1,0,0,3,1,0,8.42,0,0,0,0
PT-120,2026-10-08T16:30:00,52,27.5,5.5,6.7,1,133.6,73.2,50.2,7.5,6486,141.7,74.6,51.9,7.5,8.5,142.23,141.23,141.38,141.69,3.28,6.8,5.0,-7.2,0.6,8.1,1.4,1.7,0.0,0,1,0,0,3,1,0,8.5,0,0,0,0
PT-120,2026-10-08T16:35:00,52,27.5,5.5,6.7,1,133.6,73.2,50.2,7.5,6486,143.2,76.4,53.3,7.5,22.7,143.13,142.72,141.46,141.76,3.31,17.8,1.0,-0.8,1.2,9.6,3.2,3.1,0.0,0,1,0,0,3,1,0,8.58,0,0,0,0
PT-120,2026-10-08T16:40:00,52,27.5,5.5,6.7,1,133.6,73.2,50.2,7.5,6486,141.5,75.2,47.8,7.5,18.4,142.13,141.97,141.18,141.69,3.14,-9.0,-3.3,2.4,1.8,7.9,2.0,-2.4,0.0,0,1,0,0,3,1,0,8.67,0,0,0,0
PT-120,2026-10-08T16:45:00,52,27.5,5.5,6.7,1,133.6,73.2,50.2,7.5,6486,141.5,76.5,53.1,7.5,6.0,142.07,142.15,141.3,141.73,3.12,2.2,1.4,-0.6,8.8,7.9,3.3,2.9,0.0,0,1,0,0,3,1,0,8.75,0,0,0,0
PT-120,2026-10-08T16:50:00,52,27.5,5.5,6.7,1,133.6,73.2,50.2,7.5,6486,137.9,74.8,54.0,7.5,21.8,140.3,141.72,141.17,141.75,3.24,-5.2,-1.6,-2.6,8.0,4.3,1.6,3.8,0.0,0,1,0,0,3,1,0,8.83,0,0,0,0
PT-120,2026-10-08T16:55:00,52,27.5,5.5,6.7,1,133.6,73.2,50.2,7.5,6486,137.4,77.0,53.9,7.5,18.6,138.93,140.53,140.6,141.38,3.25,-14.2,-6.8,4.2,5.2,3.8,3.8,3.7,0.0,0,1,0,0,3,1,0,8.92,0,0,0,0
PT-120,2026-10-08T17:00:00,52,27.5,5.5,6.7,1,133.6,73.2,50.2,7.5,6486,137.3,72.2,49.8,7.5,58.2,137.53,139.8,140.52,141.0,3.33,-8.8,-1.0,-4.8,-4.2,3.7,-1.0,-0.4,0.0,0,0,1,0,3,1,0,9.0,0,0,0,0
PT-120,2026-10-08T17:05:00,52,27.5,5.5,6.7,1,133.6,73.2,50.2,7.5,6486,141.5,73.5,54.9,7.5,74.2,138.73,139.52,141.12,140.9,2.7,-3.4,7.2,-5.8,3.2,7.9,0.3,4.7,0.0,0,0,1,0,3,1,0,9.08,0,0,0,0
PT-120,2026-10-08T17:10:00,52,27.5,5.5,6.7,1,133.6,73.2,50.2,7.5,6486,140.5,75.4,45.4,7.5,56.6,139.77,139.35,140.66,141.0,2.22,-2.0,-5.5,0.4,-4.8,6.9,2.2,-4.8,0.0,0,0,1,0,3,1,0,9.17,0,0,0,0
PT-120,2026-10-08T17:15:00,52,27.5,5.5,6.7,1,133.6,73.2,50.2,7.5,6486,139.1,72.2,49.7,7.5,73.8,140.37,138.95,140.55,140.95,2.26,-4.8,-1.3,-8.6,-6.8,5.5,-1.0,-0.5,0.0,0,0,1,0,3,1,0,9.25,0,0,0,0
PT-120,2026-10-08T17:20:00,52,27.5,5.5,6.7,1,133.6,73.2,50.2,7.5,6486,141.1,75.8,51.1,7.5,61.3,140.23,139.48,140.6,140.87,2.27,6.4,0.6,2.0,-5.8,7.5,2.6,0.9,0.0,0,0,1,0,3,1,0,9.33,0,0,0,0
PT-120,2026-10-08T17:25:00,52,27.5,5.5,6.7,1,133.6,73.2,50.2,7.5,6486,139.5,76.5,46.6,7.5,51.9,139.9,139.83,140.18,140.57,1.92,4.2,-5.0,-1.0,-14.6,5.9,3.3,-3.6,0.0,0,0,1,0,3,1,0,9.42,0,0,0,0
PT-120,2026-10-08T17:30:00,52,27.5,5.5,6.7,1,133.6,73.2,50.2,7.5,6486,137.8,77.3,51.4,7.5,49.4,139.47,139.92,139.86,140.62,1.97,1.0,-3.9,10.2,3.2,4.2,4.1,1.2,0.0,0,0,1,0,3,1,0,9.5,0,0,0,0
PT-120,2026-10-08T17:35:00,52,27.5,5.5,6.7,1,133.6,73.2,50.2,7.5,6486,136.2,75.2,47.2,7.5,67.1,137.83,139.03,139.28,140.37,1.92,-10.6,-7.0,3.4,-15.4,2.6,2.0,-3.0,0.0,0,0,1,0,3,1,0,9.58,0,0,0,0
PT-120,2026-10-08T17:40:00,52,27.5,5.5,6.7,1,133.6,73.2,50.2,7.5,6486,138.3,70.7,52.2,7.5,57.2,137.43,138.67,139.01,140.1,1.81,-4.4,-3.2,-9.4,13.6,4.7,-2.5,2.0,0.0,0,0,1,0,3,1,0,9.67,0,0,0,0
PT-120,2026-10-08T17:45:00,52,27.5,5.5,6.7,1,133.6,73.2,50.2,7.5,6486,141.1,72.8,53.5,7.5,66.7,138.53,139.0,138.98,140.14,1.76,4.0,-0.4,1.2,7.6,7.5,-0.4,3.3,0.0,0,0,1,0,3,1,0,9.75,0,0,0,0
PT-120,2026-10-08T17:50:00,52,27.5,5.5,6.7,1,133.6,73.2,50.2,7.5,6486,136.3,71.4,52.6,7.5,65.3,138.57,138.2,138.84,140.0,1.9,-9.6,-1.6,-8.8,3.0,2.7,-1.8,2.4,0.0,0,0,1,0,3,1,0,9.83,0,0,0,0
PT-120,2026-10-08T17:55:00,52,27.5,5.5,6.7,1,133.6,73.2,50.2,7.5,6486,135.7,73.2,52.7,7.5,56.6,137.7,137.57,138.7,139.65,2.07,-7.6,-1.7,-6.6,12.2,2.1,0.0,2.5,0.0,0,0,1,0,3,1,0,9.92,0,0,0,0
PT-120,2026-10-08T18:00:00,52,27.5,5.5,6.7,1,133.6,73.2,50.2,7.5,6486,132.6,74.4,49.6,7.5,66.2,134.87,136.7,138.31,139.41,2.71,-10.4,-4.7,-5.8,-3.6,-1.0,1.2,-0.6,0.0,0,0,1,0,3,1,0,10.0,0,0,0,0
PT-120,2026-10-08T18:05:00,52,27.5,5.5,6.7,1,133.6,73.2,50.2,7.5,6486,140.6,70.5,53.4,7.5,18.2,136.3,137.43,138.23,139.67,2.62,8.8,-0.9,-9.4,12.4,7.0,-2.7,3.2,0.0,0,0,1,0,3,1,0,10.08,0,0,0,0
PT-120,2026-10-08T18:10:00,52,27.5,5.5,6.7,1,133.6,73.2,50.2,7.5,6486,135.8,73.1,47.5,7.5,20.8,136.33,137.02,137.84,139.25,2.61,-5.0,-4.7,4.8,-9.4,2.2,-0.1,-2.7,0.0,0,0,1,0,3,1,0,10.17,0,0,0,0
PT-120,2026-10-08T18:15:00,52,27.5,5.5,6.7,1,133.6,73.2,50.2,7.5,6486,138.6,73.0,46.5,7.5,7.5,138.33,136.6,137.8,139.17,2.59,-5.0,-0.5,0.4,-14.0,5.0,-0.2,-3.7,0.0,0,0,1,0,3,1,0,10.25,0,0,0,0
PT-120,2026-10-08T18:20:00,52,27.5,5.5,6.7,1,133.6,73.2,50.2,7.5,6486,142.1,73.4,51.3,7.5,8.7,138.83,137.57,137.88,139.24,2.72,11.6,1.0,4.0,-2.6,8.5,0.2,1.1,0.0,0,0,1,0,3,1,0,10.33,0,0,0,0
PT-120,2026-10-08T18:25:00,52,27.5,5.5,6.7,1,133.6,73.2,50.2,7.5,6486,137.9,68.8,46.5,7.5,15.0,139.53,137.93,137.75,138.97,2.67,4.4,-1.6,-8.8,-12.4,4.3,-4.4,-3.7,0.0,0,0,1,0,3,1,0,10.42,0,0,0,0
PT-120,2026-10-08T18:30:00,52,27.5,5.5,6.7,1,133.6,73.2,50.2,7.5,6486,132.5,72.7,50.1,7.5,9.5,137.5,137.92,137.31,138.58,3.07,-0.2,-5.3,-3.4,1.0,-1.1,-0.5,-0.1,0.0,0,0,1,0,3,1,0,10.5,0,0,0,0
PT-120,2026-10-08T18:35:00,52,27.5,5.5,6.7,1,133.6,73.2,50.2,7.5,6486,136.8,72.6,49.0,7.5,13.2,135.73,137.28,137.36,138.32,3.05,-7.6,0.6,4.2,-8.8,3.2,-0.6,-1.2,0.0,0,0,1,0,3,1,0,10.58,0,0,0,0
PT-120,2026-10-08T18:40:00,52,27.5,5.5,6.7,1,133.6,73.2,50.2,7.5,6486,137.1,75.6,44.2,7.5,24.3,135.47,137.5,137.26,138.13,3.04,2.6,-1.2,5.0,-6.6,3.5,2.4,-6.0,0.0,0,0,1,0,3,1,0,10.67,0,0,0,0
PT-120,2026-10-08T18:45:00,52,27.5,5.5,6.7,1,133.6,73.2,50.2,7.5,6486,133.1,74.0,49.4,7.5,9.0,135.67,136.58,136.59,137.78,3.0,-11.0,-8.0,2.0,5.8,-0.5,0.8,-0.8,0.0,0,0,1,0,3,1,0,10.75,0,0,0,0
PT-120,2026-10-08T18:50:00,52,27.5,5.5,6.7,1,133.6,73.2,50.2,7.5,6486,134.0,72.8,48.4,7.5,22.2,134.73,135.23,136.4,137.62,3.09,-16.2,-2.3,-1.2,-5.8,0.4,-0.4,-1.8,0.0,0,0,1,0,3,1,0,10.83,0,0,0,0
PT-120,2026-10-08T18:55:00,52,27.5,5.5,6.7,1,133.6,73.2,50.2,7.5,6486,132.1,73.7,47.4,7.5,23.7,133.07,134.27,136.1,137.4,3.33,-11.6,-3.6,9.8,1.8,-1.5,0.5,-2.8,0.0,0,0,1,0,3,1,0,10.92,0,0,0,0
PT-120,2026-10-08T19:00:00,52,27.5,5.5,6.7,1,133.6,73.2,50.2,7.5,6486,138.9,71.1,47.4,7.5,20.4,135.0,135.33,136.62,137.47,3.22,12.8,6.3,-3.2,-5.4,5.3,-2.1,-2.8,0.0,0,0,1,0,3,1,0,11.0,0,0,0,0
PT-120,2026-10-08T19:05:00,52,27.5,5.5,6.7,1,133.6,73.2,50.2,7.5,6486,137.6,73.8,47.9,7.5,23.6,136.2,135.47,136.38,137.3,2.99,1.6,-3.0,2.4,-2.2,4.0,0.6,-2.3,0.0,0,0,1,0,3,1,0,11.08,0,0,0,0
PT-120,2026-10-08T19:10:00,52,27.5,5.5,6.7,1,133.6,73.2,50.2,7.5,6486,140.2,72.7,45.9,7.5,9.8,138.9,135.98,136.74,137.29,3.18,6.2,4.4,-5.8,3.4,6.6,-0.5,-4.3,0.0,0,0,1,0,3,1,0,11.17,0,0,0,0
PT-120,2026-10-08T19:15:00,52,27.5,5.5,6.7,1,133.6,73.2,50.2,7.5,6486,132.2,74.9,49.1,7.5,23.8,136.67,135.83,136.21,137.0,3.37,-1.8,-6.4,1.8,-0.6,-1.4,1.7,-1.1,0.0,0,0,1,0,3,1,0,11.25,0,0,0,0
PT-120,2026-10-08T19:20:00,52,27.5,5.5,6.7,1,133.6,73.2,50.2,7.5,6486,130.1,70.4,56.3,7.5,11.7,134.17,135.18,135.21,136.55,3.24,-7.8,-12.0,-4.8,15.8,-3.5,-2.8,6.1,0.0,0,0,1,0,3,1,0,11.33,0,0,0,0
PT-120,2026-10-08T19:25:00,52,27.5,5.5,6.7,1,133.6,73.2,50.2,7.5,6486,132.7,69.8,53.6,7.5,20.0,131.67,135.28,134.78,136.26,3.2,1.2,-5.2,-7.8,12.4,-0.9,-3.4,3.4,0.0,0,0,1,0,3,1,0,11.42,0,0,0,0
PT-120,2026-10-08T19:30:00,52,27.5,5.5,6.7,1,133.6,73.2,50.2,7.5,6486,135.2,73.6,47.9,7.5,11.7,132.67,134.67,135.0,136.15,3.12,-7.4,2.7,5.0,1.0,1.6,0.4,-2.3,0.0,0,0,1,0,3,1,0,11.5,0,0,0,0
PT-120,2026-10-08T19:35:00,52,27.5,5.5,6.7,1,133.6,73.2,50.2,7.5,6486,129.2,70.7,47.6,7.5,22.1,132.37,133.27,134.37,135.86,3.47,-16.8,-7.6,-6.2,-0.6,-4.4,-2.5,-2.6,0.0,0,0,1,0,3,1,0,11.58,0,0,0,0
PT-120,2026-10-08T19:40:00,52,27.5,5.5,6.7,1,133.6,73.2,50.2,7.5,6486,136.4,69.4,45.6,7.5,21.5,133.6,132.63,134.31,135.78,3.43,-7.6,-0.7,-6.6,-0.6,2.8,-3.8,-4.6,0.0,0,0,1,0,3,1,0,11.67,0,0,0,0
PT-120,2026-10-08T19:45:00,52,27.5,5.5,6.7,1,133.6,73.2,50.2,7.5,6486,133.4,69.1,47.6,7.5,14.3,133.0,132.83,134.33,135.46,3.42,2.4,0.3,-11.6,-3.0,-0.2,-4.1,-2.6,0.0,0,0,1,0,3,1,0,11.75,0,0,0,0
PT-120,2026-10-08T19:50:00,52,27.5,5.5,6.7,1,133.6,73.2,50.2,7.5,6486,134.8,71.4,51.3,7.5,21.6,134.87,133.62,134.4,135.4,3.42,9.4,0.8,2.0,-10.0,1.2,-1.8,1.1,0.0,0,0,1,0,3,1,0,11.83,0,0,0,0
PT-120,2026-10-08T19:55:00,52,27.5,5.5,6.7,1,133.6,73.2,50.2,7.5,6486,136.2,70.1,50.9,7.5,21.7,134.8,134.2,134.74,135.42,3.37,7.0,4.1,0.6,-5.4,2.6,-3.1,0.7,0.0,0,0,1,0,3,1,0,11.92,0,0,0,0
PT-120,2026-10-08T20:00:00,52,27.5,5.5,6.7,1,133.6,73.2,50.2,7.5,6486,129.8,70.8,52.0,7.5,9.7,133.6,133.3,133.98,135.3,3.37,-10.8,-9.1,-5.6,8.2,-3.8,-2.4,1.8,0.0,0,0,1,0,3,1,0,0.0,0,0,0,0
PT-120,2026-10-08T20:05:00,52,27.5,5.5,6.7,1,133.6,73.2,50.2,7.5,6486,135.5,69.6,52.3,7.5,16.7,133.83,134.35,133.81,135.09,3.22,12.6,-2.1,-2.2,9.4,1.9,-3.6,2.1,0.0,0,0,1,0,3,1,0,0.08,0,0,0,0
PT-120,2026-10-08T20:10:00,52,27.5,5.5,6.7,1,133.6,73.2,50.2,7.5,6486,133.4,70.6,49.6,7.5,10.1,132.9,133.85,133.24,134.99,2.51,-6.0,-6.8,2.4,8.0,-0.2,-2.6,-0.6,0.0,0,0,1,0,3,1,0,0.17,0,0,0,0
PT-120,2026-10-08T20:15:00,52,27.5,5.5,6.7,1,133.6,73.2,50.2,7.5,6486,132.1,69.7,51.4,7.5,13.0,133.67,133.63,133.23,134.72,2.52,-2.6,-0.1,1.2,7.6,-1.5,-3.5,1.2,0.0,0,0,1,0,3,1,0,0.25,0,0,0,0
PT-120,2026-10-08T20:20:00,52,27.5,5.5,6.7,1,133.6,73.2,50.2,7.5,6486,133.2,69.6,49.2,7.5,23.6,132.9,133.37,133.49,134.35,2.32,-3.2,3.1,-3.6,-4.2,-0.4,-3.6,-1.0,0.0,0,0,1,0,3,1,0,0.33,0,0,0,0
PT-120,2026-10-08T20:25:00,52,27.5,5.5,6.7,1,133.6,73.2,50.2,7.5,6486,135.8,66.2,48.7,7.5,8.3,133.7,133.3,133.75,134.26,2.39,-0.8,3.1,-7.8,-4.4,2.2,-7.0,-1.5,0.0,0,0,1,0,3,1,0,0.42,0,0,0,0
PT-120,2026-10-08T20:30:00,52,27.5,5.5,6.7,1,133.6,73.2,50.2,7.5,6486,133.4,65.7,50.4,7.5,18.4,134.13,133.9,133.6,134.3,2.35,7.2,-1.8,-10.2,-3.2,-0.2,-7.5,0.2,0.0,0,0,1,0,3,1,0,0.5,0,0,0,0
PT-120,2026-10-08T20:35:00,52,27.5,5.5,6.7,1,133.6,73.2,50.2,7.5,6486,132.5,68.1,53.2,7.5,18.5,133.9,133.4,133.88,134.12,1.95,-6.0,3.3,-3.0,1.8,-1.1,-5.1,3.0,0.0,0,0,1,0,3,1,0,0.58,0,0,0,0
PT-120,2026-10-08T20:40:00,52,27.5,5.5,6.7,1,133.6,73.2,50.2,7.5,6486,132.1,67.3,52.9,7.5,8.1,132.67,133.18,133.52,133.91,1.83,-2.6,-4.3,-6.6,6.6,-1.5,-5.9,2.7,0.0,0,0,1,0,3,1,0,0.67,0,0,0,0
PT-120,2026-10-08T20:45:00,52,27.5,5.5,6.7,1,133.6,73.2,50.2,7.5,6486,134.9,69.1,48.6,7.5,18.3,133.17,133.65,133.64,133.99,1.88,5.6,1.5,-1.2,-5.6,1.3,-4.1,-1.6,0.0,0,0,1,0,3,1,0,0.75,0,0,0,0
PT-120,2026-10-08T20:50:00,52,27.5,5.5,6.7,1,133.6,73.2,50.2,7.5,6486,132.3,72.8,47.6,7.5,6.0,133.1,133.5,133.43,133.92,1.87,-1.8,-2.5,6.4,-3.2,-1.3,-0.4,-2.6,0.0,0,0,1,0,3,1,0,0.83,0,0,0,0
PT-120,2026-10-08T20:55:00,52,27.5,5.5,6.7,1,133.6,73.2,50.2,7.5,6486,135.8,67.4,51.6,7.5,21.2,134.33,133.5,133.4,134.07,1.82,0.0,-0.4,2.4,5.8,2.2,-5.8,1.4,0.0,0,0,1,0,3,1,0,0.92,0,0,0,0
PT-120,2026-10-08T21:00:00,52,27.5,5.5,6.7,1,133.6,73.2,50.2,7.5,6486,136.0,69.5,44.4,7.5,23.8,134.7,133.93,133.92,133.95,1.57,5.2,6.2,7.6,-12.0,2.4,-3.7,-5.8,0.0,0,0,1,0,3,1,0,1.0,0,0,0,0
PT-120,2026-10-08T21:05:00,52,27.5,5.5,6.7,1,133.6,73.2,50.2,7.5,6486,128.5,70.2,48.3,7.5,7.8,133.43,133.27,133.33,133.57,2.13,-8.0,-7.0,4.2,-9.8,-5.1,-3.0,-1.9,0.0,0,0,1,0,3,1,0,1.08,0,0,0,0
PT-120,2026-10-08T21:10:00,52,27.5,5.5,6.7,1,133.6,73.2,50.2,7.5,6486,131.3,70.9,49.3,7.5,5.6,131.93,133.13,133.16,133.2,2.21,-1.6,-2.1,7.2,-7.2,-2.3,-2.3,-0.9,0.0,0,0,1,0,3,1,0,1.17,0,0,0,0
PT-120,2026-10-08T21:15:00,52,27.5,5.5,6.7,1,133.6,73.2,50.2,7.5,6486,129.9,70.9,50.2,7.5,10.6,129.9,132.3,132.98,133.1,2.39,-10.0,-2.2,3.6,3.2,-3.7,-2.3,0.0,0.0,0,0,1,0,3,1,0,1.25,0,0,0,0
PT-120,2026-10-08T21:20:00,52,27.5,5.5,6.7,1,133.6,73.2,50.2,7.5,6486,131.3,67.3,57.0,7.5,15.3,130.83,132.13,132.82,133.15,2.44,-2.0,-1.9,-11.0,18.8,-2.3,-5.9,6.8,0.0,0,0,1,0,3,1,0,1.33,0,0,0,0
PT-120,2026-10-08T21:25:00,52,27.5,5.5,6.7,1,133.6,73.2,50.2,7.5,6486,124.7,70.9,55.7,7.5,19.5,128.63,130.28,131.89,132.82,3.19,-22.2,-11.1,7.0,8.2,-8.9,-2.3,5.5,0.0,0,0,1,0,3,1,0,1.42,0,0,0,0
PT-120,2026-10-08T21:30:00,52,27.5,5.5,6.7,1,133.6,73.2,50.2,7.5,6486,128.2,68.7,49.0,7.5,14.0,128.07,128.98,131.46,132.53,3.32,-15.6,-5.2,-1.6,9.2,-5.4,-4.5,-1.2,0.0,0,0,1,0,3,1,0,1.5,0,0,0,0
PT-120,2026-10-08T21:35:00,52,27.5,5.5,6.7,1,133.6,73.2,50.2,7.5,6486,128.2,73.2,47.5,7.5,7.0,127.03,128.93,131.1,132.49,3.43,-0.6,-4.3,6.0,-1.6,-5.4,0.0,-2.7,0.0,0,0,1,0,3,1,0,1.58,0,0,0,0
PT-120,2026-10-08T21:40:00,52,27.5,5.5,6.7,1,133.6,73.2,50.2,7.5,6486,127.8,71.1,49.3,7.5,13.1,128.07,128.35,130.74,132.13,3.53,-7.0,-4.3,0.4,0.0,-5.8,-2.1,-0.9,0.0,0,0,1,0,3,1,0,1.67,0,0,0,0
PT-120,2026-10-08T21:45:00,52,27.5,5.5,6.7,1,133.6,73.2,50.2,7.5,6486,131.2,67.9,47.3,7.5,22.4,129.07,128.57,130.43,132.04,3.29,2.6,-3.7,-6.0,-5.8,-2.4,-5.3,-2.9,0.0,0,0,1,0,3,1,0,1.75,0,0,0,0
PT-120,2026-10-08T21:50:00,52,27.5,5.5,6.7,1,133.6,73.2,50.2,7.5,6486,136.9,72.5,44.7,7.5,7.8,131.97,129.5,130.82,132.12,3.76,11.2,4.6,10.4,-24.6,3.3,-0.7,-5.5,0.0,0,0,1,0,3,1,0,1.83,0,0,0,0
PT-120,2026-10-08T21:55:00,52,27.5,5.5,6.7,1,133.6,73.2,50.2,7.5,6486,132.1,68.1,55.1,7.5,7.3,133.4,130.73,130.51,131.95,3.46,14.8,-3.7,-5.6,-1.2,-1.5,-5.1,4.9,0.0,0,0,1,0,3,1,0,1.92,0,0,0,0
PT-121,2026-10-08T08:00:00,67,29.9,8.9,7.7,0,149.4,76.8,36.0,7.7,7730,154.4,75.0,29.7,7.7,15.3,154.4,154.4,154.4,154.4,0.0,0.0,0.0,0.0,0.0,5.0,-1.8,-6.3,0.0,1,0,0,0,2,1,0,0.0,0,0,0,0
PT-121,2026-10-08T08:05:00,67,29.9,8.9,7.7,0,149.4,76.8,36.0,7.7,7730,149.4,79.0,29.7,7.7,9.3,151.9,151.9,151.9,151.9,3.54,0.0,0.0,0.0,0.0,0.0,2.2,-6.3,0.0,1,0,0,0,2,1,0,0.08,0,0,0,0
PT-121,2026-10-08T08:10:00,67,29.9,8.9,7.7,0,149.4,76.8,36.0,7.7,7730,149.0,78.4,32.8,7.7,7.6,150.93,150.93,150.93,150.93,3.01,0.0,0.0,0.0,0.0,-0.4,1.6,-3.2,0.0,1,0,0,0,2,1,0,0.17,0,0,0,0
PT-121,2026-10-08T08:15:00,67,29.9,8.9,7.7,0,149.4,76.8,36.0,7.7,7730,153.6,79.6,28.1,7.7,9.0,150.67,151.6,151.6,151.6,2.8,0.0,0.0,0.0,0.0,4.2,2.8,-7.9,0.0,1,0,0,0,2,1,0,0.25,0,0,0,0
PT-121,2026-10-08T08:20:00,67,29.9,8.9,7.7,0,149.4,76.8,36.0,7.7,7730,152.8,71.5,30.7,7.7,13.7,151.8,151.84,151.84,151.84,2.48,0.0,0.0,0.0,0.0,3.4,-5.3,-5.3,0.0,1,0,0,0,2,1,0,0.33,0,0,0,0
PT-121,2026-10-08T08:25:00,67,29.9,8.9,7.7,0,149.4,76.8,36.0,7.7,7730,150.0,73.4,31.3,7.7,19.7,152.13,151.53,151.53,151.53,2.34,0.0,0.0,0.0,0.0,0.6,-3.4,-4.7,0.0,1,0,0,0,2,1,0,0.42,0,0,0,0
PT-121,2026-10-08T08:30:00,67,29.9,8.9,7.7,0,149.4,76.8,36.0,7.7,7730,147.8,84.7,28.3,7.7,52.8,150.2,150.43,151.0,151.0,2.56,-13.2,0.0,19.4,-2.8,-1.6,7.9,-7.7,0.0,1,0,0,0,2,1,0,0.5,0,0,0,0
PT-121,2026-10-08T08:35:00,67,29.9,8.9,7.7,0,149.4,76.8,36.0,7.7,7730,147.6,76.3,28.8,7.7,72.0,148.47,150.13,150.57,150.57,2.66,-3.6,0.0,-5.4,-1.8,-1.8,-0.5,-7.2,0.0,1,0,0,0,2,1,0,0.58,0,0,0,0
PT-121,2026-10-08T08:40:00,67,29.9,8.9,7.7,0,149.4,76.8,36.0,7.7,7730,151.7,76.9,27.0,7.7,70.4,149.03,150.58,150.7,150.7,2.51,5.4,0.0,-3.0,-11.6,2.3,0.1,-9.0,0.0,1,0,0,0,2,1,0,0.67,0,0,0,0
PT-121,2026-10-08T08:45:00,67,29.9,8.9,7.7,0,149.4,76.8,36.0,7.7,7730,145.2,73.4,32.2,7.7,64.3,148.17,149.18,150.15,150.15,2.94,-16.8,0.0,-12.4,8.2,-4.2,-3.4,-3.8,0.0,1,0,0,0,2,1,0,0.75,0,0,0,0
PT-121,2026-10-08T08:50:00,67,29.9,8.9,7.7,0,149.4,76.8,36.0,7.7,7730,148.0,79.3,30.4,7.7,49.5,148.3,148.38,149.95,149.95,2.86,-9.6,0.0,15.6,-0.6,-1.4,2.5,-5.6,0.0,1,0,0,0,2,1,0,0.83,0,0,0,0
PT-121,2026-10-08T08:55:00,67,29.9,8.9,7.7,0,149.4,76.8,36.0,7.7,7730,148.5,78.1,29.9,7.7,63.2,147.23,148.13,149.83,149.83,2.76,-3.0,0.0,9.4,-2.8,-0.9,1.3,-6.1,0.0,1,0,0,0,2,1,0,0.92,0,0,0,0
PT-121,2026-10-08T09:00:00,67,29.9,8.9,7.7,0,149.4,76.8,36.0,7.7,7730,151.4,73.6,29.1,7.7,49.9,149.3,148.73,149.58,149.95,2.43,7.2,-3.0,-22.2,1.6,2.0,-3.2,-6.9,0.0,1,0,0,0,2,1,0,1.0,0,0,0,0
PT-121,2026-10-08T09:05:00,67,29.9,8.9,7.7,0,149.4,76.8,36.0,7.7,7730,148.4,76.8,29.0,7.7,45.6,149.43,148.87,149.5,149.84,2.45,1.6,-1.0,1.0,0.4,-1.0,0.0,-7.0,0.0,1,0,0,0,2,1,0,1.08,1,0,0,0
PT-121,2026-10-08T09:10:00,67,29.9,8.9,7.7,0,149.4,76.8,36.0,7.7,7730,148.6,75.8,33.5,7.7,49.3,149.47,148.35,149.47,149.76,2.46,-6.2,-0.4,-2.2,13.0,-0.8,-1.0,-2.5,0.0,1,0,0,0,2,1,0,1.17,1,0,0,0
PT-121,2026-10-08T09:15:00,67,29.9,8.9,7.7,0,149.4,76.8,36.0,7.7,7730,152.6,74.6,30.2,7.7,45.2,149.87,149.58,149.38,149.94,2.32,14.8,-1.0,2.4,-4.0,3.2,-2.2,-5.8,0.0,1,0,0,0,2,1,0,1.25,1,0,0,0
PT-121,2026-10-08T09:20:00,67,29.9,8.9,7.7,0,149.4,76.8,36.0,7.7,7730,150.6,77.6,29.0,7.7,55.7,150.6,150.02,149.2,149.98,2.1,5.2,-2.2,-3.4,-2.8,1.2,0.8,-7.0,0.0,1,0,0,0,2,1,0,1.33,1,0,0,0
PT-121,2026-10-08T09:25:00,67,29.9,8.9,7.7,0,149.4,76.8,36.0,7.7,7730,147.9,81.1,29.3,7.7,53.6,150.37,149.92,149.02,149.86,2.12,-1.2,-2.1,6.0,-1.2,-1.5,4.3,-6.7,0.0,1,0,0,0,2,1,0,1.42,1,0,0,0
PT-121,2026-10-08T09:30:00,67,29.9,8.9,7.7,0,149.4,76.8,36.0,7.7,7730,152.0,81.8,29.2,7.7,64.3,150.17,150.02,149.38,149.97,2.24,1.2,4.2,16.4,0.2,2.6,5.0,-6.8,0.0,1,0,0,0,2,1,0,1.5,1,0,0,1
PT-121,2026-10-08T09:35:00,67,29.9,8.9,7.7,0,149.4,76.8,36.0,7.7,7730,148.8,82.2,29.8,7.7,20.6,149.57,150.08,149.48,149.92,2.18,0.8,1.2,10.8,1.6,-0.6,5.4,-6.2,0.0,1,0,0,0,2,1,0,1.58,1,0,0,1
PT-121,2026-10-08T09:40:00,67,29.9,8.9,7.7,0,149.4,76.8,36.0,7.7,7730,149.6,76.4,28.5,7.7,15.3,150.13,150.25,149.3,149.9,2.07,2.0,-2.1,1.2,-10.0,0.2,-0.4,-7.5,0.0,1,0,0,0,2,1,0,1.67,1,0,0,1
PT-121,2026-10-08T09:45:00,67,29.9,8.9,7.7,0,149.4,76.8,36.0,7.7,7730,151.0,75.9,27.7,7.7,9.9,149.8,149.98,149.78,149.95,1.66,-3.2,5.8,2.6,-5.0,1.6,-0.9,-8.3,0.0,1,0,0,0,2,1,0,1.75,1,0,0,1
PT-121,2026-10-08T09:50:00,67,29.9,8.9,7.7,0,149.4,76.8,36.0,7.7,7730,152.9,80.7,30.4,7.7,24.5,151.17,150.37,150.19,150.08,1.78,4.6,4.9,6.2,2.8,3.5,3.9,-5.6,0.0,1,0,0,0,2,1,0,1.83,1,0,0,1
PT-121,2026-10-08T09:55:00,67,29.9,8.9,7.7,0,149.4,76.8,36.0,7.7,7730,154.2,79.7,29.4,7.7,23.5,152.7,151.42,150.67,150.25,2.03,12.6,5.7,-2.8,0.2,4.8,2.9,-6.6,0.0,1,0,0,0,2,1,0,1.92,1,0,0,1
PT-121,2026-10-08T10:00:00,67,29.9,8.9,7.7,0,149.4,76.8,36.0,7.7,7730,155.4,75.8,26.7,7.7,7.5,154.17,151.98,151.0,150.29,2.45,6.8,4.0,-12.0,-5.0,6.0,-1.0,-9.3,0.0,1,0,0,0,2,1,0,2.0,1,0,0,1
PT-121,2026-10-08T10:05:00,67,29.9,8.9,7.7,0,149.4,76.8,36.0,7.7,7730,156.8,78.0,27.4,7.7,7.8,155.47,153.32,151.7,150.6,2.81,16.0,8.4,-8.4,-4.8,7.4,1.2,-8.6,0.0,1,0,0,0,2,1,0,2.08,1,0,0,1
PT-121,2026-10-08T10:10:00,67,29.9,8.9,7.7,0,149.4,76.8,36.0,7.7,7730,158.8,75.8,25.3,7.7,12.3,157.0,154.85,152.55,151.01,3.29,18.4,10.2,-1.2,-6.4,9.4,-1.0,-10.7,0.0,1,0,0,0,2,1,0,2.17,1,0,0,1
PT-121,2026-10-08T10:15:00,67,29.9,8.9,7.7,0,149.4,76.8,36.0,7.7,7730,160.4,75.8,32.8,7.7,10.6,158.67,156.42,153.2,151.29,3.99,18.8,7.8,-0.2,10.2,11.0,-1.0,-3.2,0.0,1,0,0,0,2,1,0,2.25,1,0,0,1
PT-121,2026-10-08T10:20:00,67,29.9,8.9,7.7,0,149.4,76.8,36.0,7.7,7730,162.3,75.7,29.0,7.7,20.3,160.5,157.98,154.18,151.69,4.67,18.8,11.7,-10.0,-2.8,12.9,-1.1,-7.0,0.0,1,0,0,0,2,1,0,2.33,1,0,0,1
PT-121,2026-10-08T10:25:00,67,29.9,8.9,7.7,0,149.4,76.8,36.0,7.7,7730,163.1,79.5,32.2,7.7,5.5,161.93,159.47,155.44,152.23,4.87,17.8,15.2,-0.4,5.6,13.7,2.7,-3.8,0.0,1,0,0,0,2,1,0,2.42,1,0,0,1
PT-121,2026-10-08T10:30:00,67,29.9,8.9,7.7,0,149.4,76.8,36.0,7.7,7730,164.1,76.5,27.2,7.7,13.9,163.17,160.92,156.45,152.91,5.33,17.4,12.1,1.4,1.0,14.7,-0.3,-8.8,0.0,1,0,0,0,2,1,0,2.5,1,0,0,1
PT-121,2026-10-08T10:35:00,67,29.9,8.9,7.7,0,149.4,76.8,36.0,7.7,7730,165.3,79.5,29.4,7.7,19.4,164.17,162.33,157.83,153.65,5.3,17.0,16.5,3.0,4.0,15.9,2.7,-6.6,0.0,1,0,0,0,2,1,0,2.58,1,0,0,1
PT-121,2026-10-08T10:40:00,67,29.9,8.9,7.7,0,149.4,76.8,36.0,7.7,7730,166.5,78.1,36.6,7.7,5.8,165.3,163.62,159.23,154.27,5.16,15.4,16.9,4.6,22.6,17.1,1.3,0.6,0.0,1,0,0,0,2,1,0,2.67,1,0,0,1
PT-121,2026-10-08T10:45:00,67,29.9,8.9,7.7,0,149.4,76.8,36.0,7.7,7730,167.8,79.6,27.7,7.7,8.3,166.53,164.85,160.63,155.21,5.0,14.8,16.8,7.6,-10.2,18.4,2.8,-8.3,0.0,1,0,0,0,2,1,0,2.75,1,0,0,1
PT-121,2026-10-08T10:50:00,67,29.9,8.9,7.7,0,149.4,76.8,36.0,7.7,7730,169.3,76.3,31.9,7.7,19.5,167.87,166.02,162.0,156.1,4.94,14.0,16.4,1.2,5.8,19.9,-0.5,-4.1,0.0,1,0,0,0,2,1,0,2.83,1,0,0,1
PT-121,2026-10-08T10:55:00,67,29.9,8.9,7.7,0,149.4,76.8,36.0,7.7,7730,170.5,76.8,30.1,7.7,6.6,169.2,167.25,163.36,157.01,4.84,14.8,16.3,-5.4,-4.2,21.1,0.0,-5.9,0.0,1,0,0,0,2,1,0,2.92,1,0,0,1
PT-121,2026-10-08T11:00:00,67,29.9,8.9,7.7,0,149.4,76.8,36.0,7.7,7730,172.4,73.4,28.9,7.7,5.4,170.73,168.63,164.78,157.89,4.78,16.6,17.0,-6.2,3.4,23.0,-3.4,-7.1,0.0,1,0,0,0,2,1,0,3.0,1,0,0,1
PT-121,2026-10-08T11:05:00,67,29.9,8.9,7.7,0,149.4,76.8,36.0,7.7,7730,173.7,74.7,29.3,7.7,7.1,172.2,170.03,166.18,158.94,4.71,16.8,16.9,-9.6,-0.2,24.3,-2.1,-6.7,0.0,1,0,0,0,2,1,0,3.08,1,0,0,1
PT-121,2026-10-08T11:10:00,67,29.9,8.9,7.7,0,149.4,76.8,36.0,7.7,7730,175.6,75.1,28.1,7.7,11.9,173.9,171.55,167.58,160.07,4.81,18.2,16.8,-6.0,-17.0,26.2,-1.7,-7.9,0.0,1,0,0,0,2,1,0,3.17,1,0,0,1
PT-121,2026-10-08T11:15:00,67,29.9,8.9,7.7,0,149.4,76.8,36.0,7.7,7730,176.7,72.2,30.0,7.7,23.5,175.33,173.03,168.94,161.07,4.9,17.8,16.3,-14.8,4.6,27.3,-4.6,-6.0,0.0,1,0,0,0,2,1,0,3.25,1,0,0,1
PT-121,2026-10-08T11:20:00,67,29.9,8.9,7.7,0,149.4,76.8,36.0,7.7,7730,178.6,80.0,32.5,7.7,16.1,176.97,174.58,170.3,162.24,5.14,18.6,16.3,7.4,1.2,29.2,3.2,-3.5,0.0,1,0,0,0,2,1,0,3.33,1,0,0,1
PT-121,2026-10-08T11:25:00,67,29.9,8.9,7.7,0,149.4,76.8,36.0,7.7,7730,179.6,74.5,31.3,7.7,17.2,178.3,176.1,171.68,163.56,5.25,18.2,16.5,-4.6,2.4,30.2,-2.3,-4.7,0.0,1,0,0,0,2,1,0,3.42,1,0,0,1
PT-121,2026-10-08T11:30:00,67,29.9,8.9,7.7,0,149.4,76.8,36.0,7.7,7730,181.0,79.0,32.4,7.7,14.2,179.73,177.53,173.08,164.77,5.3,17.2,16.9,11.2,7.0,31.6,2.2,-3.6,0.0,1,0,0,0,2,1,0,3.5,1,0,0,1
PT-121,2026-10-08T11:35:00,67,29.9,8.9,7.7,0,149.4,76.8,36.0,7.7,7730,183.0,76.5,31.5,7.7,15.7,181.2,179.08,174.56,166.19,5.4,18.6,17.7,3.6,4.4,33.6,-0.3,-4.5,0.0,1,0,0,0,2,1,0,3.58,1,0,0,1
PT-121,2026-10-08T11:40:00,67,29.9,8.9,7.7,0,149.4,76.8,36.0,7.7,7730,185.0,79.2,31.1,7.7,20.9,183.0,180.65,176.1,167.67,5.53,18.8,18.5,8.2,6.0,35.6,2.4,-4.9,0.0,1,0,0,0,2,1,0,3.67,1,0,0,1
PT-121,2026-10-08T11:45:00,67,29.9,8.9,7.7,0,149.4,76.8,36.0,7.7,7730,186.2,78.3,28.9,7.7,12.7,184.73,182.23,177.63,169.13,5.57,19.0,18.4,12.2,-2.2,36.8,1.5,-7.1,0.0,1,0,0,0,2,1,0,3.75,1,0,0,1
PT-121,2026-10-08T11:50:00,67,29.9,8.9,7.7,0,149.4,76.8,36.0,7.7,7730,187.0,76.2,28.1,7.7,11.5,186.07,183.63,179.11,170.55,5.5,16.8,17.7,-7.6,-8.8,37.6,-0.6,-7.9,0.0,1,0,0,0,2,1,0,3.83,1,0,0,1
PT-121,2026-10-08T11:55:00,67,29.9,8.9,7.7,0,149.4,76.8,36.0,7.7,7730,189.0,74.1,31.5,7.7,7.1,187.4,185.2,180.65,172.0,5.46,18.8,18.5,-0.8,0.4,39.6,-2.7,-4.5,0.0,1,0,0,0,2,1,0,3.92,1,0,0,1
PT-121,2026-10-08T12:00:00,67,29.9,8.9,7.7,0,149.4,76.8,36.0,7.7,7730,189.9,79.5,32.8,7.7,7.1,188.63,186.68,182.11,173.44,5.4,17.8,17.5,1.0,0.8,40.5,2.7,-3.2,0.0,0,1,0,0,2,1,0,4.0,1,0,0,1
PT-121,2026-10-08T12:05:00,67,29.9,8.9,7.7,0,149.4,76.8,36.0,7.7,7730,191.4,76.9,26.8,7.7,6.7,190.1,188.08,183.58,174.88,5.31,16.8,17.7,0.8,-9.4,42.0,0.1,-9.2,0.0,0,1,0,0,2,1,0,4.08,1,0,0,1
PT-121,2026-10-08T12:10:00,67,29.9,8.9,7.7,0,149.4,76.8,36.0,7.7,7730,192.9,79.2,30.7,7.7,19.8,191.4,189.4,185.02,176.3,5.29,15.8,17.3,0.0,-0.8,43.5,2.4,-5.3,0.0,0,1,0,0,2,1,0,4.17,1,0,0,1
PT-121,2026-10-08T12:15:00,67,29.9,8.9,7.7,0,149.4,76.8,36.0,7.7,7730,193.8,76.2,28.2,7.7,12.1,192.7,190.67,186.45,177.7,5.14,15.2,17.1,-4.2,-1.4,44.4,-0.6,-7.8,0.0,0,1,0,0,2,1,0,4.25,1,0,0,1
PT-121,2026-10-08T12:20:00,67,29.9,8.9,7.7,0,149.4,76.8,36.0,7.7,7730,194.9,75.6,31.5,7.7,11.3,193.87,191.98,187.81,179.05,5.03,15.8,16.3,-1.2,6.8,45.5,-1.2,-4.5,0.0,0,1,0,0,2,1,0,4.33,1,0,0,1
PT-121,2026-10-08T12:25:00,67,29.9,8.9,7.7,0,149.4,76.8,36.0,7.7,7730,196.8,77.4,32.6,7.7,9.0,195.17,193.28,189.24,180.46,4.93,15.6,17.2,6.6,2.2,47.4,0.6,-3.4,0.0,0,1,0,0,2,1,0,4.42,1,0,0,1
PT-121,2026-10-08T12:30:00,67,29.9,8.9,7.7,0,149.4,76.8,36.0,7.7,7730,197.8,76.3,31.5,7.7,15.8,196.5,194.6,190.64,181.86,4.76,15.8,16.8,-6.4,-2.6,48.4,-0.5,-4.5,0.0,0,1,0,0,2,1,0,4.5,1,0,0,1
PT-121,2026-10-08T12:35:00,67,29.9,8.9,7.7,0,149.4,76.8,36.0,7.7,7730,199.4,76.5,32.4,7.7,8.9,198.0,195.93,192.01,183.28,4.72,16.0,16.4,-0.8,11.2,50.0,-0.3,-3.6,0.0,0,1,0,0,2,1,0,4.58,1,0,0,1
PT-121,2026-10-08T12:40:00,67,29.9,8.9,7.7,0,149.4,76.8,36.0,7.7,7730,200.5,69.4,32.5,7.7,24.0,199.23,197.2,193.3,184.7,4.75,15.2,15.5,-19.6,3.6,51.1,-7.4,-3.5,0.0,0,1,0,0,2,1,0,4.67,1,0,0,1
PT-121,2026-10-08T12:45:00,67,29.9,8.9,7.7,0,149.4,76.8,36.0,7.7,7730,202.1,74.0,26.2,7.7,23.3,200.67,198.58,194.62,186.13,4.81,16.6,15.9,-4.4,-4.0,52.7,-2.8,-9.8,0.0,0,1,0,0,2,1,0,4.75,1,0,0,1
PT-121,2026-10-08T12:50:00,67,29.9,8.9,7.7,0,149.4,76.8,36.0,7.7,7730,204.0,77.3,30.9,7.7,5.4,202.2,200.1,196.04,187.58,4.86,18.2,17.0,3.4,-1.2,54.6,0.5,-5.1,0.0,0,1,0,0,2,1,0,4.83,1,0,0,1
PT-121,2026-10-08T12:55:00,67,29.9,8.9,7.7,0,149.4,76.8,36.0,7.7,7730,205.8,77.2,30.1,7.7,7.7,203.97,201.6,197.44,189.05,5.06,18.0,16.8,-0.4,-5.0,56.4,0.4,-5.9,0.0,0,1,0,0,2,1,0,4.92,1,0,0,1
PT-121,2026-10-08T13:00:00,67,29.9,8.9,7.7,0,149.4,76.8,36.0,7.7,7730,206.9,81.8,30.0,7.7,16.9,205.57,203.12,198.86,190.48,5.14,18.2,17.0,11.0,-3.0,57.5,5.0,-6.0,0.0,0,1,0,0,2,1,0,5.0,1,0,0,1
PT-121,2026-10-08T13:05:00,67,29.9,8.9,7.7,0,149.4,76.8,36.0,7.7,7730,208.8,77.0,32.1,7.7,32.4,207.17,204.68,200.31,191.95,5.3,18.8,17.4,1.0,-0.6,59.4,0.2,-3.9,0.0,0,1,0,0,2,1,0,5.08,1,0,0,1
PT-121,2026-10-08T13:10:00,67,29.9,8.9,7.7,0,149.4,76.8,36.0,7.7,7730,209.7,78.1,28.7,7.7,32.3,208.47,206.22,201.71,193.37,5.38,18.4,16.8,17.4,-7.6,60.3,1.3,-7.3,0.0,0,1,0,0,2,1,0,5.17,1,0,0,1
PT-121,2026-10-08T13:15:00,67,29.9,8.9,7.7,0,149.4,76.8,36.0,7.7,7730,211.4,76.4,29.8,7.7,21.0,209.97,207.77,203.18,194.81,5.43,18.6,17.6,4.8,7.2,62.0,-0.4,-6.2,0.0,0,1,0,0,2,1,0,5.25,1,0,0,1
PT-121,2026-10-08T13:20:00,67,29.9,8.9,7.7,0,149.4,76.8,36.0,7.7,7730,213.3,76.2,29.7,7.7,16.3,211.47,209.32,204.71,196.26,5.47,18.6,18.4,-2.2,-2.4,63.9,-0.6,-6.3,0.0,0,1,0,0,2,1,0,5.33,1,0,0,1
PT-121,2026-10-08T13:25:00,67,29.9,8.9,7.7,0,149.4,76.8,36.0,7.7,7730,214.9,75.1,31.0,7.7,15.9,213.2,210.83,206.22,197.73,5.59,18.2,18.1,-4.2,1.8,65.5,-1.7,-5.0,0.0,0,1,0,0,2,1,0,5.42,1,0,0,1
PT-121,2026-10-08T13:30:00,67,29.9,8.9,7.7,0,149.4,76.8,36.0,7.7,7730,216.5,77.4,28.1,7.7,28.2,214.9,212.43,207.78,199.21,5.64,19.2,18.7,-8.8,-3.8,67.1,0.6,-7.9,0.0,0,1,0,0,2,1,0,5.5,1,0,0,1
PT-121,2026-10-08T13:35:00,67,29.9,8.9,7.7,0,149.4,76.8,36.0,7.7,7730,218.1,77.5,31.2,7.7,27.8,216.5,213.98,209.33,200.67,5.7,18.6,18.7,1.0,-1.8,68.7,0.7,-4.8,0.0,0,1,0,0,2,1,0,5.58,1,0,0,1
PT-121,2026-10-08T13:40:00,67,29.9,8.9,7.7,0,149.4,76.8,36.0,7.7,7730,218.9,77.2,30.3,7.7,31.7,217.83,215.52,210.87,202.08,5.58,18.4,18.4,-1.8,3.2,69.5,0.4,-5.7,0.0,0,1,0,0,2,1,0,5.67,1,0,0,1
PT-121,2026-10-08T13:45:00,67,29.9,8.9,7.7,0,149.4,76.8,36.0,7.7,7730,220.3,82.8,31.1,7.7,21.5,219.1,217.0,212.38,203.5,5.45,17.8,18.2,12.8,2.6,70.9,6.0,-4.9,0.0,0,1,0,0,2,1,0,5.75,1,0,0,1
PT-121,2026-10-08T13:50:00,67,29.9,8.9,7.7,0,149.4,76.8,36.0,7.7,7730,221.4,72.9,29.9,7.7,24.8,220.2,218.35,213.83,204.94,5.33,16.2,17.4,-6.6,0.4,72.0,-3.9,-6.1,0.0,0,1,0,0,2,1,0,5.83,1,0,0,1
PT-121,2026-10-08T13:55:00,67,29.9,8.9,7.7,0,149.4,76.8,36.0,7.7,7730,222.3,70.7,26.8,7.7,29.1,221.33,219.58,215.21,206.32,5.2,14.8,16.5,-8.8,-8.4,72.9,-6.1,-9.2,0.0,0,1,0,0,2,1,0,5.92,1,0,0,1
PT-121,2026-10-08T14:00:00,67,29.9,8.9,7.7,0,149.4,76.8,36.0,7.7,7730,223.9,76.2,29.5,7.7,22.2,222.53,220.82,216.62,207.74,5.04,14.8,17.0,-2.4,2.8,74.5,-0.6,-6.5,0.0,0,1,0,0,2,1,0,6.0,1,0,0,1
PT-121,2026-10-08T14:05:00,67,29.9,8.9,7.7,0,149.4,76.8,36.0,7.7,7730,225.4,77.9,28.4,7.7,24.1,223.87,222.03,218.01,209.16,4.97,14.6,16.6,0.8,-5.6,76.0,1.1,-7.6,0.0,0,1,0,0,2,1,0,6.08,1,0,0,1
PT-121,2026-10-08T14:10:00,67,29.9,8.9,7.7,0,149.4,76.8,36.0,7.7,7730,227.3,76.0,29.4,7.7,10.2,225.53,223.43,219.48,210.59,4.9,16.8,17.6,-2.4,-1.8,77.9,-0.8,-6.6,0.0,0,1,0,0,2,1,0,6.17,1,0,0,1
PT-121,2026-10-08T14:15:00,67,29.9,8.9,7.7,0,149.4,76.8,36.0,7.7,7730,228.9,76.3,28.3,7.7,20.2,227.2,224.87,220.93,212.05,4.88,17.2,17.5,-13.0,-5.6,79.5,-0.5,-7.7,0.0,0,1,0,0,2,1,0,6.25,1,0,0,1
PT-121,2026-10-08T14:20:00,67,29.9,8.9,7.7,0,149.4,76.8,36.0,7.7,7730,230.2,77.1,29.9,7.7,7.9,228.8,226.33,222.34,213.52,4.91,17.6,16.9,8.4,0.0,80.8,0.3,-6.1,0.0,0,1,0,0,2,1,0,6.33,1,0,0,1
PT-121,2026-10-08T14:25:00,67,29.9,8.9,7.7,0,149.4,76.8,36.0,7.7,7730,231.6,77.4,34.4,7.7,17.8,230.23,227.88,223.73,214.98,4.98,18.6,16.7,13.4,15.2,82.2,0.6,-1.6,0.0,0,1,0,0,2,1,0,6.42,1,0,0,1
PT-121,2026-10-08T14:30:00,67,29.9,8.9,7.7,0,149.4,76.8,36.0,7.7,7730,232.4,81.7,29.4,7.7,24.2,231.4,229.3,225.06,216.42,4.99,17.0,15.9,11.0,-0.2,83.0,4.9,-6.6,0.0,0,1,0,0,2,1,0,6.5,1,0,0,1
PT-121,2026-10-08T14:35:00,67,29.9,8.9,7.7,0,149.4,76.8,36.0,7.7,7730,234.2,78.3,28.4,7.7,13.3,232.73,230.77,226.4,217.87,5.12,17.6,16.1,0.8,0.0,84.8,1.5,-7.6,0.0,0,1,0,0,2,1,0,6.58,1,0,0,1
PT-121,2026-10-08T14:40:00,67,29.9,8.9,7.7,0,149.4,76.8,36.0,7.7,7730,235.9,81.7,28.5,7.7,23.6,234.17,232.2,227.82,219.34,5.2,17.2,17.0,11.4,-1.8,86.5,4.9,-7.5,0.0,0,1,0,0,2,1,0,6.67,1,0,0,1
PT-121,2026-10-08T14:45:00,67,29.9,8.9,7.7,0,149.4,76.8,36.0,7.7,7730,236.9,75.9,30.8,7.7,12.7,235.67,233.53,229.2,220.79,5.23,16.0,16.6,-0.8,5.0,87.5,-0.9,-5.2,0.0,0,1,0,0,2,1,0,6.75,1,0,0,1
PT-121,2026-10-08T14:50:00,67,29.9,8.9,7.7,0,149.4,76.8,36.0,7.7,7730,238.2,79.0,28.8,7.7,24.2,237.0,234.87,230.6,222.22,5.2,16.0,16.8,3.8,-2.2,88.8,2.2,-7.2,0.0,0,1,0,0,2,1,0,6.83,1,0,0,1
PT-121,2026-10-08T14:55:00,67,29.9,8.9,7.7,0,149.4,76.8,36.0,7.7,7730,239.2,74.1,30.2,7.7,17.1,238.1,236.13,232.01,223.61,5.03,15.2,16.9,-6.6,-8.4,89.8,-2.7,-5.8,0.0,0,1,0,0,2,1,0,6.92,1,0,0,1
PT-121,2026-10-08T15:00:00,67,29.9,8.9,7.7,0,149.4,76.8,36.0,7.7,7730,240.9,81.2,30.0,7.7,11.2,239.43,237.55,233.43,225.02,4.94,17.0,17.0,-1.0,1.2,91.5,4.4,-6.0,0.0,0,1,0,0,2,1,0,7.0,1,0,0,1
PT-121,2026-10-08T15:05:00,67,29.9,8.9,7.7,0,149.4,76.8,36.0,7.7,7730,242.4,78.3,31.6,7.7,20.1,240.83,238.92,234.84,226.42,4.86,16.4,17.0,0.0,6.4,93.0,1.5,-4.4,0.0,0,1,0,0,2,1,0,7.08,1,0,0,1
PT-121,2026-10-08T15:10:00,67,29.9,8.9,7.7,0,149.4,76.8,36.0,7.7,7730,244.2,74.7,32.6,7.7,11.9,242.5,240.3,236.25,227.86,4.93,16.6,16.9,-14.0,8.2,94.8,-2.1,-3.4,0.0,0,1,0,0,2,1,0,7.17,1,0,0,1
PT-121,2026-10-08T15:15:00,67,29.9,8.9,7.7,0,149.4,76.8,36.0,7.7,7730,246.0,81.2,28.2,7.7,5.0,244.2,241.82,237.68,229.3,5.08,18.2,17.1,10.6,-5.2,96.6,4.4,-7.8,0.0,0,1,0,0,2,1,0,7.25,1,0,0,1
PT-121,2026-10-08T15:20:00,67,29.9,8.9,7.7,0,149.4,76.8,36.0,7.7,7730,247.4,70.0,31.6,7.7,15.2,245.87,243.35,239.11,230.72,5.2,18.4,17.2,-18.0,5.6,98.0,-6.8,-4.4,0.0,0,1,0,0,2,1,0,7.33,1,0,0,1
PT-121,2026-10-08T15:25:00,67,29.9,8.9,7.7,0,149.4,76.8,36.0,7.7,7730,248.4,74.2,32.8,7.7,13.5,247.27,244.88,240.51,232.12,5.26,18.4,16.8,0.2,5.2,99.0,-2.6,-3.2,0.0,0,1,0,0,2,1,0,7.42,1,0,0,1
PT-121,2026-10-08T15:30:00,67,29.9,8.9,7.7,0,149.4,76.8,36.0,7.7,7730,250.1,74.0,34.2,7.7,24.4,248.63,246.42,241.98,233.52,5.26,18.4,17.7,-14.4,8.4,100.7,-2.8,-1.8,0.0,0,1,0,0,2,1,0,7.5,1,0,0,1
PT-121,2026-10-08T15:35:00,67,29.9,8.9,7.7,0,149.4,76.8,36.0,7.7,7730,251.5,81.1,30.6,7.7,16.2,250.0,247.93,243.43,234.91,5.3,18.2,17.3,5.6,-2.0,102.1,4.3,-5.4,0.0,0,1,0,0,2,1,0,7.58,1,0,0,1
PT-121,2026-10-08T15:40:00,67,29.9,8.9,7.7,0,149.4,76.8,36.0,7.7,7730,252.4,75.5,30.1,7.7,22.7,251.33,249.3,244.8,236.31,5.31,16.4,16.5,1.6,-5.0,103.0,-1.3,-5.9,0.0,0,1,0,0,2,1,0,7.67,1,0,0,1
PT-121,2026-10-08T15:45:00,67,29.9,8.9,7.7,0,149.4,76.8,36.0,7.7,7730,253.5,81.8,31.8,7.7,6.1,252.47,250.55,246.18,237.69,5.23,15.0,16.6,1.2,7.2,104.1,5.0,-4.2,0.0,0,1,0,0,2,1,0,7.75,1,0,0,1
PT-121,2026-10-08T15:50:00,67,29.9,8.9,7.7,0,149.4,76.8,36.0,7.7,7730,254.3,78.9,23.8,7.7,13.3,253.4,251.7,247.52,239.06,5.06,13.8,16.1,17.8,-15.6,104.9,2.1,-12.2,0.0,0,1,0,0,2,1,0,7.83,1,0,0,1
PT-121,2026-10-08T15:55:00,67,29.9,8.9,7.7,0,149.4,76.8,36.0,7.7,7730,256.2,76.7,31.3,7.7,23.4,254.67,253.0,248.94,240.48,4.89,15.6,17.0,5.0,-3.0,106.8,-0.1,-4.7,0.0,0,1,0,0,2,1,0,7.92,1,0,0,1
PT-121,2026-10-08T16:00:00,67,29.9,8.9,7.7,0,149.4,76.8,36.0,7.7,7730,258.1,77.0,30.2,7.7,14.4,256.2,254.33,250.38,241.9,4.84,16.0,17.2,6.0,-8.0,108.7,0.2,-5.8,0.0,0,1,0,0,2,1,0,8.0,1,0,0,1
PT-121,2026-10-08T16:05:00,67,29.9,8.9,7.7,0,149.4,76.8,36.0,7.7,7730,259.9,78.9,27.3,7.7,11.0,258.07,255.73,251.83,243.34,4.86,16.8,17.5,-4.4,-6.6,110.5,2.1,-8.7,0.0,0,1,0,0,2,1,0,8.08,1,0,0,1
PT-121,2026-10-08T16:10:00,67,29.9,8.9,7.7,0,149.4,76.8,36.0,7.7,7730,260.8,80.2,31.6,7.7,14.7,259.6,257.13,253.22,244.73,4.85,16.8,16.6,9.4,3.0,111.4,3.4,-4.4,0.0,0,1,0,0,2,1,0,8.17,1,0,0,1
PT-121,2026-10-08T16:15:00,67,29.9,8.9,7.7,0,149.4,76.8,36.0,7.7,7730,262.0,74.2,28.3,7.7,23.2,260.9,258.55,254.55,246.11,4.88,17.0,16.0,-15.2,-7.0,112.6,-2.6,-7.7,0.0,0,1,0,0,2,1,0,8.25,1,0,0,1
PT-121,2026-10-08T16:20:00,67,29.9,8.9,7.7,0,149.4,76.8,36.0,7.7,7730,263.1,73.4,27.9,7.7,20.2,261.97,260.02,255.86,247.48,4.9,17.6,15.7,-11.0,8.2,113.7,-3.4,-8.1,0.0,0,1,0,0,2,1,0,8.33,1,0,0,1
PT-121,2026-10-08T16:25:00,67,29.9,8.9,7.7,0,149.4,76.8,36.0,7.7,7730,264.6,76.8,26.4,7.7,24.7,263.23,261.42,257.21,248.86,4.89,16.8,16.2,0.2,-9.8,115.2,0.0,-9.6,0.0,0,1,0,0,2,1,0,8.42,1,0,0,1
PT-121,2026-10-08T16:30:00,67,29.9,8.9,7.7,0,149.4,76.8,36.0,7.7,7730,265.7,75.5,29.5,7.7,5.7,264.47,262.68,258.51,250.25,4.9,15.2,15.6,-3.0,-1.4,116.3,-1.3,-6.5,0.0,0,1,0,0,2,1,0,8.5,1,0,0,1
PT-121,2026-10-08T16:35:00,67,29.9,8.9,7.7,0,149.4,76.8,36.0,7.7,7730,266.8,80.0,28.1,7.7,17.2,265.7,263.83,259.78,251.6,4.9,13.8,15.3,2.2,1.6,117.4,3.2,-7.9,0.0,0,1,0,0,2,1,0,8.58,1,0,0,1
PT-121,2026-10-08T16:40:00,67,29.9,8.9,7.7,0,149.4,76.8,36.0,7.7,7730,268.4,76.0,29.7,7.7,5.2,266.97,265.1,261.12,252.96,4.89,15.2,16.0,-8.4,-3.8,119.0,-0.8,-6.3,0.0,0,1,0,0,2,1,0,8.67,1,0,0,1
PT-121,2026-10-08T16:45:00,67,29.9,8.9,7.7,0,149.4,76.8,36.0,7.7,7730,269.4,79.1,33.5,7.7,23.8,268.2,266.33,262.44,254.31,4.79,14.8,15.9,9.8,10.4,120.0,2.3,-2.5,0.0,0,1,0,0,2,1,0,8.75,1,0,0,1
PT-121,2026-10-08T16:50:00,67,29.9,8.9,7.7,0,149.4,76.8,36.0,7.7,7730,270.5,79.6,28.8,7.7,20.5,269.43,267.57,263.79,255.66,4.56,14.8,16.2,12.4,1.8,121.1,2.8,-7.2,0.0,0,1,0,0,2,1,0,8.83,1,0,0,1
PT-121,2026-10-08T16:55:00,67,29.9,8.9,7.7,0,149.4,76.8,36.0,7.7,7730,272.4,78.2,30.9,7.7,17.4,270.77,268.87,265.14,257.04,4.51,15.6,16.2,2.8,9.0,123.0,1.4,-5.1,0.0,0,1,0,0,2,1,0,8.92,1,0,0,1
PT-121,2026-10-08T17:00:00,67,29.9,8.9,7.7,0,149.4,76.8,36.0,7.7,7730,274.2,71.8,29.2,7.7,71.6,272.37,270.28,266.48,258.43,4.62,17.0,16.1,-7.4,-0.6,124.8,-5.0,-6.8,0.0,0,0,1,0,2,1,0,9.0,1,0,0,1
PT-121,2026-10-08T17:05:00,67,29.9,8.9,7.7,0,149.4,76.8,36.0,7.7,7730,275.5,78.5,25.7,7.7,69.4,274.03,271.73,267.78,259.81,4.79,17.4,15.6,-3.0,-4.8,126.1,1.7,-10.3,0.0,0,0,1,0,2,1,0,9.08,1,0,0,1
PT-121,2026-10-08T17:10:00,67,29.9,8.9,7.7,0,149.4,76.8,36.0,7.7,7730,277.2,78.5,33.5,7.7,68.6,275.63,273.2,269.15,261.18,4.95,17.6,16.4,5.0,7.6,127.8,1.7,-2.5,0.0,0,0,1,0,2,1,0,9.17,1,0,0,1
PT-121,2026-10-08T17:15:00,67,29.9,8.9,7.7,0,149.4,76.8,36.0,7.7,7730,278.8,76.9,28.7,7.7,69.7,277.17,274.77,270.55,262.55,5.12,18.8,16.8,-4.4,-9.6,129.4,0.1,-7.3,0.0,0,0,1,0,2,1,0,9.25,1,0,0,1
PT-121,2026-10-08T17:20:00,67,29.9,8.9,7.7,0,149.4,76.8,36.0,7.7,7730,280.2,78.0,28.9,7.7,51.1,278.73,276.38,271.98,263.92,5.23,19.4,17.1,-3.2,0.2,130.8,1.2,-7.1,0.0,0,0,1,0,2,1,0,9.33,1,0,0,1
PT-121,2026-10-08T17:25:00,67,29.9,8.9,7.7,0,149.4,76.8,36.0,7.7,7730,281.6,70.5,27.9,7.7,55.6,280.2,277.92,273.39,265.3,5.35,18.4,17.0,-15.4,-6.0,132.2,-6.3,-8.1,0.0,0,0,1,0,2,1,0,9.42,1,0,0,1
PT-121,2026-10-08T17:30:00,67,29.9,8.9,7.7,0,149.4,76.8,36.0,7.7,7730,283.2,80.2,26.3,7.7,54.8,281.67,279.42,274.85,266.68,5.45,18.0,17.5,16.8,-5.8,133.8,3.4,-9.7,0.0,0,0,1,0,2,1,0,9.5,1,0,0,1
PT-121,2026-10-08T17:35:00,67,29.9,8.9,7.7,0,149.4,76.8,36.0,7.7,7730,284.8,77.6,27.9,7.7,65.8,283.2,280.97,276.35,268.07,5.51,18.6,18.0,-1.8,4.4,135.4,0.8,-8.1,0.0,0,0,1,0,2,1,0,9.58,1,0,0,1
PT-121,2026-10-08T17:40:00,67,29.9,8.9,7.7,0,149.4,76.8,36.0,7.7,7730,285.8,78.6,30.6,7.7,55.3,284.6,282.4,277.8,269.46,5.52,17.2,17.4,0.2,-5.8,136.4,1.8,-5.4,0.0,0,0,1,0,2,1,0,9.67,1,0,0,1
PT-121,2026-10-08T17:45:00,67,29.9,8.9,7.7,0,149.4,76.8,36.0,7.7,7730,286.6,75.6,28.3,7.7,50.8,285.73,283.7,279.23,270.84,5.37,15.6,17.2,-2.6,-0.8,137.2,-1.2,-7.7,0.0,0,0,1,0,2,1,0,9.75,1,0,0,1
PT-121,2026-10-08T17:50:00,67,29.9,8.9,7.7,0,149.4,76.8,36.0,7.7,7730,287.8,78.7,29.9,7.7,59.1,286.73,284.97,280.68,272.23,5.13,15.2,17.3,1.4,2.0,138.4,1.9,-6.1,0.0,0,0,1,0,2,1,0,9.83,1,0,0,1
PT-121,2026-10-08T17:55:00,67,29.9,8.9,7.7,0,149.4,76.8,36.0,7.7,7730,289.3,71.6,33.5,7.7,71.6,287.9,286.25,282.08,273.61,4.97,15.4,16.9,2.2,11.2,139.9,-5.2,-2.5,0.0,0,0,1,0,2,1,0,9.92,1,0,0,1
PT-121,2026-10-08T18:00:00,67,29.9,8.9,7.7,0,149.4,76.8,36.0,7.7,7730,291.0,76.0,29.9,7.7,61.4,289.37,287.55,283.48,274.98,4.91,15.6,16.8,-8.4,7.2,141.6,-0.8,-6.1,0.0,0,0,1,0,2,1,0,10.0,1,0,0,1
PT-121,2026-10-08T18:05:00,67,29.9,8.9,7.7,0,149.4,76.8,36.0,7.7,7730,292.4,76.2,29.2,7.7,14.8,290.9,288.82,284.89,276.34,4.84,15.2,16.9,-2.8,2.6,143.0,-0.6,-6.8,0.0,0,0,1,0,2,1,0,10.08,1,0,0,1
PT-121,2026-10-08T18:10:00,67,29.9,8.9,7.7,0,149.4,76.8,36.0,7.7,7730,293.4,73.1,27.4,7.7,11.0,292.27,290.08,286.24,277.7,4.75,15.2,16.2,-11.0,-6.4,144.0,-3.7,-8.6,0.0,0,0,1,0,2,1,0,10.17,1,0,0,1
PT-121,2026-10-08T18:15:00,67,29.9,8.9,7.7,0,149.4,76.8,36.0,7.7,7730,294.7,77.6,31.5,7.7,24.4,293.5,291.43,287.57,279.06,4.71,16.2,15.9,4.0,6.4,145.3,0.8,-4.5,0.0,0,0,1,0,2,1,0,10.25,1,0,0,1
PT-121,2026-10-08T18:20:00,67,29.9,8.9,7.7,0,149.4,76.8,36.0,7.7,7730,296.4,75.8,28.1,7.7,13.2,294.83,292.87,288.92,280.45,4.73,17.2,16.2,-5.8,-3.6,147.0,-1.0,-7.9,0.0,0,0,1,0,2,1,0,10.33,1,0,0,1
PT-121,2026-10-08T18:25:00,67,29.9,8.9,7.7,0,149.4,76.8,36.0,7.7,7730,297.7,76.4,29.0,7.7,24.6,296.27,294.27,290.26,281.82,4.75,16.8,16.1,9.6,-9.0,148.3,-0.4,-7.0,0.0,0,0,1,0,2,1,0,10.42,1,0,0,1
PT-121,2026-10-08T18:30:00,67,29.9,8.9,7.7,0,149.4,76.8,36.0,7.7,7730,298.9,75.9,28.0,7.7,8.7,297.67,295.58,291.57,283.21,4.79,15.8,15.7,-0.2,-3.8,149.5,-0.9,-8.0,0.0,0,0,1,0,2,1,0,10.5,1,0,0,1
PT-121,2026-10-08T18:35:00,67,29.9,8.9,7.7,0,149.4,76.8,36.0,7.7,7730,300.3,80.1,29.5,7.7,6.7,298.97,296.9,292.86,284.6,4.88,15.8,15.5,7.8,0.6,150.9,3.3,-6.5,0.0,0,0,1,0,2,1,0,10.58,1,0,0,1
PT-121,2026-10-08T18:40:00,67,29.9,8.9,7.7,0,149.4,76.8,36.0,7.7,7730,302.0,77.4,27.9,7.7,8.9,300.4,298.33,294.21,286.0,4.99,17.2,16.2,8.6,1.0,152.6,0.6,-8.1,0.0,0,0,1,0,2,1,0,10.67,1,0,0,1
PT-121,2026-10-08T18:45:00,67,29.9,8.9,7.7,0,149.4,76.8,36.0,7.7,7730,303.6,78.3,30.7,7.7,23.2,301.97,299.82,295.62,287.43,5.05,17.8,17.0,1.4,-1.6,154.2,1.5,-5.3,0.0,0,0,1,0,2,1,0,10.75,1,0,0,1
PT-121,2026-10-08T18:50:00,67,29.9,8.9,7.7,0,149.4,76.8,36.0,7.7,7730,304.6,76.7,32.9,7.7,19.1,303.4,301.18,297.03,288.85,5.01,16.4,16.8,1.8,9.6,155.2,-0.1,-3.1,0.0,0,0,1,0,2,1,0,10.83,1,0,0,1
PT-121,2026-10-08T18:55:00,67,29.9,8.9,7.7,0,149.4,76.8,36.0,7.7,7730,305.8,79.1,29.1,7.7,14.0,304.67,302.53,298.4,290.24,4.96,16.2,16.5,5.4,0.2,156.4,2.3,-6.9,0.0,0,0,1,0,2,1,0,10.92,1,0,0,1
PT-121,2026-10-08T19:00:00,67,29.9,8.9,7.7,0,149.4,76.8,36.0,7.7,7730,306.7,74.0,29.3,7.7,6.0,305.7,303.83,299.71,291.6,4.9,15.6,15.7,-3.8,2.6,157.3,-2.8,-6.7,0.0,0,0,1,0,2,1,0,11.0,1,0,0,1
PT-121,2026-10-08T19:05:00,67,29.9,8.9,7.7,0,149.4,76.8,36.0,7.7,7730,308.4,76.7,28.5,7.7,16.5,306.97,305.18,301.04,292.97,4.91,16.2,16.0,-6.8,-2.0,159.0,-0.1,-7.5,0.0,0,0,1,0,2,1,0,11.08,1,0,0,1
PT-121,2026-10-08T19:10:00,67,29.9,8.9,7.7,0,149.4,76.8,36.0,7.7,7730,310.2,75.8,27.6,7.7,10.5,308.43,306.55,302.44,294.34,4.93,16.4,16.8,-3.2,-0.6,160.8,-1.0,-8.4,0.0,0,0,1,0,2,1,0,11.17,1,0,0,1
PT-121,2026-10-08T19:15:00,67,29.9,8.9,7.7,0,149.4,76.8,36.0,7.7,7730,311.2,73.3,32.1,7.7,15.8,309.93,307.82,303.82,295.69,4.88,15.2,16.5,-10.0,2.8,161.8,-3.5,-3.9,0.0,0,0,1,0,2,1,0,11.25,1,0,0,1
PT-121,2026-10-08T19:20:00,67,29.9,8.9,7.7,0,149.4,76.8,36.0,7.7,7730,312.2,75.3,29.8,7.7,25.0,311.2,309.08,305.13,297.03,4.82,15.2,15.8,-2.8,-6.2,162.8,-1.5,-6.2,0.0,0,0,1,0,2,1,0,11.33,1,0,0,1
PT-121,2026-10-08T19:25:00,67,29.9,8.9,7.7,0,149.4,76.8,36.0,7.7,7730,313.9,71.0,28.7,7.7,14.5,312.43,310.43,306.48,298.37,4.82,16.2,16.2,-16.2,-0.8,164.5,-5.8,-7.3,0.0,0,0,1,0,2,1,0,11.42,1,0,0,1
PT-121,2026-10-08T19:30:00,67,29.9,8.9,7.7,0,149.4,76.8,36.0,7.7,7730,315.7,86.2,30.9,7.7,15.8,313.93,311.93,307.88,299.72,4.86,18.0,16.8,24.4,3.2,166.3,9.4,-5.1,0.0,0,0,1,0,2,1,0,11.5,1,0,0,1
PT-121,2026-10-08T19:35:00,67,29.9,8.9,7.7,0,149.4,76.8,36.0,7.7,7730,317.4,76.7,30.7,7.7,19.8,315.67,313.43,309.31,301.08,4.94,18.0,17.1,0.0,4.4,168.0,-0.1,-5.3,0.0,0,0,1,0,2,1,0,11.58,1,0,0,1
PT-121,2026-10-08T19:40:00,67,29.9,8.9,7.7,0,149.4,76.8,36.0,7.7,7730,318.6,76.9,29.3,7.7,8.2,317.23,314.83,310.69,302.45,5.03,16.8,16.6,2.2,3.4,169.2,0.1,-6.7,0.0,0,0,1,0,2,1,0,11.67,1,0,0,1
PT-121,2026-10-08T19:45:00,67,29.9,8.9,7.7,0,149.4,76.8,36.0,7.7,7730,320.2,74.0,29.6,7.7,5.6,318.73,316.33,312.08,303.85,5.18,18.0,16.6,1.4,-5.0,170.8,-2.8,-6.4,0.0,0,0,1,0,2,1,0,11.75,1,0,0,1
PT-121,2026-10-08T19:50:00,67,29.9,8.9,7.7,0,149.4,76.8,36.0,7.7,7730,321.7,76.8,29.2,7.7,9.6,320.17,317.92,313.5,305.26,5.29,19.0,17.1,3.0,-1.2,172.3,0.0,-6.8,0.0,0,0,1,0,2,1,0,11.83,1,0,0,1
PT-121,2026-10-08T19:55:00,67,29.9,8.9,7.7,0,149.4,76.8,36.0,7.7,7730,322.8,75.7,29.9,7.7,14.5,321.57,319.4,314.92,306.66,5.32,17.8,17.0,9.4,2.4,173.4,-1.1,-6.1,0.0,0,0,1,0,2,1,0,11.92,1,0,0,1
PT-121,2026-10-08T20:00:00,67,29.9,8.9,7.7,0,149.4,76.8,36.0,7.7,7730,324.4,79.8,28.1,7.7,19.2,322.97,320.85,316.39,308.05,5.28,17.4,17.7,-12.8,-5.6,175.0,3.0,-7.9,0.0,0,0,1,0,2,1,0,0.0,1,0,0,1
PT-121,2026-10-08T20:05:00,67,29.9,8.9,7.7,0,149.4,76.8,36.0,7.7,7730,326.4,72.9,29.1,7.7,10.0,324.53,322.35,317.89,309.47,5.36,18.0,18.0,-7.6,-3.2,177.0,-3.9,-6.9,0.0,0,0,1,0,2,1,0,0.08,1,0,0,1
PT-121,2026-10-08T20:10:00,67,29.9,8.9,7.7,0,149.4,76.8,36.0,7.7,7730,327.2,73.7,31.2,7.7,14.0,326.0,323.78,319.31,310.87,5.39,17.2,17.0,-6.4,3.8,177.8,-3.1,-4.8,0.0,0,0,1,0,2,1,0,0.17,1,0,0,1
PT-121,2026-10-08T20:15:00,67,29.9,8.9,7.7,0,149.4,76.8,36.0,7.7,7730,328.3,81.2,30.3,7.7,17.4,327.3,325.13,320.73,312.27,5.31,16.2,17.1,14.4,1.4,178.9,4.4,-5.7,0.0,0,0,1,0,2,1,0,0.25,1,0,0,1
PT-121,2026-10-08T20:20:00,67,29.9,8.9,7.7,0,149.4,76.8,36.0,7.7,7730,329.7,75.3,28.8,7.7,15.4,328.4,326.47,322.19,313.66,5.16,16.0,17.5,-3.0,-0.8,180.3,-1.5,-7.2,0.0,0,0,1,0,2,1,0,0.33,1,0,0,1
PT-121,2026-10-08T20:25:00,67,29.9,8.9,7.7,0,149.4,76.8,36.0,7.7,7730,331.4,78.4,31.3,7.7,18.8,329.8,327.9,323.65,315.07,5.07,17.2,17.5,5.4,2.8,182.0,1.6,-4.7,0.0,0,0,1,0,2,1,0,0.42,1,0,0,1
PT-121,2026-10-08T20:30:00,67,29.9,8.9,7.7,0,149.4,76.8,36.0,7.7,7730,332.3,81.0,28.1,7.7,19.5,331.13,329.22,325.03,316.46,4.97,15.8,16.6,2.4,0.0,182.9,4.2,-7.9,0.0,0,0,1,0,2,1,0,0.5,1,0,0,1
PT-121,2026-10-08T20:35:00,67,29.9,8.9,7.7,0,149.4,76.8,36.0,7.7,7730,334.1,75.4,28.5,7.7,16.2,332.6,330.5,326.42,317.87,4.98,15.4,16.7,5.0,-1.2,184.7,-1.4,-7.5,0.0,0,0,1,0,2,1,0,0.58,1,0,0,1
PT-121,2026-10-08T20:40:00,67,29.9,8.9,7.7,0,149.4,76.8,36.0,7.7,7730,335.8,76.0,32.4,7.7,22.2,334.07,331.93,327.86,319.28,5.0,17.2,17.2,4.6,2.4,186.4,-0.8,-3.6,0.0,0,0,1,0,2,1,0,0.67,1,0,0,1
PT-121,2026-10-08T20:45:00,67,29.9,8.9,7.7,0,149.4,76.8,36.0,7.7,7730,337.4,76.1,28.6,7.7,11.2,335.77,333.45,329.29,320.68,5.07,18.2,17.2,-10.2,-3.4,188.0,-0.7,-7.4,0.0,0,0,1,0,2,1,0,0.75,1,0,0,1
PT-121,2026-10-08T20:50:00,67,29.9,8.9,7.7,0,149.4,76.8,36.0,7.7,7730,338.3,74.2,28.4,7.7,8.4,337.17,334.88,330.68,322.09,5.07,17.2,16.6,-2.2,-0.8,188.9,-2.6,-7.6,0.0,0,0,1,0,2,1,0,0.83,1,0,0,1
PT-121,2026-10-08T20:55:00,67,29.9,8.9,7.7,0,149.4,76.8,36.0,7.7,7730,340.2,77.8,29.1,7.7,12.7,338.63,336.35,332.12,323.52,5.1,17.6,17.4,-1.2,-4.4,190.8,1.0,-6.9,0.0,0,0,1,0,2,1,0,0.92,1,0,0,1
PT-121,2026-10-08T21:00:00,67,29.9,8.9,7.7,0,149.4,76.8,36.0,7.7,7730,341.8,77.6,26.8,7.7,11.0,340.1,337.93,333.58,324.98,5.18,19.0,17.4,-6.8,-2.6,192.4,0.8,-9.2,0.0,0,0,1,0,2,1,0,1.0,1,0,0,1
PT-121,2026-10-08T21:05:00,67,29.9,8.9,7.7,0,149.4,76.8,36.0,7.7,7730,343.6,76.4,28.4,7.7,17.3,341.87,339.52,335.01,326.45,5.39,19.0,17.2,2.0,-0.2,194.2,-0.4,-7.6,0.0,0,0,1,0,2,1,0,1.08,1,0,0,1
PT-121,2026-10-08T21:10:00,67,29.9,8.9,7.7,0,149.4,76.8,36.0,7.7,7730,345.4,74.3,32.4,7.7,6.4,343.6,341.12,336.52,327.92,5.55,19.2,18.2,-3.4,0.0,196.0,-2.5,-3.6,0.0,0,0,1,0,2,1,0,1.17,1,0,0,1
PT-121,2026-10-08T21:15:00,67,29.9,8.9,7.7,0,149.4,76.8,36.0,7.7,7730,346.7,75.0,29.6,7.7,10.3,345.23,342.67,338.06,329.4,5.61,18.6,18.4,-2.2,2.0,197.3,-1.8,-6.4,0.0,0,0,1,0,2,1,0,1.25,1,0,0,1
PT-121,2026-10-08T21:20:00,67,29.9,8.9,7.7,0,149.4,76.8,36.0,7.7,7730,348.2,80.2,29.7,7.7,12.1,346.77,344.32,339.6,330.9,5.65,19.8,18.5,12.0,2.6,198.8,3.4,-6.3,0.0,0,0,1,0,2,1,0,1.33,1,0,0,1
PT-121,2026-10-08T21:25:00,67,29.9,8.9,7.7,0,149.4,76.8,36.0,7.7,7730,349.2,78.5,27.7,7.7,12.7,348.03,345.82,341.08,332.37,5.64,18.0,17.8,1.4,-2.8,199.8,1.7,-8.3,0.0,0,0,1,0,2,1,0,1.42,1,0,0,1
PT-121,2026-10-08T21:30:00,67,29.9,8.9,7.7,0,149.4,76.8,36.0,7.7,7730,351.1,75.9,29.8,7.7,8.0,349.5,347.37,342.65,333.84,5.59,18.6,18.8,-3.4,6.0,201.7,-0.9,-6.2,0.0,0,0,1,0,2,1,0,1.5,1,0,0,1
PT-121,2026-10-08T21:35:00,67,29.9,8.9,7.7,0,149.4,76.8,36.0,7.7,7730,352.2,69.3,33.0,7.7,14.2,350.83,348.8,344.16,335.29,5.51,17.2,18.1,-14.2,9.2,202.8,-7.5,-3.0,0.0,0,0,1,0,2,1,0,1.58,1,0,0,1
PT-121,2026-10-08T21:40:00,67,29.9,8.9,7.7,0,149.4,76.8,36.0,7.7,7730,354.2,74.9,27.9,7.7,13.0,352.5,350.27,345.69,336.78,5.53,17.6,18.4,1.2,-9.0,204.8,-1.9,-8.1,0.0,0,0,1,0,2,1,0,1.67,1,0,0,1
PT-121,2026-10-08T21:45:00,67,29.9,8.9,7.7,0,149.4,76.8,36.0,7.7,7730,355.5,73.0,29.2,7.7,15.6,353.97,351.73,347.2,338.25,5.53,17.6,18.1,-4.0,-0.8,206.1,-3.8,-6.8,0.0,0,0,1,0,2,1,0,1.75,1,0,0,1
PT-121,2026-10-08T21:50:00,67,29.9,8.9,7.7,0,149.4,76.8,36.0,7.7,7730,356.9,79.9,27.9,7.7,24.8,355.53,353.18,348.75,339.71,5.42,17.4,18.6,-0.6,-3.6,207.5,3.1,-8.1,0.0,0,0,1,0,2,1,0,1.83,1,0,0,1
PT-121,2026-10-08T21:55:00,67,29.9,8.9,7.7,0,149.4,76.8,36.0,7.7,7730,357.8,79.0,29.9,7.7,20.3,356.73,354.62,350.22,341.17,5.27,17.2,17.6,1.0,4.4,208.4,2.2,-6.1,0.0,0,0,1,0,2,1,0,1.92,1,0,0,1
PT-122,2026-10-08T08:00:00,59,28.7,11.2,7.8,1,158.8,67.5,46.8,6.8,8988,162.2,68.5,48.0,6.8,6.7,162.2,162.2,162.2,162.2,0.0,0.0,0.0,0.0,0.0,3.4,1.0,1.2,0.0,1,0,0,0,1,1,0,0.0,0,0,0,0
PT-122,2026-10-08T08:05:00,59,28.7,11.2,7.8,1,158.8,67.5,46.8,6.8,8988,154.3,72.3,50.2,6.8,8.7,158.25,158.25,158.25,158.25,5.59,0.0,0.0,0.0,0.0,-4.5,4.8,3.4,0.0,1,0,0,0,1,1,0,0.08,0,0,0,0
PT-122,2026-10-08T08:10:00,59,28.7,11.2,7.8,1,158.8,67.5,46.8,6.8,8988,166.3,69.7,44.4,6.8,5.5,160.93,160.93,160.93,160.93,6.1,0.0,0.0,0.0,0.0,7.5,2.2,-2.4,0.0,1,0,0,0,1,1,0,0.17,0,0,0,0
PT-122,2026-10-08T08:15:00,59,28.7,11.2,7.8,1,158.8,67.5,46.8,6.8,8988,164.0,71.7,42.8,6.8,20.7,161.53,161.7,161.7,161.7,5.21,0.0,0.0,0.0,0.0,5.2,4.2,-4.0,0.0,1,0,0,0,1,1,0,0.25,0,0,0,0
PT-122,2026-10-08T08:20:00,59,28.7,11.2,7.8,1,158.8,67.5,46.8,6.8,8988,156.2,71.5,43.1,6.8,7.9,162.17,160.6,160.6,160.6,5.14,0.0,0.0,0.0,0.0,-2.6,4.0,-3.7,0.0,1,0,0,0,1,1,0,0.33,0,0,0,0
PT-122,2026-10-08T08:25:00,59,28.7,11.2,7.8,1,158.8,67.5,46.8,6.8,8988,159.4,75.6,42.5,6.8,21.3,159.87,160.4,160.4,160.4,4.62,0.0,0.0,0.0,0.0,0.6,8.1,-4.3,0.0,1,0,0,0,1,1,0,0.42,0,0,0,0
PT-122,2026-10-08T08:30:00,59,28.7,11.2,7.8,1,158.8,67.5,46.8,6.8,8988,162.4,81.1,40.4,6.8,45.2,159.33,160.43,160.69,160.69,4.29,0.4,0.0,25.2,-15.2,3.6,13.6,-6.4,0.0,1,0,0,0,1,1,0,0.5,0,0,0,0
PT-122,2026-10-08T08:35:00,59,28.7,11.2,7.8,1,158.8,67.5,46.8,6.8,8988,167.0,79.8,39.5,6.8,62.6,162.93,162.55,161.48,161.48,4.55,25.4,0.0,15.0,-21.4,8.2,12.3,-7.3,0.0,1,0,0,0,1,1,0,0.58,0,0,0,0
PT-122,2026-10-08T08:40:00,59,28.7,11.2,7.8,1,158.8,67.5,46.8,6.8,8988,161.1,76.7,38.5,6.8,55.3,163.5,161.68,161.43,161.43,4.26,-10.4,0.0,14.0,-11.8,2.3,9.2,-8.3,0.0,1,0,0,0,1,1,0,0.67,0,0,0,0
PT-122,2026-10-08T08:45:00,59,28.7,11.2,7.8,1,158.8,67.5,46.8,6.8,8988,156.7,81.6,38.2,6.8,59.9,161.6,160.47,160.96,160.96,4.29,-14.6,0.0,19.8,-9.2,-2.1,14.1,-8.6,0.0,1,0,0,0,1,1,0,0.75,0,0,0,0
PT-122,2026-10-08T08:50:00,59,28.7,11.2,7.8,1,158.8,67.5,46.8,6.8,8988,166.6,80.7,43.6,6.8,56.6,161.47,162.2,161.47,161.47,4.41,20.8,0.0,18.4,1.0,7.8,13.2,-3.2,0.0,1,0,0,0,1,1,0,0.83,0,0,0,0
PT-122,2026-10-08T08:55:00,59,28.7,11.2,7.8,1,158.8,67.5,46.8,6.8,8988,164.2,76.5,41.2,6.8,56.1,162.5,163.0,161.7,161.7,4.28,9.6,0.0,1.8,-2.6,5.4,9.0,-5.6,0.0,1,0,0,0,1,1,0,0.92,0,0,0,0
PT-122,2026-10-08T09:00:00,59,28.7,11.2,7.8,1,158.8,67.5,46.8,6.8,8988,166.1,82.5,34.9,6.8,71.4,165.63,163.62,162.02,162.04,4.46,7.4,3.9,2.8,-11.0,7.3,15.0,-11.9,0.0,1,0,0,0,1,1,0,1.0,0,0,0,0
PT-122,2026-10-08T09:05:00,59,28.7,11.2,7.8,1,158.8,67.5,46.8,6.8,8988,161.6,75.1,39.5,6.8,66.7,163.97,162.72,162.63,162.01,3.76,-10.8,7.3,-9.4,0.0,2.8,7.6,-7.3,0.0,1,0,0,0,1,1,0,1.08,0,0,0,0
PT-122,2026-10-08T09:10:00,59,28.7,11.2,7.8,1,158.8,67.5,46.8,6.8,8988,163.7,80.4,40.5,6.8,52.4,163.8,163.15,162.42,162.12,3.6,5.2,-2.6,7.4,4.0,4.9,12.9,-6.3,0.0,1,0,0,0,1,1,0,1.17,0,0,0,0
PT-122,2026-10-08T09:15:00,59,28.7,11.2,7.8,1,158.8,67.5,46.8,6.8,8988,165.8,80.1,36.3,6.8,66.7,163.7,164.67,162.57,162.35,3.7,18.2,1.8,-3.0,-3.8,7.0,12.6,-10.5,0.0,1,0,0,0,1,1,0,1.25,0,0,0,0
PT-122,2026-10-08T09:20:00,59,28.7,11.2,7.8,1,158.8,67.5,46.8,6.8,8988,164.7,83.6,36.6,6.8,67.4,164.73,164.35,163.28,162.49,3.15,-3.8,8.5,5.8,-14.0,5.9,16.1,-10.2,0.0,1,0,0,0,1,1,0,1.33,0,0,0,0
PT-122,2026-10-08T09:25:00,59,28.7,11.2,7.8,1,158.8,67.5,46.8,6.8,8988,156.6,79.1,43.9,6.8,49.0,162.37,163.08,163.04,162.16,3.54,-15.2,-2.8,5.2,5.4,-2.2,11.6,-2.9,0.0,1,0,0,0,1,1,0,1.42,0,0,0,0
PT-122,2026-10-08T09:30:00,59,28.7,11.2,7.8,1,158.8,67.5,46.8,6.8,8988,160.1,81.8,40.2,6.8,66.5,160.47,162.08,162.85,162.05,3.64,-12.0,-2.3,-1.4,10.6,1.3,14.3,-6.6,0.0,1,0,0,0,1,1,0,1.5,0,0,0,0
PT-122,2026-10-08T09:35:00,59,28.7,11.2,7.8,1,158.8,67.5,46.8,6.8,8988,157.5,76.0,45.4,6.8,23.3,158.07,161.4,162.06,161.82,3.69,-8.2,-9.5,1.8,11.8,-1.3,8.5,-1.4,0.0,1,0,0,0,1,1,0,1.58,0,0,0,0
PT-122,2026-10-08T09:40:00,59,28.7,11.2,7.8,1,158.8,67.5,46.8,6.8,8988,159.0,76.2,44.8,6.8,16.7,158.87,160.62,161.88,161.69,3.78,-9.4,-2.1,-8.4,8.6,0.2,8.7,-2.0,0.0,1,0,0,0,1,1,0,1.67,0,0,0,0
PT-122,2026-10-08T09:45:00,59,28.7,11.2,7.8,1,158.8,67.5,46.8,6.8,8988,164.8,70.8,40.6,6.8,5.9,160.43,160.45,162.56,161.83,3.49,-2.0,8.1,-18.6,8.6,6.0,3.3,-6.2,0.0,1,0,0,0,1,1,0,1.75,0,0,0,0
PT-122,2026-10-08T09:50:00,59,28.7,11.2,7.8,1,158.8,67.5,46.8,6.8,8988,158.9,74.5,41.4,6.8,18.4,160.9,159.48,161.92,161.7,3.38,-11.6,-7.7,-18.2,9.6,0.1,7.0,-5.4,0.0,1,0,0,0,1,1,0,1.83,0,0,0,0
PT-122,2026-10-08T09:55:00,59,28.7,11.2,7.8,1,158.8,67.5,46.8,6.8,8988,161.9,73.9,44.5,6.8,24.5,161.87,160.37,161.72,161.71,3.31,10.6,-2.3,-10.4,1.2,3.1,6.4,-2.3,0.0,1,0,0,0,1,1,0,1.92,0,0,0,0
PT-122,2026-10-08T10:00:00,59,28.7,11.2,7.8,1,158.8,67.5,46.8,6.8,8988,166.4,74.9,46.5,6.8,18.0,162.4,161.42,161.75,161.89,3.34,12.6,0.3,-13.8,12.6,7.6,7.4,-0.3,0.0,1,0,0,0,1,1,0,2.0,0,0,0,0
PT-122,2026-10-08T10:05:00,59,28.7,11.2,7.8,1,158.8,67.5,46.8,6.8,8988,166.6,74.0,48.8,6.8,9.3,164.97,162.93,162.17,162.4,3.62,18.2,5.0,-4.0,6.8,7.8,6.5,2.0,0.0,1,0,0,0,1,1,0,2.08,0,0,0,0
PT-122,2026-10-08T10:10:00,59,28.7,11.2,7.8,1,158.8,67.5,46.8,6.8,8988,164.3,74.2,45.5,6.8,17.8,165.77,163.82,162.22,162.32,3.65,10.6,0.6,-4.0,1.4,5.5,6.7,-1.3,0.0,1,0,0,0,1,1,0,2.17,0,0,0,0
PT-122,2026-10-08T10:15:00,59,28.7,11.2,7.8,1,158.8,67.5,46.8,6.8,8988,166.0,71.2,43.5,6.8,17.9,165.63,164.02,162.23,162.4,3.67,2.4,0.2,0.8,5.8,7.2,3.7,-3.3,0.0,1,0,0,0,1,1,0,2.25,0,0,0,0
PT-122,2026-10-08T10:20:00,59,28.7,11.2,7.8,1,158.8,67.5,46.8,6.8,8988,166.1,70.6,45.3,6.8,15.1,165.47,165.22,162.35,162.81,3.77,14.4,1.4,-7.8,7.8,7.3,3.1,-1.5,0.0,1,0,0,0,1,1,0,2.33,0,0,0,0
PT-122,2026-10-08T10:25:00,59,28.7,11.2,7.8,1,158.8,67.5,46.8,6.8,8988,161.5,69.8,47.7,6.8,5.0,164.53,165.15,162.76,162.9,3.33,-0.8,4.9,-8.2,6.4,2.7,2.3,0.9,0.0,1,0,0,0,1,1,0,2.42,0,0,0,0
PT-122,2026-10-08T10:30:00,59,28.7,11.2,7.8,1,158.8,67.5,46.8,6.8,8988,160.2,74.4,45.0,6.8,14.4,162.6,164.12,162.77,162.81,3.33,-12.4,0.1,-1.0,-3.0,1.4,6.9,-1.8,0.0,1,0,0,0,1,1,0,2.5,0,0,0,0
PT-122,2026-10-08T10:35:00,59,28.7,11.2,7.8,1,158.8,67.5,46.8,6.8,8988,175.4,72.4,42.0,6.8,23.8,165.7,165.58,164.26,163.16,4.54,17.6,17.9,-3.2,-13.6,16.6,4.9,-4.8,0.0,1,0,0,0,1,1,0,2.58,0,0,0,0
PT-122,2026-10-08T10:40:00,59,28.7,11.2,7.8,1,158.8,67.5,46.8,6.8,8988,171.8,72.8,43.5,6.8,6.7,169.13,166.83,165.32,163.6,4.7,15.0,12.8,-2.8,-4.0,13.0,5.3,-3.3,0.0,1,0,0,0,1,1,0,2.67,0,0,0,0
PT-122,2026-10-08T10:45:00,59,28.7,11.2,7.8,1,158.8,67.5,46.8,6.8,8988,161.3,77.4,42.2,6.8,14.0,169.5,166.05,165.03,163.8,4.84,-9.4,-3.5,12.4,-2.6,2.5,9.9,-4.6,0.0,1,0,0,0,1,1,0,2.75,0,0,0,0
PT-122,2026-10-08T10:50:00,59,28.7,11.2,7.8,1,158.8,67.5,46.8,6.8,8988,161.2,74.1,44.9,6.8,8.9,164.77,165.23,165.22,163.57,4.61,-9.8,2.3,7.0,-0.8,2.4,6.6,-1.9,0.0,1,0,0,0,1,1,0,2.83,0,0,0,0
PT-122,2026-10-08T10:55:00,59,28.7,11.2,7.8,1,158.8,67.5,46.8,6.8,8988,160.1,71.8,48.0,6.8,5.6,160.87,165.0,165.08,163.4,4.76,-2.8,-1.8,4.0,0.6,1.3,4.3,1.2,0.0,1,0,0,0,1,1,0,2.92,0,0,0,0
PT-122,2026-10-08T11:00:00,59,28.7,11.2,7.8,1,158.8,67.5,46.8,6.8,8988,168.4,75.5,47.9,6.8,19.9,163.23,166.37,165.24,163.5,4.84,16.4,2.0,2.2,5.8,9.6,8.0,1.1,0.0,1,0,0,0,1,1,0,3.0,0,0,0,0
PT-122,2026-10-08T11:05:00,59,28.7,11.2,7.8,1,158.8,67.5,46.8,6.8,8988,170.6,73.4,50.3,6.8,13.4,166.37,165.57,165.58,163.87,5.08,-9.6,4.0,2.0,16.6,11.8,5.9,3.5,0.0,1,0,0,0,1,1,0,3.08,0,0,0,0
PT-122,2026-10-08T11:10:00,59,28.7,11.2,7.8,1,158.8,67.5,46.8,6.8,8988,164.4,73.7,45.3,6.8,22.3,167.8,164.33,165.58,163.9,5.07,-14.8,0.1,1.8,3.6,5.6,6.2,-1.5,0.0,1,0,0,0,1,1,0,3.17,0,0,0,0
PT-122,2026-10-08T11:15:00,59,28.7,11.2,7.8,1,158.8,67.5,46.8,6.8,8988,161.4,72.6,45.9,6.8,5.8,165.47,164.35,165.2,163.72,5.21,0.2,-4.6,-9.6,7.4,2.6,5.1,-0.9,0.0,1,0,0,0,1,1,0,3.25,0,0,0,0
PT-122,2026-10-08T11:20:00,59,28.7,11.2,7.8,1,158.8,67.5,46.8,6.8,8988,160.5,74.7,45.0,6.8,9.8,162.1,164.23,164.73,163.54,5.37,-1.4,-5.6,1.2,0.2,1.7,7.2,-1.8,0.0,1,0,0,0,1,1,0,3.33,0,0,0,0
PT-122,2026-10-08T11:25:00,59,28.7,11.2,7.8,1,158.8,67.5,46.8,6.8,8988,167.2,72.1,45.2,6.8,14.4,163.03,165.42,165.21,163.98,5.31,14.2,5.7,0.6,-5.6,8.4,4.6,-1.6,0.0,1,0,0,0,1,1,0,3.42,0,0,0,0
PT-122,2026-10-08T11:30:00,59,28.7,11.2,7.8,1,158.8,67.5,46.8,6.8,8988,162.8,70.2,45.1,6.8,18.7,163.5,164.48,165.42,164.1,5.14,-11.2,2.6,-10.6,-5.6,4.0,2.7,-1.7,0.0,1,0,0,0,1,1,0,3.5,0,0,0,0
PT-122,2026-10-08T11:35:00,59,28.7,11.2,7.8,1,158.8,67.5,46.8,6.8,8988,161.6,69.4,44.4,6.8,9.7,163.87,162.98,164.28,164.27,4.15,-18.0,-13.8,-8.0,-11.8,2.8,1.9,-2.4,0.0,1,0,0,0,1,1,0,3.58,0,0,0,0
PT-122,2026-10-08T11:40:00,59,28.7,11.2,7.8,1,158.8,67.5,46.8,6.8,8988,160.7,73.2,48.2,6.8,17.3,161.7,162.37,163.35,164.34,3.51,-7.4,-11.1,-1.0,5.8,1.9,5.7,1.4,0.0,1,0,0,0,1,1,0,3.67,0,0,0,0
PT-122,2026-10-08T11:45:00,59,28.7,11.2,7.8,1,158.8,67.5,46.8,6.8,8988,165.2,72.6,45.7,6.8,10.9,162.5,163.0,163.67,164.35,3.49,7.6,3.9,0.0,-0.4,6.4,5.1,-1.1,0.0,1,0,0,0,1,1,0,3.75,0,0,0,0
PT-122,2026-10-08T11:50:00,59,28.7,11.2,7.8,1,158.8,67.5,46.8,6.8,8988,163.5,75.5,48.7,6.8,11.9,163.13,163.5,163.87,164.55,3.4,6.0,2.3,1.6,7.4,4.7,8.0,1.9,0.0,1,0,0,0,1,1,0,3.83,0,0,0,0
PT-122,2026-10-08T11:55:00,59,28.7,11.2,7.8,1,158.8,67.5,46.8,6.8,8988,163.0,76.2,47.9,6.8,5.3,163.9,162.8,164.11,164.59,3.2,-8.4,2.9,8.2,5.4,4.2,8.7,1.1,0.0,1,0,0,0,1,1,0,3.92,0,0,0,0
PT-122,2026-10-08T12:00:00,59,28.7,11.2,7.8,1,158.8,67.5,46.8,6.8,8988,169.4,77.3,50.2,6.8,19.4,165.3,163.9,164.19,164.72,3.34,13.2,1.0,14.2,10.2,10.6,9.8,3.4,0.0,0,1,0,0,1,1,0,4.0,0,0,0,0
PT-122,2026-10-08T12:05:00,59,28.7,11.2,7.8,1,158.8,67.5,46.8,6.8,8988,158.0,72.8,40.7,6.8,6.0,163.47,163.3,163.14,164.36,3.11,-7.2,-12.6,6.8,-7.4,-0.8,5.3,-6.1,0.0,0,1,0,0,1,1,0,4.08,0,0,0,0
PT-122,2026-10-08T12:10:00,59,28.7,11.2,7.8,1,158.8,67.5,46.8,6.8,8988,169.2,74.0,46.1,6.8,8.2,165.53,164.72,163.54,164.56,3.56,17.0,4.8,1.6,-4.2,10.4,6.5,-0.7,0.0,0,1,0,0,1,1,0,4.17,0,0,0,0
PT-122,2026-10-08T12:15:00,59,28.7,11.2,7.8,1,158.8,67.5,46.8,6.8,8988,169.0,74.2,46.1,6.8,24.1,165.4,165.35,164.18,164.69,3.82,7.6,7.6,3.2,0.8,10.2,6.7,-0.7,0.0,0,1,0,0,1,1,0,4.25,0,0,0,0
PT-122,2026-10-08T12:20:00,59,28.7,11.2,7.8,1,158.8,67.5,46.8,6.8,8988,164.3,74.0,45.1,6.8,11.7,167.5,165.48,164.49,164.61,3.64,1.6,3.8,-3.0,-7.2,5.5,6.5,-1.7,0.0,0,1,0,0,1,1,0,4.33,0,0,0,0
PT-122,2026-10-08T12:25:00,59,28.7,11.2,7.8,1,158.8,67.5,46.8,6.8,8988,166.4,71.8,44.2,6.8,8.6,166.57,166.05,164.42,164.82,3.59,6.8,-0.8,-8.8,-7.4,7.6,4.3,-2.6,0.0,0,1,0,0,1,1,0,4.42,0,0,0,0
PT-122,2026-10-08T12:30:00,59,28.7,11.2,7.8,1,158.8,67.5,46.8,6.8,8988,166.6,72.1,41.4,6.8,22.1,165.77,165.58,164.74,165.08,3.6,-5.6,3.8,-10.4,-17.6,7.8,4.6,-5.4,0.0,0,1,0,0,1,1,0,4.5,0,0,0,0
PT-122,2026-10-08T12:35:00,59,28.7,11.2,7.8,1,158.8,67.5,46.8,6.8,8988,168.5,73.4,45.7,6.8,23.0,167.17,167.33,165.32,164.8,3.6,21.0,6.9,1.2,10.0,9.7,5.9,-1.1,0.0,0,1,0,0,1,1,0,4.58,0,0,0,0
PT-122,2026-10-08T12:40:00,59,28.7,11.2,7.8,1,158.8,67.5,46.8,6.8,8988,163.6,74.7,42.5,6.8,6.1,166.23,166.4,165.56,164.45,3.35,-11.2,2.9,1.4,-7.2,4.8,7.2,-4.3,0.0,0,1,0,0,1,1,0,4.67,0,0,0,0
PT-122,2026-10-08T12:45:00,59,28.7,11.2,7.8,1,158.8,67.5,46.8,6.8,8988,169.7,74.6,47.1,6.8,15.9,167.27,166.52,165.93,164.8,3.56,1.4,4.5,0.8,2.0,10.9,7.1,0.3,0.0,0,1,0,0,1,1,0,4.75,0,0,0,0
PT-122,2026-10-08T12:50:00,59,28.7,11.2,7.8,1,158.8,67.5,46.8,6.8,8988,163.0,72.5,43.8,6.8,14.1,165.43,166.3,165.89,164.88,3.59,-2.6,-0.5,-3.0,-2.6,4.2,5.0,-3.0,0.0,0,1,0,0,1,1,0,4.83,0,0,0,0
PT-122,2026-10-08T12:55:00,59,28.7,11.2,7.8,1,158.8,67.5,46.8,6.8,8988,168.9,74.7,42.5,6.8,21.3,167.2,166.72,166.38,165.25,3.56,5.0,5.9,5.8,-3.4,10.1,7.2,-4.3,0.0,0,1,0,0,1,1,0,4.92,0,0,0,0
PT-122,2026-10-08T13:00:00,59,28.7,11.2,7.8,1,158.8,67.5,46.8,6.8,8988,165.9,77.2,42.1,6.8,27.9,165.93,166.6,166.09,165.14,3.43,-1.4,-3.5,10.2,1.4,7.1,9.7,-4.7,0.0,0,1,0,0,1,1,0,5.0,0,0,0,0
PT-122,2026-10-08T13:05:00,59,28.7,11.2,7.8,1,158.8,67.5,46.8,6.8,8988,163.7,75.2,40.5,6.8,22.6,166.17,165.8,166.57,164.85,2.47,-9.6,5.7,3.6,-10.4,4.9,7.7,-6.3,0.0,0,1,0,0,1,1,0,5.08,0,0,0,0
PT-122,2026-10-08T13:10:00,59,28.7,11.2,7.8,1,158.8,67.5,46.8,6.8,8988,167.1,74.9,48.6,6.8,18.6,165.57,166.38,166.39,164.97,2.34,7.0,-2.1,0.4,12.2,8.3,7.4,1.8,0.0,0,1,0,0,1,1,0,5.17,0,0,0,0
PT-122,2026-10-08T13:15:00,59,28.7,11.2,7.8,1,158.8,67.5,46.8,6.8,8988,173.4,79.3,45.6,6.8,21.2,168.07,167.0,166.76,165.47,3.03,7.4,4.4,9.4,-3.0,14.6,11.8,-1.2,0.0,0,1,0,0,1,1,0,5.25,0,0,0,0
PT-122,2026-10-08T13:20:00,59,28.7,11.2,7.8,1,158.8,67.5,46.8,6.8,8988,172.0,72.0,45.4,6.8,19.8,170.83,168.5,167.4,165.95,3.27,18.0,7.7,-1.0,3.2,13.2,4.5,-1.4,0.0,0,1,0,0,1,1,0,5.33,0,0,0,0
PT-122,2026-10-08T13:25:00,59,28.7,11.2,7.8,1,158.8,67.5,46.8,6.8,8988,168.6,78.3,40.4,6.8,24.4,171.33,168.45,167.58,166.0,3.27,-0.6,2.2,7.2,-4.2,9.8,10.8,-6.4,0.0,0,1,0,0,1,1,0,5.42,0,0,0,0
PT-122,2026-10-08T13:30:00,59,28.7,11.2,7.8,1,158.8,67.5,46.8,6.8,8988,161.1,74.3,43.5,6.8,17.0,167.23,167.65,167.12,165.93,3.77,-9.6,-5.5,-5.8,2.8,2.3,6.8,-3.3,0.0,0,1,0,0,1,1,0,5.5,0,0,0,0
PT-122,2026-10-08T13:35:00,59,28.7,11.2,7.8,1,158.8,67.5,46.8,6.8,8988,168.0,76.2,46.7,6.8,16.8,165.9,168.37,167.08,166.2,3.75,8.6,-0.5,2.0,12.4,9.2,8.7,-0.1,0.0,0,1,0,0,1,1,0,5.58,0,0,0,0
PT-122,2026-10-08T13:40:00,59,28.7,11.2,7.8,1,158.8,67.5,46.8,6.8,8988,167.4,77.5,40.5,6.8,26.5,165.5,168.42,167.4,166.48,3.59,0.6,3.8,5.2,-16.2,8.6,10.0,-6.3,0.0,0,1,0,0,1,1,0,5.67,0,0,0,0
PT-122,2026-10-08T13:45:00,59,28.7,11.2,7.8,1,158.8,67.5,46.8,6.8,8988,163.7,74.6,42.0,6.8,21.6,166.37,166.8,166.9,166.42,3.66,-19.4,-6.0,-9.4,-7.2,4.9,7.1,-4.8,0.0,0,1,0,0,1,1,0,5.75,0,0,0,0
PT-122,2026-10-08T13:50:00,59,28.7,11.2,7.8,1,158.8,67.5,46.8,6.8,8988,166.6,73.1,41.8,6.8,21.5,165.9,165.9,167.2,166.55,3.45,-10.8,3.6,2.2,-7.2,7.8,5.6,-5.0,0.0,0,1,0,0,1,1,0,5.83,0,0,0,0
PT-122,2026-10-08T13:55:00,59,28.7,11.2,7.8,1,158.8,67.5,46.8,6.8,8988,166.9,73.8,41.3,6.8,18.3,165.73,165.62,167.03,166.71,3.41,-3.4,-2.0,-9.0,1.8,8.1,6.3,-5.5,0.0,0,1,0,0,1,1,0,5.92,0,0,0,0
PT-122,2026-10-08T14:00:00,59,28.7,11.2,7.8,1,158.8,67.5,46.8,6.8,8988,167.5,78.0,45.4,6.8,25.2,167.0,166.68,167.17,166.63,3.39,12.8,1.6,7.4,3.8,8.7,10.5,-1.4,0.0,0,1,0,0,1,1,0,6.0,0,0,0,0
PT-122,2026-10-08T14:05:00,59,28.7,11.2,7.8,1,158.8,67.5,46.8,6.8,8988,162.3,73.1,44.6,6.8,22.2,165.57,165.73,167.05,166.81,3.54,-11.4,-1.4,-6.2,-4.2,3.5,5.6,-2.2,0.0,0,1,0,0,1,1,0,6.08,0,0,0,0
PT-122,2026-10-08T14:10:00,59,28.7,11.2,7.8,1,158.8,67.5,46.8,6.8,8988,167.8,73.2,45.9,6.8,13.8,165.87,165.8,167.11,166.75,3.55,0.8,0.7,-8.6,10.8,9.0,5.7,-0.9,0.0,0,1,0,0,1,1,0,6.17,0,0,0,0
PT-122,2026-10-08T14:15:00,59,28.7,11.2,7.8,1,158.8,67.5,46.8,6.8,8988,163.5,72.7,45.5,6.8,20.2,164.53,165.77,166.28,166.52,3.07,-0.4,-9.9,-3.8,7.0,4.7,5.2,-1.3,0.0,0,1,0,0,1,1,0,6.25,0,0,0,0
PT-122,2026-10-08T14:20:00,59,28.7,11.2,7.8,1,158.8,67.5,46.8,6.8,8988,169.5,71.5,44.6,6.8,21.7,166.93,166.25,166.08,166.74,2.71,5.8,-2.5,-3.2,5.6,10.7,4.0,-2.2,0.0,0,1,0,0,1,1,0,6.33,0,0,0,0
PT-122,2026-10-08T14:25:00,59,28.7,11.2,7.8,1,158.8,67.5,46.8,6.8,8988,163.5,71.3,46.8,6.8,7.6,165.5,165.68,165.65,166.62,2.68,-6.8,-5.1,-5.0,11.0,4.7,3.8,0.0,0.0,0,1,0,0,1,1,0,6.42,0,0,0,0
PT-122,2026-10-08T14:30:00,59,28.7,11.2,7.8,1,158.8,67.5,46.8,6.8,8988,162.5,73.6,42.6,6.8,6.2,165.17,164.85,165.77,166.45,2.49,-10.0,1.4,-8.8,-5.6,3.7,6.1,-4.2,0.0,0,1,0,0,1,1,0,6.5,0,0,0,0
PT-122,2026-10-08T14:35:00,59,28.7,11.2,7.8,1,158.8,67.5,46.8,6.8,8988,166.6,73.1,44.0,6.8,18.7,164.2,165.57,165.65,166.37,2.4,8.6,-1.4,0.0,-1.2,7.8,5.6,-2.8,0.0,0,1,0,0,1,1,0,6.58,0,0,0,0
PT-122,2026-10-08T14:40:00,59,28.7,11.2,7.8,1,158.8,67.5,46.8,6.8,8988,170.9,71.2,47.7,6.8,6.0,166.67,166.08,165.94,166.67,2.81,6.2,3.5,-4.0,3.6,12.1,3.7,0.9,0.0,0,1,0,0,1,1,0,6.67,0,0,0,0
PT-122,2026-10-08T14:45:00,59,28.7,11.2,7.8,1,158.8,67.5,46.8,6.8,8988,175.1,77.2,45.3,6.8,24.2,170.87,168.02,166.89,166.9,3.75,23.2,11.4,9.0,-0.4,16.3,9.7,-1.5,0.0,0,1,0,0,1,1,0,6.75,0,0,0,0
PT-122,2026-10-08T14:50:00,59,28.7,11.2,7.8,1,158.8,67.5,46.8,6.8,8988,161.6,71.8,44.4,6.8,23.5,169.2,166.7,166.48,166.84,4.05,-15.8,-5.0,0.6,-0.4,2.8,4.3,-2.4,0.0,0,1,0,0,1,1,0,6.83,0,0,0,0
PT-122,2026-10-08T14:55:00,59,28.7,11.2,7.8,1,158.8,67.5,46.8,6.8,8988,165.8,76.2,43.9,6.8,22.0,167.5,167.08,166.38,166.71,4.06,4.6,-1.1,9.8,-5.8,7.0,8.7,-2.9,0.0,0,1,0,0,1,1,0,6.92,0,0,0,0
PT-122,2026-10-08T15:00:00,59,28.7,11.2,7.8,1,158.8,67.5,46.8,6.8,8988,167.2,73.4,46.3,6.8,15.4,164.87,167.87,166.36,166.76,4.05,9.4,-0.3,-0.4,7.4,8.4,5.9,-0.5,0.0,0,1,0,0,1,1,0,7.0,0,0,0,0
PT-122,2026-10-08T15:05:00,59,28.7,11.2,7.8,1,158.8,67.5,46.8,6.8,8988,160.9,71.9,46.4,6.8,5.9,164.63,166.92,166.24,166.65,4.19,-11.4,-1.4,-2.4,4.8,2.1,4.4,-0.4,0.0,0,1,0,0,1,1,0,7.08,0,0,0,0
PT-122,2026-10-08T15:10:00,59,28.7,11.2,7.8,1,158.8,67.5,46.8,6.8,8988,167.1,74.6,47.6,6.8,15.4,165.07,166.28,166.18,166.65,4.18,-7.6,-0.7,6.8,-0.2,8.3,7.1,0.8,0.0,0,1,0,0,1,1,0,7.17,0,0,0,0
PT-122,2026-10-08T15:15:00,59,28.7,11.2,7.8,1,158.8,67.5,46.8,6.8,8988,166.1,71.3,45.7,6.8,7.9,164.7,164.78,166.4,166.34,4.09,-18.0,2.6,-11.8,0.8,7.3,3.8,-1.1,0.0,0,1,0,0,1,1,0,7.25,0,0,0,0
PT-122,2026-10-08T15:20:00,59,28.7,11.2,7.8,1,158.8,67.5,46.8,6.8,8988,169.8,71.9,47.9,6.8,8.2,167.67,166.15,166.42,166.25,4.11,16.4,0.3,0.2,7.0,11.0,4.4,1.1,0.0,0,1,0,0,1,1,0,7.33,0,0,0,0
PT-122,2026-10-08T15:25:00,59,28.7,11.2,7.8,1,158.8,67.5,46.8,6.8,8988,169.9,70.7,44.9,6.8,8.0,168.6,166.83,166.96,166.3,4.11,8.2,6.4,-11.0,2.0,11.1,3.2,-1.9,0.0,0,1,0,0,1,1,0,7.42,0,0,0,0
PT-122,2026-10-08T15:30:00,59,28.7,11.2,7.8,1,158.8,67.5,46.8,6.8,8988,158.2,76.1,41.9,6.8,19.1,165.97,165.33,166.6,166.18,4.68,-18.0,-4.3,5.4,-8.8,-0.6,8.6,-4.9,0.0,0,1,0,0,1,1,0,7.5,0,0,0,0
PT-122,2026-10-08T15:35:00,59,28.7,11.2,7.8,1,158.8,67.5,46.8,6.8,8988,166.2,75.4,47.0,6.8,18.4,164.77,166.22,166.57,166.11,4.69,10.6,-0.4,7.0,1.2,7.4,7.9,0.2,0.0,0,1,0,0,1,1,0,7.58,0,0,0,0
PT-122,2026-10-08T15:40:00,59,28.7,11.2,7.8,1,158.8,67.5,46.8,6.8,8988,171.0,72.1,43.9,6.8,18.5,165.13,166.87,166.58,166.26,4.69,7.8,0.1,-5.0,-7.4,12.2,4.6,-2.9,0.0,0,1,0,0,1,1,0,7.67,0,0,0,0
PT-122,2026-10-08T15:45:00,59,28.7,11.2,7.8,1,158.8,67.5,46.8,6.8,8988,170.7,71.2,44.4,6.8,16.9,169.3,167.63,166.21,166.55,4.1,9.2,-4.4,-0.2,-2.6,11.9,3.7,-2.4,0.0,0,1,0,0,1,1,0,7.75,0,0,0,0
PT-122,2026-10-08T15:50:00,59,28.7,11.2,7.8,1,158.8,67.5,46.8,6.8,8988,166.8,67.4,45.5,6.8,9.0,169.5,167.13,166.64,166.56,3.84,-6.0,5.2,-9.0,-4.8,8.0,-0.1,-1.3,0.0,0,1,0,0,1,1,0,7.83,0,0,0,0
PT-122,2026-10-08T15:55:00,59,28.7,11.2,7.8,1,158.8,67.5,46.8,6.8,8988,160.8,72.5,50.0,6.8,5.8,166.1,165.62,166.22,166.3,4.19,-18.2,-5.0,3.6,10.2,2.0,5.0,3.2,0.0,0,1,0,0,1,1,0,7.92,0,0,0,0
PT-122,2026-10-08T16:00:00,59,28.7,11.2,7.8,1,158.8,67.5,46.8,6.8,8988,166.6,74.8,45.4,6.8,11.1,164.73,167.02,166.18,166.27,4.18,16.8,-0.6,-2.6,7.0,7.8,7.3,-1.4,0.0,0,1,0,0,1,1,0,8.0,0,0,0,0
PT-122,2026-10-08T16:05:00,59,28.7,11.2,7.8,1,158.8,67.5,46.8,6.8,8988,170.8,65.7,43.4,6.8,12.7,166.07,167.78,167.0,166.62,4.02,9.2,9.9,-19.4,-7.2,12.0,-1.8,-3.4,0.0,0,1,0,0,1,1,0,8.08,0,0,0,0
PT-122,2026-10-08T16:10:00,59,28.7,11.2,7.8,1,158.8,67.5,46.8,6.8,8988,164.3,70.6,44.6,6.8,10.2,167.23,166.67,166.77,166.48,4.1,-13.4,-2.8,-3.0,1.4,5.5,3.1,-2.2,0.0,0,1,0,0,1,1,0,8.17,0,0,0,0
PT-122,2026-10-08T16:15:00,59,28.7,11.2,7.8,1,158.8,67.5,46.8,6.8,8988,158.3,73.5,44.8,6.8,24.1,164.47,164.6,166.12,166.26,4.77,-24.8,-7.8,4.6,0.8,-0.5,6.0,-2.0,0.0,0,1,0,0,1,1,0,8.25,0,0,0,0
PT-122,2026-10-08T16:20:00,59,28.7,11.2,7.8,1,158.8,67.5,46.8,6.8,8988,167.8,70.4,39.1,6.8,5.7,163.47,164.77,165.95,166.19,4.67,2.0,-2.0,6.0,-12.8,9.0,2.9,-7.7,0.0,0,1,0,0,1,1,0,8.33,0,0,0,0
PT-122,2026-10-08T16:25:00,59,28.7,11.2,7.8,1,158.8,67.5,46.8,6.8,8988,164.8,71.5,45.3,6.8,14.3,163.63,165.43,165.52,166.24,4.5,8.0,-5.1,-2.0,-9.4,6.0,4.0,-1.5,0.0,0,1,0,0,1,1,0,8.42,0,0,0,0
PT-122,2026-10-08T16:30:00,59,28.7,11.2,7.8,1,158.8,67.5,46.8,6.8,8988,170.0,74.4,39.1,6.8,19.5,167.53,166.0,166.51,166.55,4.02,6.8,11.8,-0.8,-12.6,11.2,6.9,-7.7,0.0,0,1,0,0,1,1,0,8.5,0,0,0,0
PT-122,2026-10-08T16:35:00,59,28.7,11.2,7.8,1,158.8,67.5,46.8,6.8,8988,166.6,70.5,44.1,6.8,23.9,167.13,165.3,166.54,166.55,4.02,-8.4,0.4,9.6,1.4,7.8,3.0,-2.7,0.0,0,1,0,0,1,1,0,8.58,0,0,0,0
PT-122,2026-10-08T16:40:00,59,28.7,11.2,7.8,1,158.8,67.5,46.8,6.8,8988,164.2,70.7,43.7,6.8,19.1,166.93,165.28,165.98,166.28,3.81,-0.2,-6.8,0.2,-1.8,5.4,3.2,-3.1,0.0,0,1,0,0,1,1,0,8.67,0,0,0,0
PT-122,2026-10-08T16:45:00,59,28.7,11.2,7.8,1,158.8,67.5,46.8,6.8,8988,160.1,74.0,45.4,6.8,19.3,163.63,165.58,165.09,165.65,3.84,3.6,-10.6,1.0,1.2,1.3,6.5,-1.4,0.0,0,1,0,0,1,1,0,8.75,0,0,0,0
PT-122,2026-10-08T16:50:00,59,28.7,11.2,7.8,1,158.8,67.5,46.8,6.8,8988,160.7,68.2,46.5,6.8,8.7,161.67,164.4,164.58,165.61,4.0,-14.2,-6.1,-4.4,14.8,1.9,0.7,-0.3,0.0,0,1,0,0,1,1,0,8.83,0,0,0,0
PT-122,2026-10-08T16:55:00,59,28.7,11.2,7.8,1,158.8,67.5,46.8,6.8,8988,165.6,71.9,40.4,6.8,16.0,162.13,164.53,164.98,165.6,3.82,1.6,4.8,0.8,-9.8,6.8,4.4,-6.4,0.0,0,1,0,0,1,1,0,8.92,0,0,0,0
PT-122,2026-10-08T17:00:00,59,28.7,11.2,7.8,1,158.8,67.5,46.8,6.8,8988,166.6,76.0,40.4,6.8,56.3,164.3,163.97,164.98,165.58,3.82,-6.8,0.0,3.2,2.6,7.8,8.5,-6.4,0.0,0,0,1,0,1,1,0,9.0,0,0,0,0
PT-122,2026-10-08T17:05:00,59,28.7,11.2,7.8,1,158.8,67.5,46.8,6.8,8988,163.8,76.7,42.5,6.8,60.2,165.33,163.5,164.4,165.7,3.36,-5.6,-7.0,12.4,-3.2,5.0,9.2,-4.3,0.0,0,0,1,0,1,1,0,9.08,0,0,0,0
PT-122,2026-10-08T17:10:00,59,28.7,11.2,7.8,1,158.8,67.5,46.8,6.8,8988,162.3,80.0,41.1,6.8,70.8,164.23,163.18,164.23,165.5,3.41,-3.8,-2.0,18.6,-5.2,3.5,12.5,-5.7,0.0,0,0,1,0,1,1,0,9.17,0,0,0,0
PT-122,2026-10-08T17:15:00,59,28.7,11.2,7.8,1,158.8,67.5,46.8,6.8,8988,166.1,72.9,40.1,6.8,48.1,164.07,164.18,164.88,165.5,2.88,12.0,7.8,-2.2,-10.6,7.3,5.4,-6.7,0.0,0,0,1,0,1,1,0,9.25,0,0,0,0
PT-122,2026-10-08T17:20:00,59,28.7,11.2,7.8,1,158.8,67.5,46.8,6.8,8988,159.2,78.6,38.9,6.8,58.5,162.53,163.93,164.17,165.06,3.15,-3.0,-8.6,20.8,-15.2,0.4,11.1,-7.9,0.0,0,0,1,0,1,1,0,9.33,0,0,0,0
PT-122,2026-10-08T17:25:00,59,28.7,11.2,7.8,1,158.8,67.5,46.8,6.8,8988,162.9,74.6,43.4,6.8,51.0,162.73,163.48,164.01,164.77,3.16,-5.4,-1.9,5.4,6.0,4.1,7.1,-3.4,0.0,0,0,1,0,1,1,0,9.42,0,0,0,0
PT-122,2026-10-08T17:30:00,59,28.7,11.2,7.8,1,158.8,67.5,46.8,6.8,8988,163.9,80.1,37.7,6.8,65.3,162.0,163.03,163.5,165.0,2.54,-5.4,-6.1,8.2,-5.4,5.1,12.6,-9.1,0.0,0,0,1,0,1,1,0,9.5,0,0,0,0
PT-122,2026-10-08T17:35:00,59,28.7,11.2,7.8,1,158.8,67.5,46.8,6.8,8988,165.3,77.2,41.7,6.8,61.5,164.03,163.28,163.39,164.97,2.42,3.0,-1.3,1.0,-1.6,6.5,9.7,-5.1,0.0,0,0,1,0,1,1,0,9.58,0,0,0,0
PT-122,2026-10-08T17:40:00,59,28.7,11.2,7.8,1,158.8,67.5,46.8,6.8,8988,162.9,78.8,41.1,6.8,56.3,164.03,163.38,163.28,164.63,2.41,1.2,-1.3,-2.4,0.0,4.1,11.3,-5.7,0.0,0,0,1,0,1,1,0,9.67,0,0,0,0
PT-122,2026-10-08T17:45:00,59,28.7,11.2,7.8,1,158.8,67.5,46.8,6.8,8988,162.3,76.7,37.5,6.8,45.4,163.5,162.75,163.47,164.28,2.22,-7.6,2.2,7.6,-5.2,3.5,9.2,-9.3,0.0,0,0,1,0,1,1,0,9.75,0,0,0,0
PT-122,2026-10-08T17:50:00,59,28.7,11.2,7.8,1,158.8,67.5,46.8,6.8,8988,161.8,74.5,39.9,6.8,48.0,162.33,163.18,163.56,164.07,2.12,5.2,1.1,-8.2,2.0,3.0,7.0,-6.9,0.0,0,0,1,0,1,1,0,9.83,0,0,0,0
PT-122,2026-10-08T17:55:00,59,28.7,11.2,7.8,1,158.8,67.5,46.8,6.8,8988,163.6,74.2,42.0,6.8,51.4,162.57,163.3,163.39,164.19,2.02,1.4,-2.0,-0.8,-2.8,4.8,6.7,-4.8,0.0,0,0,1,0,1,1,0,9.92,0,0,0,0
PT-122,2026-10-08T18:00:00,59,28.7,11.2,7.8,1,158.8,67.5,46.8,6.8,8988,166.8,74.8,40.8,6.8,45.3,164.07,163.78,163.41,164.2,2.05,5.8,0.2,-10.6,6.2,8.0,7.3,-6.0,0.0,0,0,1,0,1,1,0,10.0,0,0,0,0
PT-122,2026-10-08T18:05:00,59,28.7,11.2,7.8,1,158.8,67.5,46.8,6.8,8988,166.9,69.0,43.5,6.8,18.7,165.77,164.05,163.67,164.03,2.28,3.2,3.1,-16.4,3.6,8.1,1.5,-3.3,0.0,0,0,1,0,1,1,0,10.08,0,0,0,0
PT-122,2026-10-08T18:10:00,59,28.7,11.2,7.8,1,158.8,67.5,46.8,6.8,8988,158.2,70.3,47.2,6.8,10.6,163.97,163.27,163.33,163.78,2.76,-9.4,-4.1,-17.0,12.2,-0.6,2.8,0.4,0.0,0,0,1,0,1,1,0,10.17,0,0,0,0
PT-122,2026-10-08T18:15:00,59,28.7,11.2,7.8,1,158.8,67.5,46.8,6.8,8988,159.5,74.0,41.6,6.8,23.9,161.53,162.8,162.78,163.83,2.82,-5.6,-6.6,-5.4,8.2,0.7,6.5,-5.2,0.0,0,0,1,0,1,1,0,10.25,0,0,0,0
PT-122,2026-10-08T18:20:00,59,28.7,11.2,7.8,1,158.8,67.5,46.8,6.8,8988,165.6,67.4,44.5,6.8,5.4,161.1,163.43,163.31,163.74,2.68,7.6,6.4,-14.2,9.2,6.8,-0.1,-2.3,0.0,0,0,1,0,1,1,0,10.33,0,0,0,0
PT-122,2026-10-08T18:25:00,59,28.7,11.2,7.8,1,158.8,67.5,46.8,6.8,8988,165.9,68.9,42.4,6.8,6.1,163.67,163.82,163.56,163.78,2.78,4.6,3.0,-10.6,0.8,7.1,1.4,-4.4,0.0,0,0,1,0,1,1,0,10.42,0,0,0,0
PT-122,2026-10-08T18:30:00,59,28.7,11.2,7.8,1,158.8,67.5,46.8,6.8,8988,159.3,74.2,43.9,6.8,22.0,163.6,162.57,163.17,163.34,3.03,-15.0,-4.6,-1.2,6.2,0.5,6.7,-2.9,0.0,0,0,1,0,1,1,0,10.5,0,0,0,0
PT-122,2026-10-08T18:35:00,59,28.7,11.2,7.8,1,158.8,67.5,46.8,6.8,8988,164.9,67.1,47.7,6.8,5.5,163.37,162.23,163.14,163.27,3.01,-4.0,-0.4,-3.8,8.4,6.1,-0.4,0.9,0.0,0,0,1,0,1,1,0,10.58,0,0,0,0
PT-122,2026-10-08T18:40:00,59,28.7,11.2,7.8,1,158.8,67.5,46.8,6.8,8988,164.1,66.4,47.4,6.8,16.9,162.77,163.22,163.24,163.26,3.02,11.8,1.2,-7.8,0.4,5.3,-1.1,0.6,0.0,0,0,1,0,1,1,0,10.67,0,0,0,0
PT-122,2026-10-08T18:45:00,59,28.7,11.2,7.8,1,158.8,67.5,46.8,6.8,8988,162.7,68.1,47.7,6.8,7.3,163.9,163.75,163.28,163.37,3.01,6.4,0.4,-11.8,12.2,3.9,0.6,0.9,0.0,0,0,1,0,1,1,0,10.75,0,0,0,0
PT-122,2026-10-08T18:50:00,59,28.7,11.2,7.8,1,158.8,67.5,46.8,6.8,8988,158.5,67.2,46.2,6.8,8.3,161.77,162.57,163.0,163.28,3.29,-14.2,-3.3,-0.4,3.4,-0.3,-0.3,-0.6,0.0,0,0,1,0,1,1,0,10.83,0,0,0,0
PT-122,2026-10-08T18:55:00,59,28.7,11.2,7.8,1,158.8,67.5,46.8,6.8,8988,162.5,66.9,46.1,6.8,24.5,161.23,162.0,162.91,163.15,3.29,-6.8,-1.1,-4.0,7.4,3.7,-0.6,-0.7,0.0,0,0,1,0,1,1,0,10.92,0,0,0,0
PT-122,2026-10-08T19:00:00,59,28.7,11.2,7.8,1,158.8,67.5,46.8,6.8,8988,162.4,71.3,43.8,6.8,20.7,161.13,162.52,162.54,162.98,3.05,6.2,-4.4,-5.8,-0.2,3.6,3.8,-3.0,0.0,0,0,1,0,1,1,0,11.0,0,0,0,0
PT-122,2026-10-08T19:05:00,59,28.7,11.2,7.8,1,158.8,67.5,46.8,6.8,8988,158.9,68.2,43.2,6.8,12.3,161.27,161.52,161.88,162.77,2.88,-12.0,-8.0,2.2,-9.0,0.1,0.7,-3.6,0.0,0,0,1,0,1,1,0,11.08,0,0,0,0
PT-122,2026-10-08T19:10:00,59,28.7,11.2,7.8,1,158.8,67.5,46.8,6.8,8988,160.9,72.5,42.2,6.8,17.9,160.73,160.98,162.1,162.71,2.67,-6.4,2.7,12.2,-10.4,2.1,5.0,-4.6,0.0,0,0,1,0,1,1,0,11.17,0,0,0,0
PT-122,2026-10-08T19:15:00,59,28.7,11.2,7.8,1,158.8,67.5,46.8,6.8,8988,157.8,66.8,43.3,6.8,12.1,159.2,160.17,161.96,162.37,2.86,-9.8,-1.7,-2.6,-8.8,-1.0,-0.7,-3.5,0.0,0,0,1,0,1,1,0,11.25,0,0,0,0
PT-122,2026-10-08T19:20:00,59,28.7,11.2,7.8,1,158.8,67.5,46.8,6.8,8988,156.3,69.9,46.8,6.8,8.4,158.33,159.8,161.18,162.25,3.04,-4.4,-9.3,5.4,1.2,-2.5,2.4,0.0,0.0,0,0,1,0,1,1,0,11.33,0,0,0,0
PT-122,2026-10-08T19:25:00,59,28.7,11.2,7.8,1,158.8,67.5,46.8,6.8,8988,158.6,61.3,46.2,6.8,8.4,157.57,159.15,160.58,162.07,2.72,-7.8,-7.3,-11.2,0.2,-0.2,-6.2,-0.6,0.0,0,0,1,0,1,1,0,11.42,0,0,0,0
PT-122,2026-10-08T19:30:00,59,28.7,11.2,7.8,1,158.8,67.5,46.8,6.8,8988,168.2,68.2,44.5,6.8,7.1,161.03,160.12,161.32,162.25,3.46,11.6,8.9,-6.2,1.4,9.4,0.7,-2.3,0.0,0,0,1,0,1,1,0,11.5,0,0,0,0
PT-122,2026-10-08T19:35:00,59,28.7,11.2,7.8,1,158.8,67.5,46.8,6.8,8988,164.4,65.9,50.4,6.8,18.8,163.73,161.03,161.28,162.21,3.41,11.0,-0.5,-4.6,14.4,5.6,-1.6,3.6,0.0,0,0,1,0,1,1,0,11.58,0,0,0,0
PT-122,2026-10-08T19:40:00,59,28.7,11.2,7.8,1,158.8,67.5,46.8,6.8,8988,159.0,68.9,43.1,6.8,23.4,163.87,160.72,160.85,162.05,3.34,-3.8,-5.1,-7.2,1.8,0.2,1.4,-3.7,0.0,0,0,1,0,1,1,0,11.67,0,0,0,0
PT-122,2026-10-08T19:45:00,59,28.7,11.2,7.8,1,158.8,67.5,46.8,6.8,8988,156.4,68.2,42.8,6.8,13.1,159.93,160.48,160.33,161.8,3.52,-2.8,-6.3,2.8,-1.0,-2.4,0.7,-4.0,0.0,0,0,1,0,1,1,0,11.75,0,0,0,0
PT-122,2026-10-08T19:50:00,59,28.7,11.2,7.8,1,158.8,67.5,46.8,6.8,8988,162.7,69.7,50.2,6.8,8.7,159.37,161.55,160.67,161.84,3.53,12.8,4.2,-0.4,6.8,3.9,2.2,3.4,0.0,0,0,1,0,1,1,0,11.83,0,0,0,0
PT-122,2026-10-08T19:55:00,59,28.7,11.2,7.8,1,158.8,67.5,46.8,6.8,8988,160.4,71.9,42.4,6.8,21.5,159.83,161.85,160.5,161.7,3.48,3.6,-2.1,21.2,-7.6,1.6,4.4,-4.4,0.0,0,0,1,0,1,1,0,11.92,0,0,0,0
PT-122,2026-10-08T20:00:00,59,28.7,11.2,7.8,1,158.8,67.5,46.8,6.8,8988,156.9,68.2,43.2,6.8,24.5,160.0,159.97,160.04,161.29,3.57,-22.6,-5.5,0.0,-2.6,-1.9,0.7,-3.6,0.0,0,0,1,0,1,1,0,0.0,0,0,0,0
PT-122,2026-10-08T20:05:00,59,28.7,11.2,7.8,1,158.8,67.5,46.8,6.8,8988,151.0,68.6,43.7,6.8,15.0,156.1,157.73,159.38,160.63,4.42,-26.8,-7.9,5.4,-13.4,-7.8,1.1,-3.1,0.0,0,0,1,0,1,1,0,0.08,0,0,0,0
PT-122,2026-10-08T20:10:00,59,28.7,11.2,7.8,1,158.8,67.5,46.8,6.8,8988,149.2,68.7,47.7,6.8,7.3,152.37,156.1,158.41,160.25,5.27,-19.6,-11.7,-0.4,9.2,-9.6,1.2,0.9,0.0,0,0,1,0,1,1,0,0.17,0,0,0,0
PT-122,2026-10-08T20:15:00,59,28.7,11.2,7.8,1,158.8,67.5,46.8,6.8,8988,158.7,64.5,49.5,6.8,5.2,152.97,156.48,158.48,160.22,5.27,4.6,0.9,-7.4,13.4,-0.1,-3.0,2.7,0.0,0,0,1,0,1,1,0,0.25,0,0,0,0
PT-122,2026-10-08T20:20:00,59,28.7,11.2,7.8,1,158.8,67.5,46.8,6.8,8988,151.0,66.4,50.1,6.8,6.1,152.97,154.53,158.04,159.61,5.67,-23.4,-5.3,-6.6,-0.2,-7.8,-1.1,3.3,0.0,0,0,1,0,1,1,0,0.33,0,0,0,0
PT-122,2026-10-08T20:25:00,59,28.7,11.2,7.8,1,158.8,67.5,46.8,6.8,8988,163.7,69.8,42.2,6.8,8.7,157.8,155.08,158.47,159.52,5.9,6.6,5.1,-4.2,-0.4,4.9,2.3,-4.6,0.0,0,0,1,0,1,1,0,0.42,0,0,0,0
PT-122,2026-10-08T20:30:00,59,28.7,11.2,7.8,1,158.8,67.5,46.8,6.8,8988,156.8,66.9,50.4,6.8,10.0,157.17,155.07,157.52,159.42,5.05,-0.2,-11.4,-2.6,14.4,-2.0,-0.6,3.6,0.0,0,0,1,0,1,1,0,0.5,0,0,0,0
PT-122,2026-10-08T20:35:00,59,28.7,11.2,7.8,1,158.8,67.5,46.8,6.8,8988,158.0,63.6,50.1,6.8,9.9,159.5,156.23,156.98,159.13,4.57,14.0,-6.4,-10.0,12.8,-0.8,-3.9,3.3,0.0,0,0,1,0,1,1,0,0.58,0,0,0,0
PT-122,2026-10-08T20:40:00,59,28.7,11.2,7.8,1,158.8,67.5,46.8,6.8,8988,155.4,66.8,48.9,6.8,7.1,156.73,157.27,156.68,158.77,4.55,12.4,-3.6,-3.8,2.4,-3.4,-0.7,2.1,0.0,0,0,1,0,1,1,0,0.67,0,0,0,0
PT-122,2026-10-08T20:45:00,59,28.7,11.2,7.8,1,158.8,67.5,46.8,6.8,8988,156.2,65.0,41.8,6.8,14.8,156.53,156.85,156.67,158.5,4.55,-5.0,-0.2,1.0,-15.4,-2.6,-2.5,-5.0,0.0,0,0,1,0,1,1,0,0.75,0,0,0,0
PT-122,2026-10-08T20:50:00,59,28.7,11.2,7.8,1,158.8,67.5,46.8,6.8,8988,157.6,63.6,44.4,6.8,7.1,156.4,157.95,156.24,158.46,4.15,13.2,-5.1,-5.6,-11.4,-1.2,-3.9,-2.4,0.0,0,0,1,0,1,1,0,0.83,0,0,0,0
PT-122,2026-10-08T20:55:00,59,28.7,11.2,7.8,1,158.8,67.5,46.8,6.8,8988,156.8,67.3,44.0,6.8,12.4,156.87,156.8,155.94,158.22,3.95,-13.8,-3.6,-5.0,3.6,-2.0,-0.2,-2.8,0.0,0,0,1,0,1,1,0,0.92,0,0,0,0
PT-122,2026-10-08T21:00:00,59,28.7,11.2,7.8,1,158.8,67.5,46.8,6.8,8988,153.0,67.8,48.7,6.8,8.6,155.8,156.17,155.62,157.83,4.03,-7.6,-3.9,1.8,-3.4,-5.8,0.3,1.9,0.0,0,0,1,0,1,1,0,1.0,0,0,0,0
PT-122,2026-10-08T21:05:00,59,28.7,11.2,7.8,1,158.8,67.5,46.8,6.8,8988,152.3,62.3,44.8,6.8,6.2,154.03,155.22,155.72,157.55,3.91,-11.4,1.3,-2.6,-10.6,-6.5,-5.2,-2.0,0.0,0,0,1,0,1,1,0,1.08,0,0,0,0
PT-122,2026-10-08T21:10:00,59,28.7,11.2,7.8,1,158.8,67.5,46.8,6.8,8988,158.8,70.0,49.4,6.8,16.4,154.7,155.78,156.52,157.47,3.4,6.8,9.6,6.4,1.0,0.0,2.5,2.6,0.0,0,0,1,0,1,1,0,1.17,0,0,0,0
PT-122,2026-10-08T21:15:00,59,28.7,11.2,7.8,1,158.8,67.5,46.8,6.8,8988,158.0,69.4,46.0,6.8,17.7,156.37,156.08,156.47,157.48,3.36,3.6,-0.7,8.8,8.4,-0.8,1.9,-0.8,0.0,0,0,1,0,1,1,0,1.25,0,0,0,0
PT-122,2026-10-08T21:20:00,59,28.7,11.2,7.8,1,158.8,67.5,46.8,6.8,8988,152.1,71.4,47.1,6.8,7.4,156.3,155.17,156.56,157.3,3.21,-11.0,1.1,15.6,5.4,-6.7,3.9,0.3,0.0,0,0,1,0,1,1,0,1.33,0,0,0,0
PT-122,2026-10-08T21:25:00,59,28.7,11.2,7.8,1,158.8,67.5,46.8,6.8,8988,149.8,70.9,45.5,6.8,16.9,153.3,154.0,155.4,156.93,2.89,-14.0,-13.9,7.2,3.0,-9.0,3.4,-1.3,0.0,0,0,1,0,1,1,0,1.42,0,0,0,0
PT-122,2026-10-08T21:30:00,59,28.7,11.2,7.8,1,158.8,67.5,46.8,6.8,8988,158.7,64.2,44.7,6.8,7.2,153.53,154.95,155.56,156.54,3.03,11.4,1.9,-7.2,-8.0,-0.1,-3.3,-2.1,0.0,0,0,1,0,1,1,0,1.5,0,0,0,0
PT-122,2026-10-08T21:35:00,59,28.7,11.2,7.8,1,158.8,67.5,46.8,6.8,8988,152.7,63.7,43.3,6.8,12.9,153.73,155.02,155.12,156.05,3.02,0.8,-5.3,2.8,-3.0,-6.1,-3.8,-3.5,0.0,0,0,1,0,1,1,0,1.58,0,0,0,0
PT-122,2026-10-08T21:40:00,59,28.7,11.2,7.8,1,158.8,67.5,46.8,6.8,8988,155.2,69.5,42.4,6.8,10.6,155.53,154.42,155.1,155.89,3.02,-7.2,-0.2,-1.0,-14.0,-3.6,2.0,-4.4,0.0,0,0,1,0,1,1,0,1.67,0,0,0,0
PT-122,2026-10-08T21:45:00,59,28.7,11.2,7.8,1,158.8,67.5,46.8,6.8,8988,158.6,65.6,44.7,6.8,20.7,155.5,154.52,155.3,155.98,3.18,1.2,2.4,-7.6,-2.6,-0.2,-1.9,-2.1,0.0,0,0,1,0,1,1,0,1.75,0,0,0,0
PT-122,2026-10-08T21:50:00,59,28.7,11.2,7.8,1,158.8,67.5,46.8,6.8,8988,163.4,63.2,44.4,6.8,19.0,159.07,156.4,155.78,156.01,3.91,22.6,5.8,-16.4,-5.4,4.6,-4.3,-2.4,0.0,0,0,1,0,1,1,0,1.83,0,0,0,0
PT-122,2026-10-08T21:55:00,59,28.7,11.2,7.8,1,158.8,67.5,46.8,6.8,8988,147.6,68.5,43.6,6.8,11.8,156.53,156.03,155.02,155.48,4.55,-4.4,-9.2,-4.8,-3.8,-11.2,1.0,-3.2,0.0,0,0,1,0,1,1,0,1.92,0,0,0,0
PT-123,2026-10-08T08:00:00,69,28.0,11.3,8.0,1,171.2,77.2,43.7,6.7,8483,176.5,78.3,44.0,6.7,15.2,176.5,176.5,176.5,176.5,0.0,0.0,0.0,0.0,0.0,5.3,1.1,0.3,0.0,1,0,0,0,2,1,1,0.0,0,0,0,1
PT-123,2026-10-08T08:05:00,69,28.0,11.3,8.0,1,171.2,77.2,43.7,6.7,8483,173.0,83.5,41.1,6.7,18.4,174.75,174.75,174.75,174.75,2.47,0.0,0.0,0.0,0.0,1.8,6.3,-2.6,0.0,1,0,0,0,2,1,1,0.08,0,0,0,1
PT-123,2026-10-08T08:10:00,69,28.0,11.3,8.0,1,171.2,77.2,43.7,6.7,8483,168.7,86.0,38.4,6.7,23.9,172.73,172.73,172.73,172.73,3.91,0.0,0.0,0.0,0.0,-2.5,8.8,-5.3,0.0,1,0,0,0,2,1,1,0.17,0,0,0,1
PT-123,2026-10-08T08:15:00,69,28.0,11.3,8.0,1,171.2,77.2,43.7,6.7,8483,164.1,80.9,44.0,6.7,14.0,168.6,170.58,170.58,170.58,5.37,0.0,0.0,0.0,0.0,-7.1,3.7,0.3,0.0,1,0,0,0,2,1,1,0.25,0,0,0,1
PT-123,2026-10-08T08:20:00,69,28.0,11.3,8.0,1,171.2,77.2,43.7,6.7,8483,164.2,86.2,40.1,6.7,22.3,165.67,169.3,169.3,169.3,5.45,0.0,0.0,0.0,0.0,-7.0,9.0,-3.6,0.0,1,0,0,0,2,1,1,0.33,0,0,0,1
PT-123,2026-10-08T08:25:00,69,28.0,11.3,8.0,1,171.2,77.2,43.7,6.7,8483,173.4,84.3,42.2,6.7,17.2,167.23,169.98,169.98,169.98,5.16,0.0,0.0,0.0,0.0,2.2,7.1,-1.5,0.0,1,0,0,0,2,1,1,0.42,0,0,0,1
PT-123,2026-10-08T08:30:00,69,28.0,11.3,8.0,1,171.2,77.2,43.7,6.7,8483,168.4,88.0,35.6,6.7,51.8,168.67,168.63,169.76,169.76,4.75,-16.2,0.0,19.4,-16.8,-2.8,10.8,-8.1,0.0,1,0,0,0,2,1,1,0.5,0,0,0,1
PT-123,2026-10-08T08:35:00,69,28.0,11.3,8.0,1,171.2,77.2,43.7,6.7,8483,173.9,84.4,32.9,6.7,63.9,171.9,168.78,170.28,170.28,4.63,1.8,0.0,1.8,-16.4,2.7,7.2,-10.8,0.0,1,0,0,0,2,1,1,0.58,0,0,0,1
PT-123,2026-10-08T08:40:00,69,28.0,11.3,8.0,1,171.2,77.2,43.7,6.7,8483,176.6,86.6,33.0,6.7,66.5,172.97,170.1,170.98,170.98,4.82,15.8,0.0,1.2,-10.8,5.4,9.4,-10.7,0.0,1,0,0,0,2,1,1,0.67,0,0,0,1
PT-123,2026-10-08T08:45:00,69,28.0,11.3,8.0,1,171.2,77.2,43.7,6.7,8483,170.1,91.4,37.7,6.7,66.1,173.53,171.1,170.89,170.89,4.55,12.0,0.0,21.0,-12.6,-1.1,14.2,-6.0,0.0,1,0,0,0,2,1,1,0.75,0,0,0,1
PT-123,2026-10-08T08:50:00,69,28.0,11.3,8.0,1,171.2,77.2,43.7,6.7,8483,167.7,91.1,36.8,6.7,74.9,171.47,171.68,170.6,170.6,4.42,7.0,0.0,9.8,-6.6,-3.5,13.9,-6.9,0.0,1,0,0,0,2,1,1,0.83,0,0,0,1
PT-123,2026-10-08T08:55:00,69,28.0,11.3,8.0,1,171.2,77.2,43.7,6.7,8483,173.9,92.2,34.0,6.7,74.4,170.57,171.77,170.88,170.88,4.32,1.0,0.0,15.8,-16.4,2.7,15.0,-9.7,0.0,1,0,0,0,2,1,1,0.92,0,0,0,1
PT-123,2026-10-08T09:00:00,69,28.0,11.3,8.0,1,171.2,77.2,43.7,6.7,8483,177.8,84.2,37.3,6.7,58.4,173.13,173.33,170.98,171.41,4.49,18.8,1.3,-7.6,3.4,6.6,7.0,-6.4,0.0,1,0,0,0,2,1,1,1.0,0,0,0,1
PT-123,2026-10-08T09:05:00,69,28.0,11.3,8.0,1,171.2,77.2,43.7,6.7,8483,181.9,94.0,35.2,6.7,71.7,177.87,174.67,171.72,172.16,5.48,16.0,8.9,19.2,4.6,10.7,16.8,-8.5,0.0,1,0,0,0,2,1,1,1.08,0,0,0,1
PT-123,2026-10-08T09:10:00,69,28.0,11.3,8.0,1,171.2,77.2,43.7,6.7,8483,175.7,89.6,35.6,6.7,60.2,178.47,174.52,172.31,172.39,5.5,-1.8,7.0,6.0,5.2,4.5,12.4,-8.1,0.0,1,0,0,0,2,1,1,1.17,0,0,0,1
PT-123,2026-10-08T09:15:00,69,28.0,11.3,8.0,1,171.2,77.2,43.7,6.7,8483,174.8,87.6,37.3,6.7,63.3,177.47,175.3,173.2,172.54,4.88,9.4,10.7,-7.6,-0.8,3.6,10.4,-6.4,0.0,1,0,0,0,2,1,1,1.25,0,0,0,1
PT-123,2026-10-08T09:20:00,69,28.0,11.3,8.0,1,171.2,77.2,43.7,6.7,8483,173.2,88.9,35.2,6.7,66.5,174.57,176.22,173.95,172.58,3.98,11.0,9.0,-4.4,-3.2,2.0,11.7,-8.5,0.0,1,0,0,0,2,1,1,1.33,0,0,0,1
PT-123,2026-10-08T09:25:00,69,28.0,11.3,8.0,1,171.2,77.2,43.7,6.7,8483,172.9,92.7,34.4,6.7,72.9,173.63,176.05,173.91,172.6,3.99,-2.0,-0.5,1.0,0.8,1.7,15.5,-9.3,0.0,1,0,0,0,2,1,1,1.42,0,0,0,1
PT-123,2026-10-08T09:30:00,69,28.0,11.3,8.0,1,171.2,77.2,43.7,6.7,8483,170.2,85.1,34.0,6.7,55.9,172.1,174.78,174.06,172.47,3.79,-15.2,1.8,1.8,-6.6,-1.0,7.9,-9.7,0.0,1,0,0,0,2,1,1,1.5,0,0,0,1
PT-123,2026-10-08T09:35:00,69,28.0,11.3,8.0,1,171.2,77.2,43.7,6.7,8483,184.8,79.9,40.2,6.7,24.9,175.97,175.27,174.97,173.09,4.9,5.8,10.9,-28.2,10.0,13.6,2.7,-3.5,0.0,1,0,0,0,2,1,1,1.58,0,0,0,1
PT-123,2026-10-08T09:40:00,69,28.0,11.3,8.0,1,171.2,77.2,43.7,6.7,8483,173.8,87.3,42.5,6.7,11.5,176.27,174.95,174.73,173.12,4.88,-3.8,-2.8,-4.6,13.8,2.6,10.1,-1.2,0.0,1,0,0,0,2,1,1,1.67,0,0,0,1
PT-123,2026-10-08T09:45:00,69,28.0,11.3,8.0,1,171.2,77.2,43.7,6.7,8483,172.1,80.1,43.1,6.7,7.6,176.9,174.5,174.9,173.08,4.74,-5.4,2.0,-15.0,11.6,0.9,2.9,-0.6,0.0,1,0,0,0,2,1,1,1.75,0,0,0,1
PT-123,2026-10-08T09:50:00,69,28.0,11.3,8.0,1,171.2,77.2,43.7,6.7,8483,179.8,81.8,46.4,6.7,13.1,175.23,175.6,175.91,173.37,4.34,13.2,12.1,-14.2,22.4,8.6,4.6,2.7,0.0,1,0,0,0,2,1,1,1.83,0,0,0,1
PT-123,2026-10-08T09:55:00,69,28.0,11.3,8.0,1,171.2,77.2,43.7,6.7,8483,177.7,79.4,43.9,6.7,19.6,176.53,176.4,176.22,173.55,4.32,9.6,3.8,-26.6,19.0,6.5,2.2,0.2,0.0,1,0,0,0,2,1,1,1.92,0,0,0,1
PT-123,2026-10-08T10:00:00,69,28.0,11.3,8.0,1,171.2,77.2,43.7,6.7,8483,181.3,85.0,39.3,6.7,17.6,179.6,178.25,176.52,173.75,4.54,22.2,3.5,-0.2,10.6,10.1,7.8,-4.4,0.0,1,0,0,0,2,1,1,2.0,0,0,0,1
PT-123,2026-10-08T10:05:00,69,28.0,11.3,8.0,1,171.2,77.2,43.7,6.7,8483,174.5,84.3,40.9,6.7,16.0,177.83,176.53,175.9,173.81,4.24,-20.6,-7.4,8.8,1.4,3.3,7.1,-2.8,0.0,1,0,0,0,2,1,1,2.08,0,0,0,1
PT-123,2026-10-08T10:10:00,69,28.0,11.3,8.0,1,171.2,77.2,43.7,6.7,8483,177.4,82.0,43.1,6.7,12.5,177.73,177.13,176.04,174.18,4.26,7.2,1.7,-10.6,1.2,6.2,4.8,-0.6,0.0,1,0,0,0,2,1,1,2.17,0,0,0,1
PT-123,2026-10-08T10:15:00,69,28.0,11.3,8.0,1,171.2,77.2,43.7,6.7,8483,177.9,79.2,42.9,6.7,8.4,176.6,178.1,176.3,174.75,4.27,11.6,3.1,-1.8,-0.4,6.7,2.0,-0.8,0.0,1,0,0,0,2,1,1,2.25,0,0,0,1
PT-123,2026-10-08T10:20:00,69,28.0,11.3,8.0,1,171.2,77.2,43.7,6.7,8483,178.1,80.9,44.7,6.7,13.8,177.8,177.82,176.71,175.33,4.18,-3.4,4.9,-1.8,-3.4,6.9,3.7,1.0,0.0,1,0,0,0,2,1,1,2.33,0,0,0,1
PT-123,2026-10-08T10:25:00,69,28.0,11.3,8.0,1,171.2,77.2,43.7,6.7,8483,170.9,79.5,40.8,6.7,7.1,175.63,176.68,176.54,175.22,4.38,-13.6,-2.0,0.2,-6.2,-0.3,2.3,-2.9,0.0,1,0,0,0,2,1,1,2.42,0,0,0,1
PT-123,2026-10-08T10:30:00,69,28.0,11.3,8.0,1,171.2,77.2,43.7,6.7,8483,174.1,80.2,46.1,6.7,7.7,174.37,175.48,176.87,175.46,4.0,-14.4,3.9,-9.6,13.6,2.9,3.0,2.4,0.0,1,0,0,0,2,1,1,2.5,0,0,0,1
PT-123,2026-10-08T10:35:00,69,28.0,11.3,8.0,1,171.2,77.2,43.7,6.7,8483,175.7,83.6,42.7,6.7,7.3,173.57,175.68,176.11,175.54,3.12,2.4,-9.1,-1.4,3.6,4.5,6.4,-1.0,0.0,1,0,0,0,2,1,1,2.58,0,0,0,1
PT-123,2026-10-08T10:40:00,69,28.0,11.3,8.0,1,171.2,77.2,43.7,6.7,8483,175.3,86.8,40.1,6.7,17.2,175.03,175.33,176.23,175.48,3.05,-4.2,1.5,9.6,-6.0,4.1,9.6,-3.6,0.0,1,0,0,0,2,1,1,2.67,0,0,0,1
PT-123,2026-10-08T10:45:00,69,28.0,11.3,8.0,1,171.2,77.2,43.7,6.7,8483,176.4,81.9,40.9,6.7,19.7,175.8,175.08,176.59,175.75,2.76,-3.0,4.3,5.4,-4.0,5.2,4.7,-2.8,0.0,1,0,0,0,2,1,1,2.75,0,0,0,1
PT-123,2026-10-08T10:50:00,69,28.0,11.3,8.0,1,171.2,77.2,43.7,6.7,8483,175.8,82.6,46.2,6.7,6.0,175.83,174.7,176.26,176.08,2.57,-4.6,-4.0,3.4,3.0,4.6,5.4,2.5,0.0,1,0,0,0,2,1,1,2.83,0,0,0,1
PT-123,2026-10-08T10:55:00,69,28.0,11.3,8.0,1,171.2,77.2,43.7,6.7,8483,174.3,82.0,43.1,6.7,18.8,175.5,175.27,175.98,176.1,2.59,6.8,-3.4,5.0,4.6,3.1,4.8,-0.6,0.0,1,0,0,0,2,1,1,2.92,0,0,0,1
PT-123,2026-10-08T11:00:00,69,28.0,11.3,8.0,1,171.2,77.2,43.7,6.7,8483,175.9,85.6,41.7,6.7,19.8,175.33,175.57,175.52,176.02,1.97,3.6,-5.4,10.8,-8.8,4.7,8.4,-2.0,0.0,1,0,0,0,2,1,1,3.0,0,0,0,1
PT-123,2026-10-08T11:05:00,69,28.0,11.3,8.0,1,171.2,77.2,43.7,6.7,8483,175.9,84.5,42.9,6.7,24.8,175.37,175.6,175.64,175.77,1.95,0.4,1.4,1.8,0.4,4.7,7.3,-0.8,0.0,1,0,0,0,2,1,1,3.08,0,0,0,1
PT-123,2026-10-08T11:10:00,69,28.0,11.3,8.0,1,171.2,77.2,43.7,6.7,8483,178.7,82.9,43.5,6.7,12.3,176.83,176.17,175.75,175.9,2.09,6.8,1.3,-7.8,6.8,7.5,5.7,-0.2,0.0,1,0,0,0,2,1,1,3.17,0,0,0,1
PT-123,2026-10-08T11:15:00,69,28.0,11.3,8.0,1,171.2,77.2,43.7,6.7,8483,172.2,84.4,45.1,6.7,9.3,175.6,175.47,175.28,175.79,2.2,-8.4,-5.7,5.0,8.4,1.0,7.2,1.4,0.0,1,0,0,0,2,1,1,3.25,0,0,0,1
PT-123,2026-10-08T11:20:00,69,28.0,11.3,8.0,1,171.2,77.2,43.7,6.7,8483,176.8,81.2,42.4,6.7,5.2,175.9,175.63,175.17,175.94,2.07,2.0,-1.3,-2.8,-7.6,5.6,4.0,-1.3,0.0,1,0,0,0,2,1,1,3.33,0,0,0,1
PT-123,2026-10-08T11:25:00,69,28.0,11.3,8.0,1,171.2,77.2,43.7,6.7,8483,180.9,81.8,42.5,6.7,5.6,176.63,176.73,176.0,176.27,2.21,13.2,10.0,-0.4,-1.2,9.7,4.6,-1.2,0.0,1,0,0,0,2,1,1,3.42,0,0,0,1
PT-123,2026-10-08T11:30:00,69,28.0,11.3,8.0,1,171.2,77.2,43.7,6.7,8483,176.1,83.0,41.3,6.7,11.6,177.93,176.77,176.17,176.52,2.13,0.4,2.0,-5.2,-0.8,4.9,5.8,-2.4,0.0,1,0,0,0,2,1,1,3.5,0,0,0,1
PT-123,2026-10-08T11:35:00,69,28.0,11.3,8.0,1,171.2,77.2,43.7,6.7,8483,173.2,84.1,42.8,6.7,12.8,176.73,176.32,175.96,176.03,2.29,-5.4,-2.5,-0.8,-0.2,2.0,6.9,-0.9,0.0,1,0,0,0,2,1,1,3.58,0,0,0,1
PT-123,2026-10-08T11:40:00,69,28.0,11.3,8.0,1,171.2,77.2,43.7,6.7,8483,178.1,85.2,39.1,6.7,23.3,175.8,176.22,176.19,176.21,2.36,-1.2,2.8,4.6,-8.8,6.9,8.0,-4.6,0.0,1,0,0,0,2,1,1,3.67,0,0,0,1
PT-123,2026-10-08T11:45:00,69,28.0,11.3,8.0,1,171.2,77.2,43.7,6.7,8483,173.6,81.8,40.9,6.7,7.3,174.97,176.45,175.96,176.28,2.47,2.8,-2.8,-5.2,-8.4,2.4,4.6,-2.8,0.0,1,0,0,0,2,1,1,3.75,0,0,0,1
PT-123,2026-10-08T11:50:00,69,28.0,11.3,8.0,1,171.2,77.2,43.7,6.7,8483,169.2,85.7,41.2,6.7,23.0,173.63,175.18,175.41,175.83,3.15,-15.2,-6.6,9.0,-2.4,-2.0,8.5,-2.5,0.0,1,0,0,0,2,1,1,3.83,0,0,0,1
PT-123,2026-10-08T11:55:00,69,28.0,11.3,8.0,1,171.2,77.2,43.7,6.7,8483,175.6,85.8,37.8,6.7,15.1,172.8,174.3,175.52,175.75,3.13,-10.6,1.3,8.0,-9.4,4.4,8.6,-5.9,0.0,1,0,0,0,2,1,1,3.92,0,0,0,1
PT-123,2026-10-08T12:00:00,69,28.0,11.3,8.0,1,171.2,77.2,43.7,6.7,8483,171.8,83.7,39.8,6.7,22.7,172.2,173.58,175.18,175.35,3.31,-8.6,-4.1,1.4,-3.0,0.6,6.5,-3.9,0.0,0,1,0,0,2,1,1,4.0,0,0,0,1
PT-123,2026-10-08T12:05:00,69,28.0,11.3,8.0,1,171.2,77.2,43.7,6.7,8483,174.5,82.7,36.1,6.7,21.2,173.97,173.8,175.06,175.35,3.3,2.6,-1.4,-2.8,-13.4,3.3,5.5,-7.6,0.0,0,1,0,0,2,1,1,4.08,0,0,0,1
PT-123,2026-10-08T12:10:00,69,28.0,11.3,8.0,1,171.2,77.2,43.7,6.7,8483,174.7,84.0,40.1,6.7,19.9,173.67,173.23,174.72,175.24,3.1,-6.8,-4.0,-2.4,2.0,3.5,6.8,-3.6,0.0,0,1,0,0,2,1,1,4.17,0,0,0,1
PT-123,2026-10-08T12:15:00,69,28.0,11.3,8.0,1,171.2,77.2,43.7,6.7,8483,177.2,85.0,39.0,6.7,18.4,175.47,173.83,175.14,175.21,3.06,7.2,5.0,6.4,-3.8,6.0,7.8,-4.7,0.0,0,1,0,0,2,1,1,4.25,0,0,0,1
PT-123,2026-10-08T12:20:00,69,28.0,11.3,8.0,1,171.2,77.2,43.7,6.7,8483,177.6,83.7,45.5,6.7,16.2,176.5,175.23,175.21,175.19,3.11,16.8,0.8,-4.0,8.6,6.4,6.5,1.8,0.0,0,1,0,0,2,1,1,4.33,0,0,0,1
PT-123,2026-10-08T12:25:00,69,28.0,11.3,8.0,1,171.2,77.2,43.7,6.7,8483,176.3,84.4,39.4,6.7,16.8,177.03,175.35,174.82,175.41,2.59,1.4,-4.6,-2.8,3.2,5.1,7.2,-4.3,0.0,0,1,0,0,2,1,1,4.42,0,0,0,1
PT-123,2026-10-08T12:30:00,69,28.0,11.3,8.0,1,171.2,77.2,43.7,6.7,8483,184.7,82.4,41.5,6.7,16.9,179.53,177.5,175.54,175.85,3.85,25.8,8.6,-2.6,3.4,13.5,5.2,-2.2,0.0,0,1,0,0,2,1,1,4.5,0,0,0,1
PT-123,2026-10-08T12:35:00,69,28.0,11.3,8.0,1,171.2,77.2,43.7,6.7,8483,179.8,86.0,44.0,6.7,16.8,180.27,178.38,176.09,176.02,3.96,10.6,6.6,6.6,15.8,8.6,8.8,0.3,0.0,0,1,0,0,2,1,1,4.58,0,0,0,1
PT-123,2026-10-08T12:40:00,69,28.0,11.3,8.0,1,171.2,77.2,43.7,6.7,8483,172.3,84.7,44.4,6.7,16.3,178.93,177.98,175.61,175.9,4.04,-4.8,-5.8,1.4,8.6,1.1,7.5,0.7,0.0,0,1,0,0,2,1,1,4.67,0,0,0,1
PT-123,2026-10-08T12:45:00,69,28.0,11.3,8.0,1,171.2,77.2,43.7,6.7,8483,178.8,79.3,35.5,6.7,10.0,176.97,178.25,176.04,176.0,4.09,3.2,5.2,-11.4,-7.0,7.6,2.1,-8.2,0.0,0,1,0,0,2,1,1,4.75,0,0,0,1
PT-123,2026-10-08T12:50:00,69,28.0,11.3,8.0,1,171.2,77.2,43.7,6.7,8483,182.3,83.1,42.1,6.7,8.2,177.8,179.03,177.13,176.27,3.83,9.4,13.1,-1.2,-6.8,11.1,5.9,-1.6,0.0,0,1,0,0,2,1,1,4.83,0,0,0,1
PT-123,2026-10-08T12:55:00,69,28.0,11.3,8.0,1,171.2,77.2,43.7,6.7,8483,172.4,86.2,35.6,6.7,18.2,177.83,178.38,176.87,176.19,4.06,-7.8,-3.2,3.6,-7.6,1.2,9.0,-8.1,0.0,0,1,0,0,2,1,1,4.92,0,0,0,1
PT-123,2026-10-08T13:00:00,69,28.0,11.3,8.0,1,171.2,77.2,43.7,6.7,8483,175.7,85.0,39.3,6.7,27.7,176.8,176.88,177.19,176.18,3.76,-18.0,3.9,5.2,-4.4,4.5,7.8,-4.4,0.0,0,1,0,0,2,1,1,5.0,0,0,0,1
PT-123,2026-10-08T13:05:00,69,28.0,11.3,8.0,1,171.2,77.2,43.7,6.7,8483,185.9,85.8,40.6,6.7,34.8,178.0,177.9,178.14,176.6,4.4,12.2,11.4,-0.4,-6.8,14.7,8.6,-3.1,0.0,0,1,0,0,2,1,1,5.08,0,0,0,1
PT-123,2026-10-08T13:10:00,69,28.0,11.3,8.0,1,171.2,77.2,43.7,6.7,8483,178.2,84.2,36.9,6.7,27.7,179.93,178.88,178.43,176.58,4.27,11.8,3.5,-1.0,-15.0,7.0,7.0,-6.8,0.0,0,1,0,0,2,1,1,5.17,0,0,0,1
PT-123,2026-10-08T13:15:00,69,28.0,11.3,8.0,1,171.2,77.2,43.7,6.7,8483,179.4,87.6,40.6,6.7,28.0,181.17,178.98,178.62,176.88,4.26,1.2,2.2,16.6,10.2,8.2,10.4,-3.1,0.0,0,1,0,0,2,1,1,5.25,0,0,0,1
PT-123,2026-10-08T13:20:00,69,28.0,11.3,8.0,1,171.2,77.2,43.7,6.7,8483,182.7,84.2,39.4,6.7,22.7,180.1,179.05,179.04,177.12,4.4,0.8,5.1,2.2,-5.4,11.5,7.0,-4.3,0.0,0,1,0,0,2,1,1,5.33,0,0,0,1
PT-123,2026-10-08T13:25:00,69,28.0,11.3,8.0,1,171.2,77.2,43.7,6.7,8483,176.9,85.7,38.8,6.7,26.5,179.67,179.8,179.09,176.96,4.37,9.0,0.6,-1.0,6.4,5.7,8.5,-4.9,0.0,0,1,0,0,2,1,1,5.42,0,0,0,1
PT-123,2026-10-08T13:30:00,69,28.0,11.3,8.0,1,171.2,77.2,43.7,6.7,8483,183.8,85.1,40.8,6.7,22.1,181.13,181.15,179.02,177.28,4.27,16.2,-0.9,0.2,3.0,12.6,7.9,-2.9,0.0,0,1,0,0,2,1,1,5.5,0,0,0,1
PT-123,2026-10-08T13:35:00,69,28.0,11.3,8.0,1,171.2,77.2,43.7,6.7,8483,173.8,81.8,39.9,6.7,16.2,178.17,179.13,178.52,177.3,4.51,-24.2,-6.0,-8.0,-1.4,2.6,4.6,-3.8,0.0,0,1,0,0,2,1,1,5.58,0,0,0,1
PT-123,2026-10-08T13:40:00,69,28.0,11.3,8.0,1,171.2,77.2,43.7,6.7,8483,179.3,86.1,37.3,6.7,30.8,178.97,179.32,179.1,177.35,4.07,2.2,7.0,3.8,0.8,8.1,8.9,-6.4,0.0,0,1,0,0,2,1,1,5.67,0,0,0,1
PT-123,2026-10-08T13:45:00,69,28.0,11.3,8.0,1,171.2,77.2,43.7,6.7,8483,177.5,86.0,41.3,6.7,27.2,176.87,179.0,178.99,177.52,4.09,-3.8,-1.3,-3.2,1.4,6.3,8.8,-2.4,0.0,0,1,0,0,2,1,1,5.75,0,0,0,1
PT-123,2026-10-08T13:50:00,69,28.0,11.3,8.0,1,171.2,77.2,43.7,6.7,8483,173.8,83.3,41.3,6.7,19.8,176.87,177.52,178.28,177.71,4.2,-17.8,-8.5,-1.8,3.8,2.6,6.1,-2.4,0.0,0,1,0,0,2,1,1,5.83,0,0,0,1
PT-123,2026-10-08T13:55:00,69,28.0,11.3,8.0,1,171.2,77.2,43.7,6.7,8483,176.9,83.4,43.2,6.7,30.3,176.07,177.52,178.66,177.76,3.81,0.0,4.5,-4.6,8.8,5.7,6.2,-0.5,0.0,0,1,0,0,2,1,1,5.92,0,0,0,1
PT-123,2026-10-08T14:00:00,69,28.0,11.3,8.0,1,171.2,77.2,43.7,6.7,8483,177.0,83.8,39.3,6.7,34.3,175.9,176.38,178.77,177.98,3.74,-13.6,1.3,-2.6,-3.0,5.8,6.6,-4.4,0.0,0,1,0,0,2,1,1,6.0,0,0,0,1
PT-123,2026-10-08T14:05:00,69,28.0,11.3,8.0,1,171.2,77.2,43.7,6.7,8483,176.4,83.1,38.7,6.7,8.1,176.77,176.82,177.98,178.06,3.03,5.2,-9.5,2.6,-2.4,5.2,5.9,-5.0,0.0,0,1,0,0,2,1,1,6.08,0,0,0,1
PT-123,2026-10-08T14:10:00,69,28.0,11.3,8.0,1,171.2,77.2,43.7,6.7,8483,181.4,80.0,40.7,6.7,17.5,178.27,177.17,178.24,178.34,3.19,4.2,3.2,-12.2,6.8,10.2,2.8,-3.0,0.0,0,1,0,0,2,1,1,6.17,0,0,0,1
PT-123,2026-10-08T14:15:00,69,28.0,11.3,8.0,1,171.2,77.2,43.7,6.7,8483,180.5,85.9,37.6,6.7,22.9,179.43,177.67,178.33,178.48,3.24,6.0,1.1,-0.2,-7.4,9.3,8.7,-6.1,0.0,0,1,0,0,2,1,1,6.25,0,0,0,1
PT-123,2026-10-08T14:20:00,69,28.0,11.3,8.0,1,171.2,77.2,43.7,6.7,8483,178.9,84.5,43.7,6.7,6.1,180.27,178.52,178.02,178.53,2.95,10.2,-3.8,2.4,4.8,7.7,7.3,0.0,0.0,0,1,0,0,2,1,1,6.33,0,0,0,1
PT-123,2026-10-08T14:25:00,69,28.0,11.3,8.0,1,171.2,77.2,43.7,6.7,8483,178.5,87.6,41.1,6.7,17.4,179.3,178.78,178.15,178.62,2.93,3.2,1.6,8.4,-4.2,7.3,10.4,-2.6,0.0,0,1,0,0,2,1,1,6.42,0,0,0,1
PT-123,2026-10-08T14:30:00,69,28.0,11.3,8.0,1,171.2,77.2,43.7,6.7,8483,179.7,84.5,43.6,6.7,24.9,179.03,179.23,177.81,178.41,2.4,5.4,-4.1,1.4,8.6,8.5,7.3,-0.1,0.0,0,1,0,0,2,1,1,6.5,0,0,0,1
PT-123,2026-10-08T14:35:00,69,28.0,11.3,8.0,1,171.2,77.2,43.7,6.7,8483,176.3,81.6,43.4,6.7,14.6,178.17,179.22,178.02,178.27,2.11,-0.2,2.5,-3.0,9.4,5.1,4.4,-0.3,0.0,0,1,0,0,2,1,1,6.58,0,0,0,1
PT-123,2026-10-08T14:40:00,69,28.0,11.3,8.0,1,171.2,77.2,43.7,6.7,8483,179.8,83.4,45.5,6.7,10.8,178.6,178.95,178.06,178.58,2.14,-3.2,0.5,6.8,9.6,8.6,6.2,1.8,0.0,0,1,0,0,2,1,1,6.67,0,0,0,1
PT-123,2026-10-08T14:45:00,69,28.0,11.3,8.0,1,171.2,77.2,43.7,6.7,8483,176.5,80.6,37.6,6.7,17.9,177.53,178.28,177.98,178.48,2.19,-8.0,-1.0,-10.6,0.0,5.3,3.4,-6.1,0.0,0,1,0,0,2,1,1,6.75,0,0,0,1
PT-123,2026-10-08T14:50:00,69,28.0,11.3,8.0,1,171.2,77.2,43.7,6.7,8483,179.1,82.8,40.9,6.7,12.5,178.47,178.32,178.42,178.35,1.76,0.4,5.3,-3.4,-5.6,7.9,5.6,-2.8,0.0,0,1,0,0,2,1,1,6.83,0,0,0,1
PT-123,2026-10-08T14:55:00,69,28.0,11.3,8.0,1,171.2,77.2,43.7,6.7,8483,174.1,85.0,36.8,6.7,23.9,176.57,177.58,178.18,178.42,2.13,-8.8,-2.8,-5.2,-8.6,2.9,7.8,-6.9,0.0,0,1,0,0,2,1,1,6.92,0,0,0,1
PT-123,2026-10-08T15:00:00,69,28.0,11.3,8.0,1,171.2,77.2,43.7,6.7,8483,177.9,81.8,42.8,6.7,13.4,177.03,177.28,178.26,178.51,2.1,-3.6,0.9,-5.4,-1.6,6.7,4.6,-0.9,0.0,0,1,0,0,2,1,1,7.0,0,0,0,1
PT-123,2026-10-08T15:05:00,69,28.0,11.3,8.0,1,171.2,77.2,43.7,6.7,8483,176.1,82.6,40.7,6.7,7.2,176.03,177.25,178.23,178.1,2.12,-0.4,-0.3,2.0,-5.4,4.9,5.4,-3.0,0.0,0,1,0,0,2,1,1,7.08,0,0,0,1
PT-123,2026-10-08T15:10:00,69,28.0,11.3,8.0,1,171.2,77.2,43.7,6.7,8483,182.5,85.7,39.4,6.7,16.6,178.83,177.7,178.32,178.28,2.29,5.4,1.1,4.6,-12.2,11.3,8.5,-4.3,0.0,0,1,0,0,2,1,1,7.17,0,0,0,1
PT-123,2026-10-08T15:15:00,69,28.0,11.3,8.0,1,171.2,77.2,43.7,6.7,8483,179.1,82.0,42.9,6.7,11.0,179.23,178.13,178.21,178.27,2.2,5.2,-1.4,2.8,10.6,7.9,4.8,-0.8,0.0,0,1,0,0,2,1,1,7.25,0,0,0,1
PT-123,2026-10-08T15:20:00,69,28.0,11.3,8.0,1,171.2,77.2,43.7,6.7,8483,175.9,86.6,41.4,6.7,23.1,179.17,177.6,177.96,177.99,2.28,-6.4,-3.0,7.6,1.0,4.7,9.4,-2.3,0.0,0,1,0,0,2,1,1,7.33,0,0,0,1
PT-123,2026-10-08T15:25:00,69,28.0,11.3,8.0,1,171.2,77.2,43.7,6.7,8483,179.4,81.0,45.2,6.7,7.7,178.13,178.48,178.03,178.09,2.32,10.6,0.9,-8.0,16.8,8.2,3.8,1.5,0.0,0,1,0,0,2,1,1,7.42,0,0,0,1
PT-123,2026-10-08T15:30:00,69,28.0,11.3,8.0,1,171.2,77.2,43.7,6.7,8483,177.7,80.1,42.6,6.7,7.9,177.67,178.45,177.87,177.84,2.26,-0.4,-2.0,-3.4,-0.4,6.5,2.9,-1.1,0.0,0,1,0,0,2,1,1,7.5,0,0,0,1
PT-123,2026-10-08T15:35:00,69,28.0,11.3,8.0,1,171.2,77.2,43.7,6.7,8483,176.0,82.9,40.8,6.7,6.0,177.7,178.43,177.84,177.93,2.28,-0.2,-0.3,0.6,0.2,4.8,5.7,-2.9,0.0,0,1,0,0,2,1,1,7.58,0,0,0,1
PT-123,2026-10-08T15:40:00,69,28.0,11.3,8.0,1,171.2,77.2,43.7,6.7,8483,180.3,79.1,40.0,6.7,12.0,178.0,178.07,177.88,177.97,2.32,-4.4,0.5,-13.2,1.2,9.1,1.9,-3.7,0.0,0,1,0,0,2,1,1,7.67,0,0,0,1
PT-123,2026-10-08T15:45:00,69,28.0,11.3,8.0,1,171.2,77.2,43.7,6.7,8483,174.1,82.5,37.2,6.7,13.3,176.8,177.23,177.68,177.83,2.55,-10.0,-2.4,1.0,-11.4,2.9,5.3,-6.5,0.0,0,1,0,0,2,1,1,7.75,0,0,0,1
PT-123,2026-10-08T15:50:00,69,28.0,11.3,8.0,1,171.2,77.2,43.7,6.7,8483,176.4,80.0,43.9,6.7,6.9,176.93,177.32,177.46,177.94,2.53,1.0,-2.7,-13.2,5.0,5.2,2.8,0.2,0.0,0,1,0,0,2,1,1,7.83,0,0,0,1
PT-123,2026-10-08T15:55:00,69,28.0,11.3,8.0,1,171.2,77.2,43.7,6.7,8483,174.0,82.7,43.2,6.7,9.5,174.83,176.42,177.45,177.82,2.54,-10.8,-0.1,3.4,-4.0,2.8,5.5,-0.5,0.0,0,1,0,0,2,1,1,7.92,0,0,0,1
PT-123,2026-10-08T16:00:00,69,28.0,11.3,8.0,1,171.2,77.2,43.7,6.7,8483,172.7,76.6,42.1,6.7,9.5,174.37,175.58,177.02,177.64,2.88,-10.0,-5.2,-7.0,-1.0,1.5,-0.6,-1.6,0.0,0,1,0,0,2,1,1,8.0,0,0,0,1
PT-123,2026-10-08T16:05:00,69,28.0,11.3,8.0,1,171.2,77.2,43.7,6.7,8483,179.9,82.2,38.2,6.7,22.4,175.53,176.23,177.33,177.78,2.97,7.8,3.8,-1.4,-5.2,8.7,5.0,-5.5,0.0,0,1,0,0,2,1,1,8.08,0,0,0,1
PT-123,2026-10-08T16:10:00,69,28.0,11.3,8.0,1,171.2,77.2,43.7,6.7,8483,184.4,78.0,45.5,6.7,5.5,179.0,176.92,177.49,177.91,3.31,8.2,1.9,-2.2,11.0,13.2,0.8,1.8,0.0,0,1,0,0,2,1,1,8.17,0,0,0,1
PT-123,2026-10-08T16:15:00,69,28.0,11.3,8.0,1,171.2,77.2,43.7,6.7,8483,181.7,78.9,39.5,6.7,21.5,182.0,178.18,177.71,177.96,3.5,15.2,2.6,-7.2,4.6,10.5,1.7,-4.2,0.0,0,1,0,0,2,1,1,8.25,0,0,0,1
PT-123,2026-10-08T16:20:00,69,28.0,11.3,8.0,1,171.2,77.2,43.7,6.7,8483,177.8,80.7,47.4,6.7,7.1,181.3,178.42,177.87,177.91,3.45,2.8,1.9,1.4,7.0,6.6,3.5,3.7,0.0,0,1,0,0,2,1,1,8.33,0,0,0,1
PT-123,2026-10-08T16:25:00,69,28.0,11.3,8.0,1,171.2,77.2,43.7,6.7,8483,179.3,83.1,43.8,6.7,18.5,179.6,179.3,177.86,177.95,3.45,10.6,-0.1,0.8,1.2,8.1,5.9,0.1,0.0,0,1,0,0,2,1,1,8.42,0,0,0,1
PT-123,2026-10-08T16:30:00,69,28.0,11.3,8.0,1,171.2,77.2,43.7,6.7,8483,179.0,82.4,39.9,6.7,23.0,178.7,180.35,177.97,177.92,3.47,12.6,1.3,11.6,-4.4,7.8,5.2,-3.8,0.0,0,1,0,0,2,1,1,8.5,0,0,0,1
PT-123,2026-10-08T16:35:00,69,28.0,11.3,8.0,1,171.2,77.2,43.7,6.7,8483,180.6,78.7,41.4,6.7,9.3,179.63,180.47,178.35,178.1,3.48,1.4,4.6,-7.0,6.4,9.4,1.5,-2.3,0.0,0,1,0,0,2,1,1,8.58,0,0,0,1
PT-123,2026-10-08T16:40:00,69,28.0,11.3,8.0,1,171.2,77.2,43.7,6.7,8483,173.8,80.5,45.6,6.7,11.3,177.8,178.7,177.81,177.85,3.65,-21.2,-6.5,5.0,0.2,2.6,3.3,1.9,0.0,0,1,0,0,2,1,1,8.67,0,0,0,1
PT-123,2026-10-08T16:45:00,69,28.0,11.3,8.0,1,171.2,77.2,43.7,6.7,8483,183.6,79.9,41.2,6.7,14.1,179.33,179.02,178.6,178.14,3.8,3.8,9.5,2.0,3.4,12.4,2.7,-2.5,0.0,0,1,0,0,2,1,1,8.75,0,0,0,1
PT-123,2026-10-08T16:50:00,69,28.0,11.3,8.0,1,171.2,77.2,43.7,6.7,8483,176.0,82.0,43.2,6.7,13.0,177.8,178.72,178.57,178.01,3.83,-3.6,-0.4,2.6,-8.4,4.8,4.8,-0.5,0.0,0,1,0,0,2,1,1,8.83,0,0,0,1
PT-123,2026-10-08T16:55:00,69,28.0,11.3,8.0,1,171.2,77.2,43.7,6.7,8483,175.6,78.1,43.3,6.7,7.0,178.4,178.1,178.7,178.08,3.68,-7.4,1.6,-10.0,-1.0,4.4,0.9,-0.4,0.0,0,1,0,0,2,1,1,8.92,0,0,0,1
PT-123,2026-10-08T17:00:00,69,28.0,11.3,8.0,1,171.2,77.2,43.7,6.7,8483,180.3,88.0,33.9,6.7,55.9,177.3,178.32,179.33,178.18,3.17,2.6,7.6,11.2,-12.0,9.1,10.8,-9.8,0.0,0,0,1,0,2,1,1,9.0,0,0,0,1
PT-123,2026-10-08T17:05:00,69,28.0,11.3,8.0,1,171.2,77.2,43.7,6.7,8483,175.3,89.7,36.8,6.7,65.2,177.07,177.43,178.95,178.14,3.37,-10.6,-4.6,22.0,-9.2,4.1,12.5,-6.9,0.0,0,0,1,0,2,1,1,9.08,0,0,0,1
PT-123,2026-10-08T17:10:00,69,28.0,11.3,8.0,1,171.2,77.2,43.7,6.7,8483,178.0,88.0,39.0,6.7,51.7,177.87,178.13,178.42,177.95,2.9,8.4,-6.4,15.0,-13.2,6.8,10.8,-4.7,0.0,0,0,1,0,2,1,1,9.17,0,0,0,1
PT-123,2026-10-08T17:15:00,69,28.0,11.3,8.0,1,171.2,77.2,43.7,6.7,8483,176.7,81.7,31.3,6.7,47.3,176.67,176.98,178.0,177.85,2.74,-13.8,-5.0,3.6,-19.8,5.5,4.5,-12.4,0.0,0,0,1,0,2,1,1,9.25,0,0,0,1
PT-123,2026-10-08T17:20:00,69,28.0,11.3,8.0,1,171.2,77.2,43.7,6.7,8483,179.8,84.9,37.4,6.7,51.9,178.17,177.62,178.17,178.02,2.79,7.6,2.0,5.8,-11.6,8.6,7.7,-6.3,0.0,0,0,1,0,2,1,1,9.33,0,0,0,1
PT-123,2026-10-08T17:25:00,69,28.0,11.3,8.0,1,171.2,77.2,43.7,6.7,8483,180.8,86.6,32.9,6.7,52.3,179.1,178.48,178.29,178.08,2.87,10.4,1.5,17.0,-20.8,9.6,9.4,-10.8,0.0,0,0,1,0,2,1,1,9.42,0,0,0,1
PT-123,2026-10-08T17:30:00,69,28.0,11.3,8.0,1,171.2,77.2,43.7,6.7,8483,171.4,86.6,34.6,6.7,70.7,177.33,177.0,177.66,177.81,3.48,-17.8,-7.6,-2.8,1.4,0.2,9.4,-9.1,0.0,0,0,1,0,2,1,1,9.5,0,0,0,1
PT-123,2026-10-08T17:35:00,69,28.0,11.3,8.0,1,171.2,77.2,43.7,6.7,8483,175.4,84.3,36.9,6.7,50.4,175.87,177.02,177.22,177.79,3.4,0.2,-5.2,-10.8,0.2,4.2,7.1,-6.8,0.0,0,0,1,0,2,1,1,9.58,0,0,0,1
PT-123,2026-10-08T17:40:00,69,28.0,11.3,8.0,1,171.2,77.2,43.7,6.7,8483,172.1,83.8,39.5,6.7,47.1,172.97,176.03,177.08,177.45,3.59,-11.8,-1.7,-8.4,1.0,0.9,6.6,-4.2,0.0,0,0,1,0,2,1,1,9.67,0,0,0,1
PT-123,2026-10-08T17:45:00,69,28.0,11.3,8.0,1,171.2,77.2,43.7,6.7,8483,173.0,88.0,41.2,6.7,50.0,173.5,175.42,176.2,177.4,3.11,-7.4,-10.6,12.6,19.8,1.8,10.8,-2.5,0.0,0,0,1,0,2,1,1,9.75,0,0,0,1
PT-123,2026-10-08T17:50:00,69,28.0,11.3,8.0,1,171.2,77.2,43.7,6.7,8483,173.5,86.0,36.6,6.7,60.2,172.87,174.37,175.99,177.28,3.21,-12.6,-2.5,2.2,-1.6,2.3,8.8,-7.1,0.0,0,0,1,0,2,1,1,9.83,0,0,0,1
PT-123,2026-10-08T17:55:00,69,28.0,11.3,8.0,1,171.2,77.2,43.7,6.7,8483,173.4,90.6,37.6,6.7,62.8,173.3,173.13,175.81,177.25,3.29,-14.8,-2.2,8.0,9.4,2.2,13.4,-6.1,0.0,0,0,1,0,2,1,1,9.92,0,0,0,1
PT-123,2026-10-08T18:00:00,69,28.0,11.3,8.0,1,171.2,77.2,43.7,6.7,8483,180.1,83.9,41.6,6.7,59.6,175.67,174.58,175.79,177.56,3.27,17.4,-0.2,-5.4,14.0,8.9,6.7,-2.1,0.0,0,0,1,0,2,1,1,10.0,0,0,0,0
PT-123,2026-10-08T18:05:00,69,28.0,11.3,8.0,1,171.2,77.2,43.7,6.7,8483,177.5,82.3,41.7,6.7,13.2,177.0,174.93,175.98,177.46,3.3,4.2,2.2,-4.0,9.6,6.3,5.1,-2.0,0.0,0,0,1,0,2,1,1,10.08,0,0,0,0
PT-123,2026-10-08T18:10:00,69,28.0,11.3,8.0,1,171.2,77.2,43.7,6.7,8483,171.0,81.0,40.7,6.7,20.7,176.2,174.75,175.39,176.9,3.52,-2.2,-7.0,-5.6,2.4,-0.2,3.8,-3.0,0.0,0,0,1,0,2,1,1,10.17,0,0,0,0
PT-123,2026-10-08T18:15:00,69,28.0,11.3,8.0,1,171.2,77.2,43.7,6.7,8483,172.6,77.4,43.2,6.7,10.2,173.7,174.68,175.05,176.52,3.58,-0.8,-4.1,-21.2,4.0,1.4,0.2,-0.5,0.0,0,0,1,0,2,1,1,10.25,0,0,0,0
PT-123,2026-10-08T18:20:00,69,28.0,11.3,8.0,1,171.2,77.2,43.7,6.7,8483,172.8,76.3,47.1,6.7,10.8,172.13,174.57,174.47,176.32,3.29,-1.4,-7.0,-19.4,21.0,1.6,-0.9,3.4,0.0,0,0,1,0,2,1,1,10.33,0,0,0,0
PT-123,2026-10-08T18:25:00,69,28.0,11.3,8.0,1,171.2,77.2,43.7,6.7,8483,174.3,79.6,40.4,6.7,9.6,173.23,174.72,173.92,176.11,2.63,1.8,-6.5,-22.0,5.6,3.1,2.4,-3.3,0.0,0,0,1,0,2,1,1,10.42,0,0,0,0
PT-123,2026-10-08T18:30:00,69,28.0,11.3,8.0,1,171.2,77.2,43.7,6.7,8483,175.2,74.3,43.1,6.7,11.6,174.1,173.9,174.24,175.95,2.52,-9.8,3.8,-19.2,3.0,4.0,-2.9,-0.6,0.0,0,0,1,0,2,1,1,10.5,0,0,0,0
PT-123,2026-10-08T18:35:00,69,28.0,11.3,8.0,1,171.2,77.2,43.7,6.7,8483,176.1,77.7,38.6,6.7,21.0,175.2,173.67,174.3,175.76,2.56,-2.8,0.7,-9.2,-6.2,4.9,0.5,-5.1,0.0,0,0,1,0,2,1,1,10.58,0,0,0,0
PT-123,2026-10-08T18:40:00,69,28.0,11.3,8.0,1,171.2,77.2,43.7,6.7,8483,176.2,81.5,40.5,6.7,19.3,175.83,174.53,174.64,175.86,2.51,10.4,4.1,1.0,-0.4,5.0,4.3,-3.2,0.0,0,0,1,0,2,1,1,10.67,0,0,0,0
PT-123,2026-10-08T18:45:00,69,28.0,11.3,8.0,1,171.2,77.2,43.7,6.7,8483,174.3,77.0,37.1,6.7,10.7,175.53,174.82,174.75,175.48,2.46,3.4,1.3,-0.8,-12.2,3.1,-0.2,-6.6,0.0,0,0,1,0,2,1,1,10.75,0,0,0,0
PT-123,2026-10-08T18:50:00,69,28.0,11.3,8.0,1,171.2,77.2,43.7,6.7,8483,175.2,80.9,42.0,6.7,14.3,175.23,175.22,174.89,175.44,2.43,4.8,1.7,9.2,-10.2,4.0,3.7,-1.7,0.0,0,0,1,0,2,1,1,10.83,0,0,0,0
PT-123,2026-10-08T18:55:00,69,28.0,11.3,8.0,1,171.2,77.2,43.7,6.7,8483,177.7,80.9,40.5,6.7,22.2,175.73,175.78,175.25,175.53,2.51,6.8,4.3,2.6,0.2,6.5,3.7,-3.2,0.0,0,0,1,0,2,1,1,10.92,0,0,0,0
PT-123,2026-10-08T19:00:00,69,28.0,11.3,8.0,1,171.2,77.2,43.7,6.7,8483,170.9,77.4,37.7,6.7,21.3,174.6,175.07,174.48,175.14,2.29,-8.6,-9.2,6.2,-10.8,-0.3,0.2,-6.0,0.0,0,0,1,0,2,1,1,11.0,0,0,0,0
PT-123,2026-10-08T19:05:00,69,28.0,11.3,8.0,1,171.2,77.2,43.7,6.7,8483,176.2,78.9,50.2,6.7,10.9,174.93,175.08,174.38,175.18,2.16,0.2,-1.3,2.4,23.2,5.0,1.7,6.5,0.0,0,0,1,0,2,1,1,11.08,0,0,0,0
PT-123,2026-10-08T19:10:00,69,28.0,11.3,8.0,1,171.2,77.2,43.7,6.7,8483,170.5,78.8,42.9,6.7,7.2,172.53,174.13,174.33,174.86,2.23,-11.4,-0.5,-5.4,4.8,-0.7,1.6,-0.8,0.0,0,0,1,0,2,1,1,11.17,0,0,0,0
PT-123,2026-10-08T19:15:00,69,28.0,11.3,8.0,1,171.2,77.2,43.7,6.7,8483,176.7,78.9,40.8,6.7,17.9,174.47,174.53,174.68,174.86,2.26,4.8,4.1,3.8,7.4,5.5,1.7,-2.9,0.0,0,0,1,0,2,1,1,11.25,0,0,0,0
PT-123,2026-10-08T19:20:00,69,28.0,11.3,8.0,1,171.2,77.2,43.7,6.7,8483,173.1,78.8,38.4,6.7,9.3,173.43,174.18,174.7,174.58,2.23,-4.2,0.3,-4.2,-7.2,1.9,1.6,-5.3,0.0,0,0,1,0,2,1,1,11.33,0,0,0,0
PT-123,2026-10-08T19:25:00,69,28.0,11.3,8.0,1,171.2,77.2,43.7,6.7,8483,167.0,80.7,44.4,6.7,22.1,172.27,172.4,174.09,174.01,3.16,-21.4,-7.3,-0.4,7.8,-4.2,3.5,0.7,0.0,0,0,1,0,2,1,1,11.42,0,0,0,0
PT-123,2026-10-08T19:30:00,69,28.0,11.3,8.0,1,171.2,77.2,43.7,6.7,8483,170.5,79.5,47.7,6.7,23.2,170.2,172.33,173.7,173.97,3.3,-0.8,-4.7,4.2,20.0,-0.7,2.3,4.0,0.0,0,0,1,0,2,1,1,11.5,0,0,0,0
PT-123,2026-10-08T19:35:00,69,28.0,11.3,8.0,1,171.2,77.2,43.7,6.7,8483,175.7,76.8,44.4,6.7,20.7,171.07,172.25,173.67,173.98,3.27,-1.0,-0.4,-4.2,-11.6,4.5,-0.4,0.7,0.0,0,0,1,0,2,1,1,11.58,0,0,0,0
PT-123,2026-10-08T19:40:00,69,28.0,11.3,8.0,1,171.2,77.2,43.7,6.7,8483,171.5,76.3,42.4,6.7,7.3,172.57,172.42,173.28,173.96,3.22,2.0,-4.7,-5.0,-1.0,0.3,-0.9,-1.3,0.0,0,0,1,0,2,1,1,11.67,0,0,0,0
PT-123,2026-10-08T19:45:00,69,28.0,11.3,8.0,1,171.2,77.2,43.7,6.7,8483,173.8,77.5,40.9,6.7,11.7,173.67,171.93,173.23,173.99,3.21,-5.8,-0.5,-2.8,0.2,2.6,0.3,-2.8,0.0,0,0,1,0,2,1,1,11.75,0,0,0,0
PT-123,2026-10-08T19:50:00,69,28.0,11.3,8.0,1,171.2,77.2,43.7,6.7,8483,169.5,79.4,41.5,6.7,10.9,171.6,171.33,172.76,173.82,3.31,-7.2,-5.7,1.2,6.2,-1.7,2.2,-2.2,0.0,0,0,1,0,2,1,1,11.83,0,0,0,0
PT-123,2026-10-08T19:55:00,69,28.0,11.3,8.0,1,171.2,77.2,43.7,6.7,8483,177.5,79.0,40.1,6.7,10.0,173.6,173.08,172.74,174.0,3.29,21.0,-0.2,-3.4,-8.6,6.3,1.8,-3.6,0.0,0,0,1,0,2,1,1,11.92,0,0,0,0
PT-123,2026-10-08T20:00:00,69,28.0,11.3,8.0,1,171.2,77.2,43.7,6.7,8483,176.4,77.8,43.9,6.7,13.2,174.47,174.07,173.2,173.84,3.39,11.8,5.5,-3.4,-7.6,5.2,0.6,0.2,0.0,0,0,1,0,2,1,1,0.0,0,0,0,0
PT-123,2026-10-08T20:05:00,69,28.0,11.3,8.0,1,171.2,77.2,43.7,6.7,8483,167.8,75.8,41.1,6.7,11.2,173.9,172.75,172.5,173.44,3.57,-15.8,-8.4,-2.0,-6.6,-3.4,-1.4,-2.6,0.0,0,0,1,0,2,1,1,0.08,0,0,0,0
PT-123,2026-10-08T20:10:00,69,28.0,11.3,8.0,1,171.2,77.2,43.7,6.7,8483,167.9,76.7,39.2,6.7,10.2,170.7,172.15,172.28,173.31,3.78,-7.2,-2.6,0.8,-6.4,-3.3,-0.5,-4.5,0.0,0,0,1,0,2,1,1,0.17,0,0,0,0
PT-123,2026-10-08T20:15:00,69,28.0,11.3,8.0,1,171.2,77.2,43.7,6.7,8483,171.1,76.1,47.5,6.7,7.1,168.93,171.7,171.82,173.25,3.52,-5.4,-5.6,-2.8,13.2,-0.1,-1.1,3.8,0.0,0,0,1,0,2,1,1,0.25,0,0,0,0
PT-123,2026-10-08T20:20:00,69,28.0,11.3,8.0,1,171.2,77.2,43.7,6.7,8483,168.4,77.4,39.8,6.7,23.2,169.13,171.52,171.42,173.06,3.62,-2.2,-4.7,-4.0,-3.4,-2.8,0.2,-3.9,0.0,0,0,1,0,2,1,1,0.33,0,0,0,0
PT-123,2026-10-08T20:25:00,69,28.0,11.3,8.0,1,171.2,77.2,43.7,6.7,8483,173.2,74.6,40.7,6.7,13.5,170.9,170.8,171.94,173.02,3.37,-8.6,6.2,-8.8,1.2,2.0,-2.6,-3.0,0.0,0,0,1,0,2,1,1,0.42,0,0,0,0
PT-123,2026-10-08T20:30:00,69,28.0,11.3,8.0,1,171.2,77.2,43.7,6.7,8483,168.4,72.5,46.0,6.7,5.5,170.0,169.47,171.77,172.73,3.5,-16.0,-2.1,-10.6,4.2,-2.8,-4.7,2.3,0.0,0,0,1,0,2,1,1,0.5,0,0,0,0
PT-123,2026-10-08T20:35:00,69,28.0,11.3,8.0,1,171.2,77.2,43.7,6.7,8483,166.1,82.8,36.5,6.7,22.7,169.23,169.18,170.97,172.32,3.62,-3.4,-9.6,14.0,-9.2,-5.1,5.6,-7.2,0.0,0,0,1,0,2,1,1,0.58,0,0,0,0
PT-123,2026-10-08T20:40:00,69,28.0,11.3,8.0,1,171.2,77.2,43.7,6.7,8483,173.2,71.5,44.1,6.7,10.6,169.23,170.07,171.11,172.19,3.67,10.6,1.7,-10.4,9.8,2.0,-5.7,0.4,0.0,0,0,1,0,2,1,1,0.67,0,0,0,0
PT-123,2026-10-08T20:45:00,69,28.0,11.3,8.0,1,171.2,77.2,43.7,6.7,8483,167.4,77.3,47.0,6.7,14.9,168.9,169.45,170.58,171.9,3.71,-7.4,-6.4,2.4,-1.0,-3.8,0.1,3.3,0.0,0,0,1,0,2,1,1,0.75,0,0,0,0
PT-123,2026-10-08T20:50:00,69,28.0,11.3,8.0,1,171.2,77.2,43.7,6.7,8483,172.2,77.5,42.0,6.7,12.7,170.93,170.08,170.8,171.78,3.72,7.6,2.7,0.2,4.4,1.0,0.3,-1.7,0.0,0,0,1,0,2,1,1,0.83,0,0,0,0
PT-123,2026-10-08T20:55:00,69,28.0,11.3,8.0,1,171.2,77.2,43.7,6.7,8483,170.4,76.9,40.6,6.7,19.1,170.0,169.62,170.21,171.48,3.07,-5.6,-7.1,4.6,-0.2,-0.8,-0.3,-3.1,0.0,0,0,1,0,2,1,1,0.92,0,0,0,0
PT-123,2026-10-08T21:00:00,69,28.0,11.3,8.0,1,171.2,77.2,43.7,6.7,8483,169.1,78.6,42.9,6.7,21.7,170.57,169.73,169.6,171.4,2.37,1.4,-7.3,12.2,-6.2,-2.1,1.4,-0.8,0.0,0,0,1,0,2,1,1,1.0,0,0,0,0
PT-123,2026-10-08T21:05:00,69,28.0,11.3,8.0,1,171.2,77.2,43.7,6.7,8483,164.6,75.2,39.9,6.7,13.5,168.03,169.48,169.33,170.92,2.74,-3.0,-3.2,-15.2,6.8,-6.6,-2.0,-3.8,0.0,0,0,1,0,2,1,1,1.08,0,0,0,0
PT-123,2026-10-08T21:10:00,69,28.0,11.3,8.0,1,171.2,77.2,43.7,6.7,8483,164.0,76.1,42.8,6.7,24.4,165.9,167.95,169.01,170.65,3.13,-18.4,-3.9,9.2,-2.6,-7.2,-1.1,-0.9,0.0,0,0,1,0,2,1,1,1.17,0,0,0,0
PT-123,2026-10-08T21:15:00,69,28.0,11.3,8.0,1,171.2,77.2,43.7,6.7,8483,168.6,74.9,35.9,6.7,21.5,165.73,168.15,168.8,170.31,3.06,2.4,-2.5,-4.8,-22.2,-2.6,-2.3,-7.8,0.0,0,0,1,0,2,1,1,1.25,0,0,0,0
PT-123,2026-10-08T21:20:00,69,28.0,11.3,8.0,1,171.2,77.2,43.7,6.7,8483,171.1,75.8,38.7,6.7,19.4,167.9,167.97,169.02,170.22,3.13,-2.2,2.7,-3.4,-6.6,-0.1,-1.4,-5.0,0.0,0,0,1,0,2,1,1,1.33,0,0,0,0
PT-123,2026-10-08T21:25:00,69,28.0,11.3,8.0,1,171.2,77.2,43.7,6.7,8483,170.9,74.1,42.2,6.7,21.9,170.2,168.05,168.83,170.39,2.91,1.0,-2.3,-5.6,3.2,-0.3,-3.1,-1.5,0.0,0,0,1,0,2,1,1,1.42,0,0,0,0
PT-123,2026-10-08T21:30:00,69,28.0,11.3,8.0,1,171.2,77.2,43.7,6.7,8483,171.8,74.1,45.1,6.7,8.6,171.27,168.5,169.12,170.44,3.03,5.4,3.4,-9.0,4.4,0.6,-3.1,1.4,0.0,0,0,1,0,2,1,1,1.5,0,0,0,0
PT-123,2026-10-08T21:35:00,69,28.0,11.3,8.0,1,171.2,77.2,43.7,6.7,8483,168.7,80.9,42.6,6.7,13.6,170.47,169.18,169.33,170.15,2.88,8.2,2.6,11.4,5.4,-2.5,3.7,-1.1,0.0,0,0,1,0,2,1,1,1.58,0,0,0,0
PT-123,2026-10-08T21:40:00,69,28.0,11.3,8.0,1,171.2,77.2,43.7,6.7,8483,167.3,77.3,40.5,6.7,14.3,169.27,169.73,168.84,169.98,2.66,6.6,-5.9,2.4,-4.6,-3.9,0.1,-3.2,0.0,0,0,1,0,2,1,1,1.67,0,0,0,0
PT-123,2026-10-08T21:45:00,69,28.0,11.3,8.0,1,171.2,77.2,43.7,6.7,8483,169.4,76.6,44.3,6.7,5.6,168.47,169.87,169.01,169.79,2.62,1.6,2.0,3.4,16.8,-1.8,-0.6,0.6,0.0,0,0,1,0,2,1,1,1.75,0,0,0,0
PT-123,2026-10-08T21:50:00,69,28.0,11.3,8.0,1,171.2,77.2,43.7,6.7,8483,164.1,76.2,39.6,6.7,20.4,166.93,168.7,168.33,169.57,2.77,-14.0,-8.1,0.8,1.8,-7.1,-1.0,-4.1,0.0,0,0,1,0,2,1,1,1.83,0,0,0,0
PT-123,2026-10-08T21:55:00,69,28.0,11.3,8.0,1,171.2,77.2,43.7,6.7,8483,169.8,77.1,38.7,6.7,20.7,167.77,168.52,168.28,169.25,2.73,-2.2,-0.6,6.0,-7.0,-1.4,-0.1,-5.0,0.0,0,0,1,0,2,1,1,1.92,0,0,0,0
PT-124,2026-10-08T08:00:00,41,23.3,15.8,8.3,1,170.2,80.0,55.4,7.3,6803,182.8,92.3,42.6,3.8,2.4,182.8,182.8,182.8,182.8,0.0,0.0,0.0,0.0,0.0,12.6,12.3,-12.8,-3.5,1,0,0,0,1,1,0,0.0,0,0,0,1
PT-124,2026-10-08T08:05:00,41,23.3,15.8,8.3,1,170.2,80.0,55.4,7.3,6803,184.2,95.8,39.6,3.8,4.7,183.5,183.5,183.5,183.5,0.99,0.0,0.0,0.0,0.0,14.0,15.8,-15.8,-3.5,1,0,0,0,1,1,0,0.08,0,0,0,1
PT-124,2026-10-08T08:10:00,41,23.3,15.8,8.3,1,170.2,80.0,55.4,7.3,6803,184.4,94.3,40.3,3.8,2.7,183.8,183.8,183.8,183.8,0.87,0.0,0.0,0.0,0.0,14.2,14.3,-15.1,-3.5,1,0,0,0,1,1,0,0.17,0,0,0,1
PT-124,2026-10-08T08:15:00,41,23.3,15.8,8.3,1,170.2,80.0,55.4,7.3,6803,189.2,94.9,39.0,3.8,3.0,185.93,185.15,185.15,185.15,2.79,0.0,0.0,0.0,0.0,19.0,14.9,-16.4,-3.5,1,0,0,0,1,1,0,0.25,0,0,0,1
PT-124,2026-10-08T08:20:00,41,23.3,15.8,8.3,1,170.2,80.0,55.4,7.3,6803,185.9,94.7,38.7,3.8,4.7,186.5,185.3,185.3,185.3,2.44,0.0,0.0,0.0,0.0,15.7,14.7,-16.7,-3.5,1,0,0,0,1,1,0,0.33,0,0,0,1
PT-124,2026-10-08T08:25:00,41,23.3,15.8,8.3,1,170.2,80.0,55.4,7.3,6803,183.2,94.1,38.5,3.8,9.1,186.1,184.95,184.95,184.95,2.35,0.0,0.0,0.0,0.0,13.0,14.1,-16.9,-3.5,1,0,0,0,1,1,0,0.42,0,0,0,1
PT-124,2026-10-08T08:30:00,41,23.3,15.8,8.3,1,170.2,80.0,55.4,7.3,6803,179.8,94.2,38.4,3.8,26.0,182.97,184.45,184.21,184.21,2.89,-6.0,0.0,3.8,-8.4,9.6,14.2,-17.0,-3.5,1,0,0,0,1,1,0,0.5,0,0,0,1
PT-124,2026-10-08T08:35:00,41,23.3,15.8,8.3,1,170.2,80.0,55.4,7.3,6803,179.1,96.4,42.4,3.8,21.1,180.7,183.6,183.58,183.58,3.23,-10.2,0.0,1.2,5.6,8.9,16.4,-13.0,-3.5,1,0,0,0,1,1,0,0.58,0,0,0,1
PT-124,2026-10-08T08:40:00,41,23.3,15.8,8.3,1,170.2,80.0,55.4,7.3,6803,180.5,92.7,45.9,3.8,20.3,179.8,182.95,183.23,183.23,3.19,-7.8,0.0,-3.2,11.2,10.3,12.7,-9.5,-3.5,1,0,0,0,1,1,0,0.67,0,0,0,1
PT-124,2026-10-08T08:45:00,41,23.3,15.8,8.3,1,170.2,80.0,55.4,7.3,6803,176.9,89.4,43.1,3.8,27.9,178.83,180.9,182.6,182.6,3.62,-24.6,0.0,-11.0,8.2,6.7,9.4,-12.3,-3.5,1,0,0,0,1,1,0,0.75,0,0,0,1
PT-124,2026-10-08T08:50:00,41,23.3,15.8,8.3,1,170.2,80.0,55.4,7.3,6803,174.1,96.0,41.4,3.8,20.1,177.17,178.93,181.83,181.83,4.28,-23.6,0.0,2.6,5.4,3.9,16.0,-14.0,-3.5,1,0,0,0,1,1,0,0.83,0,0,0,1
PT-124,2026-10-08T08:55:00,41,23.3,15.8,8.3,1,170.2,80.0,55.4,7.3,6803,177.3,93.9,43.2,3.8,22.2,176.1,177.95,181.45,181.45,4.29,-11.8,0.0,-0.4,9.4,7.1,13.9,-12.2,-3.5,1,0,0,0,1,1,0,0.92,0,0,0,1
PT-124,2026-10-08T09:00:00,41,23.3,15.8,8.3,1,170.2,80.0,55.4,7.3,6803,178.2,92.8,37.7,3.8,19.0,176.53,177.68,181.07,181.2,4.36,-3.2,-4.6,-2.8,-1.4,8.0,12.8,-17.7,-3.5,1,0,0,0,1,1,0,1.0,0,0,0,1
PT-124,2026-10-08T09:05:00,41,23.3,15.8,8.3,1,170.2,80.0,55.4,7.3,6803,178.6,92.9,38.7,3.8,29.5,178.03,177.6,180.6,181.01,4.29,-1.0,-5.6,-7.0,-7.4,8.4,12.9,-16.7,-3.5,1,0,0,0,1,1,0,1.08,0,0,0,1
PT-124,2026-10-08T09:10:00,41,23.3,15.8,8.3,1,170.2,80.0,55.4,7.3,6803,178.0,96.1,44.0,3.8,23.0,178.27,177.18,180.07,180.81,4.17,-5.0,-6.4,6.8,-3.8,7.8,16.1,-11.4,-3.5,1,0,0,0,1,1,0,1.17,0,0,0,1
PT-124,2026-10-08T09:15:00,41,23.3,15.8,8.3,1,170.2,80.0,55.4,7.3,6803,181.4,93.1,39.4,3.8,24.5,179.33,177.93,179.42,180.85,3.09,9.0,-7.8,7.4,-7.4,11.2,13.1,-16.0,-3.5,1,0,0,0,1,1,0,1.25,0,0,0,1
PT-124,2026-10-08T09:20:00,41,23.3,15.8,8.3,1,170.2,80.0,55.4,7.3,6803,179.3,92.2,39.9,3.8,22.1,179.57,178.8,178.87,180.76,2.32,10.4,-6.6,-7.6,-3.0,9.1,12.2,-15.5,-3.5,1,0,0,0,1,1,0,1.33,0,0,0,1
PT-124,2026-10-08T09:25:00,41,23.3,15.8,8.3,1,170.2,80.0,55.4,7.3,6803,178.5,98.8,42.8,3.8,22.2,179.73,179.0,178.48,180.63,1.88,2.4,-4.7,9.8,-0.8,8.3,18.8,-12.6,-3.5,1,0,0,0,1,1,0,1.42,0,0,0,1
PT-124,2026-10-08T09:30:00,41,23.3,15.8,8.3,1,170.2,80.0,55.4,7.3,6803,181.5,97.3,40.8,3.8,19.6,179.77,179.55,178.62,180.68,2.04,6.6,1.7,9.0,6.2,11.3,17.3,-14.6,-3.5,1,0,0,0,1,1,0,1.5,0,0,0,1
PT-124,2026-10-08T09:35:00,41,23.3,15.8,8.3,1,170.2,80.0,55.4,7.3,6803,181.0,97.2,41.2,3.8,3.9,180.33,179.95,178.78,180.7,2.16,4.8,1.9,8.6,5.0,10.8,17.2,-14.2,-3.5,1,0,0,0,1,1,0,1.58,0,0,0,1
PT-124,2026-10-08T09:40:00,41,23.3,15.8,8.3,1,170.2,80.0,55.4,7.3,6803,182.9,95.5,40.7,3.8,10.0,181.8,180.77,178.98,180.8,2.42,9.8,2.4,-1.2,-6.6,12.7,15.5,-14.7,-3.5,1,0,0,0,1,1,0,1.67,0,0,0,1
PT-124,2026-10-08T09:45:00,41,23.3,15.8,8.3,1,170.2,80.0,55.4,7.3,6803,184.2,92.8,40.9,3.8,3.1,182.7,181.23,179.58,180.95,2.75,5.6,7.3,-0.6,3.0,14.0,12.8,-14.5,-3.5,1,0,0,0,1,1,0,1.75,0,0,0,1
PT-124,2026-10-08T09:50:00,41,23.3,15.8,8.3,1,170.2,80.0,55.4,7.3,6803,186.5,91.5,38.0,3.8,4.1,184.53,182.43,180.62,181.2,2.83,14.4,12.4,-1.4,-3.8,16.3,11.5,-17.4,-3.5,1,0,0,0,1,1,0,1.83,0,0,0,1
PT-124,2026-10-08T09:55:00,41,23.3,15.8,8.3,1,170.2,80.0,55.4,7.3,6803,189.8,93.1,38.6,3.8,6.9,186.83,184.32,181.66,181.55,3.67,22.6,12.5,-11.4,-8.4,19.6,13.1,-16.8,-3.5,1,0,0,0,1,1,0,1.92,0,0,0,1
PT-124,2026-10-08T10:00:00,41,23.3,15.8,8.3,1,170.2,80.0,55.4,7.3,6803,185.3,96.8,41.5,3.8,2.4,187.2,184.95,182.25,181.66,3.64,7.6,7.1,-1.0,1.4,15.1,16.8,-13.9,-3.5,1,0,0,0,1,1,0,2.0,0,0,0,1
PT-124,2026-10-08T10:05:00,41,23.3,15.8,8.3,1,170.2,80.0,55.4,7.3,6803,186.2,94.3,41.1,3.8,8.5,187.1,185.82,182.88,181.74,3.61,10.4,7.6,-5.8,-0.2,16.0,14.3,-14.3,-3.5,1,0,0,0,1,1,0,2.08,0,0,0,1
PT-124,2026-10-08T10:10:00,41,23.3,15.8,8.3,1,170.2,80.0,55.4,7.3,6803,187.8,93.9,41.9,3.8,8.6,186.43,186.63,183.7,181.88,3.51,9.8,9.8,-3.2,2.4,17.6,13.9,-13.5,-3.5,1,0,0,0,1,1,0,2.17,0,0,0,1
PT-124,2026-10-08T10:15:00,41,23.3,15.8,8.3,1,170.2,80.0,55.4,7.3,6803,188.9,95.3,39.7,3.8,6.8,187.63,187.42,184.32,181.87,3.72,9.4,7.5,5.0,-2.4,18.7,15.3,-15.7,-3.5,1,0,0,0,1,1,0,2.25,0,0,0,1
PT-124,2026-10-08T10:20:00,41,23.3,15.8,8.3,1,170.2,80.0,55.4,7.3,6803,185.6,97.0,38.7,3.8,4.6,187.43,187.27,184.85,181.86,3.38,-1.8,6.3,11.0,1.4,15.4,17.0,-16.7,-3.5,1,0,0,0,1,1,0,2.33,0,0,0,1
PT-124,2026-10-08T10:25:00,41,23.3,15.8,8.3,1,170.2,80.0,55.4,7.3,6803,185.3,101.1,40.6,3.8,6.6,186.6,186.52,185.42,181.95,2.72,-9.0,6.8,16.0,4.0,15.1,21.1,-14.8,-3.5,1,0,0,0,1,1,0,2.42,0,0,0,1
PT-124,2026-10-08T10:30:00,41,23.3,15.8,8.3,1,170.2,80.0,55.4,7.3,6803,183.2,96.2,39.5,3.8,5.8,184.7,186.17,185.56,182.09,2.54,-4.2,1.7,-1.2,-4.0,13.0,16.2,-15.9,-3.5,1,0,0,0,1,1,0,2.5,0,0,0,1
PT-124,2026-10-08T10:35:00,41,23.3,15.8,8.3,1,170.2,80.0,55.4,7.3,6803,187.0,93.0,40.7,3.8,2.3,185.17,186.3,186.06,182.42,2.11,1.6,6.0,-2.6,-0.8,16.8,13.0,-14.7,-3.5,1,0,0,0,1,1,0,2.58,0,0,0,1
PT-124,2026-10-08T10:40:00,41,23.3,15.8,8.3,1,170.2,80.0,55.4,7.3,6803,188.0,100.3,41.5,3.8,4.6,186.07,186.33,186.48,182.73,1.93,0.4,5.1,12.8,-0.8,17.8,20.3,-13.9,-3.5,1,0,0,0,1,1,0,2.67,0,0,0,1
PT-124,2026-10-08T10:45:00,41,23.3,15.8,8.3,1,170.2,80.0,55.4,7.3,6803,187.2,95.8,42.7,3.8,2.3,187.4,186.05,186.73,183.16,1.79,-3.4,3.0,1.0,6.0,17.0,15.8,-12.7,-3.5,1,0,0,0,1,1,0,2.75,0,0,0,1
PT-124,2026-10-08T10:50:00,41,23.3,15.8,8.3,1,170.2,80.0,55.4,7.3,6803,183.5,95.8,40.8,3.8,8.7,186.23,185.7,186.48,183.55,2.02,-4.2,-3.0,-2.4,4.2,13.3,15.8,-14.6,-3.5,1,0,0,0,1,1,0,2.83,0,0,0,1
PT-124,2026-10-08T10:55:00,41,23.3,15.8,8.3,1,170.2,80.0,55.4,7.3,6803,185.5,100.8,44.7,3.8,6.5,185.4,185.73,186.12,183.89,1.74,0.4,-4.3,-0.6,8.2,15.3,20.8,-10.7,-3.5,1,0,0,0,1,1,0,2.92,0,0,0,1
PT-124,2026-10-08T11:00:00,41,23.3,15.8,8.3,1,170.2,80.0,55.4,7.3,6803,183.2,97.2,39.3,3.8,2.9,184.07,185.73,185.95,184.1,1.93,0.0,-2.1,2.0,-0.4,13.0,17.2,-16.1,-3.5,1,0,0,0,1,1,0,3.0,0,0,0,1
PT-124,2026-10-08T11:05:00,41,23.3,15.8,8.3,1,170.2,80.0,55.4,7.3,6803,183.7,97.4,40.0,3.8,9.8,184.13,185.18,185.74,184.31,2.03,-6.6,-2.5,8.8,-1.4,13.5,17.4,-15.4,-3.5,1,0,0,0,1,1,0,3.08,0,0,0,1
PT-124,2026-10-08T11:10:00,41,23.3,15.8,8.3,1,170.2,80.0,55.4,7.3,6803,187.1,94.6,42.0,3.8,2.2,184.67,185.03,185.68,184.69,1.98,-1.8,-0.7,-11.4,1.0,16.9,14.6,-13.4,-3.5,1,0,0,0,1,1,0,3.17,0,0,0,1
PT-124,2026-10-08T11:15:00,41,23.3,15.8,8.3,1,170.2,80.0,55.4,7.3,6803,186.4,94.4,37.1,3.8,2.9,185.73,184.9,185.48,184.9,1.72,-1.6,-2.5,-2.8,-11.2,16.2,14.4,-18.3,-3.5,1,0,0,0,1,1,0,3.25,0,0,0,1
PT-124,2026-10-08T11:20:00,41,23.3,15.8,8.3,1,170.2,80.0,55.4,7.3,6803,185.7,93.9,38.6,3.8,5.3,186.4,185.27,185.48,185.17,1.72,4.4,0.1,-3.8,-4.4,15.5,13.9,-16.8,-3.5,1,0,0,0,1,1,0,3.33,0,0,0,1
PT-124,2026-10-08T11:25:00,41,23.3,15.8,8.3,1,170.2,80.0,55.4,7.3,6803,182.9,96.5,41.2,3.8,2.3,185.0,184.83,185.28,185.35,1.88,-5.2,-2.4,-8.6,-7.0,12.7,16.5,-14.2,-3.5,1,0,0,0,1,1,0,3.42,0,0,0,1
PT-124,2026-10-08T11:30:00,41,23.3,15.8,8.3,1,170.2,80.0,55.4,7.3,6803,181.7,95.7,41.5,3.8,6.9,183.43,184.58,185.16,185.36,2.07,-3.0,-1.5,-3.0,4.4,11.5,15.7,-13.9,-3.5,1,0,0,0,1,1,0,3.5,0,0,0,1
PT-124,2026-10-08T11:35:00,41,23.3,15.8,8.3,1,170.2,80.0,55.4,7.3,6803,180.4,92.9,40.7,3.8,8.0,181.67,184.03,184.61,185.33,2.39,-6.6,-6.6,-9.0,1.4,10.2,12.9,-14.7,-3.5,1,0,0,0,1,1,0,3.58,0,0,0,1
PT-124,2026-10-08T11:40:00,41,23.3,15.8,8.3,1,170.2,80.0,55.4,7.3,6803,180.9,95.8,40.6,3.8,9.0,181.0,183.0,184.02,185.25,2.35,-12.4,-7.1,2.4,-2.8,10.7,15.8,-14.8,-3.5,1,0,0,0,1,1,0,3.67,0,0,0,1
PT-124,2026-10-08T11:45:00,41,23.3,15.8,8.3,1,170.2,80.0,55.4,7.3,6803,182.0,98.1,41.3,3.8,5.7,181.1,182.27,183.58,185.16,2.18,-8.8,-5.2,7.4,8.4,11.8,18.1,-14.1,-3.5,1,0,0,0,1,1,0,3.75,0,0,0,1
PT-124,2026-10-08T11:50:00,41,23.3,15.8,8.3,1,170.2,80.0,55.4,7.3,6803,185.9,94.9,41.0,3.8,2.3,182.93,182.3,183.78,185.13,2.28,0.4,2.4,2.0,4.8,15.7,14.9,-14.4,-3.5,1,0,0,0,1,1,0,3.83,0,0,0,1
PT-124,2026-10-08T11:55:00,41,23.3,15.8,8.3,1,170.2,80.0,55.4,7.3,6803,185.6,99.2,39.6,3.8,2.7,184.5,182.75,183.79,184.96,2.29,5.4,0.1,5.4,-3.2,15.4,19.2,-15.8,-3.5,1,0,0,0,1,1,0,3.92,0,0,0,1
PT-124,2026-10-08T12:00:00,41,23.3,15.8,8.3,1,170.2,80.0,55.4,7.3,6803,185.7,97.1,41.3,3.8,2.9,185.73,183.42,184.0,184.98,2.34,8.0,2.5,2.8,-0.4,15.5,17.1,-14.1,-3.5,0,1,0,0,1,1,0,4.0,0,0,0,1
PT-124,2026-10-08T12:05:00,41,23.3,15.8,8.3,1,170.2,80.0,55.4,7.3,6803,181.8,94.7,42.9,3.8,8.9,184.37,183.65,183.84,184.79,2.43,2.8,-1.9,3.6,4.4,11.6,14.7,-12.5,-3.5,0,1,0,0,1,1,0,4.08,0,0,0,1
PT-124,2026-10-08T12:10:00,41,23.3,15.8,8.3,1,170.2,80.0,55.4,7.3,6803,180.7,94.8,40.3,3.8,5.3,182.73,183.62,183.31,184.5,2.35,-0.4,-6.4,-2.0,-0.6,10.5,14.8,-15.1,-3.5,0,1,0,0,1,1,0,4.17,0,0,0,1
PT-124,2026-10-08T12:15:00,41,23.3,15.8,8.3,1,170.2,80.0,55.4,7.3,6803,180.2,97.0,38.6,3.8,7.2,180.9,183.32,182.79,184.13,2.29,-3.6,-6.2,-2.2,-5.4,10.0,17.0,-16.8,-3.5,0,1,0,0,1,1,0,4.25,0,0,0,1
PT-124,2026-10-08T12:20:00,41,23.3,15.8,8.3,1,170.2,80.0,55.4,7.3,6803,180.1,95.4,40.9,3.8,6.3,180.33,182.35,182.32,183.9,2.21,-11.6,-5.6,1.0,-0.2,9.9,15.4,-14.5,-3.5,0,1,0,0,1,1,0,4.33,0,0,0,1
PT-124,2026-10-08T12:25:00,41,23.3,15.8,8.3,1,170.2,80.0,55.4,7.3,6803,180.7,96.4,39.9,3.8,9.1,180.33,181.53,182.14,183.71,2.25,-9.8,-2.2,-5.6,0.6,10.5,16.4,-15.5,-3.5,0,1,0,0,1,1,0,4.42,0,0,0,1
PT-124,2026-10-08T12:30:00,41,23.3,15.8,8.3,1,170.2,80.0,55.4,7.3,6803,181.6,97.1,40.2,3.8,8.2,180.8,180.85,182.13,183.65,2.25,-8.2,-0.1,0.0,-2.2,11.4,17.1,-15.2,-3.5,0,1,0,0,1,1,0,4.5,0,0,0,1
PT-124,2026-10-08T12:35:00,41,23.3,15.8,8.3,1,170.2,80.0,55.4,7.3,6803,182.0,97.1,38.0,3.8,4.9,181.43,180.88,182.27,183.44,2.19,0.4,1.6,4.8,-9.8,11.8,17.1,-17.4,-3.5,0,1,0,0,1,1,0,4.58,0,0,0,1
PT-124,2026-10-08T12:40:00,41,23.3,15.8,8.3,1,170.2,80.0,55.4,7.3,6803,185.6,99.3,39.6,3.8,3.0,183.07,181.7,182.66,183.34,2.34,9.8,4.7,9.0,-1.4,15.4,19.3,-15.8,-3.5,0,1,0,0,1,1,0,4.67,0,0,0,1
PT-124,2026-10-08T12:45:00,41,23.3,15.8,8.3,1,170.2,80.0,55.4,7.3,6803,186.1,96.9,41.1,3.8,4.5,184.57,182.68,183.0,183.29,2.52,11.8,4.1,-0.2,5.0,15.9,16.9,-14.3,-3.5,0,1,0,0,1,1,0,4.75,0,0,0,1
PT-124,2026-10-08T12:50:00,41,23.3,15.8,8.3,1,170.2,80.0,55.4,7.3,6803,190.2,92.7,42.2,3.8,8.5,187.3,184.37,183.36,183.57,3.19,20.2,4.3,-5.4,2.6,20.0,12.7,-13.2,-3.5,0,1,0,0,1,1,0,4.83,0,0,0,1
PT-124,2026-10-08T12:55:00,41,23.3,15.8,8.3,1,170.2,80.0,55.4,7.3,6803,191.0,94.8,41.1,3.8,3.9,189.1,186.08,183.81,183.8,3.85,20.6,5.4,-3.2,2.4,20.8,14.8,-14.3,-3.5,0,1,0,0,1,1,0,4.92,0,0,0,1
PT-124,2026-10-08T13:00:00,41,23.3,15.8,8.3,1,170.2,80.0,55.4,7.3,6803,191.8,96.1,40.9,3.8,13.1,191.0,187.78,184.32,184.16,4.47,20.4,6.1,-2.0,1.4,21.6,16.1,-14.5,-3.5,0,1,0,0,1,1,0,5.0,0,0,0,1
PT-124,2026-10-08T13:05:00,41,23.3,15.8,8.3,1,170.2,80.0,55.4,7.3,6803,193.4,94.5,37.6,3.8,10.3,192.07,189.68,185.28,184.56,5.09,22.8,11.6,-5.2,-0.8,23.2,14.5,-17.8,-3.5,0,1,0,0,1,1,0,5.08,0,0,0,1
PT-124,2026-10-08T13:10:00,41,23.3,15.8,8.3,1,170.2,80.0,55.4,7.3,6803,191.7,97.0,36.9,3.8,8.5,192.3,190.7,186.2,184.75,5.18,12.2,11.0,-4.6,-5.4,21.5,17.0,-18.5,-3.5,0,1,0,0,1,1,0,5.17,0,0,0,1
PT-124,2026-10-08T13:15:00,41,23.3,15.8,8.3,1,170.2,80.0,55.4,7.3,6803,192.8,99.9,35.5,3.8,11.3,192.63,191.82,187.25,185.02,5.13,13.4,12.6,6.0,-11.2,22.6,19.9,-19.9,-3.5,0,1,0,0,1,1,0,5.25,0,0,0,1
PT-124,2026-10-08T13:20:00,41,23.3,15.8,8.3,1,170.2,80.0,55.4,7.3,6803,193.9,95.4,41.1,3.8,12.9,192.8,192.43,188.4,185.36,4.92,7.4,13.8,5.4,-2.2,23.7,15.4,-14.3,-3.5,0,1,0,0,1,1,0,5.33,0,0,0,1
PT-124,2026-10-08T13:25:00,41,23.3,15.8,8.3,1,170.2,80.0,55.4,7.3,6803,194.5,96.3,41.9,3.8,13.4,193.73,193.02,189.55,185.85,4.56,7.0,13.8,3.0,1.6,24.3,16.3,-13.5,-3.5,0,1,0,0,1,1,0,5.42,0,0,0,1
PT-124,2026-10-08T13:30:00,41,23.3,15.8,8.3,1,170.2,80.0,55.4,7.3,6803,193.5,94.4,41.6,3.8,9.3,193.97,193.3,190.54,186.34,3.92,3.4,11.9,-3.4,1.4,23.3,14.4,-13.8,-3.5,0,1,0,0,1,1,0,5.5,0,0,0,1
PT-124,2026-10-08T13:35:00,41,23.3,15.8,8.3,1,170.2,80.0,55.4,7.3,6803,194.5,98.8,38.2,3.8,6.8,194.17,193.48,191.58,186.93,3.0,2.2,12.5,8.6,1.2,24.3,18.8,-17.2,-3.5,0,1,0,0,1,1,0,5.58,0,0,0,1
PT-124,2026-10-08T13:40:00,41,23.3,15.8,8.3,1,170.2,80.0,55.4,7.3,6803,194.1,99.8,36.6,3.8,10.1,194.03,193.88,192.29,187.48,2.4,4.8,8.5,5.6,-0.6,23.9,19.8,-18.8,-3.5,0,1,0,0,1,1,0,5.67,0,0,0,1
PT-124,2026-10-08T13:45:00,41,23.3,15.8,8.3,1,170.2,80.0,55.4,7.3,6803,196.6,93.7,42.5,3.8,12.8,195.07,194.52,193.17,188.08,1.77,7.6,10.5,-12.4,14.0,26.4,13.7,-12.9,-3.5,0,1,0,0,1,1,0,5.75,0,0,0,1
PT-124,2026-10-08T13:50:00,41,23.3,15.8,8.3,1,170.2,80.0,55.4,7.3,6803,194.4,92.6,38.5,3.8,9.6,195.03,194.6,193.52,188.44,1.53,1.0,4.2,-5.6,-5.2,24.2,12.6,-16.9,-3.5,0,1,0,0,1,1,0,5.83,0,0,0,1
PT-124,2026-10-08T13:55:00,41,23.3,15.8,8.3,1,170.2,80.0,55.4,7.3,6803,196.5,92.3,43.3,3.8,11.2,195.83,194.93,193.98,188.89,1.53,4.0,5.5,-8.0,2.8,26.3,12.3,-12.1,-3.5,0,1,0,0,1,1,0,5.92,0,0,0,1
PT-124,2026-10-08T14:00:00,41,23.3,15.8,8.3,1,170.2,80.0,55.4,7.3,6803,194.9,94.2,38.9,3.8,6.3,195.27,195.17,194.23,189.28,1.39,2.8,3.1,-0.4,-5.4,24.7,14.2,-16.5,-3.5,0,1,0,0,1,1,0,6.0,0,0,0,1
PT-124,2026-10-08T14:05:00,41,23.3,15.8,8.3,1,170.2,80.0,55.4,7.3,6803,195.5,97.6,42.4,3.8,7.3,195.63,195.33,194.41,189.85,1.41,2.0,2.1,-2.4,8.4,25.3,17.6,-13.0,-3.5,0,1,0,0,1,1,0,6.08,0,0,0,1
PT-124,2026-10-08T14:10:00,41,23.3,15.8,8.3,1,170.2,80.0,55.4,7.3,6803,196.3,98.4,38.6,3.8,9.5,195.57,195.7,194.79,190.5,1.21,4.4,4.6,-2.8,4.0,26.1,18.4,-16.8,-3.5,0,1,0,0,1,1,0,6.17,0,0,0,1
PT-124,2026-10-08T14:15:00,41,23.3,15.8,8.3,1,170.2,80.0,55.4,7.3,6803,199.0,93.4,40.1,3.8,5.3,196.93,196.1,195.31,191.28,1.56,4.8,6.2,-0.6,-4.8,28.8,13.4,-15.3,-3.5,0,1,0,0,1,1,0,6.25,0,0,0,1
PT-124,2026-10-08T14:20:00,41,23.3,15.8,8.3,1,170.2,80.0,55.4,7.3,6803,198.2,92.0,43.3,3.8,7.7,197.83,196.73,195.67,192.03,1.69,7.6,4.3,-1.2,9.6,28.0,12.0,-12.1,-3.5,0,1,0,0,1,1,0,6.33,0,0,0,1
PT-124,2026-10-08T14:25:00,41,23.3,15.8,8.3,1,170.2,80.0,55.4,7.3,6803,195.7,97.6,41.0,3.8,3.3,197.63,196.6,195.77,192.66,1.65,-1.6,1.2,10.6,-4.6,25.5,17.6,-14.4,-3.5,0,1,0,0,1,1,0,6.42,0,0,0,1
PT-124,2026-10-08T14:30:00,41,23.3,15.8,8.3,1,170.2,80.0,55.4,7.3,6803,195.9,95.2,41.4,3.8,8.2,196.6,196.77,195.97,193.25,1.49,2.0,2.4,2.0,5.0,25.7,15.2,-14.0,-3.5,0,1,0,0,1,1,0,6.5,0,0,0,1
PT-124,2026-10-08T14:35:00,41,23.3,15.8,8.3,1,170.2,80.0,55.4,7.3,6803,196.2,90.6,39.9,3.8,3.8,195.93,196.88,196.11,193.85,1.42,1.4,1.7,-14.0,-5.0,26.0,10.6,-15.5,-3.5,0,1,0,0,1,1,0,6.58,0,0,0,1
PT-124,2026-10-08T14:40:00,41,23.3,15.8,8.3,1,170.2,80.0,55.4,7.3,6803,196.3,95.2,45.6,3.8,2.7,196.13,196.88,196.29,194.29,1.27,0.0,2.2,-6.4,14.0,26.1,15.2,-9.8,-3.5,0,1,0,0,1,1,0,6.67,0,0,0,1
PT-124,2026-10-08T14:45:00,41,23.3,15.8,8.3,1,170.2,80.0,55.4,7.3,6803,195.1,90.3,37.0,3.8,9.8,195.87,196.23,196.17,194.67,1.31,-7.8,-1.5,-6.2,-6.2,24.9,10.3,-18.4,-3.5,0,1,0,0,1,1,0,6.75,0,0,0,1
PT-124,2026-10-08T14:50:00,41,23.3,15.8,8.3,1,170.2,80.0,55.4,7.3,6803,197.1,96.7,41.9,3.8,3.9,196.17,196.05,196.39,194.95,1.21,-2.2,2.7,9.4,-2.8,26.9,16.7,-13.5,-3.5,0,1,0,0,1,1,0,6.83,0,0,0,1
PT-124,2026-10-08T14:55:00,41,23.3,15.8,8.3,1,170.2,80.0,55.4,7.3,6803,198.9,94.1,42.7,3.8,4.8,197.03,196.58,196.59,195.28,1.41,6.4,2.4,-7.0,3.4,28.7,14.1,-12.7,-3.5,0,1,0,0,1,1,0,6.92,0,0,0,1
PT-124,2026-10-08T15:00:00,41,23.3,15.8,8.3,1,170.2,80.0,55.4,7.3,6803,194.2,92.7,42.7,3.8,8.4,196.73,196.3,196.53,195.38,1.5,-3.4,-0.7,-5.0,2.6,24.0,12.7,-12.7,-3.5,0,1,0,0,1,1,0,7.0,0,0,0,1
PT-124,2026-10-08T15:05:00,41,23.3,15.8,8.3,1,170.2,80.0,55.4,7.3,6803,195.2,96.2,39.4,3.8,2.5,196.1,196.13,196.51,195.46,1.52,-2.0,-0.3,11.2,-1.0,25.0,16.2,-16.0,-3.5,0,1,0,0,1,1,0,7.08,0,0,0,1
PT-124,2026-10-08T15:10:00,41,23.3,15.8,8.3,1,170.2,80.0,55.4,7.3,6803,196.8,95.7,39.7,3.8,6.1,195.4,196.22,196.55,195.67,1.52,1.0,0.5,1.0,-11.8,26.6,15.7,-15.7,-3.5,0,1,0,0,1,1,0,7.17,0,0,0,1
PT-124,2026-10-08T15:15:00,41,23.3,15.8,8.3,1,170.2,80.0,55.4,7.3,6803,196.0,92.7,39.8,3.8,5.4,196.0,196.37,196.3,195.8,1.31,1.8,-3.0,4.8,5.6,25.8,12.7,-15.6,-3.5,0,1,0,0,1,1,0,7.25,0,0,0,1
PT-124,2026-10-08T15:20:00,41,23.3,15.8,8.3,1,170.2,80.0,55.4,7.3,6803,198.3,93.8,42.0,3.8,2.8,197.03,196.57,196.31,195.99,1.33,2.4,0.1,-5.8,0.2,28.1,13.8,-13.4,-3.5,0,1,0,0,1,1,0,7.33,0,0,0,1
PT-124,2026-10-08T15:25:00,41,23.3,15.8,8.3,1,170.2,80.0,55.4,7.3,6803,200.6,94.9,38.8,3.8,6.8,198.3,196.85,196.72,196.24,1.79,3.4,4.9,1.6,-7.8,30.4,14.9,-16.6,-3.5,0,1,0,0,1,1,0,7.42,0,0,0,1
PT-124,2026-10-08T15:30:00,41,23.3,15.8,8.3,1,170.2,80.0,55.4,7.3,6803,199.5,93.2,36.5,3.8,4.3,199.47,197.73,197.02,196.49,1.94,10.6,3.6,1.0,-12.4,29.3,13.2,-18.9,-3.5,0,1,0,0,1,1,0,7.5,0,0,0,1
PT-124,2026-10-08T15:35:00,41,23.3,15.8,8.3,1,170.2,80.0,55.4,7.3,6803,199.1,91.7,43.0,3.8,3.7,199.73,198.38,197.26,196.68,2.01,7.8,2.9,-9.0,7.2,28.9,11.7,-12.4,-3.5,0,1,0,0,1,1,0,7.58,0,0,0,1
PT-124,2026-10-08T15:40:00,41,23.3,15.8,8.3,1,170.2,80.0,55.4,7.3,6803,198.0,92.5,42.2,3.8,8.3,198.87,198.58,197.4,196.85,1.99,2.4,1.7,-6.4,5.0,27.8,12.5,-13.2,-3.5,0,1,0,0,1,1,0,7.67,0,0,0,1
PT-124,2026-10-08T15:45:00,41,23.3,15.8,8.3,1,170.2,80.0,55.4,7.3,6803,202.7,93.7,39.0,3.8,5.1,199.93,199.7,198.03,197.1,2.37,13.4,7.6,2.0,-1.6,32.5,13.7,-16.4,-3.5,0,1,0,0,1,1,0,7.75,0,0,0,1
PT-124,2026-10-08T15:50:00,41,23.3,15.8,8.3,1,170.2,80.0,55.4,7.3,6803,206.0,95.3,40.9,3.8,3.0,202.23,200.98,198.77,197.58,3.27,15.4,8.9,3.0,-2.2,35.8,15.3,-14.5,-3.5,0,1,0,0,1,1,0,7.83,0,0,0,1
PT-124,2026-10-08T15:55:00,41,23.3,15.8,8.3,1,170.2,80.0,55.4,7.3,6803,207.6,93.2,39.2,3.8,8.2,205.43,202.15,199.5,198.05,4.15,14.0,8.7,-3.4,0.8,37.4,13.2,-16.2,-3.5,0,1,0,0,1,1,0,7.92,0,0,0,1
PT-124,2026-10-08T16:00:00,41,23.3,15.8,8.3,1,170.2,80.0,55.4,7.3,6803,205.3,94.7,41.2,3.8,6.4,206.3,203.12,200.42,198.48,4.1,11.6,11.1,3.0,9.4,35.1,14.7,-14.2,-3.5,0,1,0,0,1,1,0,8.0,0,0,0,1
PT-124,2026-10-08T16:05:00,41,23.3,15.8,8.3,1,170.2,80.0,55.4,7.3,6803,205.3,95.1,37.7,3.8,9.7,206.07,204.15,201.27,198.89,3.96,12.4,10.1,6.8,-10.6,35.1,15.1,-17.7,-3.5,0,1,0,0,1,1,0,8.08,0,0,0,1
PT-124,2026-10-08T16:10:00,41,23.3,15.8,8.3,1,170.2,80.0,55.4,7.3,6803,209.5,95.2,43.5,3.8,3.5,206.7,206.07,202.32,199.44,4.34,23.0,12.7,5.4,2.6,39.3,15.2,-11.9,-3.5,0,1,0,0,1,1,0,8.17,0,0,0,1
PT-124,2026-10-08T16:15:00,41,23.3,15.8,8.3,1,170.2,80.0,55.4,7.3,6803,207.3,91.0,40.0,3.8,3.3,207.37,206.83,203.27,199.78,4.06,9.2,11.3,-5.4,2.0,37.1,11.0,-15.4,-3.5,0,1,0,0,1,1,0,8.25,0,0,0,1
PT-124,2026-10-08T16:20:00,41,23.3,15.8,8.3,1,170.2,80.0,55.4,7.3,6803,206.9,94.1,39.8,3.8,3.4,207.9,206.98,203.98,200.15,3.85,1.8,8.6,-2.4,-2.2,36.7,14.1,-15.6,-3.5,0,1,0,0,1,1,0,8.33,0,0,0,1
PT-124,2026-10-08T16:25:00,41,23.3,15.8,8.3,1,170.2,80.0,55.4,7.3,6803,207.4,95.5,39.4,3.8,5.3,207.2,206.95,204.55,200.63,3.81,-0.4,6.8,4.6,0.4,37.2,15.5,-16.0,-3.5,0,1,0,0,1,1,0,8.42,0,0,0,1
PT-124,2026-10-08T16:30:00,41,23.3,15.8,8.3,1,170.2,80.0,55.4,7.3,6803,207.1,95.7,36.8,3.8,2.2,207.13,207.25,205.18,201.1,3.52,3.6,7.6,2.0,-8.8,36.9,15.7,-18.6,-3.5,0,1,0,0,1,1,0,8.5,0,0,0,1
PT-124,2026-10-08T16:35:00,41,23.3,15.8,8.3,1,170.2,80.0,55.4,7.3,6803,206.4,93.9,39.1,3.8,8.0,206.97,207.43,205.79,201.52,2.95,2.2,7.3,-2.4,2.8,36.2,13.9,-16.3,-3.5,0,1,0,0,1,1,0,8.58,0,0,0,1
PT-124,2026-10-08T16:40:00,41,23.3,15.8,8.3,1,170.2,80.0,55.4,7.3,6803,207.6,92.7,40.0,3.8,3.3,207.03,207.12,206.59,202.0,1.68,-3.8,9.6,-5.0,-7.0,37.4,12.7,-15.4,-3.5,0,1,0,0,1,1,0,8.67,0,0,0,1
PT-124,2026-10-08T16:45:00,41,23.3,15.8,8.3,1,170.2,80.0,55.4,7.3,6803,205.9,94.9,41.5,3.8,7.0,206.63,206.88,206.86,202.45,1.18,-2.8,3.2,7.8,3.0,35.7,14.9,-13.9,-3.5,0,1,0,0,1,1,0,8.75,0,0,0,1
PT-124,2026-10-08T16:50:00,41,23.3,15.8,8.3,1,170.2,80.0,55.4,7.3,6803,206.0,96.0,39.9,3.8,8.9,206.5,206.73,206.86,202.82,1.18,-1.8,0.0,3.8,0.2,35.8,16.0,-15.5,-3.5,0,1,0,0,1,1,0,8.83,0,0,0,1
PT-124,2026-10-08T16:55:00,41,23.3,15.8,8.3,1,170.2,80.0,55.4,7.3,6803,208.0,91.7,39.7,3.8,2.1,206.63,206.83,206.89,203.2,1.21,1.2,0.4,-7.6,0.6,37.8,11.7,-15.7,-3.5,0,1,0,0,1,1,0,8.92,0,0,0,1
PT-124,2026-10-08T17:00:00,41,23.3,15.8,8.3,1,170.2,80.0,55.4,7.3,6803,207.2,96.5,39.7,3.8,18.9,207.07,206.85,207.05,203.74,1.1,0.2,1.9,1.6,5.8,37.0,16.5,-15.7,-3.5,0,0,1,0,1,1,0,9.0,0,0,0,1
PT-124,2026-10-08T17:05:00,41,23.3,15.8,8.3,1,170.2,80.0,55.4,7.3,6803,208.2,92.1,34.3,3.8,27.0,207.8,207.15,207.29,204.28,1.0,3.6,2.9,-3.6,-9.6,38.0,12.1,-21.1,-3.5,0,0,1,0,1,1,0,9.08,0,0,0,1
PT-124,2026-10-08T17:10:00,41,23.3,15.8,8.3,1,170.2,80.0,55.4,7.3,6803,208.3,95.5,42.7,3.8,29.7,207.9,207.27,207.19,204.76,0.79,1.4,-1.2,5.6,5.4,38.1,15.5,-12.7,-3.5,0,0,1,0,1,1,0,9.17,0,0,0,1
PT-124,2026-10-08T17:15:00,41,23.3,15.8,8.3,1,170.2,80.0,55.4,7.3,6803,209.3,94.0,39.8,3.8,23.4,208.6,207.83,207.36,205.31,1.0,6.8,2.0,-1.8,-3.4,39.1,14.0,-15.6,-3.5,0,0,1,0,1,1,0,9.25,0,0,0,1
PT-124,2026-10-08T17:20:00,41,23.3,15.8,8.3,1,170.2,80.0,55.4,7.3,6803,209.8,96.7,39.6,3.8,27.3,209.13,208.47,207.6,205.79,1.21,7.6,2.9,1.4,-0.6,39.6,16.7,-15.8,-3.5,0,0,1,0,1,1,0,9.33,0,0,0,1
PT-124,2026-10-08T17:25:00,41,23.3,15.8,8.3,1,170.2,80.0,55.4,7.3,6803,208.1,92.1,38.6,3.8,28.6,209.07,208.48,207.66,206.1,1.22,0.2,0.7,0.8,-2.2,37.9,12.1,-16.8,-3.5,0,0,1,0,1,1,0,9.42,0,0,0,1
PT-124,2026-10-08T17:30:00,41,23.3,15.8,8.3,1,170.2,80.0,55.4,7.3,6803,210.0,95.0,37.4,3.8,26.1,209.3,208.95,207.9,206.54,1.37,5.6,2.9,-3.0,-4.6,39.8,15.0,-18.0,-3.5,0,0,1,0,1,1,0,9.5,0,0,0,1
PT-124,2026-10-08T17:35:00,41,23.3,15.8,8.3,1,170.2,80.0,55.4,7.3,6803,207.6,93.4,40.5,3.8,25.8,208.57,208.85,208.0,206.9,1.29,-1.2,1.2,2.6,12.4,37.4,13.4,-14.9,-3.5,0,0,1,0,1,1,0,9.58,0,0,0,1
PT-124,2026-10-08T17:40:00,41,23.3,15.8,8.3,1,170.2,80.0,55.4,7.3,6803,208.0,93.5,38.2,3.8,20.2,208.53,208.8,208.03,207.31,1.29,-0.6,0.4,-4.0,-9.0,37.8,13.5,-17.2,-3.5,0,0,1,0,1,1,0,9.67,0,0,0,1
PT-124,2026-10-08T17:45:00,41,23.3,15.8,8.3,1,170.2,80.0,55.4,7.3,6803,211.5,91.7,39.9,3.8,24.8,209.03,209.17,208.5,207.68,1.45,4.4,5.6,-4.6,0.2,41.3,11.7,-15.5,-3.5,0,0,1,0,1,1,0,9.75,0,0,0,1
PT-124,2026-10-08T17:50:00,41,23.3,15.8,8.3,1,170.2,80.0,55.4,7.3,6803,215.3,89.2,41.4,3.8,30.0,211.6,210.08,209.28,208.07,2.25,11.0,9.3,-15.0,3.6,45.1,9.2,-14.0,-3.5,0,0,1,0,1,1,0,9.83,0,0,0,1
PT-124,2026-10-08T17:55:00,41,23.3,15.8,8.3,1,170.2,80.0,55.4,7.3,6803,216.8,92.5,40.6,3.8,26.9,214.53,211.53,210.01,208.45,3.08,17.4,8.8,0.8,4.0,46.6,12.5,-14.8,-3.5,0,0,1,0,1,1,0,9.92,0,0,0,1
PT-124,2026-10-08T18:00:00,41,23.3,15.8,8.3,1,170.2,80.0,55.4,7.3,6803,218.2,91.8,40.5,3.8,28.3,216.77,212.9,210.93,208.99,3.74,16.4,11.0,-6.4,6.2,48.0,11.8,-14.9,-3.5,0,0,1,0,1,1,0,10.0,0,0,0,1
PT-124,2026-10-08T18:05:00,41,23.3,15.8,8.3,1,170.2,80.0,55.4,7.3,6803,216.3,91.3,39.6,3.8,6.3,217.1,214.35,211.6,209.45,3.93,17.4,8.1,-4.2,-1.8,46.1,11.3,-15.8,-3.5,0,0,1,0,1,1,0,10.08,0,0,0,1
PT-124,2026-10-08T18:10:00,41,23.3,15.8,8.3,1,170.2,80.0,55.4,7.3,6803,214.1,89.0,43.3,3.8,7.2,216.2,215.37,212.08,209.64,3.84,12.2,5.8,-9.0,10.2,43.9,9.0,-12.1,-3.5,0,0,1,0,1,1,0,10.17,0,0,0,1
PT-124,2026-10-08T18:15:00,41,23.3,15.8,8.3,1,170.2,80.0,55.4,7.3,6803,213.4,92.0,41.1,3.8,4.4,214.6,215.68,212.42,209.89,3.75,3.8,4.1,0.6,2.4,43.2,12.0,-14.3,-3.5,0,0,1,0,1,1,0,10.25,0,0,0,1
PT-124,2026-10-08T18:20:00,41,23.3,15.8,8.3,1,170.2,80.0,55.4,7.3,6803,214.7,91.4,39.8,3.8,5.0,214.07,215.58,212.83,210.22,3.71,-1.2,4.9,4.4,-3.2,44.5,11.4,-15.6,-3.5,0,0,1,0,1,1,0,10.33,0,0,0,1
PT-124,2026-10-08T18:25:00,41,23.3,15.8,8.3,1,170.2,80.0,55.4,7.3,6803,217.8,92.4,43.7,3.8,8.1,215.3,215.75,213.64,210.65,3.64,2.0,9.7,-0.2,6.2,47.6,12.4,-11.7,-3.5,0,0,1,0,1,1,0,10.42,0,0,0,1
PT-124,2026-10-08T18:30:00,41,23.3,15.8,8.3,1,170.2,80.0,55.4,7.3,6803,218.7,87.1,39.7,3.8,7.1,217.07,215.83,214.37,211.13,3.71,1.0,8.7,-9.4,-1.6,48.5,7.1,-15.7,-3.5,0,0,1,0,1,1,0,10.5,0,0,0,1
PT-124,2026-10-08T18:35:00,41,23.3,15.8,8.3,1,170.2,80.0,55.4,7.3,6803,218.6,93.9,39.5,3.8,3.6,218.37,216.22,215.28,211.64,3.21,4.6,11.0,5.2,-0.2,48.4,13.9,-15.9,-3.5,0,0,1,0,1,1,0,10.58,0,0,0,1
PT-124,2026-10-08T18:40:00,41,23.3,15.8,8.3,1,170.2,80.0,55.4,7.3,6803,220.3,93.5,41.4,3.8,6.1,219.2,217.25,216.31,212.17,2.58,12.4,12.3,9.0,-3.8,50.1,13.5,-14.0,-3.5,0,0,1,0,1,1,0,10.67,0,0,0,1
PT-124,2026-10-08T18:45:00,41,23.3,15.8,8.3,1,170.2,80.0,55.4,7.3,6803,219.5,88.4,40.5,3.8,7.3,219.47,218.27,216.98,212.74,2.23,12.2,8.0,-7.2,-1.2,49.3,8.4,-14.9,-3.5,0,0,1,0,1,1,0,10.75,0,0,0,1
PT-124,2026-10-08T18:50:00,41,23.3,15.8,8.3,1,170.2,80.0,55.4,7.3,6803,219.9,92.3,38.7,3.8,6.9,219.9,219.13,217.36,213.32,2.31,10.4,4.6,1.8,-2.2,49.7,12.3,-16.7,-3.5,0,0,1,0,1,1,0,10.83,0,0,0,1
PT-124,2026-10-08T18:55:00,41,23.3,15.8,8.3,1,170.2,80.0,55.4,7.3,6803,217.7,89.2,44.4,3.8,2.5,219.03,219.12,217.43,213.72,2.31,-0.2,0.9,-6.4,1.4,47.5,9.2,-11.0,-3.5,0,0,1,0,1,1,0,10.92,0,0,0,1
PT-124,2026-10-08T19:00:00,41,23.3,15.8,8.3,1,170.2,80.0,55.4,7.3,6803,216.5,93.8,36.3,3.8,8.9,218.03,218.75,217.29,214.11,2.31,-4.4,-1.7,13.4,-6.8,46.3,13.8,-19.1,-3.5,0,0,1,0,1,1,0,11.0,0,0,0,1
PT-124,2026-10-08T19:05:00,41,23.3,15.8,8.3,1,170.2,80.0,55.4,7.3,6803,220.0,90.4,41.5,3.8,7.2,218.07,218.98,217.6,214.6,2.41,2.8,3.7,-7.0,4.0,49.8,10.4,-13.9,-3.5,0,0,1,0,1,1,0,11.08,0,0,0,1
PT-124,2026-10-08T19:10:00,41,23.3,15.8,8.3,1,170.2,80.0,55.4,7.3,6803,219.8,89.5,38.7,3.8,7.8,218.77,218.9,218.08,215.08,2.21,-1.0,5.7,-8.0,-5.4,49.6,9.5,-16.7,-3.5,0,0,1,0,1,1,0,11.17,0,0,0,1
PT-124,2026-10-08T19:15:00,41,23.3,15.8,8.3,1,170.2,80.0,55.4,7.3,6803,224.9,91.3,41.1,3.8,2.9,221.57,219.8,219.03,215.73,2.47,10.8,11.5,5.8,1.2,54.7,11.3,-14.3,-3.5,0,0,1,0,1,1,0,11.25,0,0,0,1
PT-124,2026-10-08T19:20:00,41,23.3,15.8,8.3,1,170.2,80.0,55.4,7.3,6803,226.3,89.5,40.4,3.8,4.7,223.67,220.87,220.0,216.42,2.86,12.8,11.6,-5.6,3.4,56.1,9.5,-15.0,-3.5,0,0,1,0,1,1,0,11.33,0,0,0,1
PT-124,2026-10-08T19:25:00,41,23.3,15.8,8.3,1,170.2,80.0,55.4,7.3,6803,227.5,91.6,43.6,3.8,5.8,226.23,222.5,220.81,217.23,3.49,19.6,9.7,4.8,-1.6,57.3,11.6,-11.8,-3.5,0,0,1,0,1,1,0,11.42,0,0,0,1
PT-124,2026-10-08T19:30:00,41,23.3,15.8,8.3,1,170.2,80.0,55.4,7.3,6803,228.5,91.0,40.2,3.8,3.9,227.43,224.5,221.62,218.0,4.05,24.0,9.8,-5.6,7.8,58.3,11.0,-15.2,-3.5,0,0,1,0,1,1,0,11.5,0,0,0,1
PT-124,2026-10-08T19:35:00,41,23.3,15.8,8.3,1,170.2,80.0,55.4,7.3,6803,225.3,89.5,41.3,3.8,9.3,227.1,225.38,222.18,218.73,4.06,10.6,6.7,-1.8,-0.4,55.1,9.5,-14.1,-3.5,0,0,1,0,1,1,0,11.58,0,0,0,1
PT-124,2026-10-08T19:40:00,41,23.3,15.8,8.3,1,170.2,80.0,55.4,7.3,6803,225.1,91.8,41.9,3.8,4.1,226.3,226.27,222.58,219.45,4.09,10.6,4.8,4.6,6.4,54.9,11.8,-13.5,-3.5,0,0,1,0,1,1,0,11.67,0,0,0,1
PT-124,2026-10-08T19:45:00,41,23.3,15.8,8.3,1,170.2,80.0,55.4,7.3,6803,225.8,90.0,43.4,3.8,2.9,225.4,226.42,223.11,220.04,4.06,1.8,6.3,-2.6,4.6,55.6,10.0,-12.0,-3.5,0,0,1,0,1,1,0,11.75,0,0,0,1
PT-124,2026-10-08T19:50:00,41,23.3,15.8,8.3,1,170.2,80.0,55.4,7.3,6803,226.8,88.0,39.2,3.8,7.5,225.9,226.5,223.68,220.52,4.06,1.0,6.9,-3.0,-2.4,56.6,8.0,-16.2,-3.5,0,0,1,0,1,1,0,11.83,0,0,0,1
PT-124,2026-10-08T19:55:00,41,23.3,15.8,8.3,1,170.2,80.0,55.4,7.3,6803,230.6,91.0,41.3,3.8,6.4,227.73,227.02,224.76,221.1,4.04,6.2,12.9,-1.2,-4.6,60.4,11.0,-14.1,-3.5,0,0,1,0,1,1,0,11.92,0,0,0,1
PT-124,2026-10-08T20:00:00,41,23.3,15.8,8.3,1,170.2,80.0,55.4,7.3,6803,227.7,89.3,43.2,3.8,6.2,228.37,226.88,225.69,221.49,3.15,-1.6,11.2,-3.4,6.0,57.5,9.3,-12.2,-3.5,0,0,1,0,1,1,0,0.0,0,0,0,1
PT-124,2026-10-08T20:05:00,41,23.3,15.8,8.3,1,170.2,80.0,55.4,7.3,6803,231.9,88.7,37.9,3.8,9.2,230.07,227.98,226.68,222.14,3.07,13.2,11.9,-1.6,-6.8,61.7,8.7,-17.5,-3.5,0,0,1,0,1,1,0,0.08,0,0,0,1
PT-124,2026-10-08T20:10:00,41,23.3,15.8,8.3,1,170.2,80.0,55.4,7.3,6803,236.0,88.0,41.3,3.8,8.8,231.87,229.8,228.03,223.05,3.32,21.8,16.2,-7.6,-1.2,65.8,8.0,-14.1,-3.5,0,0,1,0,1,1,0,0.17,0,0,0,1
PT-124,2026-10-08T20:15:00,41,23.3,15.8,8.3,1,170.2,80.0,55.4,7.3,6803,237.1,87.4,42.0,3.8,5.3,235.0,231.68,229.05,224.04,4.06,22.6,12.2,-5.2,-2.8,66.9,7.4,-13.4,-3.5,0,0,1,0,1,1,0,0.25,0,0,0,1
PT-124,2026-10-08T20:20:00,41,23.3,15.8,8.3,1,170.2,80.0,55.4,7.3,6803,239.9,88.3,37.9,3.8,7.0,237.67,233.87,230.18,225.09,5.01,26.2,13.6,0.6,-2.6,69.7,8.3,-17.5,-3.5,0,0,1,0,1,1,0,0.33,0,0,0,1
PT-124,2026-10-08T20:25:00,41,23.3,15.8,8.3,1,170.2,80.0,55.4,7.3,6803,238.8,88.8,40.9,3.8,7.1,238.6,235.23,231.12,225.97,5.5,16.4,11.3,-4.4,-0.8,68.6,8.8,-14.5,-3.5,0,0,1,0,1,1,0,0.42,0,0,0,1
PT-124,2026-10-08T20:30:00,41,23.3,15.8,8.3,1,170.2,80.0,55.4,7.3,6803,240.7,87.8,40.6,3.8,2.7,239.8,237.4,232.14,226.88,6.06,26.0,12.2,-3.0,-5.2,70.5,7.8,-14.8,-3.5,0,0,1,0,1,1,0,0.5,0,0,0,1
PT-124,2026-10-08T20:35:00,41,23.3,15.8,8.3,1,170.2,80.0,55.4,7.3,6803,240.3,93.9,37.7,3.8,6.3,239.93,238.8,233.39,227.79,6.07,16.8,15.0,10.4,-0.4,70.1,13.9,-17.7,-3.5,0,0,1,0,1,1,0,0.58,0,0,0,1
PT-124,2026-10-08T20:40:00,41,23.3,15.8,8.3,1,170.2,80.0,55.4,7.3,6803,238.6,89.7,46.1,3.8,7.5,239.87,239.23,234.52,228.55,5.63,5.2,13.5,3.4,9.6,68.4,9.7,-9.3,-3.5,0,0,1,0,1,1,0,0.67,0,0,0,1
PT-124,2026-10-08T20:45:00,41,23.3,15.8,8.3,1,170.2,80.0,55.4,7.3,6803,239.3,88.5,37.5,3.8,9.0,239.4,239.6,235.64,229.38,5.05,4.4,13.5,2.2,-9.0,69.1,8.5,-17.9,-3.5,0,0,1,0,1,1,0,0.75,0,0,0,1
PT-124,2026-10-08T20:50:00,41,23.3,15.8,8.3,1,170.2,80.0,55.4,7.3,6803,238.9,89.6,43.9,3.8,4.5,238.93,239.43,236.65,230.17,4.27,-2.0,12.1,2.6,12.0,68.7,9.6,-11.5,-3.5,0,0,1,0,1,1,0,0.83,0,0,0,1
PT-124,2026-10-08T20:55:00,41,23.3,15.8,8.3,1,170.2,80.0,55.4,7.3,6803,239.7,86.2,40.1,3.8,5.1,239.3,239.58,237.41,231.08,3.89,1.8,9.1,-5.2,-1.6,69.5,6.2,-15.3,-3.5,0,0,1,0,1,1,0,0.92,0,0,0,1
PT-124,2026-10-08T21:00:00,41,23.3,15.8,8.3,1,170.2,80.0,55.4,7.3,6803,241.1,93.5,42.4,3.8,3.7,239.9,239.65,238.52,232.11,2.54,0.8,13.4,11.4,3.6,70.9,13.5,-13.0,-3.5,0,0,1,0,1,1,0,1.0,0,0,0,1
PT-124,2026-10-08T21:05:00,41,23.3,15.8,8.3,1,170.2,80.0,55.4,7.3,6803,240.6,90.4,43.9,3.8,4.3,240.47,239.7,239.25,232.97,1.51,0.6,8.7,-7.0,12.4,70.4,10.4,-11.5,-3.5,0,0,1,0,1,1,0,1.08,0,0,0,1
PT-124,2026-10-08T21:10:00,41,23.3,15.8,8.3,1,170.2,80.0,55.4,7.3,6803,241.9,87.8,37.0,3.8,6.0,241.2,240.25,239.74,233.89,1.3,6.6,5.9,-3.8,-18.2,71.7,7.8,-18.4,-3.5,0,0,1,0,1,1,0,1.17,0,0,0,1
PT-124,2026-10-08T21:15:00,41,23.3,15.8,8.3,1,170.2,80.0,55.4,7.3,6803,246.7,85.2,41.5,3.8,8.2,243.07,241.48,240.54,234.8,2.18,14.8,9.6,-6.6,8.0,76.5,5.2,-13.9,-3.5,0,0,1,0,1,1,0,1.25,0,0,0,1
PT-124,2026-10-08T21:20:00,41,23.3,15.8,8.3,1,170.2,80.0,55.4,7.3,6803,248.6,87.3,42.0,3.8,8.7,245.73,243.1,241.27,235.72,3.17,19.4,8.7,-4.6,-3.8,78.4,7.3,-13.4,-3.5,0,0,1,0,1,1,0,1.33,0,0,0,1
PT-124,2026-10-08T21:25:00,41,23.3,15.8,8.3,1,170.2,80.0,55.4,7.3,6803,250.8,92.4,41.1,3.8,8.1,248.7,244.95,242.27,236.7,4.08,22.2,12.0,12.4,2.0,80.6,12.4,-14.3,-3.5,0,0,1,0,1,1,0,1.42,0,0,0,1
PT-124,2026-10-08T21:30:00,41,23.3,15.8,8.3,1,170.2,80.0,55.4,7.3,6803,251.3,88.6,41.5,3.8,6.4,250.23,246.65,243.15,237.65,4.8,20.4,10.6,-9.8,-1.8,81.1,8.6,-13.9,-3.5,0,0,1,0,1,1,0,1.5,0,0,0,1
PT-124,2026-10-08T21:35:00,41,23.3,15.8,8.3,1,170.2,80.0,55.4,7.3,6803,252.9,86.5,41.3,3.8,9.6,251.67,248.7,244.2,238.8,5.45,24.6,12.6,-7.8,-5.2,82.7,6.5,-14.1,-3.5,0,0,1,0,1,1,0,1.58,0,0,0,1
PT-124,2026-10-08T21:40:00,41,23.3,15.8,8.3,1,170.2,80.0,55.4,7.3,6803,253.1,93.4,38.3,3.8,7.5,252.43,250.57,245.41,239.96,5.7,22.4,14.5,11.2,2.6,82.9,13.4,-17.1,-3.5,0,0,1,0,1,1,0,1.67,0,0,0,1
PT-124,2026-10-08T21:45:00,41,23.3,15.8,8.3,1,170.2,80.0,55.4,7.3,6803,254.0,90.4,40.6,3.8,6.3,253.33,251.78,246.63,241.14,5.84,14.6,14.7,10.4,-1.8,83.8,10.4,-14.8,-3.5,0,0,1,0,1,1,0,1.75,0,0,0,1
PT-124,2026-10-08T21:50:00,41,23.3,15.8,8.3,1,170.2,80.0,55.4,7.3,6803,251.3,87.8,42.3,3.8,6.0,252.8,252.23,247.67,242.16,5.43,5.4,12.4,1.0,0.6,81.1,7.8,-13.1,-3.5,0,0,1,0,1,1,0,1.83,0,0,0,1
PT-124,2026-10-08T21:55:00,41,23.3,15.8,8.3,1,170.2,80.0,55.4,7.3,6803,254.8,85.4,38.2,3.8,5.8,253.37,252.9,248.92,243.17,5.16,8.0,15.1,-14.0,-5.8,84.6,5.4,-17.2,-3.5,0,0,1,0,1,1,0,1.92,0,0,0,1
PT-125,2026-10-08T08:00:00,51,32.2,11.6,8.3,1,171.3,66.2,41.7,6.9,7686,178.6,67.2,41.9,6.9,24.2,178.6,178.6,178.6,178.6,0.0,0.0,0.0,0.0,0.0,7.3,1.0,0.2,0.0,1,0,0,0,2,1,0,0.0,0,0,0,0
PT-125,2026-10-08T08:05:00,51,32.2,11.6,8.3,1,171.3,66.2,41.7,6.9,7686,171.6,65.8,39.6,6.9,12.9,175.1,175.1,175.1,175.1,4.95,0.0,0.0,0.0,0.0,0.3,-0.4,-2.1,0.0,1,0,0,0,2,1,0,0.08,0,0,0,0
PT-125,2026-10-08T08:10:00,51,32.2,11.6,8.3,1,171.3,66.2,41.7,6.9,7686,167.4,67.9,40.9,6.9,11.3,172.53,172.53,172.53,172.53,5.66,0.0,0.0,0.0,0.0,-3.9,1.7,-0.8,0.0,1,0,0,0,2,1,0,0.17,0,0,0,0
PT-125,2026-10-08T08:15:00,51,32.2,11.6,8.3,1,171.3,66.2,41.7,6.9,7686,166.9,65.4,43.5,6.9,14.1,168.63,171.12,171.12,171.12,5.41,0.0,0.0,0.0,0.0,-4.4,-0.8,1.8,0.0,1,0,0,0,2,1,0,0.25,0,0,0,1
PT-125,2026-10-08T08:20:00,51,32.2,11.6,8.3,1,171.3,66.2,41.7,6.9,7686,172.3,65.7,41.5,6.9,20.4,168.87,171.36,171.36,171.36,4.72,0.0,0.0,0.0,0.0,1.0,-0.5,-0.2,0.0,1,0,0,0,2,1,0,0.33,0,0,0,1
PT-125,2026-10-08T08:25:00,51,32.2,11.6,8.3,1,171.3,66.2,41.7,6.9,7686,172.3,64.3,38.8,6.9,19.5,170.5,171.52,171.52,171.52,4.23,0.0,0.0,0.0,0.0,1.0,-1.9,-2.9,0.0,1,0,0,0,2,1,0,0.42,0,0,0,1
PT-125,2026-10-08T08:30:00,51,32.2,11.6,8.3,1,171.3,66.2,41.7,6.9,7686,177.3,68.6,40.8,6.9,72.9,173.97,171.3,172.34,172.34,4.44,-2.6,0.0,2.8,-2.2,6.0,2.4,-0.9,0.0,1,0,0,0,2,1,0,0.5,0,0,0,1
PT-125,2026-10-08T08:35:00,51,32.2,11.6,8.3,1,171.3,66.2,41.7,6.9,7686,170.3,65.6,39.0,6.9,63.5,173.3,171.08,172.09,172.09,4.17,-2.6,0.0,-0.4,-1.2,-1.0,-0.6,-2.7,0.0,1,0,0,0,2,1,0,0.58,0,0,0,1
PT-125,2026-10-08T08:40:00,51,32.2,11.6,8.3,1,171.3,66.2,41.7,6.9,7686,173.9,66.7,43.4,6.9,65.5,173.83,172.17,172.29,172.29,3.95,13.0,0.0,-2.4,5.0,2.6,0.5,1.7,0.0,1,0,0,0,2,1,0,0.67,0,0,0,1
PT-125,2026-10-08T08:45:00,51,32.2,11.6,8.3,1,171.3,66.2,41.7,6.9,7686,168.5,67.9,45.8,6.9,67.0,170.9,172.43,171.91,171.91,3.91,3.2,0.0,5.0,4.6,-2.8,1.7,4.1,0.0,1,0,0,0,2,1,0,0.75,0,0,0,1
PT-125,2026-10-08T08:50:00,51,32.2,11.6,8.3,1,171.3,66.2,41.7,6.9,7686,167.5,67.0,42.5,6.9,51.2,169.97,171.63,171.51,171.51,3.94,-9.6,0.0,2.6,2.0,-3.8,0.8,0.8,0.0,1,0,0,0,2,1,0,0.83,0,0,0,1
PT-125,2026-10-08T08:55:00,51,32.2,11.6,8.3,1,171.3,66.2,41.7,6.9,7686,173.1,65.7,43.3,6.9,48.3,169.7,171.77,171.64,171.64,3.79,1.6,0.0,2.8,9.0,1.8,-0.5,1.6,0.0,1,0,0,0,2,1,0,0.92,0,0,0,1
PT-125,2026-10-08T09:00:00,51,32.2,11.6,8.3,1,171.3,66.2,41.7,6.9,7686,167.9,62.6,39.0,6.9,67.8,169.5,170.2,170.75,171.35,3.22,-18.8,-10.7,-12.0,-3.6,-3.4,-3.6,-2.7,0.0,1,0,0,0,2,1,0,1.0,0,0,0,1
PT-125,2026-10-08T09:05:00,51,32.2,11.6,8.3,1,171.3,66.2,41.7,6.9,7686,171.2,68.3,42.1,6.9,50.3,170.73,170.35,170.72,171.34,3.21,1.8,-0.4,5.4,6.2,-0.1,2.1,0.4,0.0,1,0,0,0,2,1,0,1.08,0,0,0,1
PT-125,2026-10-08T09:10:00,51,32.2,11.6,8.3,1,171.3,66.2,41.7,6.9,7686,169.2,65.5,37.5,6.9,63.9,169.43,169.57,170.87,171.2,3.08,-9.4,1.8,-2.4,-11.8,-2.1,-0.7,-4.2,0.0,1,0,0,0,2,1,0,1.17,0,0,0,1
PT-125,2026-10-08T09:15:00,51,32.2,11.6,8.3,1,171.3,66.2,41.7,6.9,7686,171.1,65.2,45.0,6.9,56.1,170.5,170.0,171.22,171.19,2.82,5.2,4.2,-5.4,-1.6,-0.2,-1.0,3.3,0.0,1,0,0,0,2,1,0,1.25,0,0,0,1
PT-125,2026-10-08T09:20:00,51,32.2,11.6,8.3,1,171.3,66.2,41.7,6.9,7686,173.6,68.4,41.9,6.9,54.6,171.3,171.02,171.32,171.34,2.89,12.2,1.3,2.8,-1.2,2.3,2.2,0.2,0.0,1,0,0,0,2,1,0,1.33,0,0,0,1
PT-125,2026-10-08T09:25:00,51,32.2,11.6,8.3,1,171.3,66.2,41.7,6.9,7686,169.0,68.6,44.8,6.9,73.6,171.23,170.33,171.05,171.21,2.94,-8.2,-3.3,5.8,3.0,-2.3,2.4,3.1,0.0,1,0,0,0,2,1,0,1.42,0,0,0,1
PT-125,2026-10-08T09:30:00,51,32.2,11.6,8.3,1,171.3,66.2,41.7,6.9,7686,176.1,66.4,39.9,6.9,74.9,172.9,171.7,170.95,171.46,2.72,16.4,-1.2,7.6,1.8,4.8,0.2,-1.8,0.0,1,0,0,0,2,1,0,1.5,0,0,0,1
PT-125,2026-10-08T09:35:00,51,32.2,11.6,8.3,1,171.3,66.2,41.7,6.9,7686,168.6,66.9,43.9,6.9,21.7,171.23,171.27,170.81,171.32,2.8,-5.2,-1.7,-2.8,3.6,-2.7,0.7,2.2,0.0,1,0,0,0,2,1,0,1.58,0,0,0,1
PT-125,2026-10-08T09:40:00,51,32.2,11.6,8.3,1,171.3,66.2,41.7,6.9,7686,174.4,65.8,40.3,6.9,13.5,173.03,172.13,170.85,171.47,2.85,10.4,0.5,0.6,5.6,3.1,-0.4,-1.4,0.0,1,0,0,0,2,1,0,1.67,0,0,0,1
PT-125,2026-10-08T09:45:00,51,32.2,11.6,8.3,1,171.3,66.2,41.7,6.9,7686,172.0,67.0,36.7,6.9,24.2,171.67,172.28,171.14,171.49,2.77,1.8,3.5,3.6,-16.6,0.7,0.8,-5.0,0.0,1,0,0,0,2,1,0,1.75,0,0,0,1
PT-125,2026-10-08T09:50:00,51,32.2,11.6,8.3,1,171.3,66.2,41.7,6.9,7686,171.2,69.3,41.7,6.9,8.7,172.53,171.88,171.45,171.48,2.52,-4.8,3.7,1.8,-0.4,-0.1,3.1,0.0,0.0,1,0,0,0,2,1,0,1.83,0,0,0,1
PT-125,2026-10-08T09:55:00,51,32.2,11.6,8.3,1,171.3,66.2,41.7,6.9,7686,166.9,68.2,45.7,6.9,20.4,170.03,171.53,170.93,171.29,2.78,-4.2,-6.2,-0.8,1.8,-4.4,2.0,4.0,0.0,1,0,0,0,2,1,0,1.92,0,0,0,1
PT-125,2026-10-08T10:00:00,51,32.2,11.6,8.3,1,171.3,66.2,41.7,6.9,7686,168.8,65.5,42.0,6.9,12.5,168.97,170.32,171.01,170.88,2.7,-14.6,0.9,-1.8,4.2,-2.5,-0.7,0.3,0.0,1,0,0,0,2,1,0,2.0,0,0,0,1
PT-125,2026-10-08T10:05:00,51,32.2,11.6,8.3,1,171.3,66.2,41.7,6.9,7686,172.6,68.2,42.5,6.9,15.6,169.43,170.98,171.12,170.92,2.74,8.0,1.4,2.6,-2.8,1.3,2.0,0.8,0.0,1,0,0,0,2,1,0,2.08,0,0,0,1
PT-125,2026-10-08T10:10:00,51,32.2,11.6,8.3,1,171.3,66.2,41.7,6.9,7686,178.2,65.7,39.1,6.9,6.5,173.2,171.62,171.88,171.37,3.33,7.6,9.0,-0.2,-2.4,6.9,-0.5,-2.6,0.0,1,0,0,0,2,1,0,2.17,0,0,0,1
PT-125,2026-10-08T10:15:00,51,32.2,11.6,8.3,1,171.3,66.2,41.7,6.9,7686,182.9,68.5,39.4,6.9,15.5,177.9,173.43,172.86,172.04,4.59,21.8,11.8,3.0,5.4,11.6,2.3,-2.3,0.0,1,0,0,0,2,1,0,2.25,0,0,0,1
PT-125,2026-10-08T10:20:00,51,32.2,11.6,8.3,1,171.3,66.2,41.7,6.9,7686,188.3,68.4,40.3,6.9,17.6,183.13,176.28,174.08,172.7,6.4,34.2,14.7,-1.8,-2.8,17.0,2.2,-1.4,0.0,1,0,0,0,2,1,0,2.33,0,0,0,1
PT-125,2026-10-08T10:25:00,51,32.2,11.6,8.3,1,171.3,66.2,41.7,6.9,7686,193.3,66.0,39.0,6.9,23.4,188.17,180.68,176.11,173.58,8.23,52.8,24.3,-4.4,-13.4,22.0,-0.2,-2.7,0.0,1,0,0,0,2,1,0,2.42,0,0,0,1
PT-125,2026-10-08T10:30:00,51,32.2,11.6,8.3,1,171.3,66.2,41.7,6.9,7686,197.0,70.7,34.9,6.9,15.0,192.87,185.38,177.85,174.4,10.2,56.4,20.9,10.4,-14.2,25.7,4.5,-6.8,0.0,1,0,0,0,2,1,0,2.5,0,0,0,1
PT-125,2026-10-08T10:35:00,51,32.2,11.6,8.3,1,171.3,66.2,41.7,6.9,7686,201.1,67.7,34.5,6.9,11.4,197.13,190.13,180.56,175.68,11.73,57.0,32.5,-1.0,-16.0,29.8,1.5,-7.2,0.0,1,0,0,0,2,1,0,2.58,0,0,0,1
PT-125,2026-10-08T10:40:00,51,32.2,11.6,8.3,1,171.3,66.2,41.7,6.9,7686,205.0,66.7,35.7,6.9,16.6,201.03,194.6,183.11,176.98,13.46,53.6,30.6,2.0,-6.8,33.7,0.5,-6.0,0.0,1,0,0,0,2,1,0,2.67,0,0,0,1
PT-125,2026-10-08T10:45:00,51,32.2,11.6,8.3,1,171.3,66.2,41.7,6.9,7686,209.8,72.4,34.8,6.9,12.5,205.3,199.08,186.26,178.7,14.97,53.8,37.8,7.8,-9.2,38.5,6.2,-6.9,0.0,1,0,0,0,2,1,0,2.75,0,0,0,1
PT-125,2026-10-08T10:50:00,51,32.2,11.6,8.3,1,171.3,66.2,41.7,6.9,7686,215.2,70.5,33.0,6.9,8.1,210.0,203.57,189.92,180.69,16.27,53.8,44.0,4.2,-14.6,43.9,4.3,-8.7,0.0,1,0,0,0,2,1,0,2.83,0,0,0,1
PT-125,2026-10-08T10:55:00,51,32.2,11.6,8.3,1,171.3,66.2,41.7,6.9,7686,219.8,71.3,32.3,6.9,17.4,214.93,207.98,194.33,182.63,16.63,53.0,52.9,10.6,-13.4,48.5,5.1,-9.4,0.0,1,0,0,0,2,1,0,2.92,0,0,0,1
PT-125,2026-10-08T11:00:00,51,32.2,11.6,8.3,1,171.3,66.2,41.7,6.9,7686,224.6,71.9,32.0,6.9,7.0,219.87,212.58,198.98,185.0,16.64,55.2,55.8,2.4,-5.8,53.3,5.7,-9.7,0.0,1,0,0,0,2,1,0,3.0,0,0,0,1
PT-125,2026-10-08T11:05:00,51,32.2,11.6,8.3,1,171.3,66.2,41.7,6.9,7686,228.7,71.4,30.5,6.9,14.0,224.37,217.18,203.66,187.39,16.44,55.2,56.1,7.4,-8.0,57.4,5.2,-11.2,0.0,1,0,0,0,2,1,0,3.08,0,0,0,1
PT-125,2026-10-08T11:10:00,51,32.2,11.6,8.3,1,171.3,66.2,41.7,6.9,7686,234.4,75.1,31.6,6.9,13.7,229.23,222.08,208.34,190.11,16.53,58.8,56.2,16.8,-8.2,63.1,8.9,-10.1,0.0,1,0,0,0,2,1,0,3.17,0,0,0,1
PT-125,2026-10-08T11:15:00,51,32.2,11.6,8.3,1,171.3,66.2,41.7,6.9,7686,240.1,75.1,33.8,6.9,18.6,234.4,227.13,213.11,192.98,16.77,60.6,57.2,5.4,-2.0,68.8,8.9,-7.9,0.0,1,0,0,0,2,1,0,3.25,0,0,0,1
PT-125,2026-10-08T11:20:00,51,32.2,11.6,8.3,1,171.3,66.2,41.7,6.9,7686,243.6,75.7,29.4,6.9,7.6,239.37,231.87,217.72,195.9,16.93,56.8,55.3,10.4,-7.2,72.3,9.5,-12.3,0.0,1,0,0,0,2,1,0,3.33,0,0,0,1
PT-125,2026-10-08T11:25:00,51,32.2,11.6,8.3,1,171.3,66.2,41.7,6.9,7686,249.3,77.4,29.6,6.9,7.2,244.33,236.78,222.38,199.25,17.3,59.0,56.0,12.2,-5.4,78.0,11.2,-12.1,0.0,1,0,0,0,2,1,0,3.42,0,0,0,1
PT-125,2026-10-08T11:30:00,51,32.2,11.6,8.3,1,171.3,66.2,41.7,6.9,7686,252.8,75.5,29.8,6.9,21.8,248.57,241.48,227.03,202.44,17.36,56.4,55.8,7.2,-4.4,81.5,9.3,-11.9,0.0,1,0,0,0,2,1,0,3.5,0,0,0,1
PT-125,2026-10-08T11:35:00,51,32.2,11.6,8.3,1,171.3,66.2,41.7,6.9,7686,257.1,79.3,26.7,6.9,18.9,253.07,246.22,231.7,206.13,17.28,56.8,56.0,15.8,-7.6,85.8,13.1,-15.0,0.0,1,0,0,0,2,1,0,3.58,0,0,0,1
PT-125,2026-10-08T11:40:00,51,32.2,11.6,8.3,1,171.3,66.2,41.7,6.9,7686,261.7,78.3,25.6,6.9,17.5,257.2,250.77,236.42,209.77,17.07,54.6,56.7,6.4,-12.0,90.4,12.1,-16.1,0.0,1,0,0,0,2,1,0,3.67,0,0,0,1
PT-125,2026-10-08T11:45:00,51,32.2,11.6,8.3,1,171.3,66.2,41.7,6.9,7686,260.3,75.4,27.2,6.9,19.8,259.7,254.13,240.63,213.45,16.11,40.4,50.5,0.6,-13.2,89.0,9.2,-14.5,0.0,1,0,0,0,2,1,0,3.75,0,0,0,1
PT-125,2026-10-08T11:50:00,51,32.2,11.6,8.3,1,171.3,66.2,41.7,6.9,7686,259.3,73.4,25.6,6.9,15.6,260.43,256.75,244.31,217.12,14.75,31.4,44.1,-4.6,-7.6,88.0,7.2,-16.1,0.0,1,0,0,0,2,1,0,3.83,0,0,0,1
PT-125,2026-10-08T11:55:00,51,32.2,11.6,8.3,1,171.3,66.2,41.7,6.9,7686,258.7,76.9,27.3,6.9,24.0,259.43,258.32,247.55,220.94,13.05,18.8,38.9,-1.0,-4.6,87.4,10.7,-14.4,0.0,1,0,0,0,2,1,0,3.92,0,0,0,1
PT-125,2026-10-08T12:00:00,51,32.2,11.6,8.3,1,171.3,66.2,41.7,6.9,7686,258.1,78.7,23.4,6.9,19.8,258.7,259.2,250.34,224.66,11.14,10.6,33.5,6.4,-12.8,86.8,12.5,-18.3,0.0,0,1,0,0,2,1,0,4.0,0,0,0,1
PT-125,2026-10-08T12:05:00,51,32.2,11.6,8.3,1,171.3,66.2,41.7,6.9,7686,256.7,76.0,28.0,6.9,20.6,257.83,259.13,252.68,228.17,8.9,-0.8,28.0,-6.6,2.6,85.4,9.8,-13.7,0.0,0,1,0,0,2,1,0,4.08,0,0,0,1
PT-125,2026-10-08T12:10:00,51,32.2,11.6,8.3,1,171.3,66.2,41.7,6.9,7686,255.2,76.8,26.0,6.9,21.4,256.67,258.05,254.41,231.38,6.79,-13.0,20.8,-3.0,0.8,83.9,10.6,-15.7,0.0,0,1,0,0,2,1,0,4.17,0,0,0,1
PT-125,2026-10-08T12:15:00,51,32.2,11.6,8.3,1,171.3,66.2,41.7,6.9,7686,254.3,80.9,27.6,6.9,20.3,255.4,257.05,255.59,234.35,5.1,-12.0,14.2,11.0,0.8,83.0,14.7,-14.1,0.0,0,1,0,0,2,1,0,4.25,0,0,0,1
PT-125,2026-10-08T12:20:00,51,32.2,11.6,8.3,1,171.3,66.2,41.7,6.9,7686,253.6,76.6,26.6,6.9,5.3,254.37,256.1,256.42,237.07,3.54,-11.4,10.0,6.4,2.0,82.3,10.4,-15.1,0.0,0,1,0,0,2,1,0,4.33,0,0,0,1
PT-125,2026-10-08T12:25:00,51,32.2,11.6,8.3,1,171.3,66.2,41.7,6.9,7686,252.3,78.5,26.2,6.9,23.7,253.4,255.03,256.68,239.53,3.06,-12.8,3.0,3.2,-2.2,81.0,12.3,-15.5,0.0,0,1,0,0,2,1,0,4.42,0,0,0,1
PT-125,2026-10-08T12:30:00,51,32.2,11.6,8.3,1,171.3,66.2,41.7,6.9,7686,251.6,76.0,26.4,6.9,11.1,252.5,253.95,256.58,241.8,3.21,-13.0,-1.2,-5.4,6.0,80.3,9.8,-15.3,0.0,0,1,0,0,2,1,0,4.5,0,0,0,1
PT-125,2026-10-08T12:35:00,51,32.2,11.6,8.3,1,171.3,66.2,41.7,6.9,7686,251.1,76.1,30.5,6.9,20.8,251.67,253.02,256.08,243.89,3.57,-11.2,-6.0,0.2,5.0,79.8,9.9,-11.2,0.0,0,1,0,0,2,1,0,4.58,0,0,0,1
PT-125,2026-10-08T12:40:00,51,32.2,11.6,8.3,1,171.3,66.2,41.7,6.9,7686,250.1,77.8,25.2,6.9,8.3,250.93,252.17,255.11,245.77,3.48,-10.2,-11.6,2.0,-1.6,78.8,11.6,-16.5,0.0,0,1,0,0,2,1,0,4.67,0,0,0,1
PT-125,2026-10-08T12:45:00,51,32.2,11.6,8.3,1,171.3,66.2,41.7,6.9,7686,248.6,74.3,26.6,6.9,18.7,249.93,251.22,254.13,247.38,3.53,-11.4,-11.7,-13.2,-2.0,77.3,8.1,-15.1,0.0,0,1,0,0,2,1,0,4.75,0,0,0,1
PT-125,2026-10-08T12:50:00,51,32.2,11.6,8.3,1,171.3,66.2,41.7,6.9,7686,248.0,74.8,28.7,6.9,21.5,248.9,250.28,253.19,248.75,3.54,-11.2,-11.3,-3.6,4.2,76.7,8.6,-13.0,0.0,0,1,0,0,2,1,0,4.83,0,0,0,1
PT-125,2026-10-08T12:55:00,51,32.2,11.6,8.3,1,171.3,66.2,41.7,6.9,7686,246.7,76.4,26.9,6.9,17.1,247.77,249.35,252.19,249.87,3.53,-11.2,-12.0,-4.2,1.4,75.4,10.2,-14.8,0.0,0,1,0,0,2,1,0,4.92,0,0,0,1
PT-125,2026-10-08T13:00:00,51,32.2,11.6,8.3,1,171.3,66.2,41.7,6.9,7686,246.2,77.0,29.0,6.9,28.1,246.97,248.45,251.2,250.77,3.39,-10.8,-11.9,2.0,5.2,74.9,10.8,-12.7,0.0,0,1,0,0,2,1,0,5.0,0,0,0,1
PT-125,2026-10-08T13:05:00,51,32.2,11.6,8.3,1,171.3,66.2,41.7,6.9,7686,245.3,76.2,31.9,6.9,23.4,246.07,247.48,250.25,251.46,3.31,-11.6,-11.4,0.2,2.8,74.0,10.0,-9.8,0.0,0,1,0,0,2,1,0,5.08,0,0,0,1
PT-125,2026-10-08T13:10:00,51,32.2,11.6,8.3,1,171.3,66.2,41.7,6.9,7686,243.9,72.2,26.7,6.9,31.1,245.13,246.45,249.31,251.86,3.38,-12.4,-11.3,-11.2,3.0,72.6,6.0,-15.0,0.0,0,1,0,0,2,1,0,5.17,0,0,0,1
PT-125,2026-10-08T13:15:00,51,32.2,11.6,8.3,1,171.3,66.2,41.7,6.9,7686,242.8,76.3,27.1,6.9,29.5,244.0,245.48,248.35,251.97,3.46,-11.6,-11.5,4.0,1.0,71.5,10.1,-14.6,0.0,0,1,0,0,2,1,0,5.25,0,0,0,1
PT-125,2026-10-08T13:20:00,51,32.2,11.6,8.3,1,171.3,66.2,41.7,6.9,7686,242.2,71.7,29.9,6.9,15.2,242.97,244.52,247.4,251.91,3.45,-11.6,-11.4,-6.2,2.4,70.9,5.5,-11.8,0.0,0,1,0,0,2,1,0,5.33,0,0,0,1
PT-125,2026-10-08T13:25:00,51,32.2,11.6,8.3,1,171.3,66.2,41.7,6.9,7686,241.4,76.1,30.7,6.9,33.5,242.13,243.63,246.49,251.58,3.48,-10.6,-10.9,-0.6,7.6,70.1,9.9,-11.0,0.0,0,1,0,0,2,1,0,5.42,0,0,0,1
PT-125,2026-10-08T13:30:00,51,32.2,11.6,8.3,1,171.3,66.2,41.7,6.9,7686,240.7,72.2,29.4,6.9,22.6,241.43,242.72,245.58,251.08,3.45,-11.0,-10.9,-9.6,0.8,69.4,6.0,-12.3,0.0,0,1,0,0,2,1,0,5.5,0,0,0,1
PT-125,2026-10-08T13:35:00,51,32.2,11.6,8.3,1,171.3,66.2,41.7,6.9,7686,239.7,73.4,29.6,6.9,26.7,240.6,241.78,244.63,250.35,3.36,-11.2,-11.4,-5.6,-4.6,68.4,7.2,-12.1,0.0,0,1,0,0,2,1,0,5.58,0,0,0,1
PT-125,2026-10-08T13:40:00,51,32.2,11.6,8.3,1,171.3,66.2,41.7,6.9,7686,238.7,75.4,28.3,6.9,25.8,239.7,240.92,243.68,249.4,3.28,-10.4,-11.4,6.4,3.2,67.4,9.2,-13.4,0.0,0,1,0,0,2,1,0,5.67,0,0,0,1
PT-125,2026-10-08T13:45:00,51,32.2,11.6,8.3,1,171.3,66.2,41.7,6.9,7686,238.0,74.7,28.4,6.9,33.7,238.8,240.12,242.8,248.47,3.27,-9.6,-10.6,-3.2,2.6,66.7,8.5,-13.3,0.0,0,1,0,0,2,1,0,5.75,0,0,0,1
PT-125,2026-10-08T13:50:00,51,32.2,11.6,8.3,1,171.3,66.2,41.7,6.9,7686,237.4,72.4,31.2,6.9,31.1,238.03,239.32,241.92,247.55,3.17,-9.6,-10.6,1.4,2.6,66.1,6.2,-10.5,0.0,0,1,0,0,2,1,0,5.83,0,0,0,1
PT-125,2026-10-08T13:55:00,51,32.2,11.6,8.3,1,171.3,66.2,41.7,6.9,7686,236.5,75.0,30.2,6.9,22.0,237.3,238.5,241.07,246.63,3.13,-9.8,-10.2,-2.2,-1.0,65.2,8.8,-11.5,0.0,0,1,0,0,2,1,0,5.92,0,0,0,1
PT-125,2026-10-08T14:00:00,51,32.2,11.6,8.3,1,171.3,66.2,41.7,6.9,7686,235.1,73.0,28.6,6.9,30.9,236.33,237.57,240.14,245.67,3.12,-11.2,-11.1,1.6,-1.6,63.8,6.8,-13.1,0.0,0,1,0,0,2,1,0,6.0,0,0,0,1
PT-125,2026-10-08T14:05:00,51,32.2,11.6,8.3,1,171.3,66.2,41.7,6.9,7686,233.6,73.1,31.3,6.9,20.7,235.07,236.55,239.17,244.71,3.19,-12.2,-11.7,-0.6,3.4,62.3,6.9,-10.4,0.0,0,1,0,0,2,1,0,6.08,0,0,0,1
PT-125,2026-10-08T14:10:00,51,32.2,11.6,8.3,1,171.3,66.2,41.7,6.9,7686,232.3,74.7,32.9,6.9,17.2,233.67,235.48,238.2,243.75,3.38,-12.8,-11.6,-1.4,9.2,61.0,8.5,-8.8,0.0,0,1,0,0,2,1,0,6.17,0,0,0,1
PT-125,2026-10-08T14:15:00,51,32.2,11.6,8.3,1,171.3,66.2,41.7,6.9,7686,231.7,76.1,31.3,6.9,23.7,232.53,234.43,237.27,242.81,3.52,-12.6,-11.1,2.8,5.8,60.4,9.9,-10.4,0.0,0,1,0,0,2,1,0,6.25,0,0,0,1
PT-125,2026-10-08T14:20:00,51,32.2,11.6,8.3,1,171.3,66.2,41.7,6.9,7686,230.5,77.0,29.3,6.9,22.8,231.5,233.28,236.3,241.85,3.65,-13.8,-11.7,9.2,-3.8,59.2,10.8,-12.4,0.0,0,1,0,0,2,1,0,6.33,0,0,0,1
PT-125,2026-10-08T14:25:00,51,32.2,11.6,8.3,1,171.3,66.2,41.7,6.9,7686,229.2,76.2,29.0,6.9,10.2,230.47,232.07,235.28,240.89,3.79,-14.6,-12.2,2.4,-2.4,57.9,10.0,-12.7,0.0,0,1,0,0,2,1,0,6.42,0,0,0,1
PT-125,2026-10-08T14:30:00,51,32.2,11.6,8.3,1,171.3,66.2,41.7,6.9,7686,228.1,73.2,31.2,6.9,14.1,229.27,230.9,234.23,239.91,3.9,-14.0,-12.6,0.4,5.2,56.8,7.0,-10.5,0.0,0,1,0,0,2,1,0,6.5,0,0,0,1
PT-125,2026-10-08T14:35:00,51,32.2,11.6,8.3,1,171.3,66.2,41.7,6.9,7686,226.8,70.6,29.0,6.9,5.4,228.03,229.77,233.16,238.9,4.03,-13.6,-12.9,-5.0,-4.6,55.5,4.4,-12.7,0.0,0,1,0,0,2,1,0,6.58,0,0,0,1
PT-125,2026-10-08T14:40:00,51,32.2,11.6,8.3,1,171.3,66.2,41.7,6.9,7686,226.1,72.6,33.4,6.9,18.1,227.0,228.73,232.11,237.9,4.1,-12.4,-12.6,-4.2,1.0,54.8,6.4,-8.3,0.0,0,1,0,0,2,1,0,6.67,0,0,0,1
PT-125,2026-10-08T14:45:00,51,32.2,11.6,8.3,1,171.3,66.2,41.7,6.9,7686,225.5,70.2,33.1,6.9,10.0,226.13,227.7,231.07,236.93,4.05,-12.4,-12.5,-11.8,3.6,54.2,4.0,-8.6,0.0,0,1,0,0,2,1,0,6.75,0,0,0,1
PT-125,2026-10-08T14:50:00,51,32.2,11.6,8.3,1,171.3,66.2,41.7,6.9,7686,224.3,74.4,31.7,6.9,6.6,225.3,226.67,229.98,235.95,3.96,-12.4,-13.1,-5.2,4.8,53.0,8.2,-10.0,0.0,0,1,0,0,2,1,0,6.83,0,0,0,1
PT-125,2026-10-08T14:55:00,51,32.2,11.6,8.3,1,171.3,66.2,41.7,6.9,7686,223.8,77.4,36.7,6.9,24.3,224.53,225.77,228.92,234.99,3.74,-10.8,-12.7,2.4,15.4,52.5,11.2,-5.0,0.0,0,1,0,0,2,1,0,6.92,0,0,0,1
PT-125,2026-10-08T15:00:00,51,32.2,11.6,8.3,1,171.3,66.2,41.7,6.9,7686,222.8,73.1,29.0,6.9,5.9,223.63,224.88,227.89,234.02,3.58,-10.6,-12.3,-0.2,-4.4,51.5,6.9,-12.7,0.0,0,1,0,0,2,1,0,7.0,0,0,0,1
PT-125,2026-10-08T15:05:00,51,32.2,11.6,8.3,1,171.3,66.2,41.7,6.9,7686,221.8,74.3,30.7,6.9,20.9,222.8,224.05,226.91,233.04,3.49,-10.0,-11.8,7.4,3.4,50.5,8.1,-11.0,0.0,0,1,0,0,2,1,0,7.08,0,0,0,1
PT-125,2026-10-08T15:10:00,51,32.2,11.6,8.3,1,171.3,66.2,41.7,6.9,7686,220.4,71.8,33.5,6.9,19.2,221.67,223.1,225.92,232.06,3.51,-11.4,-11.9,-1.6,0.2,49.1,5.6,-8.2,0.0,0,1,0,0,2,1,0,7.17,0,0,0,1
PT-125,2026-10-08T15:15:00,51,32.2,11.6,8.3,1,171.3,66.2,41.7,6.9,7686,219.4,71.6,34.7,6.9,5.3,220.53,222.08,224.89,231.08,3.46,-12.2,-12.3,2.8,3.2,48.1,5.4,-7.0,0.0,0,1,0,0,2,1,0,7.25,0,0,0,1
PT-125,2026-10-08T15:20:00,51,32.2,11.6,8.3,1,171.3,66.2,41.7,6.9,7686,218.2,71.1,36.5,6.9,6.3,219.33,221.07,223.87,230.08,3.47,-12.2,-12.3,-6.6,9.6,46.9,4.9,-5.2,0.0,0,1,0,0,2,1,0,7.33,0,0,0,1
PT-125,2026-10-08T15:25:00,51,32.2,11.6,8.3,1,171.3,66.2,41.7,6.9,7686,217.0,70.3,35.7,6.9,9.1,218.2,219.93,222.85,229.07,3.55,-13.6,-12.2,-14.2,-2.0,45.7,4.1,-6.0,0.0,0,1,0,0,2,1,0,7.42,0,0,0,1
PT-125,2026-10-08T15:30:00,51,32.2,11.6,8.3,1,171.3,66.2,41.7,6.9,7686,216.2,70.1,33.0,6.9,24.7,217.13,218.83,221.86,228.05,3.61,-13.2,-11.9,-6.0,8.0,44.9,3.9,-8.7,0.0,0,1,0,0,2,1,0,7.5,0,0,0,1
PT-125,2026-10-08T15:35:00,51,32.2,11.6,8.3,1,171.3,66.2,41.7,6.9,7686,215.3,71.2,30.8,6.9,24.7,216.17,217.75,220.9,227.03,3.71,-13.0,-11.5,-6.2,0.2,44.0,5.0,-10.9,0.0,0,1,0,0,2,1,0,7.58,0,0,0,1
PT-125,2026-10-08T15:40:00,51,32.2,11.6,8.3,1,171.3,66.2,41.7,6.9,7686,214.3,70.8,32.7,6.9,8.1,215.27,216.73,219.92,226.01,3.77,-12.2,-11.8,-2.0,-1.6,43.0,4.6,-9.0,0.0,0,1,0,0,2,1,0,7.67,0,0,0,1
PT-125,2026-10-08T15:45:00,51,32.2,11.6,8.3,1,171.3,66.2,41.7,6.9,7686,213.6,74.5,33.3,6.9,24.7,214.4,215.77,218.92,225.0,3.73,-11.6,-11.9,5.8,-2.8,42.3,8.3,-8.4,0.0,0,1,0,0,2,1,0,7.75,0,0,0,1
PT-125,2026-10-08T15:50:00,51,32.2,11.6,8.3,1,171.3,66.2,41.7,6.9,7686,212.7,68.5,32.8,6.9,22.2,213.53,214.85,217.96,223.97,3.71,-11.0,-11.6,-5.2,-7.4,41.4,2.3,-8.9,0.0,0,1,0,0,2,1,0,7.83,0,0,0,1
PT-125,2026-10-08T15:55:00,51,32.2,11.6,8.3,1,171.3,66.2,41.7,6.9,7686,211.9,70.7,33.9,6.9,17.3,212.73,214.0,216.97,222.94,3.6,-10.2,-11.9,0.8,-3.6,40.6,4.5,-7.8,0.0,0,1,0,0,2,1,0,7.92,0,0,0,1
PT-125,2026-10-08T16:00:00,51,32.2,11.6,8.3,1,171.3,66.2,41.7,6.9,7686,211.3,68.5,32.8,6.9,18.9,211.97,213.18,216.01,221.95,3.43,-9.8,-11.5,-3.2,-0.4,40.0,2.3,-8.9,0.0,0,1,0,0,2,1,0,8.0,0,0,0,1
PT-125,2026-10-08T16:05:00,51,32.2,11.6,8.3,1,171.3,66.2,41.7,6.9,7686,210.1,72.7,35.4,6.9,16.9,211.1,212.32,215.03,220.97,3.29,-10.4,-11.7,3.0,9.2,38.8,6.5,-6.3,0.0,0,1,0,0,2,1,0,8.08,0,0,0,1
PT-125,2026-10-08T16:10:00,51,32.2,11.6,8.3,1,171.3,66.2,41.7,6.9,7686,208.8,71.3,36.7,6.9,6.2,210.07,211.4,214.07,219.99,3.28,-11.0,-11.6,1.0,8.0,37.5,5.1,-5.0,0.0,0,1,0,0,2,1,0,8.17,0,0,0,1
PT-125,2026-10-08T16:15:00,51,32.2,11.6,8.3,1,171.3,66.2,41.7,6.9,7686,207.8,72.5,30.9,6.9,24.1,208.9,210.43,213.1,219.0,3.27,-11.6,-11.6,-4.0,-4.8,36.5,6.3,-10.8,0.0,0,1,0,0,2,1,0,8.25,0,0,0,1
PT-125,2026-10-08T16:20:00,51,32.2,11.6,8.3,1,171.3,66.2,41.7,6.9,7686,206.6,69.9,37.2,6.9,8.6,207.73,209.42,212.13,218.0,3.34,-12.2,-11.6,2.8,8.8,35.3,3.7,-4.5,0.0,0,1,0,0,2,1,0,8.33,0,0,0,1
PT-125,2026-10-08T16:25:00,51,32.2,11.6,8.3,1,171.3,66.2,41.7,6.9,7686,205.4,71.7,36.6,6.9,15.2,206.6,208.33,211.17,217.01,3.48,-13.0,-11.6,2.0,5.4,34.1,5.5,-5.1,0.0,0,1,0,0,2,1,0,8.42,0,0,0,1
PT-125,2026-10-08T16:30:00,51,32.2,11.6,8.3,1,171.3,66.2,41.7,6.9,7686,204.3,72.7,36.5,6.9,13.6,205.43,207.17,210.18,216.02,3.61,-14.0,-11.9,8.4,7.4,33.0,6.5,-5.2,0.0,0,1,0,0,2,1,0,8.5,0,0,0,1
PT-125,2026-10-08T16:35:00,51,32.2,11.6,8.3,1,171.3,66.2,41.7,6.9,7686,203.3,67.9,34.5,6.9,10.8,204.33,206.03,209.18,215.04,3.72,-13.6,-12.0,-9.6,-1.8,32.0,1.7,-7.2,0.0,0,1,0,0,2,1,0,8.58,0,0,0,1
PT-125,2026-10-08T16:40:00,51,32.2,11.6,8.3,1,171.3,66.2,41.7,6.9,7686,201.9,70.3,39.1,6.9,7.0,203.17,204.88,208.14,214.03,3.89,-13.8,-12.4,-2.0,4.8,30.6,4.1,-2.6,0.0,0,1,0,0,2,1,0,8.67,0,0,0,1
PT-125,2026-10-08T16:45:00,51,32.2,11.6,8.3,1,171.3,66.2,41.7,6.9,7686,201.3,67.4,37.7,6.9,17.3,202.17,203.8,207.12,213.02,3.94,-13.0,-12.3,-10.2,13.6,30.0,1.2,-4.0,0.0,0,1,0,0,2,1,0,8.75,0,0,0,1
PT-125,2026-10-08T16:50:00,51,32.2,11.6,8.3,1,171.3,66.2,41.7,6.9,7686,200.2,69.3,39.1,6.9,20.7,201.13,202.73,206.08,212.02,3.98,-12.8,-12.5,-1.2,3.8,28.9,3.1,-2.6,0.0,0,1,0,0,2,1,0,8.83,0,0,0,1
PT-125,2026-10-08T16:55:00,51,32.2,11.6,8.3,1,171.3,66.2,41.7,6.9,7686,199.6,71.5,37.7,6.9,22.9,200.37,201.77,205.05,211.01,3.93,-11.6,-12.3,-0.4,2.2,28.3,5.3,-4.0,0.0,0,1,0,0,2,1,0,8.92,0,0,0,1
PT-125,2026-10-08T17:00:00,51,32.2,11.6,8.3,1,171.3,66.2,41.7,6.9,7686,198.5,75.1,35.5,6.9,59.9,199.43,200.8,203.98,210.0,3.81,-11.6,-12.8,4.8,-2.0,27.2,8.9,-6.2,0.0,0,0,1,0,2,1,0,9.0,0,0,0,1
PT-125,2026-10-08T17:05:00,51,32.2,11.6,8.3,1,171.3,66.2,41.7,6.9,7686,197.2,66.8,36.6,6.9,65.8,198.43,199.78,202.91,208.97,3.75,-12.2,-12.9,-2.2,4.2,25.9,0.6,-5.1,0.0,0,0,1,0,2,1,0,9.08,0,0,0,1
PT-125,2026-10-08T17:10:00,51,32.2,11.6,8.3,1,171.3,66.2,41.7,6.9,7686,196.2,67.3,37.8,6.9,54.1,197.3,198.83,201.86,207.96,3.71,-11.4,-12.6,-6.0,-2.6,24.9,1.1,-3.9,0.0,0,0,1,0,2,1,0,9.17,0,0,0,1
PT-125,2026-10-08T17:15:00,51,32.2,11.6,8.3,1,171.3,66.2,41.7,6.9,7686,195.3,70.2,38.1,6.9,46.9,196.23,197.83,200.82,206.96,3.65,-12.0,-12.5,5.6,0.8,24.0,4.0,-3.6,0.0,0,0,1,0,2,1,0,9.25,0,0,0,1
PT-125,2026-10-08T17:20:00,51,32.2,11.6,8.3,1,171.3,66.2,41.7,6.9,7686,194.7,68.9,36.9,6.9,47.8,195.4,196.92,199.82,205.98,3.55,-11.0,-11.9,-0.8,-4.4,23.4,2.7,-4.8,0.0,0,0,1,0,2,1,0,9.33,0,0,0,1
PT-125,2026-10-08T17:25:00,51,32.2,11.6,8.3,1,171.3,66.2,41.7,6.9,7686,193.3,70.5,42.4,6.9,70.1,194.43,195.87,198.82,204.99,3.54,-12.6,-12.1,-2.0,9.4,22.0,4.3,0.7,0.0,0,0,1,0,2,1,0,9.42,0,0,0,1
PT-125,2026-10-08T17:30:00,51,32.2,11.6,8.3,1,171.3,66.2,41.7,6.9,7686,192.2,68.9,36.5,6.9,69.0,193.4,194.82,197.81,203.99,3.56,-12.6,-12.1,-12.4,2.0,20.9,2.7,-5.2,0.0,0,0,1,0,2,1,0,9.5,0,0,0,1
PT-125,2026-10-08T17:35:00,51,32.2,11.6,8.3,1,171.3,66.2,41.7,6.9,7686,190.9,68.4,40.3,6.9,49.4,192.13,193.77,196.78,202.98,3.62,-12.6,-12.4,3.2,7.4,19.6,2.2,-1.4,0.0,0,0,1,0,2,1,0,9.58,0,0,0,1
PT-125,2026-10-08T17:40:00,51,32.2,11.6,8.3,1,171.3,66.2,41.7,6.9,7686,189.8,68.1,39.9,6.9,53.2,190.97,192.7,195.77,201.95,3.74,-12.8,-12.1,1.6,4.2,18.5,1.9,-1.8,0.0,0,0,1,0,2,1,0,9.67,0,0,0,1
PT-125,2026-10-08T17:45:00,51,32.2,11.6,8.3,1,171.3,66.2,41.7,6.9,7686,188.9,70.4,43.2,6.9,72.7,189.87,191.63,194.73,200.92,3.79,-12.8,-12.4,0.4,10.2,17.6,4.2,1.5,0.0,0,0,1,0,2,1,0,9.75,0,0,0,1
PT-125,2026-10-08T17:50:00,51,32.2,11.6,8.3,1,171.3,66.2,41.7,6.9,7686,188.3,69.4,39.1,6.9,73.5,189.0,190.57,193.74,199.91,3.78,-12.8,-11.9,1.0,4.4,17.0,3.2,-2.6,0.0,0,0,1,0,2,1,0,9.83,0,0,0,1
PT-125,2026-10-08T17:55:00,51,32.2,11.6,8.3,1,171.3,66.2,41.7,6.9,7686,187.5,65.6,39.6,6.9,45.9,188.23,189.6,192.73,198.89,3.69,-11.6,-12.1,-9.8,-5.6,16.2,-0.6,-2.1,0.0,0,0,1,0,2,1,0,9.92,0,0,0,1
PT-125,2026-10-08T18:00:00,51,32.2,11.6,8.3,1,171.3,66.2,41.7,6.9,7686,186.3,70.3,36.6,6.9,47.1,187.37,188.62,191.72,197.85,3.64,-11.8,-12.2,2.8,0.2,15.0,4.1,-5.1,0.0,0,0,1,0,2,1,0,10.0,0,0,0,1
PT-125,2026-10-08T18:05:00,51,32.2,11.6,8.3,1,171.3,66.2,41.7,6.9,7686,184.8,68.0,38.3,6.9,24.2,186.2,187.6,190.68,196.8,3.7,-12.2,-12.4,-0.8,-4.0,13.5,1.8,-3.4,0.0,0,0,1,0,2,1,0,10.08,0,0,0,1
PT-125,2026-10-08T18:10:00,51,32.2,11.6,8.3,1,171.3,66.2,41.7,6.9,7686,183.4,69.5,36.4,6.9,6.3,184.83,186.53,189.62,195.74,3.81,-12.8,-12.8,2.8,-7.0,12.1,3.3,-5.3,0.0,0,0,1,0,2,1,0,10.17,0,0,0,1
PT-125,2026-10-08T18:15:00,51,32.2,11.6,8.3,1,171.3,66.2,41.7,6.9,7686,182.9,67.0,40.4,6.9,13.3,183.7,185.53,188.58,194.7,3.81,-12.0,-12.4,-6.8,-5.6,11.6,0.8,-1.3,0.0,0,0,1,0,2,1,0,10.25,0,0,0,1
PT-125,2026-10-08T18:20:00,51,32.2,11.6,8.3,1,171.3,66.2,41.7,6.9,7686,181.5,66.4,39.9,6.9,19.5,182.6,184.4,187.48,193.65,3.79,-13.6,-13.2,-6.0,1.6,10.2,0.2,-1.8,0.0,0,0,1,0,2,1,0,10.33,0,0,0,1
PT-125,2026-10-08T18:25:00,51,32.2,11.6,8.3,1,171.3,66.2,41.7,6.9,7686,180.0,66.7,38.8,6.9,19.8,181.47,183.15,186.38,192.6,3.88,-15.0,-13.3,2.2,-1.6,8.7,0.5,-2.9,0.0,0,0,1,0,2,1,0,10.42,0,0,0,0
PT-125,2026-10-08T18:30:00,51,32.2,11.6,8.3,1,171.3,66.2,41.7,6.9,7686,179.4,67.6,39.1,6.9,9.7,180.3,182.0,185.31,191.56,3.89,-13.8,-12.8,-5.4,5.0,8.1,1.4,-2.6,0.0,0,0,1,0,2,1,0,10.5,0,0,0,0
PT-125,2026-10-08T18:35:00,51,32.2,11.6,8.3,1,171.3,66.2,41.7,6.9,7686,178.7,69.0,38.8,6.9,10.3,179.37,180.98,184.29,190.53,3.89,-12.2,-12.2,2.0,1.0,7.4,2.8,-2.9,0.0,0,0,1,0,2,1,0,10.58,0,0,0,0
PT-125,2026-10-08T18:40:00,51,32.2,11.6,8.3,1,171.3,66.2,41.7,6.9,7686,177.4,71.5,41.2,6.9,12.5,178.5,179.98,183.26,189.51,3.94,-12.0,-12.4,4.0,9.6,6.1,5.3,-0.5,0.0,0,0,1,0,2,1,0,10.67,0,0,0,0
PT-125,2026-10-08T18:45:00,51,32.2,11.6,8.3,1,171.3,66.2,41.7,6.9,7686,176.4,64.1,40.7,6.9,20.0,177.5,178.9,182.22,188.48,3.96,-13.0,-12.5,-5.8,0.6,5.1,-2.1,-1.0,0.0,0,0,1,0,2,1,0,10.75,0,0,0,0
PT-125,2026-10-08T18:50:00,51,32.2,11.6,8.3,1,171.3,66.2,41.7,6.9,7686,175.2,64.7,41.7,6.9,16.0,176.33,177.85,181.12,187.43,3.94,-12.6,-13.1,-3.4,3.6,3.9,-1.5,0.0,0.0,0,0,1,0,2,1,0,10.83,0,0,0,0
PT-125,2026-10-08T18:55:00,51,32.2,11.6,8.3,1,171.3,66.2,41.7,6.9,7686,174.3,67.3,42.3,6.9,7.3,175.3,176.9,180.02,186.38,3.84,-11.4,-13.2,1.2,7.0,3.0,1.1,0.6,0.0,0,0,1,0,2,1,0,10.92,0,0,0,0
PT-125,2026-10-08T19:00:00,51,32.2,11.6,8.3,1,171.3,66.2,41.7,6.9,7686,173.2,67.5,43.4,6.9,16.1,174.23,175.87,178.93,185.32,3.76,-12.4,-13.1,-0.2,8.6,1.9,1.3,1.7,0.0,0,0,1,0,2,1,0,11.0,0,0,0,0
PT-125,2026-10-08T19:05:00,51,32.2,11.6,8.3,1,171.3,66.2,41.7,6.9,7686,172.1,66.8,39.7,6.9,14.4,173.2,174.77,177.88,184.28,3.74,-13.2,-12.7,-4.4,1.8,0.8,0.6,-2.0,0.0,0,0,1,0,2,1,0,11.08,0,0,0,0
PT-125,2026-10-08T19:10:00,51,32.2,11.6,8.3,1,171.3,66.2,41.7,6.9,7686,170.6,64.0,41.9,6.9,21.5,171.97,173.63,176.81,183.21,3.85,-13.6,-12.8,-15.0,1.4,-0.7,-2.2,0.2,0.0,0,0,1,0,2,1,0,11.17,0,0,0,0
PT-125,2026-10-08T19:15:00,51,32.2,11.6,8.3,1,171.3,66.2,41.7,6.9,7686,170.0,64.6,41.8,6.9,21.9,170.9,172.57,175.73,182.16,3.79,-12.8,-12.9,1.0,2.2,-1.3,-1.6,0.1,0.0,0,0,1,0,2,1,0,11.25,0,0,0,0
PT-125,2026-10-08T19:20:00,51,32.2,11.6,8.3,1,171.3,66.2,41.7,6.9,7686,168.8,66.5,43.3,6.9,15.6,169.8,171.5,174.68,181.08,3.81,-12.8,-12.7,3.6,3.2,-2.5,0.3,1.6,0.0,0,0,1,0,2,1,0,11.33,0,0,0,0
PT-125,2026-10-08T19:25:00,51,32.2,11.6,8.3,1,171.3,66.2,41.7,6.9,7686,168.2,65.9,41.5,6.9,12.6,169.0,170.48,173.69,180.03,3.83,-12.2,-11.8,-2.8,-1.6,-3.1,-0.3,-0.2,0.0,0,0,1,0,2,1,0,11.42,0,0,0,0
PT-125,2026-10-08T19:30:00,51,32.2,11.6,8.3,1,171.3,66.2,41.7,6.9,7686,166.7,66.2,43.6,6.9,22.7,167.9,169.4,172.63,178.97,3.86,-13.0,-12.7,-2.6,0.4,-4.6,0.0,1.9,0.0,0,0,1,0,2,1,0,11.5,0,0,0,0
PT-125,2026-10-08T19:35:00,51,32.2,11.6,8.3,1,171.3,66.2,41.7,6.9,7686,165.2,63.9,44.5,6.9,17.3,166.7,168.25,171.51,177.9,3.9,-13.8,-13.5,-5.8,9.6,-6.1,-2.3,2.8,0.0,0,0,1,0,2,1,0,11.58,0,0,0,0
PT-125,2026-10-08T19:40:00,51,32.2,11.6,8.3,1,171.3,66.2,41.7,6.9,7686,163.9,64.8,41.6,6.9,19.0,165.27,167.13,170.38,176.82,3.99,-13.4,-13.5,1.6,-0.6,-7.4,-1.4,-0.1,0.0,0,0,1,0,2,1,0,11.67,0,0,0,0
PT-125,2026-10-08T19:45:00,51,32.2,11.6,8.3,1,171.3,66.2,41.7,6.9,7686,162.6,64.5,42.5,6.9,5.2,163.9,165.9,169.23,175.72,4.09,-14.8,-13.8,-0.2,1.4,-8.7,-1.7,0.8,0.0,0,0,1,0,2,1,0,11.75,0,0,0,0
PT-125,2026-10-08T19:50:00,51,32.2,11.6,8.3,1,171.3,66.2,41.7,6.9,7686,161.4,63.6,44.0,6.9,5.1,162.63,164.67,168.08,174.6,4.2,-14.8,-13.8,-5.8,1.4,-9.9,-2.6,2.3,0.0,0,0,1,0,2,1,0,11.83,0,0,0,0
PT-125,2026-10-08T19:55:00,51,32.2,11.6,8.3,1,171.3,66.2,41.7,6.9,7686,160.2,65.1,41.8,6.9,11.4,161.4,163.33,166.91,173.47,4.27,-16.0,-14.1,-1.6,0.6,-11.1,-1.1,0.1,0.0,0,0,1,0,2,1,0,11.92,0,0,0,0
PT-125,2026-10-08T20:00:00,51,32.2,11.6,8.3,1,171.3,66.2,41.7,6.9,7686,160.0,63.1,42.5,6.9,17.6,160.53,162.22,165.81,172.37,4.21,-13.4,-13.2,-6.2,-2.2,-11.3,-3.1,0.8,0.0,0,0,1,0,2,1,0,0.0,0,0,0,0
PT-125,2026-10-08T20:05:00,51,32.2,11.6,8.3,1,171.3,66.2,41.7,6.9,7686,160.0,63.4,43.6,6.9,9.5,160.07,161.35,164.8,171.34,4.01,-10.4,-12.1,-1.0,-1.8,-11.3,-2.8,1.9,0.0,0,0,1,0,2,1,0,0.08,0,0,0,0
PT-125,2026-10-08T20:10:00,51,32.2,11.6,8.3,1,171.3,66.2,41.7,6.9,7686,160.0,60.4,45.4,6.9,22.4,160.0,160.7,163.92,170.36,3.77,-7.8,-10.6,-8.8,7.6,-11.3,-5.8,3.7,0.0,0,0,1,0,2,1,0,0.17,0,0,0,0
PT-125,2026-10-08T20:15:00,51,32.2,11.6,8.3,1,171.3,66.2,41.7,6.9,7686,160.0,62.8,44.1,6.9,12.4,160.0,160.27,163.08,169.41,3.39,-5.2,-10.0,-3.4,3.2,-11.3,-3.4,2.4,0.0,0,0,1,0,2,1,0,0.25,0,0,0,0
PT-125,2026-10-08T20:20:00,51,32.2,11.6,8.3,1,171.3,66.2,41.7,6.9,7686,160.0,62.6,41.4,6.9,6.4,160.0,160.03,162.35,168.51,2.97,-2.8,-8.8,-2.0,-5.2,-11.3,-3.6,-0.3,0.0,0,0,1,0,2,1,0,0.33,0,0,0,0
PT-125,2026-10-08T20:25:00,51,32.2,11.6,8.3,1,171.3,66.2,41.7,6.9,7686,160.0,64.6,48.3,6.9,16.7,160.0,160.0,161.67,167.68,2.38,-0.4,-8.2,-1.0,13.0,-11.3,-1.6,6.6,0.0,0,0,1,0,2,1,0,0.42,0,0,0,0
PT-125,2026-10-08T20:30:00,51,32.2,11.6,8.3,1,171.3,66.2,41.7,6.9,7686,160.0,65.1,43.4,6.9,18.5,160.0,160.0,161.11,166.87,1.82,0.0,-6.7,4.0,1.8,-11.3,-1.1,1.7,0.0,0,0,1,0,2,1,0,0.5,0,0,0,0
PT-125,2026-10-08T20:35:00,51,32.2,11.6,8.3,1,171.3,66.2,41.7,6.9,7686,160.0,64.2,41.5,6.9,9.1,160.0,160.0,160.68,166.09,1.3,0.0,-5.2,1.6,-4.2,-11.3,-2.0,-0.2,0.0,0,0,1,0,2,1,0,0.58,0,0,0,0
PT-125,2026-10-08T20:40:00,51,32.2,11.6,8.3,1,171.3,66.2,41.7,6.9,7686,160.0,67.2,45.5,6.9,10.3,160.0,160.0,160.35,165.37,0.81,0.0,-3.9,13.6,0.2,-11.3,1.0,3.8,0.0,0,0,1,0,2,1,0,0.67,0,0,0,0
PT-125,2026-10-08T20:45:00,51,32.2,11.6,8.3,1,171.3,66.2,41.7,6.9,7686,160.0,62.3,42.0,6.9,16.7,160.0,160.0,160.13,164.68,0.4,0.0,-2.6,-1.0,-4.2,-11.3,-3.9,0.3,0.0,0,0,1,0,2,1,0,0.75,0,0,0,0
PT-125,2026-10-08T20:50:00,51,32.2,11.6,8.3,1,171.3,66.2,41.7,6.9,7686,160.0,62.3,46.7,6.9,9.4,160.0,160.0,160.02,164.05,0.06,0.0,-1.4,-0.6,10.6,-11.3,-3.9,5.0,0.0,0,0,1,0,2,1,0,0.83,0,0,0,0
PT-125,2026-10-08T20:55:00,51,32.2,11.6,8.3,1,171.3,66.2,41.7,6.9,7686,160.0,65.1,40.6,6.9,9.9,160.0,160.0,160.0,163.45,0.0,0.0,-0.2,1.0,-15.4,-11.3,-1.1,-1.1,0.0,0,0,1,0,2,1,0,0.92,0,0,0,0
PT-125,2026-10-08T21:00:00,51,32.2,11.6,8.3,1,171.3,66.2,41.7,6.9,7686,160.0,65.6,45.6,6.9,15.9,160.0,160.0,160.0,162.9,0.0,0.0,0.0,1.0,4.4,-11.3,-0.6,3.9,0.0,0,0,1,0,2,1,0,1.0,0,0,0,0
PT-125,2026-10-08T21:05:00,51,32.2,11.6,8.3,1,171.3,66.2,41.7,6.9,7686,160.0,65.8,42.4,6.9,14.5,160.0,160.0,160.0,162.4,0.0,0.0,0.0,3.2,1.8,-11.3,-0.4,0.7,0.0,0,0,1,0,2,1,0,1.08,0,0,0,0
PT-125,2026-10-08T21:10:00,51,32.2,11.6,8.3,1,171.3,66.2,41.7,6.9,7686,160.0,66.4,46.5,6.9,8.0,160.0,160.0,160.0,161.96,0.0,0.0,0.0,-1.6,2.0,-11.3,0.2,4.8,0.0,0,0,1,0,2,1,0,1.17,0,0,0,0
PT-125,2026-10-08T21:15:00,51,32.2,11.6,8.3,1,171.3,66.2,41.7,6.9,7686,160.0,67.7,45.5,6.9,9.7,160.0,160.0,160.0,161.54,0.0,0.0,0.0,10.8,7.0,-11.3,1.5,3.8,0.0,0,0,1,0,2,1,0,1.25,0,0,0,0
PT-125,2026-10-08T21:20:00,51,32.2,11.6,8.3,1,171.3,66.2,41.7,6.9,7686,160.0,61.7,44.8,6.9,14.1,160.0,160.0,160.0,161.17,0.0,0.0,0.0,-1.2,-3.8,-11.3,-4.5,3.1,0.0,0,0,1,0,2,1,0,1.33,0,0,0,0
PT-125,2026-10-08T21:25:00,51,32.2,11.6,8.3,1,171.3,66.2,41.7,6.9,7686,160.0,64.1,46.0,6.9,15.8,160.0,160.0,160.0,160.83,0.0,0.0,0.0,-2.0,10.8,-11.3,-2.1,4.3,0.0,0,0,1,0,2,1,0,1.42,0,0,0,0
PT-125,2026-10-08T21:30:00,51,32.2,11.6,8.3,1,171.3,66.2,41.7,6.9,7686,160.0,64.7,40.3,6.9,7.8,160.0,160.0,160.0,160.55,0.0,0.0,0.0,-1.8,-10.6,-11.3,-1.5,-1.4,0.0,0,0,1,0,2,1,0,1.5,0,0,0,0
PT-125,2026-10-08T21:35:00,51,32.2,11.6,8.3,1,171.3,66.2,41.7,6.9,7686,160.0,67.8,44.8,6.9,8.0,160.0,160.0,160.0,160.34,0.0,0.0,0.0,4.0,4.8,-11.3,1.6,3.1,0.0,0,0,1,0,2,1,0,1.58,0,0,0,0
PT-125,2026-10-08T21:40:00,51,32.2,11.6,8.3,1,171.3,66.2,41.7,6.9,7686,160.0,61.8,43.4,6.9,13.3,160.0,160.0,160.0,160.18,0.0,0.0,0.0,-9.2,-6.2,-11.3,-4.4,1.7,0.0,0,0,1,0,2,1,0,1.67,0,0,0,0
PT-125,2026-10-08T21:45:00,51,32.2,11.6,8.3,1,171.3,66.2,41.7,6.9,7686,160.0,66.6,41.4,6.9,21.3,160.0,160.0,160.0,160.07,0.0,0.0,0.0,-2.2,-8.2,-11.3,0.4,-0.3,0.0,0,0,1,0,2,1,0,1.75,0,0,0,0
PT-125,2026-10-08T21:50:00,51,32.2,11.6,8.3,1,171.3,66.2,41.7,6.9,7686,160.0,65.7,42.7,6.9,12.9,160.0,160.0,160.0,160.01,0.0,0.0,0.0,8.0,-4.2,-11.3,-0.5,1.0,0.0,0,0,1,0,2,1,0,1.83,0,0,0,0
PT-125,2026-10-08T21:55:00,51,32.2,11.6,8.3,1,171.3,66.2,41.7,6.9,7686,160.0,67.1,43.2,6.9,7.1,160.0,160.0,160.0,160.0,0.0,0.0,0.0,6.0,-5.6,-11.3,0.9,1.5,0.0,0,0,1,0,2,1,0,1.92,0,0,0,0
PT-126,2026-10-08T08:00:00,70,28.1,12.4,8.5,1,166.8,72.7,38.7,6.9,8781,195.3,87.2,20.3,6.9,23.0,195.3,195.3,195.3,195.3,0.0,0.0,0.0,0.0,0.0,28.5,14.5,-18.4,0.0,1,0,0,0,1,1,0,0.0,0,0,0,1
PT-126,2026-10-08T08:05:00,70,28.1,12.4,8.5,1,166.8,72.7,38.7,6.9,8781,197.4,87.7,19.7,6.9,6.5,196.35,196.35,196.35,196.35,1.48,0.0,0.0,0.0,0.0,30.6,15.0,-19.0,0.0,1,0,0,0,1,1,0,0.08,0,0,0,1
PT-126,2026-10-08T08:10:00,70,28.1,12.4,8.5,1,166.8,72.7,38.7,6.9,8781,201.0,88.3,19.2,6.9,10.9,197.9,197.9,197.9,197.9,2.88,0.0,0.0,0.0,0.0,34.2,15.6,-19.5,0.0,1,0,0,0,1,1,0,0.17,0,0,0,1
PT-126,2026-10-08T08:15:00,70,28.1,12.4,8.5,1,166.8,72.7,38.7,6.9,8781,204.6,88.8,18.7,6.9,22.0,201.0,199.58,199.58,199.58,4.09,0.0,0.0,0.0,0.0,37.8,16.1,-20.0,0.0,1,0,0,0,1,1,0,0.25,0,0,0,1
PT-126,2026-10-08T08:20:00,70,28.1,12.4,8.5,1,166.8,72.7,38.7,6.9,8781,208.2,89.4,18.3,6.9,6.1,204.6,201.3,201.3,201.3,5.24,0.0,0.0,0.0,0.0,41.4,16.7,-20.4,0.0,1,0,0,0,1,1,0,0.33,0,0,0,1
PT-126,2026-10-08T08:25:00,70,28.1,12.4,8.5,1,166.8,72.7,38.7,6.9,8781,211.3,90.0,17.8,6.9,19.5,208.03,202.97,202.97,202.97,6.22,0.0,0.0,0.0,0.0,44.5,17.3,-20.9,0.0,1,0,0,0,1,1,0,0.42,0,0,0,1
PT-126,2026-10-08T08:30:00,70,28.1,12.4,8.5,1,166.8,72.7,38.7,6.9,8781,214.6,90.5,17.5,6.9,67.0,211.37,206.18,204.63,204.63,7.18,38.6,0.0,6.6,-5.6,47.8,17.8,-21.2,0.0,1,0,0,0,1,1,0,0.5,0,0,0,1
PT-126,2026-10-08T08:35:00,70,28.1,12.4,8.5,1,166.8,72.7,38.7,6.9,8781,217.5,90.7,17.3,6.9,62.2,214.47,209.53,206.24,206.24,8.05,40.2,0.0,6.0,-4.8,50.7,18.0,-21.4,0.0,1,0,0,0,1,1,0,0.58,0,0,0,1
PT-126,2026-10-08T08:40:00,70,28.1,12.4,8.5,1,166.8,72.7,38.7,6.9,8781,220.0,91.1,16.7,6.9,70.4,217.37,212.7,207.77,207.77,8.82,38.0,0.0,5.6,-5.0,53.2,18.4,-22.0,0.0,1,0,0,0,1,1,0,0.67,0,0,0,1
PT-126,2026-10-08T08:45:00,70,28.1,12.4,8.5,1,166.8,72.7,38.7,6.9,8781,221.8,91.4,16.4,6.9,73.0,219.77,215.57,209.17,209.17,9.43,34.4,0.0,5.2,-4.6,55.0,18.7,-22.3,0.0,1,0,0,0,1,1,0,0.75,0,0,0,1
PT-126,2026-10-08T08:50:00,70,28.1,12.4,8.5,1,166.8,72.7,38.7,6.9,8781,224.1,92.0,16.1,6.9,59.0,221.97,218.22,210.53,210.53,10.01,31.8,0.0,5.2,-4.4,57.3,19.3,-22.6,0.0,1,0,0,0,1,1,0,0.83,0,0,0,1
PT-126,2026-10-08T08:55:00,70,28.1,12.4,8.5,1,166.8,72.7,38.7,6.9,8781,226.4,92.5,15.7,6.9,73.2,224.1,220.73,211.85,211.85,10.59,30.2,0.0,5.0,-4.2,59.6,19.8,-23.0,0.0,1,0,0,0,1,1,0,0.92,0,0,0,1
PT-126,2026-10-08T09:00:00,70,28.1,12.4,8.5,1,166.8,72.7,38.7,6.9,8781,230.1,92.7,15.3,6.9,74.6,226.87,223.32,214.75,213.25,10.41,31.0,34.8,4.4,-4.4,63.3,20.0,-23.4,0.0,1,0,0,0,1,1,0,1.0,0,0,0,1
PT-126,2026-10-08T09:05:00,70,28.1,12.4,8.5,1,166.8,72.7,38.7,6.9,8781,233.4,93.3,15.0,6.9,55.5,229.97,225.97,217.75,214.69,10.14,31.8,36.0,5.2,-4.6,66.6,20.6,-23.7,0.0,1,0,0,0,1,1,0,1.08,0,0,0,1
PT-126,2026-10-08T09:10:00,70,28.1,12.4,8.5,1,166.8,72.7,38.7,6.9,8781,236.0,93.7,15.0,6.9,59.6,233.17,228.63,220.67,216.11,9.91,32.0,35.0,5.2,-3.4,69.2,21.0,-23.7,0.0,1,0,0,0,1,1,0,1.17,0,0,0,1
PT-126,2026-10-08T09:15:00,70,28.1,12.4,8.5,1,166.8,72.7,38.7,6.9,8781,239.2,94.3,15.0,6.9,74.5,236.2,231.53,223.55,217.56,9.85,34.8,34.6,5.8,-2.8,72.4,21.6,-23.7,0.0,1,0,0,0,1,1,0,1.25,0,0,0,1
PT-126,2026-10-08T09:20:00,70,28.1,12.4,8.5,1,166.8,72.7,38.7,6.9,8781,242.8,94.8,15.0,6.9,64.9,239.33,234.65,226.43,219.04,10.01,37.4,34.6,5.6,-2.2,76.0,22.1,-23.7,0.0,1,0,0,0,1,1,0,1.33,0,0,0,1
PT-126,2026-10-08T09:25:00,70,28.1,12.4,8.5,1,166.8,72.7,38.7,6.9,8781,245.1,95.4,15.0,6.9,46.3,242.37,237.77,229.25,220.49,10.12,37.4,33.8,5.8,-1.4,78.3,22.7,-23.7,0.0,1,0,0,0,1,1,0,1.42,0,0,0,1
PT-126,2026-10-08T09:30:00,70,28.1,12.4,8.5,1,166.8,72.7,38.7,6.9,8781,247.8,96.0,15.0,6.9,52.0,245.23,240.72,232.02,221.93,10.28,35.4,33.2,6.6,-0.6,81.0,23.3,-23.7,0.0,1,0,0,0,1,1,0,1.5,0,0,0,1
PT-126,2026-10-08T09:35:00,70,28.1,12.4,8.5,1,166.8,72.7,38.7,6.9,8781,249.9,96.2,15.0,6.9,13.3,247.6,243.47,234.72,223.32,10.38,33.0,32.4,5.8,0.0,83.1,23.5,-23.7,0.0,1,0,0,0,1,1,0,1.58,0,0,0,1
PT-126,2026-10-08T09:40:00,70,28.1,12.4,8.5,1,166.8,72.7,38.7,6.9,8781,252.0,96.5,15.0,6.9,22.2,249.9,246.13,237.38,224.69,10.36,32.0,32.0,5.6,0.0,85.2,23.8,-23.7,0.0,1,0,0,0,1,1,0,1.67,0,0,0,1
PT-126,2026-10-08T09:45:00,70,28.1,12.4,8.5,1,166.8,72.7,38.7,6.9,8781,255.5,96.9,15.0,6.9,22.2,252.47,248.85,240.19,226.09,10.32,32.6,33.7,5.2,0.0,88.7,24.2,-23.7,0.0,1,0,0,0,1,1,0,1.75,0,0,0,1
PT-126,2026-10-08T09:50:00,70,28.1,12.4,8.5,1,166.8,72.7,38.7,6.9,8781,257.7,97.3,15.0,6.9,6.5,255.07,251.33,242.99,227.47,10.12,29.8,33.6,5.0,0.0,90.9,24.6,-23.7,0.0,1,0,0,0,1,1,0,1.83,0,0,0,1
PT-126,2026-10-08T09:55:00,70,28.1,12.4,8.5,1,166.8,72.7,38.7,6.9,8781,260.0,97.7,15.0,6.9,8.0,257.73,253.82,245.79,228.82,9.75,29.8,33.6,4.6,0.0,93.2,25.0,-23.7,0.0,1,0,0,0,1,1,0,1.92,0,0,0,1
PT-126,2026-10-08T10:00:00,70,28.1,12.4,8.5,1,166.8,72.7,38.7,6.9,8781,263.7,98.2,15.0,6.9,17.0,260.47,256.47,248.59,231.67,9.66,31.8,33.6,4.4,0.0,96.9,25.5,-23.7,0.0,1,0,0,0,1,1,0,2.0,0,0,0,1
PT-126,2026-10-08T10:05:00,70,28.1,12.4,8.5,1,166.8,72.7,38.7,6.9,8781,266.3,98.5,15.0,6.9,14.9,263.33,259.2,251.33,234.54,9.62,32.8,32.9,4.6,0.0,99.5,25.8,-23.7,0.0,1,0,0,0,1,1,0,2.08,0,0,0,1
PT-126,2026-10-08T10:10:00,70,28.1,12.4,8.5,1,166.8,72.7,38.7,6.9,8781,268.2,99.2,15.0,6.9,21.5,266.07,261.9,254.02,237.34,9.45,32.4,32.2,5.4,0.0,101.4,26.5,-23.7,0.0,1,0,0,0,1,1,0,2.17,0,0,0,1
PT-126,2026-10-08T10:15:00,70,28.1,12.4,8.5,1,166.8,72.7,38.7,6.9,8781,271.7,99.5,15.0,6.9,11.5,268.73,264.6,256.72,240.14,9.47,32.4,32.5,5.2,0.0,104.9,26.8,-23.7,0.0,1,0,0,0,1,1,0,2.25,0,0,0,1
PT-126,2026-10-08T10:20:00,70,28.1,12.4,8.5,1,166.8,72.7,38.7,6.9,8781,273.6,100.1,15.0,6.9,20.3,271.17,267.25,259.29,242.86,9.53,31.8,30.8,5.6,0.0,106.8,27.4,-23.7,0.0,1,0,0,0,1,1,0,2.33,0,0,0,1
PT-126,2026-10-08T10:25:00,70,28.1,12.4,8.5,1,166.8,72.7,38.7,6.9,8781,275.9,100.8,15.0,6.9,9.6,273.73,269.9,261.86,245.55,9.51,31.8,30.8,6.2,0.0,109.1,28.1,-23.7,0.0,1,0,0,0,1,1,0,2.42,0,0,0,1
PT-126,2026-10-08T10:30:00,70,28.1,12.4,8.5,1,166.8,72.7,38.7,6.9,8781,279.4,101.2,15.0,6.9,13.8,276.3,272.52,264.49,248.25,9.63,31.4,31.6,6.0,0.0,112.6,28.5,-23.7,0.0,1,0,0,0,1,1,0,2.5,0,0,0,1
PT-126,2026-10-08T10:35:00,70,28.1,12.4,8.5,1,166.8,72.7,38.7,6.9,8781,282.0,101.4,15.0,6.9,5.4,279.1,275.13,267.17,250.94,9.67,31.4,32.1,5.8,0.0,115.2,28.7,-23.7,0.0,1,0,0,0,1,1,0,2.58,0,0,0,1
PT-126,2026-10-08T10:40:00,70,28.1,12.4,8.5,1,166.8,72.7,38.7,6.9,8781,285.3,102.1,15.0,6.9,25.0,282.23,277.98,269.94,253.66,9.7,34.2,33.3,5.8,0.0,118.5,29.4,-23.7,0.0,1,0,0,0,1,1,0,2.67,0,0,0,1
PT-126,2026-10-08T10:45:00,70,28.1,12.4,8.5,1,166.8,72.7,38.7,6.9,8781,287.6,102.5,15.0,6.9,6.8,284.97,280.63,272.62,256.4,9.78,31.8,32.1,6.0,0.0,120.8,29.8,-23.7,0.0,1,0,0,0,1,1,0,2.75,0,0,0,1
PT-126,2026-10-08T10:50:00,70,28.1,12.4,8.5,1,166.8,72.7,38.7,6.9,8781,290.7,102.9,15.0,6.9,8.3,287.87,283.48,275.37,259.18,9.85,34.2,33.0,5.6,0.0,123.9,30.2,-23.7,0.0,1,0,0,0,1,1,0,2.83,0,0,0,1
PT-126,2026-10-08T10:55:00,70,28.1,12.4,8.5,1,166.8,72.7,38.7,6.9,8781,292.7,103.6,15.0,6.9,23.8,290.33,286.28,278.09,261.94,9.73,33.6,32.7,5.6,0.0,125.9,30.9,-23.7,0.0,1,0,0,0,1,1,0,2.92,0,0,0,1
PT-126,2026-10-08T11:00:00,70,28.1,12.4,8.5,1,166.8,72.7,38.7,6.9,8781,295.9,103.8,15.0,6.9,12.6,293.1,289.03,280.77,264.68,9.84,33.0,32.2,5.2,0.0,129.1,31.1,-23.7,0.0,1,0,0,0,1,1,0,3.0,0,0,0,1
PT-126,2026-10-08T11:05:00,70,28.1,12.4,8.5,1,166.8,72.7,38.7,6.9,8781,299.2,104.4,15.0,6.9,23.6,295.93,291.9,283.52,267.42,10.02,34.4,32.9,6.0,0.0,132.4,31.7,-23.7,0.0,1,0,0,0,1,1,0,3.08,0,0,0,1
PT-126,2026-10-08T11:10:00,70,28.1,12.4,8.5,1,166.8,72.7,38.7,6.9,8781,302.8,104.7,15.0,6.9,13.3,299.3,294.82,286.4,270.21,10.19,35.0,34.6,5.2,0.0,136.0,32.0,-23.7,0.0,1,0,0,0,1,1,0,3.17,0,0,0,1
PT-126,2026-10-08T11:15:00,70,28.1,12.4,8.5,1,166.8,72.7,38.7,6.9,8781,306.5,105.1,15.0,6.9,20.3,302.83,297.97,289.3,273.01,10.57,37.8,34.8,5.2,0.0,139.7,32.4,-23.7,0.0,1,0,0,0,1,1,0,3.25,0,0,0,1
PT-126,2026-10-08T11:20:00,70,28.1,12.4,8.5,1,166.8,72.7,38.7,6.9,8781,310.1,105.6,15.0,6.9,12.5,306.47,301.2,292.34,275.82,10.89,38.8,36.5,5.4,0.0,143.3,32.9,-23.7,0.0,1,0,0,0,1,1,0,3.33,0,0,0,1
PT-126,2026-10-08T11:25:00,70,28.1,12.4,8.5,1,166.8,72.7,38.7,6.9,8781,312.9,106.1,15.0,6.9,22.1,309.83,304.57,295.42,278.64,11.05,40.4,37.0,5.0,0.0,146.1,33.4,-23.7,0.0,1,0,0,0,1,1,0,3.42,0,0,0,1
PT-126,2026-10-08T11:30:00,70,28.1,12.4,8.5,1,166.8,72.7,38.7,6.9,8781,316.5,106.3,15.0,6.9,18.9,313.17,308.0,298.52,281.5,11.34,41.2,37.1,5.0,0.0,149.7,33.6,-23.7,0.0,1,0,0,0,1,1,0,3.5,0,0,0,1
PT-126,2026-10-08T11:35:00,70,28.1,12.4,8.5,1,166.8,72.7,38.7,6.9,8781,318.6,107.0,15.0,6.9,8.2,316.0,311.23,301.57,284.37,11.42,38.8,36.6,5.2,0.0,151.8,34.3,-23.7,0.0,1,0,0,0,1,1,0,3.58,0,0,0,1
PT-126,2026-10-08T11:40:00,70,28.1,12.4,8.5,1,166.8,72.7,38.7,6.9,8781,320.7,107.4,15.0,6.9,12.3,318.6,314.22,304.52,287.23,11.41,35.8,35.4,5.4,0.0,153.9,34.7,-23.7,0.0,1,0,0,0,1,1,0,3.67,0,0,0,1
PT-126,2026-10-08T11:45:00,70,28.1,12.4,8.5,1,166.8,72.7,38.7,6.9,8781,322.5,107.9,15.0,6.9,21.6,320.6,316.88,307.42,290.02,11.15,32.0,34.9,5.6,0.0,155.7,35.2,-23.7,0.0,1,0,0,0,1,1,0,3.75,0,0,0,1
PT-126,2026-10-08T11:50:00,70,28.1,12.4,8.5,1,166.8,72.7,38.7,6.9,8781,326.0,108.2,15.0,6.9,17.3,323.07,319.53,310.37,292.87,10.99,31.8,35.3,5.2,0.0,159.2,35.5,-23.7,0.0,1,0,0,0,1,1,0,3.83,0,0,0,1
PT-126,2026-10-08T11:55:00,70,28.1,12.4,8.5,1,166.8,72.7,38.7,6.9,8781,327.8,108.6,15.0,6.9,5.7,325.43,322.02,313.29,295.69,10.52,29.8,35.1,5.0,0.0,161.0,35.9,-23.7,0.0,1,0,0,0,1,1,0,3.92,0,0,0,1
PT-126,2026-10-08T12:00:00,70,28.1,12.4,8.5,1,166.8,72.7,38.7,6.9,8781,330.0,109.1,15.0,6.9,9.1,327.93,324.27,316.13,298.45,9.99,27.0,34.1,5.6,0.0,163.2,36.4,-23.7,0.0,0,1,0,0,1,1,0,4.0,0,0,0,1
PT-126,2026-10-08T12:05:00,70,28.1,12.4,8.5,1,166.8,72.7,38.7,6.9,8781,333.5,109.5,15.0,6.9,19.1,330.43,326.75,318.99,301.25,9.6,29.8,34.3,5.0,0.0,166.7,36.8,-23.7,0.0,0,1,0,0,1,1,0,4.08,0,0,0,1
PT-126,2026-10-08T12:10:00,70,28.1,12.4,8.5,1,166.8,72.7,38.7,6.9,8781,336.1,109.8,15.0,6.9,23.7,333.2,329.32,321.77,304.08,9.31,30.8,33.3,4.8,0.0,169.3,37.1,-23.7,0.0,0,1,0,0,1,1,0,4.17,0,0,0,1
PT-126,2026-10-08T12:15:00,70,28.1,12.4,8.5,1,166.8,72.7,38.7,6.9,8781,338.0,110.4,15.0,6.9,22.8,335.87,331.9,324.39,306.85,9.05,31.0,31.5,5.0,0.0,171.2,37.7,-23.7,0.0,0,1,0,0,1,1,0,4.25,0,0,0,1
PT-126,2026-10-08T12:20:00,70,28.1,12.4,8.5,1,166.8,72.7,38.7,6.9,8781,340.6,110.8,15.0,6.9,6.2,338.23,334.33,326.93,309.64,8.95,29.2,30.5,5.2,0.0,173.8,38.1,-23.7,0.0,0,1,0,0,1,1,0,4.33,0,0,0,1
PT-126,2026-10-08T12:25:00,70,28.1,12.4,8.5,1,166.8,72.7,38.7,6.9,8781,343.0,111.2,15.0,6.9,22.0,340.53,336.87,329.44,312.43,8.88,30.4,30.1,5.2,0.0,176.2,38.5,-23.7,0.0,0,1,0,0,1,1,0,4.42,0,0,0,1
PT-126,2026-10-08T12:30:00,70,28.1,12.4,8.5,1,166.8,72.7,38.7,6.9,8781,346.1,111.5,15.0,6.9,17.8,343.23,339.55,331.91,315.21,9.06,32.2,29.6,4.8,0.0,179.3,38.8,-23.7,0.0,0,1,0,0,1,1,0,4.5,0,0,0,1
PT-126,2026-10-08T12:35:00,70,28.1,12.4,8.5,1,166.8,72.7,38.7,6.9,8781,348.1,112.1,15.0,6.9,13.7,345.73,341.98,334.37,317.97,9.13,29.2,29.5,5.2,0.0,181.3,39.4,-23.7,0.0,0,1,0,0,1,1,0,4.58,0,0,0,1
PT-126,2026-10-08T12:40:00,70,28.1,12.4,8.5,1,166.8,72.7,38.7,6.9,8781,350.8,112.6,15.0,6.9,24.1,348.33,344.43,336.88,320.7,9.17,29.4,30.1,5.6,0.0,184.0,39.9,-23.7,0.0,0,1,0,0,1,1,0,4.67,0,0,0,1
PT-126,2026-10-08T12:45:00,70,28.1,12.4,8.5,1,166.8,72.7,38.7,6.9,8781,352.8,112.8,15.0,6.9,22.2,350.57,346.9,339.4,323.41,9.02,29.6,30.3,4.8,0.0,186.0,40.1,-23.7,0.0,0,1,0,0,1,1,0,4.75,0,0,0,1
PT-126,2026-10-08T12:50:00,70,28.1,12.4,8.5,1,166.8,72.7,38.7,6.9,8781,355.0,113.3,15.0,6.9,18.2,352.87,349.3,341.82,326.09,8.99,28.8,29.0,5.0,0.0,188.2,40.6,-23.7,0.0,0,1,0,0,1,1,0,4.83,0,0,0,1
PT-126,2026-10-08T12:55:00,70,28.1,12.4,8.5,1,166.8,72.7,38.7,6.9,8781,358.6,113.7,15.0,6.9,12.1,355.47,351.9,344.38,328.84,9.02,31.2,30.8,5.0,0.0,191.8,41.0,-23.7,0.0,0,1,0,0,1,1,0,4.92,0,0,0,1
PT-126,2026-10-08T13:00:00,70,28.1,12.4,8.5,1,166.8,72.7,38.7,6.9,8781,361.4,114.2,15.0,6.9,19.3,358.33,354.45,347.0,331.57,9.02,30.6,31.4,5.4,0.0,194.6,41.5,-23.7,0.0,0,1,0,0,1,1,0,5.0,0,0,0,1
PT-126,2026-10-08T13:05:00,70,28.1,12.4,8.5,1,166.8,72.7,38.7,6.9,8781,363.4,114.8,15.0,6.9,22.9,361.13,357.0,349.49,334.24,9.08,30.6,29.9,5.4,0.0,196.6,42.1,-23.7,0.0,0,1,0,0,1,1,0,5.08,0,0,0,1
PT-126,2026-10-08T13:10:00,70,28.1,12.4,8.5,1,166.8,72.7,38.7,6.9,8781,366.5,115.4,15.0,6.9,31.6,363.77,359.62,352.02,336.9,9.25,31.4,30.4,5.6,0.0,199.7,42.7,-23.7,0.0,0,1,0,0,1,1,0,5.17,0,0,0,1
PT-126,2026-10-08T13:15:00,70,28.1,12.4,8.5,1,166.8,72.7,38.7,6.9,8781,370.0,116.0,15.0,6.9,15.3,366.63,362.48,354.69,339.54,9.44,34.4,32.0,6.4,0.0,203.2,43.3,-23.7,0.0,0,1,0,0,1,1,0,5.25,0,0,0,1
PT-126,2026-10-08T13:20:00,70,28.1,12.4,8.5,1,166.8,72.7,38.7,6.9,8781,373.1,116.2,15.0,6.9,27.3,369.87,365.5,357.4,342.17,9.69,36.2,32.5,5.8,0.0,206.3,43.5,-23.7,0.0,0,1,0,0,1,1,0,5.33,0,0,0,1
PT-126,2026-10-08T13:25:00,70,28.1,12.4,8.5,1,166.8,72.7,38.7,6.9,8781,375.0,116.6,15.0,6.9,17.7,372.7,368.23,360.07,344.75,9.77,32.8,32.0,5.8,0.0,208.2,43.9,-23.7,0.0,0,1,0,0,1,1,0,5.42,0,0,0,1
PT-126,2026-10-08T13:30:00,70,28.1,12.4,8.5,1,166.8,72.7,38.7,6.9,8781,377.2,116.9,15.0,6.9,25.6,375.1,370.87,362.66,347.28,9.86,31.6,31.1,5.4,0.0,210.4,44.2,-23.7,0.0,0,1,0,0,1,1,0,5.5,0,0,0,1
PT-126,2026-10-08T13:35:00,70,28.1,12.4,8.5,1,166.8,72.7,38.7,6.9,8781,379.6,117.2,15.0,6.9,19.3,377.27,373.57,365.28,349.82,9.82,32.4,31.5,4.8,0.0,212.8,44.5,-23.7,0.0,0,1,0,0,1,1,0,5.58,0,0,0,1
PT-126,2026-10-08T13:40:00,70,28.1,12.4,8.5,1,166.8,72.7,38.7,6.9,8781,380.0,117.5,15.0,6.9,18.8,378.93,375.82,367.72,352.3,9.52,27.0,29.2,4.2,0.0,213.2,44.8,-23.7,0.0,0,1,0,0,1,1,0,5.67,0,0,0,1
PT-126,2026-10-08T13:45:00,70,28.1,12.4,8.5,1,166.8,72.7,38.7,6.9,8781,380.0,118.1,15.0,6.9,22.3,379.87,377.48,369.98,354.69,8.86,20.0,27.2,4.2,0.0,213.2,45.4,-23.7,0.0,0,1,0,0,1,1,0,5.75,0,0,0,1
PT-126,2026-10-08T13:50:00,70,28.1,12.4,8.5,1,166.8,72.7,38.7,6.9,8781,380.0,118.7,15.0,6.9,20.7,380.0,378.63,372.07,356.94,7.9,13.8,25.0,5.0,0.0,213.2,46.0,-23.7,0.0,0,1,0,0,1,1,0,5.83,0,0,0,1
PT-126,2026-10-08T13:55:00,70,28.1,12.4,8.5,1,166.8,72.7,38.7,6.9,8781,380.0,119.2,15.0,6.9,25.1,380.0,379.47,373.85,359.12,6.94,10.0,21.4,5.2,0.0,213.2,46.5,-23.7,0.0,0,1,0,0,1,1,0,5.92,0,0,0,1
PT-126,2026-10-08T14:00:00,70,28.1,12.4,8.5,1,166.8,72.7,38.7,6.9,8781,380.0,119.5,15.0,6.9,16.7,380.0,379.93,375.4,361.2,5.91,5.6,18.6,5.2,0.0,213.2,46.8,-23.7,0.0,0,1,0,0,1,1,0,6.0,0,0,0,1
PT-126,2026-10-08T14:05:00,70,28.1,12.4,8.5,1,166.8,72.7,38.7,6.9,8781,380.0,120.0,15.0,6.9,10.3,380.0,380.0,376.78,363.14,4.66,0.8,16.6,5.6,0.0,213.2,47.3,-23.7,0.0,0,1,0,0,1,1,0,6.08,0,0,0,1
PT-126,2026-10-08T14:10:00,70,28.1,12.4,8.5,1,166.8,72.7,38.7,6.9,8781,380.0,120.0,15.0,6.9,11.0,380.0,380.0,377.91,364.97,3.41,0.0,13.5,5.0,0.0,213.2,47.3,-23.7,0.0,0,1,0,0,1,1,0,6.17,0,0,0,1
PT-126,2026-10-08T14:15:00,70,28.1,12.4,8.5,1,166.8,72.7,38.7,6.9,8781,380.0,120.0,15.0,6.9,24.8,380.0,380.0,378.74,366.72,2.37,0.0,10.0,3.8,0.0,213.2,47.3,-23.7,0.0,0,1,0,0,1,1,0,6.25,0,0,0,1
PT-126,2026-10-08T14:20:00,70,28.1,12.4,8.5,1,166.8,72.7,38.7,6.9,8781,380.0,120.0,15.0,6.9,22.0,380.0,380.0,379.32,368.36,1.58,0.0,6.9,2.6,0.0,213.2,47.3,-23.7,0.0,0,1,0,0,1,1,0,6.33,0,0,0,1
PT-126,2026-10-08T14:25:00,70,28.1,12.4,8.5,1,166.8,72.7,38.7,6.9,8781,380.0,120.0,15.0,6.9,21.5,380.0,380.0,379.73,369.9,0.81,0.0,5.0,1.6,0.0,213.2,47.3,-23.7,0.0,0,1,0,0,1,1,0,6.42,0,0,0,1
PT-126,2026-10-08T14:30:00,70,28.1,12.4,8.5,1,166.8,72.7,38.7,6.9,8781,380.0,120.0,15.0,6.9,8.1,380.0,380.0,379.97,371.31,0.12,0.0,2.8,1.0,0.0,213.2,47.3,-23.7,0.0,0,1,0,0,1,1,0,6.5,0,0,0,1
PT-126,2026-10-08T14:35:00,70,28.1,12.4,8.5,1,166.8,72.7,38.7,6.9,8781,380.0,120.0,15.0,6.9,9.4,380.0,380.0,380.0,372.64,0.0,0.0,0.4,0.0,0.0,213.2,47.3,-23.7,0.0,0,1,0,0,1,1,0,6.58,0,0,0,1
PT-126,2026-10-08T14:40:00,70,28.1,12.4,8.5,1,166.8,72.7,38.7,6.9,8781,380.0,120.0,15.0,6.9,11.1,380.0,380.0,380.0,373.86,0.0,0.0,0.0,0.0,0.0,213.2,47.3,-23.7,0.0,0,1,0,0,1,1,0,6.67,0,0,0,1
PT-126,2026-10-08T14:45:00,70,28.1,12.4,8.5,1,166.8,72.7,38.7,6.9,8781,380.0,120.0,15.0,6.9,11.4,380.0,380.0,380.0,374.99,0.0,0.0,0.0,0.0,0.0,213.2,47.3,-23.7,0.0,0,1,0,0,1,1,0,6.75,0,0,0,1
PT-126,2026-10-08T14:50:00,70,28.1,12.4,8.5,1,166.8,72.7,38.7,6.9,8781,380.0,120.0,15.0,6.9,21.1,380.0,380.0,380.0,376.03,0.0,0.0,0.0,0.0,0.0,213.2,47.3,-23.7,0.0,0,1,0,0,1,1,0,6.83,0,0,0,1
PT-126,2026-10-08T14:55:00,70,28.1,12.4,8.5,1,166.8,72.7,38.7,6.9,8781,380.0,120.0,15.0,6.9,9.2,380.0,380.0,380.0,376.92,0.0,0.0,0.0,0.0,0.0,213.2,47.3,-23.7,0.0,0,1,0,0,1,1,0,6.92,0,0,0,1
PT-126,2026-10-08T15:00:00,70,28.1,12.4,8.5,1,166.8,72.7,38.7,6.9,8781,380.0,120.0,15.0,6.9,16.3,380.0,380.0,380.0,377.7,0.0,0.0,0.0,0.0,0.0,213.2,47.3,-23.7,0.0,0,1,0,0,1,1,0,7.0,0,0,0,1
PT-126,2026-10-08T15:05:00,70,28.1,12.4,8.5,1,166.8,72.7,38.7,6.9,8781,380.0,120.0,15.0,6.9,22.0,380.0,380.0,380.0,378.39,0.0,0.0,0.0,0.0,0.0,213.2,47.3,-23.7,0.0,0,1,0,0,1,1,0,7.08,0,0,0,1
PT-126,2026-10-08T15:10:00,70,28.1,12.4,8.5,1,166.8,72.7,38.7,6.9,8781,380.0,120.0,15.0,6.9,8.5,380.0,380.0,380.0,378.95,0.0,0.0,0.0,0.0,0.0,213.2,47.3,-23.7,0.0,0,1,0,0,1,1,0,7.17,0,0,0,1
PT-126,2026-10-08T15:15:00,70,28.1,12.4,8.5,1,166.8,72.7,38.7,6.9,8781,380.0,120.0,15.0,6.9,20.0,380.0,380.0,380.0,379.37,0.0,0.0,0.0,0.0,0.0,213.2,47.3,-23.7,0.0,0,1,0,0,1,1,0,7.25,0,0,0,1
PT-126,2026-10-08T15:20:00,70,28.1,12.4,8.5,1,166.8,72.7,38.7,6.9,8781,380.0,120.0,15.0,6.9,23.3,380.0,380.0,380.0,379.66,0.0,0.0,0.0,0.0,0.0,213.2,47.3,-23.7,0.0,0,1,0,0,1,1,0,7.33,0,0,0,1
PT-126,2026-10-08T15:25:00,70,28.1,12.4,8.5,1,166.8,72.7,38.7,6.9,8781,380.0,120.0,15.0,6.9,22.8,380.0,380.0,380.0,379.87,0.0,0.0,0.0,0.0,0.0,213.2,47.3,-23.7,0.0,0,1,0,0,1,1,0,7.42,0,0,0,1
PT-126,2026-10-08T15:30:00,70,28.1,12.4,8.5,1,166.8,72.7,38.7,6.9,8781,380.0,120.0,15.0,6.9,7.2,380.0,380.0,380.0,379.98,0.0,0.0,0.0,0.0,0.0,213.2,47.3,-23.7,0.0,0,1,0,0,1,1,0,7.5,0,0,0,1
PT-126,2026-10-08T15:35:00,70,28.1,12.4,8.5,1,166.8,72.7,38.7,6.9,8781,380.0,120.0,15.0,6.9,7.9,380.0,380.0,380.0,380.0,0.0,0.0,0.0,0.0,0.0,213.2,47.3,-23.7,0.0,0,1,0,0,1,1,0,7.58,0,0,0,1
PT-126,2026-10-08T15:40:00,70,28.1,12.4,8.5,1,166.8,72.7,38.7,6.9,8781,380.0,120.0,15.0,6.9,12.1,380.0,380.0,380.0,380.0,0.0,0.0,0.0,0.0,0.0,213.2,47.3,-23.7,0.0,0,1,0,0,1,1,0,7.67,0,0,0,1
PT-126,2026-10-08T15:45:00,70,28.1,12.4,8.5,1,166.8,72.7,38.7,6.9,8781,380.0,120.0,15.0,6.9,5.3,380.0,380.0,380.0,380.0,0.0,0.0,0.0,0.0,0.0,213.2,47.3,-23.7,0.0,0,1,0,0,1,1,0,7.75,0,0,0,1
PT-126,2026-10-08T15:50:00,70,28.1,12.4,8.5,1,166.8,72.7,38.7,6.9,8781,380.0,120.0,15.0,6.9,9.2,380.0,380.0,380.0,380.0,0.0,0.0,0.0,0.0,0.0,213.2,47.3,-23.7,0.0,0,1,0,0,1,1,0,7.83,0,0,0,1
PT-126,2026-10-08T15:55:00,70,28.1,12.4,8.5,1,166.8,72.7,38.7,6.9,8781,380.0,120.0,15.0,6.9,14.0,380.0,380.0,380.0,380.0,0.0,0.0,0.0,0.0,0.0,213.2,47.3,-23.7,0.0,0,1,0,0,1,1,0,7.92,0,0,0,1
PT-126,2026-10-08T16:00:00,70,28.1,12.4,8.5,1,166.8,72.7,38.7,6.9,8781,380.0,120.0,15.0,6.9,22.1,380.0,380.0,380.0,380.0,0.0,0.0,0.0,0.0,0.0,213.2,47.3,-23.7,0.0,0,1,0,0,1,1,0,8.0,0,0,0,1
PT-126,2026-10-08T16:05:00,70,28.1,12.4,8.5,1,166.8,72.7,38.7,6.9,8781,380.0,120.0,15.0,6.9,18.7,380.0,380.0,380.0,380.0,0.0,0.0,0.0,0.0,0.0,213.2,47.3,-23.7,0.0,0,1,0,0,1,1,0,8.08,0,0,0,1
PT-126,2026-10-08T16:10:00,70,28.1,12.4,8.5,1,166.8,72.7,38.7,6.9,8781,380.0,120.0,15.0,6.9,21.7,380.0,380.0,380.0,380.0,0.0,0.0,0.0,0.0,0.0,213.2,47.3,-23.7,0.0,0,1,0,0,1,1,0,8.17,0,0,0,1
PT-126,2026-10-08T16:15:00,70,28.1,12.4,8.5,1,166.8,72.7,38.7,6.9,8781,380.0,120.0,15.0,6.9,10.6,380.0,380.0,380.0,380.0,0.0,0.0,0.0,0.0,0.0,213.2,47.3,-23.7,0.0,0,1,0,0,1,1,0,8.25,0,0,0,1
PT-126,2026-10-08T16:20:00,70,28.1,12.4,8.5,1,166.8,72.7,38.7,6.9,8781,380.0,120.0,15.0,6.9,24.3,380.0,380.0,380.0,380.0,0.0,0.0,0.0,0.0,0.0,213.2,47.3,-23.7,0.0,0,1,0,0,1,1,0,8.33,0,0,0,1
PT-126,2026-10-08T16:25:00,70,28.1,12.4,8.5,1,166.8,72.7,38.7,6.9,8781,380.0,120.0,15.0,6.9,7.4,380.0,380.0,380.0,380.0,0.0,0.0,0.0,0.0,0.0,213.2,47.3,-23.7,0.0,0,1,0,0,1,1,0,8.42,0,0,0,1
PT-126,2026-10-08T16:30:00,70,28.1,12.4,8.5,1,166.8,72.7,38.7,6.9,8781,380.0,120.0,15.0,6.9,21.6,380.0,380.0,380.0,380.0,0.0,0.0,0.0,0.0,0.0,213.2,47.3,-23.7,0.0,0,1,0,0,1,1,0,8.5,0,0,0,1
PT-126,2026-10-08T16:35:00,70,28.1,12.4,8.5,1,166.8,72.7,38.7,6.9,8781,380.0,120.0,15.0,6.9,13.1,380.0,380.0,380.0,380.0,0.0,0.0,0.0,0.0,0.0,213.2,47.3,-23.7,0.0,0,1,0,0,1,1,0,8.58,0,0,0,1
PT-126,2026-10-08T16:40:00,70,28.1,12.4,8.5,1,166.8,72.7,38.7,6.9,8781,380.0,120.0,15.0,6.9,5.0,380.0,380.0,380.0,380.0,0.0,0.0,0.0,0.0,0.0,213.2,47.3,-23.7,0.0,0,1,0,0,1,1,0,8.67,0,0,0,1
PT-126,2026-10-08T16:45:00,70,28.1,12.4,8.5,1,166.8,72.7,38.7,6.9,8781,380.0,120.0,15.0,6.9,19.3,380.0,380.0,380.0,380.0,0.0,0.0,0.0,0.0,0.0,213.2,47.3,-23.7,0.0,0,1,0,0,1,1,0,8.75,0,0,0,1
PT-126,2026-10-08T16:50:00,70,28.1,12.4,8.5,1,166.8,72.7,38.7,6.9,8781,380.0,120.0,15.0,6.9,23.3,380.0,380.0,380.0,380.0,0.0,0.0,0.0,0.0,0.0,213.2,47.3,-23.7,0.0,0,1,0,0,1,1,0,8.83,0,0,0,1
PT-126,2026-10-08T16:55:00,70,28.1,12.4,8.5,1,166.8,72.7,38.7,6.9,8781,380.0,120.0,15.0,6.9,18.8,380.0,380.0,380.0,380.0,0.0,0.0,0.0,0.0,0.0,213.2,47.3,-23.7,0.0,0,1,0,0,1,1,0,8.92,0,0,0,1
PT-126,2026-10-08T17:00:00,70,28.1,12.4,8.5,1,166.8,72.7,38.7,6.9,8781,380.0,120.0,15.0,6.9,74.4,380.0,380.0,380.0,380.0,0.0,0.0,0.0,0.0,0.0,213.2,47.3,-23.7,0.0,0,0,1,0,1,1,0,9.0,0,0,0,1
PT-126,2026-10-08T17:05:00,70,28.1,12.4,8.5,1,166.8,72.7,38.7,6.9,8781,380.0,120.0,15.0,6.9,53.3,380.0,380.0,380.0,380.0,0.0,0.0,0.0,0.0,0.0,213.2,47.3,-23.7,0.0,0,0,1,0,1,1,0,9.08,0,0,0,1
PT-126,2026-10-08T17:10:00,70,28.1,12.4,8.5,1,166.8,72.7,38.7,6.9,8781,380.0,120.0,15.0,6.9,74.4,380.0,380.0,380.0,380.0,0.0,0.0,0.0,0.0,0.0,213.2,47.3,-23.7,0.0,0,0,1,0,1,1,0,9.17,0,0,0,1
PT-126,2026-10-08T17:15:00,70,28.1,12.4,8.5,1,166.8,72.7,38.7,6.9,8781,380.0,120.0,15.0,6.9,71.3,380.0,380.0,380.0,380.0,0.0,0.0,0.0,0.0,0.0,213.2,47.3,-23.7,0.0,0,0,1,0,1,1,0,9.25,0,0,0,1
PT-126,2026-10-08T17:20:00,70,28.1,12.4,8.5,1,166.8,72.7,38.7,6.9,8781,380.0,120.0,15.0,6.9,48.6,380.0,380.0,380.0,380.0,0.0,0.0,0.0,0.0,0.0,213.2,47.3,-23.7,0.0,0,0,1,0,1,1,0,9.33,0,0,0,1
PT-126,2026-10-08T17:25:00,70,28.1,12.4,8.5,1,166.8,72.7,38.7,6.9,8781,380.0,120.0,15.0,6.9,59.7,380.0,380.0,380.0,380.0,0.0,0.0,0.0,0.0,0.0,213.2,47.3,-23.7,0.0,0,0,1,0,1,1,0,9.42,0,0,0,1
PT-126,2026-10-08T17:30:00,70,28.1,12.4,8.5,1,166.8,72.7,38.7,6.9,8781,380.0,120.0,15.0,6.9,52.2,380.0,380.0,380.0,380.0,0.0,0.0,0.0,0.0,0.0,213.2,47.3,-23.7,0.0,0,0,1,0,1,1,0,9.5,0,0,0,1
PT-126,2026-10-08T17:35:00,70,28.1,12.4,8.5,1,166.8,72.7,38.7,6.9,8781,380.0,120.0,15.0,6.9,57.6,380.0,380.0,380.0,380.0,0.0,0.0,0.0,0.0,0.0,213.2,47.3,-23.7,0.0,0,0,1,0,1,1,0,9.58,0,0,0,1
PT-126,2026-10-08T17:40:00,70,28.1,12.4,8.5,1,166.8,72.7,38.7,6.9,8781,380.0,120.0,15.0,6.9,57.8,380.0,380.0,380.0,380.0,0.0,0.0,0.0,0.0,0.0,213.2,47.3,-23.7,0.0,0,0,1,0,1,1,0,9.67,0,0,0,1
PT-126,2026-10-08T17:45:00,70,28.1,12.4,8.5,1,166.8,72.7,38.7,6.9,8781,380.0,120.0,15.0,6.9,47.8,380.0,380.0,380.0,380.0,0.0,0.0,0.0,0.0,0.0,213.2,47.3,-23.7,0.0,0,0,1,0,1,1,0,9.75,0,0,0,1
PT-126,2026-10-08T17:50:00,70,28.1,12.4,8.5,1,166.8,72.7,38.7,6.9,8781,380.0,120.0,15.0,6.9,68.8,380.0,380.0,380.0,380.0,0.0,0.0,0.0,0.0,0.0,213.2,47.3,-23.7,0.0,0,0,1,0,1,1,0,9.83,0,0,0,1
PT-126,2026-10-08T17:55:00,70,28.1,12.4,8.5,1,166.8,72.7,38.7,6.9,8781,380.0,120.0,15.0,6.9,75.0,380.0,380.0,380.0,380.0,0.0,0.0,0.0,0.0,0.0,213.2,47.3,-23.7,0.0,0,0,1,0,1,1,0,9.92,0,0,0,1
PT-126,2026-10-08T18:00:00,70,28.1,12.4,8.5,1,166.8,72.7,38.7,6.9,8781,380.0,120.0,15.0,6.9,53.9,380.0,380.0,380.0,380.0,0.0,0.0,0.0,0.0,0.0,213.2,47.3,-23.7,0.0,0,0,1,0,1,1,0,10.0,0,0,0,1
PT-126,2026-10-08T18:05:00,70,28.1,12.4,8.5,1,166.8,72.7,38.7,6.9,8781,380.0,120.0,15.0,6.9,7.1,380.0,380.0,380.0,380.0,0.0,0.0,0.0,0.0,0.0,213.2,47.3,-23.7,0.0,0,0,1,0,1,1,0,10.08,0,0,0,1
PT-126,2026-10-08T18:10:00,70,28.1,12.4,8.5,1,166.8,72.7,38.7,6.9,8781,380.0,120.0,15.0,6.9,13.1,380.0,380.0,380.0,380.0,0.0,0.0,0.0,0.0,0.0,213.2,47.3,-23.7,0.0,0,0,1,0,1,1,0,10.17,0,0,0,1
PT-126,2026-10-08T18:15:00,70,28.1,12.4,8.5,1,166.8,72.7,38.7,6.9,8781,380.0,120.0,15.0,6.9,24.7,380.0,380.0,380.0,380.0,0.0,0.0,0.0,0.0,0.0,213.2,47.3,-23.7,0.0,0,0,1,0,1,1,0,10.25,0,0,0,1
PT-126,2026-10-08T18:20:00,70,28.1,12.4,8.5,1,166.8,72.7,38.7,6.9,8781,380.0,120.0,15.0,6.9,14.5,380.0,380.0,380.0,380.0,0.0,0.0,0.0,0.0,0.0,213.2,47.3,-23.7,0.0,0,0,1,0,1,1,0,10.33,0,0,0,1
PT-126,2026-10-08T18:25:00,70,28.1,12.4,8.5,1,166.8,72.7,38.7,6.9,8781,380.0,120.0,15.0,6.9,12.3,380.0,380.0,380.0,380.0,0.0,0.0,0.0,0.0,0.0,213.2,47.3,-23.7,0.0,0,0,1,0,1,1,0,10.42,0,0,0,1
PT-126,2026-10-08T18:30:00,70,28.1,12.4,8.5,1,166.8,72.7,38.7,6.9,8781,380.0,120.0,15.0,6.9,8.0,380.0,380.0,380.0,380.0,0.0,0.0,0.0,0.0,0.0,213.2,47.3,-23.7,0.0,0,0,1,0,1,1,0,10.5,0,0,0,1
PT-126,2026-10-08T18:35:00,70,28.1,12.4,8.5,1,166.8,72.7,38.7,6.9,8781,380.0,120.0,15.0,6.9,14.0,380.0,380.0,380.0,380.0,0.0,0.0,0.0,0.0,0.0,213.2,47.3,-23.7,0.0,0,0,1,0,1,1,0,10.58,0,0,0,1
PT-126,2026-10-08T18:40:00,70,28.1,12.4,8.5,1,166.8,72.7,38.7,6.9,8781,380.0,120.0,15.0,6.9,18.7,380.0,380.0,380.0,380.0,0.0,0.0,0.0,0.0,0.0,213.2,47.3,-23.7,0.0,0,0,1,0,1,1,0,10.67,0,0,0,1
PT-126,2026-10-08T18:45:00,70,28.1,12.4,8.5,1,166.8,72.7,38.7,6.9,8781,380.0,120.0,15.0,6.9,22.1,380.0,380.0,380.0,380.0,0.0,0.0,0.0,0.0,0.0,213.2,47.3,-23.7,0.0,0,0,1,0,1,1,0,10.75,0,0,0,1
PT-126,2026-10-08T18:50:00,70,28.1,12.4,8.5,1,166.8,72.7,38.7,6.9,8781,380.0,120.0,15.0,6.9,19.7,380.0,380.0,380.0,380.0,0.0,0.0,0.0,0.0,0.0,213.2,47.3,-23.7,0.0,0,0,1,0,1,1,0,10.83,0,0,0,1
PT-126,2026-10-08T18:55:00,70,28.1,12.4,8.5,1,166.8,72.7,38.7,6.9,8781,380.0,120.0,15.0,6.9,18.5,380.0,380.0,380.0,380.0,0.0,0.0,0.0,0.0,0.0,213.2,47.3,-23.7,0.0,0,0,1,0,1,1,0,10.92,0,0,0,1
PT-126,2026-10-08T19:00:00,70,28.1,12.4,8.5,1,166.8,72.7,38.7,6.9,8781,380.0,120.0,15.0,6.9,10.8,380.0,380.0,380.0,380.0,0.0,0.0,0.0,0.0,0.0,213.2,47.3,-23.7,0.0,0,0,1,0,1,1,0,11.0,0,0,0,1
PT-126,2026-10-08T19:05:00,70,28.1,12.4,8.5,1,166.8,72.7,38.7,6.9,8781,380.0,120.0,15.0,6.9,13.0,380.0,380.0,380.0,380.0,0.0,0.0,0.0,0.0,0.0,213.2,47.3,-23.7,0.0,0,0,1,0,1,1,0,11.08,0,0,0,1
PT-126,2026-10-08T19:10:00,70,28.1,12.4,8.5,1,166.8,72.7,38.7,6.9,8781,380.0,120.0,15.0,6.9,23.1,380.0,380.0,380.0,380.0,0.0,0.0,0.0,0.0,0.0,213.2,47.3,-23.7,0.0,0,0,1,0,1,1,0,11.17,0,0,0,1
PT-126,2026-10-08T19:15:00,70,28.1,12.4,8.5,1,166.8,72.7,38.7,6.9,8781,380.0,120.0,15.0,6.9,5.4,380.0,380.0,380.0,380.0,0.0,0.0,0.0,0.0,0.0,213.2,47.3,-23.7,0.0,0,0,1,0,1,1,0,11.25,0,0,0,1
PT-126,2026-10-08T19:20:00,70,28.1,12.4,8.5,1,166.8,72.7,38.7,6.9,8781,380.0,120.0,15.0,6.9,16.9,380.0,380.0,380.0,380.0,0.0,0.0,0.0,0.0,0.0,213.2,47.3,-23.7,0.0,0,0,1,0,1,1,0,11.33,0,0,0,1
PT-126,2026-10-08T19:25:00,70,28.1,12.4,8.5,1,166.8,72.7,38.7,6.9,8781,380.0,120.0,15.0,6.9,22.8,380.0,380.0,380.0,380.0,0.0,0.0,0.0,0.0,0.0,213.2,47.3,-23.7,0.0,0,0,1,0,1,1,0,11.42,0,0,0,1
PT-126,2026-10-08T19:30:00,70,28.1,12.4,8.5,1,166.8,72.7,38.7,6.9,8781,380.0,120.0,15.0,6.9,12.9,380.0,380.0,380.0,380.0,0.0,0.0,0.0,0.0,0.0,213.2,47.3,-23.7,0.0,0,0,1,0,1,1,0,11.5,0,0,0,1
PT-126,2026-10-08T19:35:00,70,28.1,12.4,8.5,1,166.8,72.7,38.7,6.9,8781,380.0,120.0,15.0,6.9,13.5,380.0,380.0,380.0,380.0,0.0,0.0,0.0,0.0,0.0,213.2,47.3,-23.7,0.0,0,0,1,0,1,1,0,11.58,0,0,0,1
PT-126,2026-10-08T19:40:00,70,28.1,12.4,8.5,1,166.8,72.7,38.7,6.9,8781,380.0,120.0,15.0,6.9,23.2,380.0,380.0,380.0,380.0,0.0,0.0,0.0,0.0,0.0,213.2,47.3,-23.7,0.0,0,0,1,0,1,1,0,11.67,0,0,0,1
PT-126,2026-10-08T19:45:00,70,28.1,12.4,8.5,1,166.8,72.7,38.7,6.9,8781,380.0,120.0,15.0,6.9,9.0,380.0,380.0,380.0,380.0,0.0,0.0,0.0,0.0,0.0,213.2,47.3,-23.7,0.0,0,0,1,0,1,1,0,11.75,0,0,0,1
PT-126,2026-10-08T19:50:00,70,28.1,12.4,8.5,1,166.8,72.7,38.7,6.9,8781,380.0,120.0,15.0,6.9,17.4,380.0,380.0,380.0,380.0,0.0,0.0,0.0,0.0,0.0,213.2,47.3,-23.7,0.0,0,0,1,0,1,1,0,11.83,0,0,0,1
PT-126,2026-10-08T19:55:00,70,28.1,12.4,8.5,1,166.8,72.7,38.7,6.9,8781,380.0,120.0,15.0,6.9,7.6,380.0,380.0,380.0,380.0,0.0,0.0,0.0,0.0,0.0,213.2,47.3,-23.7,0.0,0,0,1,0,1,1,0,11.92,0,0,0,1
PT-126,2026-10-08T20:00:00,70,28.1,12.4,8.5,1,166.8,72.7,38.7,6.9,8781,380.0,120.0,15.0,6.9,23.4,380.0,380.0,380.0,380.0,0.0,0.0,0.0,0.0,0.0,213.2,47.3,-23.7,0.0,0,0,1,0,1,1,0,0.0,0,0,0,1
PT-126,2026-10-08T20:05:00,70,28.1,12.4,8.5,1,166.8,72.7,38.7,6.9,8781,380.0,120.0,15.0,6.9,20.4,380.0,380.0,380.0,380.0,0.0,0.0,0.0,0.0,0.0,213.2,47.3,-23.7,0.0,0,0,1,0,1,1,0,0.08,0,0,0,1
PT-126,2026-10-08T20:10:00,70,28.1,12.4,8.5,1,166.8,72.7,38.7,6.9,8781,380.0,120.0,15.0,6.9,19.3,380.0,380.0,380.0,380.0,0.0,0.0,0.0,0.0,0.0,213.2,47.3,-23.7,0.0,0,0,1,0,1,1,0,0.17,0,0,0,1
PT-126,2026-10-08T20:15:00,70,28.1,12.4,8.5,1,166.8,72.7,38.7,6.9,8781,380.0,120.0,15.0,6.9,15.3,380.0,380.0,380.0,380.0,0.0,0.0,0.0,0.0,0.0,213.2,47.3,-23.7,0.0,0,0,1,0,1,1,0,0.25,0,0,0,1
PT-126,2026-10-08T20:20:00,70,28.1,12.4,8.5,1,166.8,72.7,38.7,6.9,8781,380.0,120.0,15.0,6.9,14.0,380.0,380.0,380.0,380.0,0.0,0.0,0.0,0.0,0.0,213.2,47.3,-23.7,0.0,0,0,1,0,1,1,0,0.33,0,0,0,1
PT-126,2026-10-08T20:25:00,70,28.1,12.4,8.5,1,166.8,72.7,38.7,6.9,8781,380.0,120.0,15.0,6.9,6.7,380.0,380.0,380.0,380.0,0.0,0.0,0.0,0.0,0.0,213.2,47.3,-23.7,0.0,0,0,1,0,1,1,0,0.42,0,0,0,1
PT-126,2026-10-08T20:30:00,70,28.1,12.4,8.5,1,166.8,72.7,38.7,6.9,8781,380.0,120.0,15.0,6.9,10.9,380.0,380.0,380.0,380.0,0.0,0.0,0.0,0.0,0.0,213.2,47.3,-23.7,0.0,0,0,1,0,1,1,0,0.5,0,0,0,1
PT-126,2026-10-08T20:35:00,70,28.1,12.4,8.5,1,166.8,72.7,38.7,6.9,8781,380.0,120.0,15.0,6.9,16.6,380.0,380.0,380.0,380.0,0.0,0.0,0.0,0.0,0.0,213.2,47.3,-23.7,0.0,0,0,1,0,1,1,0,0.58,0,0,0,1
PT-126,2026-10-08T20:40:00,70,28.1,12.4,8.5,1,166.8,72.7,38.7,6.9,8781,380.0,120.0,15.0,6.9,14.4,380.0,380.0,380.0,380.0,0.0,0.0,0.0,0.0,0.0,213.2,47.3,-23.7,0.0,0,0,1,0,1,1,0,0.67,0,0,0,1
PT-126,2026-10-08T20:45:00,70,28.1,12.4,8.5,1,166.8,72.7,38.7,6.9,8781,380.0,120.0,15.0,6.9,10.4,380.0,380.0,380.0,380.0,0.0,0.0,0.0,0.0,0.0,213.2,47.3,-23.7,0.0,0,0,1,0,1,1,0,0.75,0,0,0,1
PT-126,2026-10-08T20:50:00,70,28.1,12.4,8.5,1,166.8,72.7,38.7,6.9,8781,380.0,120.0,15.0,6.9,13.5,380.0,380.0,380.0,380.0,0.0,0.0,0.0,0.0,0.0,213.2,47.3,-23.7,0.0,0,0,1,0,1,1,0,0.83,0,0,0,1
PT-126,2026-10-08T20:55:00,70,28.1,12.4,8.5,1,166.8,72.7,38.7,6.9,8781,380.0,120.0,15.0,6.9,12.7,380.0,380.0,380.0,380.0,0.0,0.0,0.0,0.0,0.0,213.2,47.3,-23.7,0.0,0,0,1,0,1,1,0,0.92,0,0,0,1
PT-126,2026-10-08T21:00:00,70,28.1,12.4,8.5,1,166.8,72.7,38.7,6.9,8781,380.0,120.0,15.0,6.9,17.8,380.0,380.0,380.0,380.0,0.0,0.0,0.0,0.0,0.0,213.2,47.3,-23.7,0.0,0,0,1,0,1,1,0,1.0,0,0,0,1
PT-126,2026-10-08T21:05:00,70,28.1,12.4,8.5,1,166.8,72.7,38.7,6.9,8781,380.0,120.0,15.0,6.9,21.1,380.0,380.0,380.0,380.0,0.0,0.0,0.0,0.0,0.0,213.2,47.3,-23.7,0.0,0,0,1,0,1,1,0,1.08,0,0,0,1
PT-126,2026-10-08T21:10:00,70,28.1,12.4,8.5,1,166.8,72.7,38.7,6.9,8781,380.0,120.0,15.0,6.9,24.5,380.0,380.0,380.0,380.0,0.0,0.0,0.0,0.0,0.0,213.2,47.3,-23.7,0.0,0,0,1,0,1,1,0,1.17,0,0,0,1
PT-126,2026-10-08T21:15:00,70,28.1,12.4,8.5,1,166.8,72.7,38.7,6.9,8781,380.0,120.0,15.0,6.9,18.2,380.0,380.0,380.0,380.0,0.0,0.0,0.0,0.0,0.0,213.2,47.3,-23.7,0.0,0,0,1,0,1,1,0,1.25,0,0,0,1
PT-126,2026-10-08T21:20:00,70,28.1,12.4,8.5,1,166.8,72.7,38.7,6.9,8781,380.0,120.0,15.0,6.9,5.3,380.0,380.0,380.0,380.0,0.0,0.0,0.0,0.0,0.0,213.2,47.3,-23.7,0.0,0,0,1,0,1,1,0,1.33,0,0,0,1
PT-126,2026-10-08T21:25:00,70,28.1,12.4,8.5,1,166.8,72.7,38.7,6.9,8781,380.0,120.0,15.0,6.9,19.3,380.0,380.0,380.0,380.0,0.0,0.0,0.0,0.0,0.0,213.2,47.3,-23.7,0.0,0,0,1,0,1,1,0,1.42,0,0,0,1
PT-126,2026-10-08T21:30:00,70,28.1,12.4,8.5,1,166.8,72.7,38.7,6.9,8781,380.0,120.0,15.0,6.9,17.5,380.0,380.0,380.0,380.0,0.0,0.0,0.0,0.0,0.0,213.2,47.3,-23.7,0.0,0,0,1,0,1,1,0,1.5,0,0,0,1
PT-126,2026-10-08T21:35:00,70,28.1,12.4,8.5,1,166.8,72.7,38.7,6.9,8781,380.0,120.0,15.0,6.9,6.4,380.0,380.0,380.0,380.0,0.0,0.0,0.0,0.0,0.0,213.2,47.3,-23.7,0.0,0,0,1,0,1,1,0,1.58,0,0,0,1
PT-126,2026-10-08T21:40:00,70,28.1,12.4,8.5,1,166.8,72.7,38.7,6.9,8781,380.0,120.0,15.0,6.9,5.5,380.0,380.0,380.0,380.0,0.0,0.0,0.0,0.0,0.0,213.2,47.3,-23.7,0.0,0,0,1,0,1,1,0,1.67,0,0,0,1
PT-126,2026-10-08T21:45:00,70,28.1,12.4,8.5,1,166.8,72.7,38.7,6.9,8781,380.0,120.0,15.0,6.9,8.3,380.0,380.0,380.0,380.0,0.0,0.0,0.0,0.0,0.0,213.2,47.3,-23.7,0.0,0,0,1,0,1,1,0,1.75,0,0,0,1
PT-126,2026-10-08T21:50:00,70,28.1,12.4,8.5,1,166.8,72.7,38.7,6.9,8781,380.0,120.0,15.0,6.9,13.7,380.0,380.0,380.0,380.0,0.0,0.0,0.0,0.0,0.0,213.2,47.3,-23.7,0.0,0,0,1,0,1,1,0,1.83,0,0,0,1
PT-126,2026-10-08T21:55:00,70,28.1,12.4,8.5,1,166.8,72.7,38.7,6.9,8781,380.0,120.0,15.0,6.9,9.2,380.0,380.0,380.0,380.0,0.0,0.0,0.0,0.0,0.0,213.2,47.3,-23.7,0.0,0,0,1,0,1,1,0,1.92,0,0,0,1
PT-127,2026-10-08T08:00:00,44,27.7,6.3,7.3,0,135.9,71.0,53.8,7.7,4617,134.0,72.1,56.1,7.7,16.5,134.0,134.0,134.0,134.0,0.0,0.0,0.0,0.0,0.0,-1.9,1.1,2.3,0.0,1,0,0,0,3,1,0,0.0,0,0,0,0
PT-127,2026-10-08T08:05:00,44,27.7,6.3,7.3,0,135.9,71.0,53.8,7.7,4617,139.9,74.7,51.5,7.7,23.3,136.95,136.95,136.95,136.95,4.17,0.0,0.0,0.0,0.0,4.0,3.7,-2.3,0.0,1,0,0,0,3,1,0,0.08,0,0,0,0
PT-127,2026-10-08T08:10:00,44,27.7,6.3,7.3,0,135.9,71.0,53.8,7.7,4617,135.6,75.4,58.1,7.7,13.3,136.5,136.5,136.5,136.5,3.05,0.0,0.0,0.0,0.0,-0.3,4.4,4.3,0.0,1,0,0,0,3,1,0,0.17,0,0,0,0
PT-127,2026-10-08T08:15:00,44,27.7,6.3,7.3,0,135.9,71.0,53.8,7.7,4617,134.6,74.1,52.1,7.7,9.9,136.7,136.02,136.02,136.02,2.67,0.0,0.0,0.0,0.0,-1.3,3.1,-1.7,0.0,1,0,0,0,3,1,0,0.25,0,0,0,0
PT-127,2026-10-08T08:20:00,44,27.7,6.3,7.3,0,135.9,71.0,53.8,7.7,4617,136.0,72.3,54.7,7.7,5.4,135.4,136.02,136.02,136.02,2.31,0.0,0.0,0.0,0.0,0.1,1.3,0.9,0.0,1,0,0,0,3,1,0,0.33,0,0,0,0
PT-127,2026-10-08T08:25:00,44,27.7,6.3,7.3,0,135.9,71.0,53.8,7.7,4617,137.9,73.0,50.5,7.7,19.0,136.17,136.33,136.33,136.33,2.2,0.0,0.0,0.0,0.0,2.0,2.0,-3.3,0.0,1,0,0,0,3,1,0,0.42,0,0,0,0
PT-127,2026-10-08T08:30:00,44,27.7,6.3,7.3,0,135.9,71.0,53.8,7.7,4617,136.6,77.2,58.2,7.7,57.2,136.83,136.77,136.37,136.37,2.01,5.2,0.0,10.2,4.2,0.7,6.2,4.4,0.0,1,0,0,0,3,1,0,0.5,0,0,0,0
PT-127,2026-10-08T08:35:00,44,27.7,6.3,7.3,0,135.9,71.0,53.8,7.7,4617,140.1,70.7,56.7,7.7,49.6,138.2,136.8,136.84,136.84,2.28,0.4,0.0,-8.0,10.4,4.2,-0.3,2.9,0.0,1,0,0,0,3,1,0,0.58,0,0,0,0
PT-127,2026-10-08T08:40:00,44,27.7,6.3,7.3,0,135.9,71.0,53.8,7.7,4617,130.0,73.1,54.5,7.7,53.6,135.57,135.87,136.08,136.08,3.12,-11.2,0.0,-4.6,-7.2,-5.9,2.1,0.7,0.0,1,0,0,0,3,1,0,0.67,0,0,0,0
PT-127,2026-10-08T08:45:00,44,27.7,6.3,7.3,0,135.9,71.0,53.8,7.7,4617,135.1,70.2,51.7,7.7,66.0,135.07,135.95,135.98,135.98,2.96,1.0,0.0,-7.8,-0.8,-0.8,-0.8,-2.1,0.0,1,0,0,0,3,1,0,0.75,0,0,0,0
PT-127,2026-10-08T08:50:00,44,27.7,6.3,7.3,0,135.9,71.0,53.8,7.7,4617,141.7,72.1,58.0,7.7,62.5,135.6,136.9,136.5,136.5,3.3,11.4,0.0,-0.4,6.6,5.8,1.1,4.2,0.0,1,0,0,0,3,1,0,0.83,0,0,0,0
PT-127,2026-10-08T08:55:00,44,27.7,6.3,7.3,0,135.9,71.0,53.8,7.7,4617,135.6,73.0,54.7,7.7,54.9,137.47,136.52,136.42,136.42,3.15,-4.6,0.0,0.0,8.4,-0.3,2.0,0.9,0.0,1,0,0,0,3,1,0,0.92,0,0,0,0
PT-127,2026-10-08T09:00:00,44,27.7,6.3,7.3,0,135.9,71.0,53.8,7.7,4617,133.6,72.4,52.0,7.7,63.5,136.97,136.02,136.39,136.21,3.18,-6.0,-0.4,-9.6,-12.4,-2.3,1.4,-1.8,0.0,1,0,0,0,3,1,0,1.0,0,0,0,0
PT-127,2026-10-08T09:05:00,44,27.7,6.3,7.3,0,135.9,71.0,53.8,7.7,4617,134.9,72.6,54.3,7.7,47.6,134.7,135.15,135.98,136.11,3.0,-10.4,-5.0,3.8,-4.8,-1.0,1.6,0.5,0.0,1,0,0,0,3,1,0,1.08,0,0,0,0
PT-127,2026-10-08T09:10:00,44,27.7,6.3,7.3,0,135.9,71.0,53.8,7.7,4617,142.4,72.5,52.0,7.7,58.9,136.97,137.22,136.54,136.53,3.52,24.8,6.8,-1.2,-5.0,6.5,1.5,-1.8,0.0,1,0,0,0,3,1,0,1.17,0,0,0,0
PT-127,2026-10-08T09:15:00,44,27.7,6.3,7.3,0,135.9,71.0,53.8,7.7,4617,137.4,71.7,53.8,7.7,20.0,138.23,137.6,136.78,136.59,3.48,4.6,2.8,3.0,4.2,1.5,0.7,0.0,0.0,1,0,0,0,3,1,0,1.25,0,0,1,0
PT-127,2026-10-08T09:20:00,44,27.7,6.3,7.3,0,135.9,71.0,53.8,7.7,4617,135.9,75.7,53.8,7.7,20.0,138.57,136.63,136.77,136.55,3.48,-11.6,-0.1,7.2,-8.4,0.0,4.7,0.0,0.0,1,0,0,0,3,1,0,1.33,0,1,1,0
PT-127,2026-10-08T09:25:00,44,27.7,6.3,7.3,0,135.9,71.0,53.8,7.7,4617,136.5,76.2,53.8,7.7,20.0,136.6,136.78,136.65,136.54,3.46,1.8,-1.4,6.4,-1.8,0.6,5.2,0.0,0.0,1,0,0,0,3,1,0,1.42,0,0,1,0
PT-127,2026-10-08T09:30:00,44,27.7,6.3,7.3,0,135.9,71.0,53.8,7.7,4617,135.9,74.3,53.8,7.7,20.0,136.1,137.17,136.59,136.51,3.47,4.6,-0.7,3.8,3.6,0.0,3.3,0.0,0.0,1,0,0,0,3,1,0,1.5,0,1,1,0
PT-127,2026-10-08T09:35:00,44,27.7,6.3,7.3,0,135.9,71.0,53.8,7.7,4617,138.4,72.9,53.8,7.7,20.0,136.93,137.75,136.45,136.6,3.34,7.0,-1.7,0.6,-1.0,2.5,1.9,0.0,0.0,1,0,0,0,3,1,0,1.58,0,0,1,0
PT-127,2026-10-08T09:40:00,44,27.7,6.3,7.3,0,135.9,71.0,53.8,7.7,4617,135.9,76.1,53.8,7.7,20.0,136.73,136.67,136.94,136.57,2.68,-13.0,5.9,7.2,3.6,0.0,5.1,0.0,0.0,1,0,0,0,3,1,0,1.67,0,1,1,0
PT-127,2026-10-08T09:45:00,44,27.7,6.3,7.3,0,135.9,71.0,53.8,7.7,4617,146.2,74.2,53.8,7.7,20.0,140.17,138.13,137.87,137.01,3.7,17.6,11.1,5.0,0.0,10.3,3.2,0.0,0.0,1,0,0,0,3,1,0,1.75,0,0,1,0
PT-127,2026-10-08T09:50:00,44,27.7,6.3,7.3,0,135.9,71.0,53.8,7.7,4617,135.9,76.1,53.8,7.7,20.0,139.33,138.13,137.38,136.96,3.53,0.0,-5.8,0.8,0.0,0.0,5.1,0.0,0.0,1,0,0,0,3,1,0,1.83,0,1,1,0
PT-127,2026-10-08T09:55:00,44,27.7,6.3,7.3,0,135.9,71.0,53.8,7.7,4617,136.5,73.6,53.8,7.7,20.0,139.53,138.13,137.46,136.94,3.5,0.0,0.9,-5.2,0.0,0.6,2.6,0.0,0.0,1,0,0,0,3,1,0,1.92,0,0,1,0
PT-127,2026-10-08T10:00:00,44,27.7,6.3,7.3,0,135.9,71.0,53.8,7.7,4617,135.9,77.3,53.8,7.7,20.0,136.1,138.13,137.65,137.02,3.33,0.0,2.3,6.0,0.0,0.0,6.3,0.0,0.0,1,0,0,0,3,1,0,2.0,0,1,1,0
PT-127,2026-10-08T10:05:00,44,27.7,6.3,7.3,0,135.9,71.0,53.8,7.7,4617,135.7,74.2,53.8,7.7,20.0,136.03,137.68,137.72,136.85,3.28,-5.4,0.8,2.6,0.0,-0.2,3.2,0.0,0.0,1,0,0,0,3,1,0,2.08,0,0,1,0
PT-127,2026-10-08T10:10:00,44,27.7,6.3,7.3,0,135.9,71.0,53.8,7.7,4617,142.9,74.7,54.7,7.7,14.9,138.17,138.85,137.76,137.15,3.34,14.0,0.5,-2.8,1.8,7.0,3.7,0.9,0.0,1,0,0,0,3,1,0,2.17,0,0,0,0
PT-127,2026-10-08T10:15:00,44,27.7,6.3,7.3,0,135.9,71.0,53.8,7.7,4617,138.0,70.8,55.7,7.7,10.9,138.87,137.48,137.81,137.29,3.34,-16.4,0.6,-6.8,3.8,2.1,-0.2,1.9,0.0,1,0,0,0,3,1,0,2.25,0,0,0,0
PT-127,2026-10-08T10:20:00,44,27.7,6.3,7.3,0,135.9,71.0,53.8,7.7,4617,138.2,69.8,55.9,7.7,9.0,139.7,137.87,138.0,137.38,3.29,4.6,2.3,-12.6,4.2,2.3,-1.2,2.1,0.0,1,0,0,0,3,1,0,2.33,0,0,0,0
PT-127,2026-10-08T10:25:00,44,27.7,6.3,7.3,0,135.9,71.0,53.8,7.7,4617,140.3,70.1,52.7,7.7,16.2,138.83,138.5,138.32,137.48,3.31,7.6,3.8,-7.0,-2.2,4.4,-0.9,-1.1,0.0,1,0,0,0,3,1,0,2.42,0,0,0,0
PT-127,2026-10-08T10:30:00,44,27.7,6.3,7.3,0,135.9,71.0,53.8,7.7,4617,144.5,76.0,53.6,7.7,10.6,141.0,139.93,139.03,137.81,3.65,17.2,8.6,-2.6,-0.4,8.6,5.0,-0.2,0.0,1,0,0,0,3,1,0,2.5,0,0,0,0
PT-127,2026-10-08T10:35:00,44,27.7,6.3,7.3,0,135.9,71.0,53.8,7.7,4617,144.4,73.2,55.0,7.7,16.8,143.07,141.38,139.53,137.99,3.96,17.4,6.0,-2.0,2.4,8.5,2.2,1.2,0.0,1,0,0,0,3,1,0,2.58,0,0,0,0
PT-127,2026-10-08T10:40:00,44,27.7,6.3,7.3,0,135.9,71.0,53.8,7.7,4617,139.7,71.7,49.9,7.7,17.0,142.87,140.85,139.85,138.4,3.79,-6.4,3.8,-6.0,-9.6,3.8,0.7,-3.9,0.0,1,0,0,0,3,1,0,2.67,0,0,0,0
PT-127,2026-10-08T10:45:00,44,27.7,6.3,7.3,0,135.9,71.0,53.8,7.7,4617,140.6,70.0,54.2,7.7,8.2,141.57,141.28,139.38,138.62,3.24,5.2,-5.6,-1.6,-3.0,4.7,-1.0,0.4,0.0,1,0,0,0,3,1,0,2.75,0,0,0,0
PT-127,2026-10-08T10:50:00,44,27.7,6.3,7.3,0,135.9,71.0,53.8,7.7,4617,143.2,76.5,57.3,7.7,16.7,141.17,142.12,139.99,138.69,3.21,10.0,7.3,13.4,2.8,7.3,5.5,3.5,0.0,1,0,0,0,3,1,0,2.83,0,0,0,0
PT-127,2026-10-08T10:55:00,44,27.7,6.3,7.3,0,135.9,71.0,53.8,7.7,4617,138.5,73.9,50.5,7.7,24.1,140.77,141.82,140.16,138.81,3.06,-3.6,2.0,7.6,-4.4,2.6,2.9,-3.3,0.0,1,0,0,0,3,1,0,2.92,0,0,0,0
PT-127,2026-10-08T11:00:00,44,27.7,6.3,7.3,0,135.9,71.0,53.8,7.7,4617,141.6,74.4,53.7,7.7,18.6,141.1,141.33,140.63,139.14,2.77,-5.8,5.7,-3.2,0.2,5.7,3.4,-0.1,0.0,1,0,0,0,3,1,0,3.0,0,0,0,0
PT-127,2026-10-08T11:05:00,44,27.7,6.3,7.3,0,135.9,71.0,53.8,7.7,4617,139.1,76.8,50.4,7.7,6.6,139.73,140.45,140.92,139.32,2.37,-10.6,3.4,7.2,-9.2,3.2,5.8,-3.4,0.0,1,0,0,0,3,1,0,3.08,0,0,0,0
PT-127,2026-10-08T11:10:00,44,27.7,6.3,7.3,0,135.9,71.0,53.8,7.7,4617,141.7,77.5,53.8,7.7,24.0,140.8,140.78,140.82,139.29,2.3,4.0,-1.2,11.6,7.8,5.8,6.5,0.0,0.0,1,0,0,0,3,1,0,3.17,0,0,0,0
PT-127,2026-10-08T11:15:00,44,27.7,6.3,7.3,0,135.9,71.0,53.8,7.7,4617,144.5,73.1,51.0,7.7,23.1,141.77,141.43,141.36,139.58,2.34,7.8,6.5,6.2,-6.4,8.6,2.1,-2.8,0.0,1,0,0,0,3,1,0,3.25,0,0,0,0
PT-127,2026-10-08T11:20:00,44,27.7,6.3,7.3,0,135.9,71.0,53.8,7.7,4617,139.9,77.6,51.1,7.7,7.0,142.03,140.88,141.5,139.75,2.18,-6.6,1.7,2.2,-12.4,4.0,6.6,-2.7,0.0,1,0,0,0,3,1,0,3.33,0,0,0,0
PT-127,2026-10-08T11:25:00,44,27.7,6.3,7.3,0,135.9,71.0,53.8,7.7,4617,140.2,77.1,50.8,7.7,7.3,141.53,141.17,141.49,139.9,2.18,3.4,-0.1,6.4,0.6,4.3,6.1,-3.0,0.0,1,0,0,0,3,1,0,3.42,0,0,0,0
PT-127,2026-10-08T11:30:00,44,27.7,6.3,7.3,0,135.9,71.0,53.8,7.7,4617,142.1,74.6,55.0,7.7,24.1,140.73,141.25,141.29,140.16,1.98,1.0,-2.4,0.4,2.6,6.2,3.6,1.2,0.0,1,0,0,0,3,1,0,3.5,0,0,0,0
PT-127,2026-10-08T11:35:00,44,27.7,6.3,7.3,0,135.9,71.0,53.8,7.7,4617,140.0,73.5,50.0,7.7,19.6,140.77,141.4,140.92,140.23,1.75,1.8,-4.4,-6.6,-0.8,4.1,2.5,-3.8,0.0,1,0,0,0,3,1,0,3.58,0,0,0,0
PT-127,2026-10-08T11:40:00,44,27.7,6.3,7.3,0,135.9,71.0,53.8,7.7,4617,139.7,74.8,51.8,7.7,7.4,140.6,141.07,140.92,140.39,1.75,-4.0,0.0,-5.4,-4.0,3.8,3.8,-2.0,0.0,1,0,0,0,3,1,0,3.67,0,0,0,0
PT-127,2026-10-08T11:45:00,44,27.7,6.3,7.3,0,135.9,71.0,53.8,7.7,4617,146.9,77.9,51.2,7.7,9.0,142.2,141.47,141.45,140.42,2.45,4.8,6.3,9.6,0.4,11.0,6.9,-2.6,0.0,1,0,0,0,3,1,0,3.75,0,0,0,0
PT-127,2026-10-08T11:50:00,44,27.7,6.3,7.3,0,135.9,71.0,53.8,7.7,4617,145.9,73.8,55.0,7.7,6.2,144.17,142.47,141.67,140.83,2.73,12.0,2.7,-7.6,7.8,10.0,2.8,1.2,0.0,1,0,0,0,3,1,0,3.83,0,0,0,0
PT-127,2026-10-08T11:55:00,44,27.7,6.3,7.3,0,135.9,71.0,53.8,7.7,4617,143.5,77.5,54.1,7.7,14.1,145.43,143.02,142.09,141.12,2.58,6.6,5.0,0.8,6.6,7.6,6.5,0.3,0.0,1,0,0,0,3,1,0,3.92,0,0,0,0
PT-127,2026-10-08T12:00:00,44,27.7,6.3,7.3,0,135.9,71.0,53.8,7.7,4617,139.0,75.6,58.1,7.7,15.1,142.8,142.5,141.88,141.25,2.73,-6.2,-2.6,2.0,6.2,3.1,4.6,4.3,0.0,0,1,0,0,3,1,0,4.0,0,0,0,0
PT-127,2026-10-08T12:05:00,44,27.7,6.3,7.3,0,135.9,71.0,53.8,7.7,4617,143.4,76.3,54.5,7.7,8.4,141.97,143.07,142.23,141.58,2.61,6.8,4.3,5.6,9.0,7.5,5.3,0.7,0.0,0,1,0,0,3,1,0,4.08,0,0,0,0
PT-127,2026-10-08T12:10:00,44,27.7,6.3,7.3,0,135.9,71.0,53.8,7.7,4617,135.9,75.8,53.8,7.7,20.0,139.43,142.43,141.75,141.28,3.19,-7.6,-5.8,2.0,4.0,0.0,4.8,0.0,0.0,0,1,0,0,3,1,0,4.17,0,1,1,0
PT-127,2026-10-08T12:15:00,44,27.7,6.3,7.3,0,135.9,71.0,53.8,7.7,4617,138.1,73.9,53.8,7.7,20.0,139.13,140.97,141.22,141.29,3.23,-17.6,-6.4,-8.0,5.2,2.2,2.9,0.0,0.0,0,1,0,0,3,1,0,4.25,0,0,1,0
PT-127,2026-10-08T12:20:00,44,27.7,6.3,7.3,0,135.9,71.0,53.8,7.7,4617,135.9,74.6,53.8,7.7,20.0,136.63,139.3,140.88,141.19,3.56,-20.0,-4.0,1.6,-2.4,0.0,3.6,0.0,0.0,0,1,0,0,3,1,0,4.33,0,1,1,0
PT-127,2026-10-08T12:25:00,44,27.7,6.3,7.3,0,135.9,71.0,53.8,7.7,4617,145.2,77.3,53.8,7.7,20.0,139.73,139.58,141.3,141.4,3.76,3.4,5.0,-0.4,-0.6,9.3,6.3,0.0,0.0,0,1,0,0,3,1,0,4.42,0,0,1,0
PT-127,2026-10-08T12:30:00,44,27.7,6.3,7.3,0,135.9,71.0,53.8,7.7,4617,135.9,70.1,53.8,7.7,20.0,139.0,139.07,140.78,141.04,4.06,-6.2,-6.2,-11.0,-8.6,0.0,-0.9,0.0,0.0,0,1,0,0,3,1,0,4.5,0,1,1,0
PT-127,2026-10-08T12:35:00,44,27.7,6.3,7.3,0,135.9,71.0,53.8,7.7,4617,147.6,73.1,53.8,7.7,20.0,142.9,139.77,141.42,141.17,4.49,8.4,7.6,-6.4,-1.4,11.7,2.1,0.0,0.0,0,1,0,0,3,1,0,4.58,0,0,1,0
PT-127,2026-10-08T12:40:00,44,27.7,6.3,7.3,0,135.9,71.0,53.8,7.7,4617,135.9,74.0,53.8,7.7,20.0,139.8,139.77,141.1,141.01,4.75,0.0,-3.8,-3.6,0.0,0.0,3.0,0.0,0.0,0,1,0,0,3,1,0,4.67,0,1,1,0
PT-127,2026-10-08T12:45:00,44,27.7,6.3,7.3,0,135.9,71.0,53.8,7.7,4617,143.5,78.2,52.4,7.7,23.6,142.33,140.67,140.82,141.13,4.47,10.8,-3.4,8.6,-2.8,7.6,7.2,-1.4,0.0,0,1,0,0,3,1,0,4.75,0,0,0,0
PT-127,2026-10-08T12:50:00,44,27.7,6.3,7.3,0,135.9,71.0,53.8,7.7,4617,140.2,75.0,54.7,7.7,20.5,139.87,141.38,140.34,141.01,4.17,8.6,-5.7,0.8,1.8,4.3,4.0,0.9,0.0,0,1,0,0,3,1,0,4.83,0,0,0,0
PT-127,2026-10-08T12:55:00,44,27.7,6.3,7.3,0,135.9,71.0,53.8,7.7,4617,145.5,78.1,51.1,7.7,18.3,143.07,141.43,140.51,141.3,4.34,0.6,2.0,1.6,-5.4,9.6,7.1,-2.7,0.0,0,1,0,0,3,1,0,4.92,0,0,0,0
PT-127,2026-10-08T13:00:00,44,27.7,6.3,7.3,0,135.9,71.0,53.8,7.7,4617,142.5,73.5,54.0,7.7,34.5,142.73,142.53,140.8,141.34,4.35,13.2,3.5,6.8,0.4,6.6,2.5,0.2,0.0,0,1,0,0,3,1,0,5.0,0,0,0,0
PT-127,2026-10-08T13:05:00,44,27.7,6.3,7.3,0,135.9,71.0,53.8,7.7,4617,143.0,75.2,53.2,7.7,18.5,143.67,141.77,140.77,141.5,4.33,-9.2,-0.4,4.2,-1.2,7.1,4.2,-0.6,0.0,0,1,0,0,3,1,0,5.08,0,0,0,0
PT-127,2026-10-08T13:10:00,44,27.7,6.3,7.3,0,135.9,71.0,53.8,7.7,4617,139.5,79.8,51.3,7.7,17.2,141.67,142.37,141.07,141.41,4.08,7.2,3.6,11.6,-5.0,3.6,8.8,-2.5,0.0,0,1,0,0,3,1,0,5.17,0,0,0,0
PT-127,2026-10-08T13:15:00,44,27.7,6.3,7.3,0,135.9,71.0,53.8,7.7,4617,139.6,74.0,54.3,7.7,15.3,140.7,141.72,141.19,141.2,4.0,-7.8,1.5,-8.4,3.8,3.7,3.0,0.5,0.0,0,1,0,0,3,1,0,5.25,0,0,0,0
PT-127,2026-10-08T13:20:00,44,27.7,6.3,7.3,0,135.9,71.0,53.8,7.7,4617,142.7,75.3,54.7,7.7,30.7,140.6,142.13,141.76,141.32,3.65,5.0,6.8,0.6,0.0,6.8,4.3,0.9,0.0,0,1,0,0,3,1,0,5.33,0,0,0,0
PT-127,2026-10-08T13:25:00,44,27.7,6.3,7.3,0,135.9,71.0,53.8,7.7,4617,142.6,74.4,53.3,7.7,24.1,141.63,141.65,141.54,141.42,3.5,-5.8,-2.6,-7.4,4.4,6.7,3.4,-0.5,0.0,0,1,0,0,3,1,0,5.42,0,0,0,0
PT-127,2026-10-08T13:30:00,44,27.7,6.3,7.3,0,135.9,71.0,53.8,7.7,4617,140.3,75.4,53.6,7.7,33.4,141.87,141.28,141.91,141.35,3.06,-4.4,4.4,3.8,-0.8,4.4,4.4,-0.2,0.0,0,1,0,0,3,1,0,5.5,0,0,0,0
PT-127,2026-10-08T13:35:00,44,27.7,6.3,7.3,0,135.9,71.0,53.8,7.7,4617,141.7,75.7,49.9,7.7,18.4,141.53,141.07,141.42,141.42,2.49,-2.6,-5.9,1.0,-6.6,5.8,4.7,-3.9,0.0,0,1,0,0,3,1,0,5.58,0,0,0,0
PT-127,2026-10-08T13:40:00,44,27.7,6.3,7.3,0,135.9,71.0,53.8,7.7,4617,142.7,75.9,55.4,7.7,27.8,141.57,141.6,141.98,141.54,1.79,6.4,6.8,-7.8,8.2,6.8,4.9,1.6,0.0,0,1,0,0,3,1,0,5.67,0,0,0,0
PT-127,2026-10-08T13:45:00,44,27.7,6.3,7.3,0,135.9,71.0,53.8,7.7,4617,137.6,75.3,56.2,7.7,16.7,140.67,141.27,141.49,141.15,2.12,-4.0,-5.9,2.6,3.8,1.7,4.3,2.4,0.0,0,1,0,0,3,1,0,5.75,0,0,0,0
PT-127,2026-10-08T13:50:00,44,27.7,6.3,7.3,0,135.9,71.0,53.8,7.7,4617,144.3,76.9,53.7,7.7,15.7,141.53,141.53,141.83,141.09,2.22,3.2,4.1,3.2,-2.0,8.4,5.9,-0.1,0.0,0,1,0,0,3,1,0,5.83,0,0,0,0
PT-127,2026-10-08T13:55:00,44,27.7,6.3,7.3,0,135.9,71.0,53.8,7.7,4617,148.4,74.8,56.9,7.7,25.3,143.43,142.5,142.08,141.29,2.75,11.6,2.9,0.8,7.2,12.5,3.8,3.1,0.0,0,1,0,0,3,1,0,5.92,0,0,0,0
PT-127,2026-10-08T14:00:00,44,27.7,6.3,7.3,0,135.9,71.0,53.8,7.7,4617,148.0,75.7,54.1,7.7,27.6,146.9,143.78,142.53,141.67,3.24,15.4,5.5,0.6,1.0,12.1,4.7,0.3,0.0,0,1,0,0,3,1,0,6.0,0,0,0,0
PT-127,2026-10-08T14:05:00,44,27.7,6.3,7.3,0,135.9,71.0,53.8,7.7,4617,144.7,75.5,53.5,7.7,19.9,147.03,144.28,142.68,141.72,3.3,6.0,1.7,-0.4,7.2,8.8,4.5,-0.3,0.0,0,1,0,0,3,1,0,6.08,0,0,0,0
PT-127,2026-10-08T14:10:00,44,27.7,6.3,7.3,0,135.9,71.0,53.8,7.7,4617,148.9,75.5,57.7,7.7,16.6,147.2,145.32,143.46,142.26,3.58,12.4,9.4,-0.8,4.6,13.0,4.5,3.9,0.0,0,1,0,0,3,1,0,6.17,0,0,0,0
PT-127,2026-10-08T14:15:00,44,27.7,6.3,7.3,0,135.9,71.0,53.8,7.7,4617,142.8,73.7,53.9,7.7,7.2,145.47,146.18,143.72,142.46,3.38,10.4,3.2,-3.2,-4.6,6.9,2.7,0.1,0.0,0,1,0,0,3,1,0,6.25,0,0,0,0
PT-127,2026-10-08T14:20:00,44,27.7,6.3,7.3,0,135.9,71.0,53.8,7.7,4617,141.3,73.7,50.6,7.7,9.0,144.33,145.68,143.61,142.68,3.44,-6.0,-1.4,-6.4,-6.2,5.4,2.7,-3.2,0.0,0,1,0,0,3,1,0,6.33,0,0,0,0
PT-127,2026-10-08T14:25:00,44,27.7,6.3,7.3,0,135.9,71.0,53.8,7.7,4617,141.0,76.4,52.6,7.7,22.6,141.7,144.45,143.48,142.51,3.52,-14.8,-1.6,3.2,-8.6,5.1,5.4,-1.2,0.0,0,1,0,0,3,1,0,6.42,0,0,0,0
PT-127,2026-10-08T14:30:00,44,27.7,6.3,7.3,0,135.9,71.0,53.8,7.7,4617,145.1,74.1,53.7,7.7,22.3,142.47,143.97,143.88,142.89,3.39,-5.8,4.8,-3.2,-0.8,9.2,3.1,-0.1,0.0,0,1,0,0,3,1,0,6.5,0,0,0,0
PT-127,2026-10-08T14:35:00,44,27.7,6.3,7.3,0,135.9,71.0,53.8,7.7,4617,143.3,75.4,52.0,7.7,13.1,143.13,143.73,144.01,142.71,3.33,-2.8,1.6,-0.2,-3.0,7.4,4.4,-1.8,0.0,0,1,0,0,3,1,0,6.58,0,0,0,0
PT-127,2026-10-08T14:40:00,44,27.7,6.3,7.3,0,135.9,71.0,53.8,7.7,4617,144.2,74.2,54.0,7.7,10.4,144.2,142.95,144.13,143.06,3.31,-9.4,1.5,-2.6,-7.4,8.3,3.2,0.2,0.0,0,1,0,0,3,1,0,6.67,0,0,0,0
PT-127,2026-10-08T14:45:00,44,27.7,6.3,7.3,0,135.9,71.0,53.8,7.7,4617,140.4,73.5,55.8,7.7,14.6,142.63,142.55,144.37,142.93,2.87,-4.8,2.8,-0.4,3.8,4.5,2.5,2.0,0.0,0,1,0,0,3,1,0,6.75,0,0,0,0
PT-127,2026-10-08T14:50:00,44,27.7,6.3,7.3,0,135.9,71.0,53.8,7.7,4617,140.7,72.0,55.2,7.7,19.2,141.77,142.45,144.07,142.95,3.06,-1.2,-3.6,-3.4,9.2,4.8,1.0,1.4,0.0,0,1,0,0,3,1,0,6.83,0,0,0,0
PT-127,2026-10-08T14:55:00,44,27.7,6.3,7.3,0,135.9,71.0,53.8,7.7,4617,146.3,74.4,52.2,7.7,16.0,142.47,143.33,143.89,142.98,2.84,10.6,-2.1,-4.0,-0.8,10.4,3.4,-1.6,0.0,0,1,0,0,3,1,0,6.92,0,0,0,0
PT-127,2026-10-08T15:00:00,44,27.7,6.3,7.3,0,135.9,71.0,53.8,7.7,4617,144.4,74.0,53.7,7.7,9.2,143.8,143.22,143.59,143.06,2.55,-1.4,-3.6,-0.2,0.0,8.5,3.0,-0.1,0.0,0,1,0,0,3,1,0,7.0,0,0,0,0
PT-127,2026-10-08T15:05:00,44,27.7,6.3,7.3,0,135.9,71.0,53.8,7.7,4617,137.2,72.3,49.5,7.7,11.5,142.63,142.2,142.97,142.82,3.11,-12.2,-7.5,-6.2,-5.0,1.3,1.3,-4.3,0.0,0,1,0,0,3,1,0,7.08,0,0,0,0
PT-127,2026-10-08T15:10:00,44,27.7,6.3,7.3,0,135.9,71.0,53.8,7.7,4617,143.2,74.6,53.6,7.7,7.7,141.6,142.03,142.49,142.98,2.49,-2.0,-5.7,0.8,-0.8,7.3,3.6,-0.2,0.0,0,1,0,0,3,1,0,7.17,0,0,0,0
PT-127,2026-10-08T15:15:00,44,27.7,6.3,7.3,0,135.9,71.0,53.8,7.7,4617,145.4,72.5,54.0,7.7,6.3,141.93,142.87,142.71,143.22,2.63,10.0,2.6,-2.0,-3.6,9.5,1.5,0.2,0.0,0,1,0,0,3,1,0,7.25,0,0,0,0
PT-127,2026-10-08T15:20:00,44,27.7,6.3,7.3,0,135.9,71.0,53.8,7.7,4617,142.0,74.3,55.0,7.7,11.0,143.53,143.08,142.77,143.19,2.6,2.6,0.7,4.6,-0.4,6.1,3.3,1.2,0.0,0,1,0,0,3,1,0,7.33,0,0,0,0
PT-127,2026-10-08T15:25:00,44,27.7,6.3,7.3,0,135.9,71.0,53.8,7.7,4617,142.2,73.4,59.9,7.7,15.9,143.2,142.4,142.87,143.17,2.55,-8.2,1.2,-2.0,15.4,6.3,2.4,6.1,0.0,0,1,0,0,3,1,0,7.42,0,0,0,0
PT-127,2026-10-08T15:30:00,44,27.7,6.3,7.3,0,135.9,71.0,53.8,7.7,4617,142.9,75.0,50.3,7.7,16.7,142.37,142.15,142.68,143.28,2.46,-3.0,-2.2,2.0,-6.8,7.0,4.0,-3.5,0.0,0,1,0,0,3,1,0,7.5,0,0,0,0
PT-127,2026-10-08T15:35:00,44,27.7,6.3,7.3,0,135.9,71.0,53.8,7.7,4617,144.6,75.4,53.7,7.7,13.4,143.23,143.38,142.79,143.4,2.51,14.8,1.3,6.2,8.4,8.7,4.4,-0.1,0.0,0,1,0,0,3,1,0,7.58,0,0,0,0
PT-127,2026-10-08T15:40:00,44,27.7,6.3,7.3,0,135.9,71.0,53.8,7.7,4617,139.4,73.9,50.4,7.7,10.8,142.3,142.75,142.39,143.26,2.65,-7.6,-4.8,-1.4,-6.4,3.5,2.9,-3.4,0.0,0,1,0,0,3,1,0,7.67,0,0,0,0
PT-127,2026-10-08T15:45:00,44,27.7,6.3,7.3,0,135.9,71.0,53.8,7.7,4617,143.7,70.6,54.6,7.7,19.2,142.57,142.47,142.67,143.52,2.59,-3.4,3.3,-3.8,1.2,7.8,-0.4,0.8,0.0,0,1,0,0,3,1,0,7.75,0,0,0,0
PT-127,2026-10-08T15:50:00,44,27.7,6.3,7.3,0,135.9,71.0,53.8,7.7,4617,145.5,70.6,53.0,7.7,21.9,142.87,143.05,143.07,143.57,2.63,7.0,4.8,-7.4,-4.0,9.6,-0.4,-0.8,0.0,0,1,0,0,3,1,0,7.83,0,0,0,0
PT-127,2026-10-08T15:55:00,44,27.7,6.3,7.3,0,135.9,71.0,53.8,7.7,4617,139.0,72.6,51.2,7.7,21.9,142.73,142.52,142.46,143.17,2.66,-6.4,-7.3,-1.6,-17.4,3.1,1.6,-2.6,0.0,0,1,0,0,3,1,0,7.92,0,0,0,0
PT-127,2026-10-08T16:00:00,44,27.7,6.3,7.3,0,135.9,71.0,53.8,7.7,4617,145.5,71.1,56.6,7.7,14.3,143.33,142.95,142.55,143.07,2.75,5.2,1.1,-7.8,12.6,9.6,0.1,2.8,0.0,0,1,0,0,3,1,0,8.0,0,0,0,0
PT-127,2026-10-08T16:05:00,44,27.7,6.3,7.3,0,135.9,71.0,53.8,7.7,4617,139.7,72.6,51.3,7.7,18.6,141.4,142.13,142.76,142.86,2.38,-9.8,2.5,-5.6,-4.8,3.8,1.6,-2.5,0.0,0,1,0,0,3,1,0,8.08,0,0,0,0
PT-127,2026-10-08T16:10:00,44,27.7,6.3,7.3,0,135.9,71.0,53.8,7.7,4617,141.6,76.4,52.0,7.7,15.0,142.27,142.5,142.62,142.56,2.39,4.4,-1.6,5.0,3.2,5.7,5.4,-1.8,0.0,0,1,0,0,3,1,0,8.17,0,0,0,0
PT-127,2026-10-08T16:15:00,44,27.7,6.3,7.3,0,135.9,71.0,53.8,7.7,4617,140.7,72.3,52.6,7.7,15.8,140.67,142.0,142.23,142.47,2.28,-6.0,-4.7,3.4,-4.0,4.8,1.3,-1.2,0.0,0,1,0,0,3,1,0,8.25,0,0,0,0
PT-127,2026-10-08T16:20:00,44,27.7,6.3,7.3,0,135.9,71.0,53.8,7.7,4617,145.0,69.7,54.9,7.7,6.8,142.43,141.92,142.48,142.62,2.41,-1.0,3.0,-1.8,3.8,9.1,-1.3,1.1,0.0,0,1,0,0,3,1,0,8.33,0,0,0,0
PT-127,2026-10-08T16:25:00,44,27.7,6.3,7.3,0,135.9,71.0,53.8,7.7,4617,144.7,68.4,55.4,7.7,22.9,143.47,142.87,142.69,142.78,2.49,11.4,2.5,-8.4,8.4,8.8,-2.6,1.6,0.0,0,1,0,0,3,1,0,8.42,0,0,0,0
PT-127,2026-10-08T16:30:00,44,27.7,6.3,7.3,0,135.9,71.0,53.8,7.7,4617,144.1,72.1,57.7,7.7,11.6,144.6,142.63,142.79,142.74,2.53,-2.8,1.2,2.0,2.2,8.2,1.1,3.9,0.0,0,1,0,0,3,1,0,8.5,0,0,0,0
PT-127,2026-10-08T16:35:00,44,27.7,6.3,7.3,0,135.9,71.0,53.8,7.7,4617,135.7,73.9,52.6,7.7,6.1,141.5,141.97,142.05,142.42,3.17,-8.0,-8.9,2.6,2.6,-0.2,2.9,-1.2,0.0,0,1,0,0,3,1,0,8.58,0,0,0,0
PT-127,2026-10-08T16:40:00,44,27.7,6.3,7.3,0,135.9,71.0,53.8,7.7,4617,144.7,72.2,53.1,7.7,5.3,141.5,142.48,142.49,142.44,3.14,6.2,5.3,-8.4,2.2,8.8,1.2,-0.7,0.0,0,1,0,0,3,1,0,8.67,0,0,0,0
PT-127,2026-10-08T16:45:00,44,27.7,6.3,7.3,0,135.9,71.0,53.8,7.7,4617,144.5,70.4,55.4,7.7,11.1,141.63,143.12,142.56,142.61,3.17,7.6,0.8,-3.8,5.6,8.6,-0.6,1.6,0.0,0,1,0,0,3,1,0,8.75,0,0,0,0
PT-127,2026-10-08T16:50:00,44,27.7,6.3,7.3,0,135.9,71.0,53.8,7.7,4617,146.0,73.3,46.0,7.7,13.1,145.07,143.28,142.6,142.83,3.22,2.0,0.5,7.2,-17.8,10.1,2.3,-7.8,0.0,0,1,0,0,3,1,0,8.83,0,0,0,0
PT-127,2026-10-08T16:55:00,44,27.7,6.3,7.3,0,135.9,71.0,53.8,7.7,4617,140.2,73.0,53.0,7.7,22.0,143.57,142.53,142.7,142.58,3.11,-9.0,1.2,9.2,-4.8,4.3,2.0,-0.8,0.0,0,1,0,0,3,1,0,8.92,0,0,0,0
PT-127,2026-10-08T17:00:00,44,27.7,6.3,7.3,0,135.9,71.0,53.8,7.7,4617,139.9,73.0,55.2,7.7,75.0,142.03,141.83,142.23,142.39,3.08,-8.4,-5.6,1.8,-5.0,4.0,2.0,1.4,0.0,0,0,1,0,3,1,0,9.0,0,0,0,0
PT-127,2026-10-08T17:05:00,44,27.7,6.3,7.3,0,135.9,71.0,53.8,7.7,4617,137.1,72.5,54.6,7.7,63.5,139.07,142.07,142.02,142.39,3.35,2.8,-2.6,-2.8,4.0,1.2,1.5,0.8,0.0,0,0,1,0,3,1,0,9.08,0,0,0,0
PT-127,2026-10-08T17:10:00,44,27.7,6.3,7.3,0,135.9,71.0,53.8,7.7,4617,144.2,68.7,55.1,7.7,48.4,140.4,141.98,142.23,142.43,3.4,-1.0,2.6,-7.0,4.0,8.3,-2.3,1.3,0.0,0,0,1,0,3,1,0,9.17,0,0,0,0
PT-127,2026-10-08T17:15:00,44,27.7,6.3,7.3,0,135.9,71.0,53.8,7.7,4617,140.6,73.0,53.6,7.7,63.9,140.63,141.33,142.22,142.23,3.41,-7.8,-0.1,5.2,-3.6,4.7,2.0,-0.2,0.0,0,0,1,0,3,1,0,9.25,0,0,0,0
PT-127,2026-10-08T17:20:00,44,27.7,6.3,7.3,0,135.9,71.0,53.8,7.7,4617,138.7,70.7,55.8,7.7,54.3,141.17,140.12,141.7,142.09,3.43,-14.6,-6.3,-5.2,19.6,2.8,-0.3,2.0,0.0,0,0,1,0,3,1,0,9.33,0,0,0,0
PT-127,2026-10-08T17:25:00,44,27.7,6.3,7.3,0,135.9,71.0,53.8,7.7,4617,142.9,73.5,51.8,7.7,57.3,140.73,140.57,141.55,142.12,3.32,5.4,-1.8,1.0,-2.4,7.0,2.5,-2.0,0.0,0,0,1,0,3,1,0,9.42,0,0,0,0
PT-127,2026-10-08T17:30:00,44,27.7,6.3,7.3,0,135.9,71.0,53.8,7.7,4617,141.4,69.9,55.4,7.7,74.6,141.0,140.82,141.32,142.06,3.22,3.0,-2.7,-6.2,0.4,5.5,-1.1,1.6,0.0,0,0,1,0,3,1,0,9.5,0,0,0,0
PT-127,2026-10-08T17:35:00,44,27.7,6.3,7.3,0,135.9,71.0,53.8,7.7,4617,144.9,71.4,57.0,7.7,59.8,143.07,142.12,142.09,142.07,2.83,15.6,9.2,-2.2,4.8,9.0,0.4,3.2,0.0,0,0,1,0,3,1,0,9.58,0,0,0,0
PT-127,2026-10-08T17:40:00,44,27.7,6.3,7.3,0,135.9,71.0,53.8,7.7,4617,144.9,69.8,55.8,7.7,63.6,143.73,142.23,142.11,142.3,2.85,1.4,0.2,2.2,1.4,9.0,-1.2,2.0,0.0,0,0,1,0,3,1,0,9.67,0,0,0,0
PT-127,2026-10-08T17:45:00,44,27.7,6.3,7.3,0,135.9,71.0,53.8,7.7,4617,139.4,73.5,54.8,7.7,47.6,143.07,142.03,141.68,142.12,2.84,-2.4,-5.1,1.0,2.4,3.5,2.5,1.0,0.0,0,0,1,0,3,1,0,9.75,0,0,0,0
PT-127,2026-10-08T17:50:00,44,27.7,6.3,7.3,0,135.9,71.0,53.8,7.7,4617,147.8,74.1,55.8,7.7,68.4,144.03,143.55,141.83,142.22,3.12,18.2,1.8,6.8,0.0,11.9,3.1,2.0,0.0,0,0,1,0,3,1,0,9.83,0,0,0,0
PT-127,2026-10-08T17:55:00,44,27.7,6.3,7.3,0,135.9,71.0,53.8,7.7,4617,138.5,72.9,55.3,7.7,67.9,141.9,142.82,141.69,142.2,3.24,-8.8,-1.7,-1.2,7.0,2.6,1.9,1.5,0.0,0,0,1,0,3,1,0,9.92,0,0,0,0
PT-127,2026-10-08T18:00:00,44,27.7,6.3,7.3,0,135.9,71.0,53.8,7.7,4617,141.6,70.9,51.1,7.7,60.2,142.63,142.85,141.83,142.03,3.19,0.4,1.7,2.0,-8.6,5.7,-0.1,-2.7,0.0,0,0,1,0,3,1,0,10.0,0,0,0,0
PT-127,2026-10-08T18:05:00,44,27.7,6.3,7.3,0,135.9,71.0,53.8,7.7,4617,135.8,70.8,58.0,7.7,11.6,138.63,141.33,141.72,141.87,3.38,-18.2,-1.3,-1.2,2.0,-0.1,-0.2,4.2,0.0,0,0,1,0,3,1,0,10.08,0,0,0,0
PT-127,2026-10-08T18:10:00,44,27.7,6.3,7.3,0,135.9,71.0,53.8,7.7,4617,144.6,71.1,53.3,7.7,9.6,140.67,141.28,141.76,142.0,3.41,-0.6,0.4,2.6,-5.0,8.7,0.1,-0.5,0.0,0,0,1,0,3,1,0,10.17,0,0,0,0
PT-127,2026-10-08T18:15:00,44,27.7,6.3,7.3,0,135.9,71.0,53.8,7.7,4617,143.6,73.9,55.8,7.7,9.6,141.33,141.98,142.01,142.12,3.43,8.4,3.0,0.8,2.0,7.7,2.9,2.0,0.0,0,0,1,0,3,1,0,10.25,0,0,0,0
PT-127,2026-10-08T18:20:00,44,27.7,6.3,7.3,0,135.9,71.0,53.8,7.7,4617,140.0,68.9,49.8,7.7,6.2,142.73,140.68,142.12,141.91,3.34,-15.6,1.3,-10.4,-12.0,4.1,-2.1,-4.0,0.0,0,0,1,0,3,1,0,10.33,0,0,0,0
PT-127,2026-10-08T18:25:00,44,27.7,6.3,7.3,0,135.9,71.0,53.8,7.7,4617,129.8,73.8,50.0,7.7,21.9,137.8,139.23,141.02,141.29,4.85,-17.4,-13.1,1.8,-10.6,-6.1,2.8,-3.8,0.0,0,0,1,0,3,1,0,10.42,0,0,0,0
PT-127,2026-10-08T18:30:00,44,27.7,6.3,7.3,0,135.9,71.0,53.8,7.7,4617,134.2,73.0,54.1,7.7,24.2,134.67,138.0,140.43,140.88,5.23,-14.8,-7.2,4.2,6.0,-1.7,2.0,0.3,0.0,0,0,1,0,3,1,0,10.5,0,0,0,0
PT-127,2026-10-08T18:35:00,44,27.7,6.3,7.3,0,135.9,71.0,53.8,7.7,4617,137.9,67.5,50.5,7.7,17.5,133.97,138.35,139.84,140.97,5.08,4.2,-7.0,-6.6,-15.0,2.0,-3.5,-3.3,0.0,0,0,1,0,3,1,0,10.58,0,0,0,0
PT-127,2026-10-08T18:40:00,44,27.7,6.3,7.3,0,135.9,71.0,53.8,7.7,4617,140.6,68.7,52.4,7.7,8.9,137.57,137.68,139.48,140.8,4.83,-8.0,-4.3,-4.8,-1.8,4.7,-2.3,-1.4,0.0,0,0,1,0,3,1,0,10.67,0,0,0,0
PT-127,2026-10-08T18:45:00,44,27.7,6.3,7.3,0,135.9,71.0,53.8,7.7,4617,138.9,71.1,53.3,7.7,23.0,139.13,136.9,139.44,140.56,4.84,-9.4,-0.5,-5.6,-5.0,3.0,0.1,-0.5,0.0,0,0,1,0,3,1,0,10.75,0,0,0,0
PT-127,2026-10-08T18:50:00,44,27.7,6.3,7.3,0,135.9,71.0,53.8,7.7,4617,137.5,69.4,52.4,7.7,22.2,139.0,136.48,138.58,140.21,4.07,-5.0,-10.3,1.0,5.2,1.6,-1.6,-1.4,0.0,0,0,1,0,3,1,0,10.83,0,0,0,0
PT-127,2026-10-08T18:55:00,44,27.7,6.3,7.3,0,135.9,71.0,53.8,7.7,4617,138.3,69.8,55.3,7.7,13.7,138.23,137.9,138.57,140.13,4.07,17.0,-0.2,-8.0,10.6,2.4,-1.2,1.5,0.0,0,0,1,0,3,1,0,10.92,0,0,0,0
PT-127,2026-10-08T19:00:00,44,27.7,6.3,7.3,0,135.9,71.0,53.8,7.7,4617,135.4,68.8,50.8,7.7,7.1,137.07,138.1,138.05,139.94,4.05,2.4,-6.2,-8.4,-6.6,-0.5,-2.2,-3.0,0.0,0,0,1,0,3,1,0,11.0,0,0,0,0
PT-127,2026-10-08T19:05:00,44,27.7,6.3,7.3,0,135.9,71.0,53.8,7.7,4617,138.9,73.5,53.8,7.7,9.8,137.53,138.27,138.31,140.02,3.99,2.0,3.1,12.0,6.6,3.0,2.5,0.0,0.0,0,0,1,0,3,1,0,11.08,0,0,0,0
PT-127,2026-10-08T19:10:00,44,27.7,6.3,7.3,0,135.9,71.0,53.8,7.7,4617,135.2,73.5,59.0,7.7,23.5,136.5,137.37,137.52,139.64,3.54,-10.8,-9.4,9.6,13.2,-0.7,2.5,5.2,0.0,0,0,1,0,3,1,0,11.17,0,0,0,0
PT-127,2026-10-08T19:15:00,44,27.7,6.3,7.3,0,135.9,71.0,53.8,7.7,4617,138.8,67.7,54.1,7.7,20.9,137.63,137.35,137.12,139.57,3.02,-0.2,-4.8,-6.8,1.6,2.9,-3.3,0.3,0.0,0,0,1,0,3,1,0,11.25,0,0,0,0
PT-127,2026-10-08T19:20:00,44,27.7,6.3,7.3,0,135.9,71.0,53.8,7.7,4617,133.5,72.5,51.9,7.7,21.4,135.83,136.68,136.58,139.35,3.04,-8.0,-6.5,6.2,-1.0,-2.4,1.5,-1.9,0.0,0,0,1,0,3,1,0,11.33,0,0,0,0
PT-127,2026-10-08T19:25:00,44,27.7,6.3,7.3,0,135.9,71.0,53.8,7.7,4617,139.2,68.9,51.3,7.7,6.5,137.17,136.83,137.37,139.2,2.24,1.8,9.4,-1.8,-8.0,3.3,-2.1,-2.5,0.0,0,0,1,0,3,1,0,11.42,0,0,0,0
PT-127,2026-10-08T19:30:00,44,27.7,6.3,7.3,0,135.9,71.0,53.8,7.7,4617,142.4,68.8,54.1,7.7,20.4,138.37,138.0,138.05,139.24,2.43,14.0,8.2,0.0,6.6,6.5,-2.2,0.3,0.0,0,0,1,0,3,1,0,11.5,0,0,0,0
PT-127,2026-10-08T19:35:00,44,27.7,6.3,7.3,0,135.9,71.0,53.8,7.7,4617,135.1,70.2,50.9,7.7,20.7,138.9,137.37,137.82,138.83,2.58,-7.6,-2.8,-6.6,-5.8,-0.8,-0.8,-2.9,0.0,0,0,1,0,3,1,0,11.58,0,0,0,0
PT-127,2026-10-08T19:40:00,44,27.7,6.3,7.3,0,135.9,71.0,53.8,7.7,4617,139.4,64.1,51.9,7.7,13.4,138.97,138.07,137.72,138.6,2.48,8.4,-1.2,-18.8,-14.2,3.5,-6.9,-1.9,0.0,0,0,1,0,3,1,0,11.67,0,0,0,0
PT-127,2026-10-08T19:45:00,44,27.7,6.3,7.3,0,135.9,71.0,53.8,7.7,4617,138.7,71.2,54.5,7.7,12.5,137.73,138.05,137.7,138.57,2.47,-0.2,-0.2,7.0,0.8,2.8,0.2,0.7,0.0,0,0,1,0,3,1,0,11.75,0,0,0,0
PT-127,2026-10-08T19:50:00,44,27.7,6.3,7.3,0,135.9,71.0,53.8,7.7,4617,138.7,70.3,53.4,7.7,15.4,138.93,138.92,137.8,138.19,2.49,10.4,1.2,-4.4,3.0,2.8,-0.7,-0.4,0.0,0,0,1,0,3,1,0,11.83,0,0,0,0
PT-127,2026-10-08T19:55:00,44,27.7,6.3,7.3,0,135.9,71.0,53.8,7.7,4617,139.0,68.3,53.2,7.7,21.0,138.8,138.88,137.86,138.21,2.51,-0.4,0.7,-1.2,3.8,3.1,-2.7,-0.6,0.0,0,0,1,0,3,1,0,11.92,0,0,0,0
PT-127,2026-10-08T20:00:00,44,27.7,6.3,7.3,0,135.9,71.0,53.8,7.7,4617,137.7,68.4,54.0,7.7,24.3,138.47,138.1,138.05,138.05,2.39,-9.4,2.3,-0.8,-0.2,1.8,-2.6,0.2,0.0,0,0,1,0,3,1,0,0.0,0,0,0,0
PT-127,2026-10-08T20:05:00,44,27.7,6.3,7.3,0,135.9,71.0,53.8,7.7,4617,137.4,69.3,54.4,7.7,15.7,138.03,138.48,137.92,138.12,2.38,4.6,-1.5,-1.8,7.0,1.5,-1.7,0.6,0.0,0,0,1,0,3,1,0,0.08,0,0,0,0
PT-127,2026-10-08T20:10:00,44,27.7,6.3,7.3,0,135.9,71.0,53.8,7.7,4617,134.0,69.0,56.5,7.7,9.8,136.37,137.58,137.83,137.67,2.52,-10.8,-1.2,9.8,9.2,-1.9,-2.0,2.7,0.0,0,0,1,0,3,1,0,0.17,0,0,0,0
PT-127,2026-10-08T20:15:00,44,27.7,6.3,7.3,0,135.9,71.0,53.8,7.7,4617,134.9,72.3,52.7,7.7,22.1,135.43,136.95,137.5,137.31,2.64,-7.6,-3.9,2.2,-3.6,-1.0,1.3,-1.1,0.0,0,0,1,0,3,1,0,0.25,0,0,0,0
PT-127,2026-10-08T20:20:00,44,27.7,6.3,7.3,0,135.9,71.0,53.8,7.7,4617,132.1,66.7,54.5,7.7,23.3,133.67,135.85,137.38,136.98,2.85,-13.2,-1.4,-7.2,2.2,-3.8,-4.3,0.7,0.0,0,0,1,0,3,1,0,0.33,0,0,0,0
PT-127,2026-10-08T20:25:00,44,27.7,6.3,7.3,0,135.9,71.0,53.8,7.7,4617,132.6,65.0,51.1,7.7,5.1,133.2,134.78,136.83,137.1,3.1,-12.8,-6.6,-6.6,-4.2,-3.3,-6.0,-2.7,0.0,0,0,1,0,3,1,0,0.42,0,0,0,0
PT-127,2026-10-08T20:30:00,44,27.7,6.3,7.3,0,135.9,71.0,53.8,7.7,4617,134.6,66.6,51.8,7.7,21.9,133.1,134.27,136.18,137.12,2.6,-6.2,-7.8,-3.6,-4.4,-1.3,-4.4,-2.0,0.0,0,0,1,0,3,1,0,0.5,0,0,0,0
PT-127,2026-10-08T20:35:00,44,27.7,6.3,7.3,0,135.9,71.0,53.8,7.7,4617,135.5,64.4,49.1,7.7,12.2,134.23,133.95,136.22,137.02,2.59,-3.8,0.4,-9.8,-10.6,-0.4,-6.6,-4.7,0.0,0,0,1,0,3,1,0,0.58,0,0,0,0
PT-127,2026-10-08T20:40:00,44,27.7,6.3,7.3,0,135.9,71.0,53.8,7.7,4617,134.8,68.0,51.0,7.7,19.7,134.97,134.08,135.83,136.78,2.41,1.6,-4.6,-2.0,-11.0,-1.1,-3.0,-2.8,0.0,0,0,1,0,3,1,0,0.67,0,0,0,0
PT-127,2026-10-08T20:45:00,44,27.7,6.3,7.3,0,135.9,71.0,53.8,7.7,4617,138.0,67.7,54.8,7.7,25.0,136.1,134.6,135.78,136.74,2.34,6.2,-0.7,-9.2,4.2,2.1,-3.3,1.0,0.0,0,0,1,0,3,1,0,0.75,0,0,0,0
PT-127,2026-10-08T20:50:00,44,27.7,6.3,7.3,0,135.9,71.0,53.8,7.7,4617,134.9,69.0,51.1,7.7,13.1,135.9,135.07,135.46,136.63,2.16,5.6,-3.8,4.6,-6.8,-1.0,-2.0,-2.7,0.0,0,0,1,0,3,1,0,0.83,0,0,0,0
PT-127,2026-10-08T20:55:00,44,27.7,6.3,7.3,0,135.9,71.0,53.8,7.7,4617,133.8,66.7,52.2,7.7,12.8,135.57,135.27,135.02,136.44,1.89,2.4,-5.2,3.4,2.2,-2.1,-4.3,-1.6,0.0,0,0,1,0,3,1,0,0.92,0,0,0,0
PT-127,2026-10-08T21:00:00,44,27.7,6.3,7.3,0,135.9,71.0,53.8,7.7,4617,126.4,70.7,49.7,7.7,20.3,131.7,133.9,134.08,136.07,2.95,-16.4,-11.3,8.2,-4.2,-9.5,-0.3,-4.1,0.0,0,0,1,0,3,1,0,1.0,0,0,0,0
PT-127,2026-10-08T21:05:00,44,27.7,6.3,7.3,0,135.9,71.0,53.8,7.7,4617,134.9,66.9,48.5,7.7,14.8,131.7,133.8,133.88,135.9,2.78,-1.2,-2.5,5.0,-1.2,-1.0,-4.1,-5.3,0.0,0,0,1,0,3,1,0,1.08,0,0,0,0
PT-127,2026-10-08T21:10:00,44,27.7,6.3,7.3,0,135.9,71.0,53.8,7.7,4617,129.1,67.0,57.1,7.7,6.6,130.13,132.85,133.47,135.65,3.1,-11.4,-4.9,-2.0,12.2,-6.8,-4.0,3.3,0.0,0,0,1,0,3,1,0,1.17,0,0,0,0
PT-127,2026-10-08T21:15:00,44,27.7,6.3,7.3,0,135.9,71.0,53.8,7.7,4617,134.1,69.2,52.8,7.7,5.3,132.7,132.2,133.4,135.45,3.07,-7.8,-0.8,3.0,-4.0,-1.8,-1.8,-1.0,0.0,0,0,1,0,3,1,0,1.25,0,0,0,0
PT-127,2026-10-08T21:20:00,44,27.7,6.3,7.3,0,135.9,71.0,53.8,7.7,4617,136.4,64.5,50.2,7.7,12.9,133.2,132.45,133.76,135.57,3.16,3.0,4.3,-9.0,-1.8,0.5,-6.5,-3.6,0.0,0,0,1,0,3,1,0,1.33,0,0,0,0
PT-127,2026-10-08T21:25:00,44,27.7,6.3,7.3,0,135.9,71.0,53.8,7.7,4617,130.0,65.4,53.5,7.7,9.1,133.5,131.82,133.54,135.19,3.33,-7.6,-2.6,-2.6,2.6,-5.9,-5.6,-0.3,0.0,0,0,1,0,3,1,0,1.42,0,0,0,0
PT-127,2026-10-08T21:30:00,44,27.7,6.3,7.3,0,135.9,71.0,53.8,7.7,4617,136.5,67.9,52.7,7.7,24.9,134.3,133.5,133.7,134.94,3.43,20.2,1.9,-5.6,6.0,0.6,-3.1,-1.1,0.0,0,0,1,0,3,1,0,1.5,0,0,0,0
PT-127,2026-10-08T21:35:00,44,27.7,6.3,7.3,0,135.9,71.0,53.8,7.7,4617,130.8,67.5,55.1,7.7,22.1,132.43,132.82,133.31,134.76,3.47,-8.2,-4.7,1.2,13.2,-5.1,-3.5,1.3,0.0,0,0,1,0,3,1,0,1.58,0,0,0,0
PT-127,2026-10-08T21:40:00,44,27.7,6.3,7.3,0,135.9,71.0,53.8,7.7,4617,133.4,69.6,51.2,7.7,14.8,133.57,133.53,133.19,134.51,3.44,8.6,-1.4,5.2,-11.8,-2.5,-1.4,-2.6,0.0,0,0,1,0,3,1,0,1.67,0,0,0,0
PT-127,2026-10-08T21:45:00,44,27.7,6.3,7.3,0,135.9,71.0,53.8,7.7,4617,133.6,66.2,53.1,7.7,14.2,132.6,133.45,132.83,134.3,3.1,-1.0,-4.4,-6.0,0.6,-2.3,-4.8,-0.7,0.0,0,0,1,0,3,1,0,1.75,0,0,0,0
PT-127,2026-10-08T21:50:00,44,27.7,6.3,7.3,0,135.9,71.0,53.8,7.7,4617,136.0,69.0,53.6,7.7,6.5,134.33,133.38,132.92,134.19,3.18,-0.8,1.1,9.0,6.8,0.1,-2.0,-0.2,0.0,0,0,1,0,3,1,0,1.83,0,0,0,0
PT-127,2026-10-08T21:55:00,44,27.7,6.3,7.3,0,135.9,71.0,53.8,7.7,4617,128.6,67.7,50.0,7.7,21.8,132.73,133.15,132.48,133.75,3.4,-2.8,-5.2,4.6,-7.0,-7.3,-3.3,-3.8,0.0,0,0,1,0,3,1,0,1.92,0,0,0,0
PT-128,2026-10-08T08:00:00,54,26.0,8.5,7.3,1,150.5,77.0,52.1,7.7,10384,146.4,74.7,47.7,7.7,5.9,146.4,146.4,146.4,146.4,0.0,0.0,0.0,0.0,0.0,-4.1,-2.3,-4.4,0.0,1,0,0,0,1,1,0,0.0,0,0,0,0
PT-128,2026-10-08T08:05:00,54,26.0,8.5,7.3,1,150.5,77.0,52.1,7.7,10384,152.5,76.1,47.8,7.7,18.5,149.45,149.45,149.45,149.45,4.31,0.0,0.0,0.0,0.0,2.0,-0.9,-4.3,0.0,1,0,0,0,1,1,0,0.08,0,0,0,0
PT-128,2026-10-08T08:10:00,54,26.0,8.5,7.3,1,150.5,77.0,52.1,7.7,10384,147.2,80.1,45.9,7.7,7.5,148.7,148.7,148.7,148.7,3.32,0.0,0.0,0.0,0.0,-3.3,3.1,-6.2,0.0,1,0,0,0,1,1,0,0.17,0,0,0,0
PT-128,2026-10-08T08:15:00,54,26.0,8.5,7.3,1,150.5,77.0,52.1,7.7,10384,149.9,74.7,44.9,7.7,8.5,149.87,149.0,149.0,149.0,2.77,0.0,0.0,0.0,0.0,-0.6,-2.3,-7.2,0.0,1,0,0,0,1,1,0,0.25,0,0,0,0
PT-128,2026-10-08T08:20:00,54,26.0,8.5,7.3,1,150.5,77.0,52.1,7.7,10384,148.6,76.7,45.8,7.7,6.9,148.57,148.92,148.92,148.92,2.41,0.0,0.0,0.0,0.0,-1.9,-0.3,-6.3,0.0,1,0,0,0,1,1,0,0.33,0,0,0,0
PT-128,2026-10-08T08:25:00,54,26.0,8.5,7.3,1,150.5,77.0,52.1,7.7,10384,151.4,75.3,48.0,7.7,18.2,149.97,149.33,149.33,149.33,2.38,0.0,0.0,0.0,0.0,0.9,-1.7,-4.1,0.0,1,0,0,0,1,1,0,0.42,0,0,0,0
PT-128,2026-10-08T08:30:00,54,26.0,8.5,7.3,1,150.5,77.0,52.1,7.7,10384,154.6,73.5,44.2,7.7,64.4,151.53,150.7,150.09,150.09,2.95,16.4,0.0,-2.4,-7.0,4.1,-3.5,-7.9,0.0,1,0,0,0,1,1,0,0.5,0,0,0,0
PT-128,2026-10-08T08:35:00,54,26.0,8.5,7.3,1,150.5,77.0,52.1,7.7,10384,147.5,78.0,48.6,7.7,66.1,151.17,149.87,149.76,149.76,2.88,-10.0,0.0,3.8,1.6,-3.0,1.0,-3.5,0.0,1,0,0,0,1,1,0,0.58,0,0,0,0
PT-128,2026-10-08T08:40:00,54,26.0,8.5,7.3,1,150.5,77.0,52.1,7.7,10384,147.7,75.5,44.6,7.7,62.4,149.93,149.95,149.53,149.53,2.78,1.0,0.0,-9.2,-2.6,-2.8,-1.5,-7.5,0.0,1,0,0,0,1,1,0,0.67,0,0,0,0
PT-128,2026-10-08T08:45:00,54,26.0,8.5,7.3,1,150.5,77.0,52.1,7.7,10384,150.2,78.6,46.9,7.7,52.2,148.47,150.0,149.6,149.6,2.63,0.6,0.0,7.8,4.0,-0.3,1.6,-5.2,0.0,1,0,0,0,1,1,0,0.75,0,0,0,0
PT-128,2026-10-08T08:50:00,54,26.0,8.5,7.3,1,150.5,77.0,52.1,7.7,10384,153.4,73.7,44.9,7.7,63.1,150.43,150.8,149.95,149.95,2.74,9.6,0.0,-6.0,-1.8,2.9,-3.3,-7.2,0.0,1,0,0,0,1,1,0,0.83,0,0,0,0
PT-128,2026-10-08T08:55:00,54,26.0,8.5,7.3,1,150.5,77.0,52.1,7.7,10384,147.9,76.0,46.5,7.7,74.2,150.5,150.22,149.78,149.78,2.68,-7.0,0.0,1.4,-3.0,-2.6,-1.0,-5.6,0.0,1,0,0,0,1,1,0,0.92,0,0,0,0
PT-128,2026-10-08T09:00:00,54,26.0,8.5,7.3,1,150.5,77.0,52.1,7.7,10384,151.7,78.9,46.1,7.7,46.4,151.0,149.73,150.22,149.92,2.51,-5.8,5.3,10.8,3.8,1.2,1.9,-6.0,0.0,1,0,0,0,1,1,0,1.0,0,0,0,0
PT-128,2026-10-08T09:05:00,54,26.0,8.5,7.3,1,150.5,77.0,52.1,7.7,10384,153.7,77.5,46.3,7.7,72.0,151.1,150.77,150.32,150.19,2.63,12.4,1.2,-1.0,-4.6,3.2,0.5,-5.8,0.0,1,0,0,0,1,1,0,1.08,1,0,0,0
PT-128,2026-10-08T09:10:00,54,26.0,8.5,7.3,1,150.5,77.0,52.1,7.7,10384,155.3,77.9,45.1,7.7,61.9,153.57,152.03,150.99,150.53,2.79,15.2,8.1,4.8,1.0,4.8,0.9,-7.0,0.0,1,0,0,0,1,1,0,1.17,1,0,0,0
PT-128,2026-10-08T09:15:00,54,26.0,8.5,7.3,1,150.5,77.0,52.1,7.7,10384,151.2,78.7,47.7,7.7,68.7,153.4,152.2,151.1,150.57,2.77,2.0,1.3,0.2,1.6,0.7,1.7,-4.4,0.0,1,0,0,0,1,1,0,1.25,1,0,0,0
PT-128,2026-10-08T09:20:00,54,26.0,8.5,7.3,1,150.5,77.0,52.1,7.7,10384,148.6,76.4,40.9,7.7,67.4,151.7,151.4,151.1,150.46,2.77,-9.6,0.0,5.4,-8.0,-1.9,-0.6,-11.2,0.0,1,0,0,0,1,1,0,1.33,1,0,0,0
PT-128,2026-10-08T09:25:00,54,26.0,8.5,7.3,1,150.5,77.0,52.1,7.7,10384,151.4,76.0,45.9,7.7,73.2,150.4,151.98,151.1,150.51,2.77,7.0,0.0,0.0,-1.2,0.9,-1.0,-6.2,0.0,1,0,0,0,1,1,0,1.42,1,0,0,0
PT-128,2026-10-08T09:30:00,54,26.0,8.5,7.3,1,150.5,77.0,52.1,7.7,10384,148.0,76.3,49.3,7.7,51.1,149.33,151.37,150.55,150.38,2.66,-7.4,-6.6,-5.2,6.4,-2.5,-0.7,-2.8,0.0,1,0,0,0,1,1,0,1.5,1,0,0,1
PT-128,2026-10-08T09:35:00,54,26.0,8.5,7.3,1,150.5,77.0,52.1,7.7,10384,150.0,77.6,47.1,7.7,18.7,149.8,150.75,150.76,150.36,2.49,-7.4,2.5,0.2,1.6,-0.5,0.6,-5.0,0.0,1,0,0,0,1,1,0,1.58,1,0,0,1
PT-128,2026-10-08T09:40:00,54,26.0,8.5,7.3,1,150.5,77.0,52.1,7.7,10384,151.4,79.1,46.4,7.7,20.7,149.8,150.1,151.07,150.41,2.3,-7.8,3.7,2.4,2.6,0.9,2.1,-5.7,0.0,1,0,0,0,1,1,0,1.67,1,0,0,1
PT-128,2026-10-08T09:45:00,54,26.0,8.5,7.3,1,150.5,77.0,52.1,7.7,10384,152.4,73.9,45.4,7.7,9.3,151.27,150.3,151.25,150.5,2.32,2.4,2.2,-9.6,-4.6,1.9,-3.1,-6.7,0.0,1,0,0,0,1,1,0,1.75,1,0,0,1
PT-128,2026-10-08T09:50:00,54,26.0,8.5,7.3,1,150.5,77.0,52.1,7.7,10384,154.3,76.2,47.2,7.7,14.5,152.7,151.25,151.32,150.67,2.4,11.4,0.9,-0.4,12.6,3.8,-0.8,-4.9,0.0,1,0,0,0,1,1,0,1.83,1,0,0,1
PT-128,2026-10-08T09:55:00,54,26.0,8.5,7.3,1,150.5,77.0,52.1,7.7,10384,155.9,75.9,43.0,7.7,15.0,154.2,152.0,151.99,150.88,2.48,9.0,8.0,-0.2,-5.8,5.4,-1.1,-9.1,0.0,1,0,0,0,1,1,0,1.92,1,0,0,1
PT-128,2026-10-08T10:00:00,54,26.0,8.5,7.3,1,150.5,77.0,52.1,7.7,10384,157.6,80.2,47.6,7.7,18.5,155.93,153.6,152.48,151.35,2.95,19.2,5.9,7.8,-3.4,7.1,3.2,-4.5,0.0,1,0,0,0,1,1,0,2.0,1,0,0,1
PT-128,2026-10-08T10:05:00,54,26.0,8.5,7.3,1,150.5,77.0,52.1,7.7,10384,158.5,73.7,44.6,7.7,12.3,157.33,155.02,152.88,151.6,3.42,17.0,4.8,-7.8,-5.0,8.0,-3.3,-7.5,0.0,1,0,0,0,1,1,0,2.08,1,0,0,1
PT-128,2026-10-08T10:10:00,54,26.0,8.5,7.3,1,150.5,77.0,52.1,7.7,10384,160.5,76.9,46.4,7.7,11.0,158.87,156.53,153.32,152.15,4.03,18.2,5.2,-4.4,0.0,10.0,-0.1,-5.7,0.0,1,0,0,0,1,1,0,2.17,1,0,0,1
PT-128,2026-10-08T10:15:00,54,26.0,8.5,7.3,1,150.5,77.0,52.1,7.7,10384,161.7,82.0,48.7,7.7,12.0,160.23,158.08,154.19,152.65,4.62,18.6,10.5,16.2,6.6,11.2,5.0,-3.4,0.0,1,0,0,0,1,1,0,2.25,1,0,0,1
PT-128,2026-10-08T10:20:00,54,26.0,8.5,7.3,1,150.5,77.0,52.1,7.7,10384,162.9,81.5,47.9,7.7,8.7,161.7,159.52,155.38,153.24,4.89,17.2,14.3,10.6,1.4,12.4,4.5,-4.2,0.0,1,0,0,0,1,1,0,2.33,1,0,0,1
PT-128,2026-10-08T10:25:00,54,26.0,8.5,7.3,1,150.5,77.0,52.1,7.7,10384,164.6,73.8,46.2,7.7,14.6,163.07,160.97,156.48,153.79,5.37,17.4,13.2,-4.2,6.4,14.1,-3.2,-5.9,0.0,1,0,0,0,1,1,0,2.42,1,0,0,1
PT-128,2026-10-08T10:30:00,54,26.0,8.5,7.3,1,150.5,77.0,52.1,7.7,10384,165.7,76.6,47.5,7.7,19.9,164.4,162.32,157.96,154.25,5.26,16.2,17.7,-7.2,-0.2,15.2,-0.4,-4.6,0.0,1,0,0,0,1,1,0,2.5,1,0,0,1
PT-128,2026-10-08T10:35:00,54,26.0,8.5,7.3,1,150.5,77.0,52.1,7.7,10384,167.1,73.7,43.3,7.7,16.4,165.8,163.75,159.38,155.07,5.22,17.2,17.1,0.0,-2.6,16.6,-3.3,-8.8,0.0,1,0,0,0,1,1,0,2.58,1,0,0,1
PT-128,2026-10-08T10:40:00,54,26.0,8.5,7.3,1,150.5,77.0,52.1,7.7,10384,168.7,78.1,44.8,7.7,18.6,167.17,165.12,160.83,155.95,5.21,16.4,17.3,2.4,-3.2,18.2,1.1,-7.3,0.0,1,0,0,0,1,1,0,2.67,1,0,0,1
PT-128,2026-10-08T10:45:00,54,26.0,8.5,7.3,1,150.5,77.0,52.1,7.7,10384,169.9,78.5,46.1,7.7,21.2,168.57,166.48,162.28,156.77,5.08,16.4,17.5,-7.0,-5.2,19.4,1.5,-6.0,0.0,1,0,0,0,1,1,0,2.75,1,0,0,1
PT-128,2026-10-08T10:50:00,54,26.0,8.5,7.3,1,150.5,77.0,52.1,7.7,10384,171.1,77.1,47.8,7.7,18.3,169.9,167.85,163.68,157.5,5.0,16.4,16.8,-8.8,-0.2,20.6,0.1,-4.3,0.0,1,0,0,0,1,1,0,2.83,1,0,0,1
PT-128,2026-10-08T10:55:00,54,26.0,8.5,7.3,1,150.5,77.0,52.1,7.7,10384,172.1,80.1,49.7,7.7,5.1,171.03,169.1,165.03,158.51,4.89,15.0,16.2,12.6,7.0,21.6,3.1,-2.4,0.0,1,0,0,0,1,1,0,2.92,1,0,0,1
PT-128,2026-10-08T11:00:00,54,26.0,8.5,7.3,1,150.5,77.0,52.1,7.7,10384,173.1,75.2,45.9,7.7,25.0,172.1,170.33,166.32,159.4,4.79,14.8,15.5,-2.8,-3.2,22.6,-1.8,-6.2,0.0,1,0,0,0,1,1,0,3.0,1,0,0,1
PT-128,2026-10-08T11:05:00,54,26.0,8.5,7.3,1,150.5,77.0,52.1,7.7,10384,174.2,75.3,46.2,7.7,7.7,173.13,171.52,167.63,160.26,4.6,14.2,15.7,3.2,5.8,23.7,-1.7,-5.9,0.0,1,0,0,0,1,1,0,3.08,1,0,0,1
PT-128,2026-10-08T11:10:00,54,26.0,8.5,7.3,1,150.5,77.0,52.1,7.7,10384,176.1,76.1,46.5,7.7,20.1,174.47,172.75,168.93,161.12,4.61,14.8,15.6,-4.0,3.4,25.6,-0.9,-5.6,0.0,1,0,0,0,1,1,0,3.17,1,0,0,1
PT-128,2026-10-08T11:15:00,54,26.0,8.5,7.3,1,150.5,77.0,52.1,7.7,10384,177.9,77.1,50.6,7.7,22.5,176.07,174.08,170.28,162.24,4.67,16.0,16.2,-2.8,9.0,27.4,0.1,-1.5,0.0,1,0,0,0,1,1,0,3.25,1,0,0,1
PT-128,2026-10-08T11:20:00,54,26.0,8.5,7.3,1,150.5,77.0,52.1,7.7,10384,178.7,74.3,46.5,7.7,19.2,177.57,175.35,171.6,163.49,4.62,15.2,15.8,-5.6,-2.6,28.2,-2.7,-5.6,0.0,1,0,0,0,1,1,0,3.33,1,0,0,1
PT-128,2026-10-08T11:25:00,54,26.0,8.5,7.3,1,150.5,77.0,52.1,7.7,10384,179.9,80.5,47.1,7.7,21.4,178.83,176.65,172.88,164.68,4.63,15.6,15.3,0.8,-5.2,29.4,3.5,-5.0,0.0,1,0,0,0,1,1,0,3.42,1,0,0,1
PT-128,2026-10-08T11:30:00,54,26.0,8.5,7.3,1,150.5,77.0,52.1,7.7,10384,181.6,75.7,44.4,7.7,18.0,180.07,178.07,174.2,166.08,4.66,17.0,15.9,1.0,-3.0,31.1,-1.3,-7.7,0.0,1,0,0,0,1,1,0,3.5,1,0,0,1
PT-128,2026-10-08T11:35:00,54,26.0,8.5,7.3,1,150.5,77.0,52.1,7.7,10384,182.7,73.4,40.6,7.7,10.1,181.4,179.48,175.5,167.44,4.68,17.0,15.6,-3.8,-11.2,32.2,-3.6,-11.5,0.0,1,0,0,0,1,1,0,3.58,1,0,0,1
PT-128,2026-10-08T11:40:00,54,26.0,8.5,7.3,1,150.5,77.0,52.1,7.7,10384,184.0,77.5,48.5,7.7,19.0,182.77,180.8,176.77,168.8,4.74,15.8,15.3,2.8,4.0,33.5,0.5,-3.6,0.0,1,0,0,0,1,1,0,3.67,1,0,0,1
PT-128,2026-10-08T11:45:00,54,26.0,8.5,7.3,1,150.5,77.0,52.1,7.7,10384,185.8,77.2,47.1,7.7,6.9,184.17,182.12,178.1,170.19,4.87,15.8,15.9,0.2,-7.0,35.3,0.2,-5.0,0.0,1,0,0,0,1,1,0,3.75,1,0,0,1
PT-128,2026-10-08T11:50:00,54,26.0,8.5,7.3,1,150.5,77.0,52.1,7.7,10384,187.0,82.2,46.8,7.7,6.4,185.6,183.5,179.42,171.55,4.95,16.6,15.9,15.8,0.6,36.5,5.2,-5.3,0.0,1,0,0,0,1,1,0,3.83,1,0,0,1
PT-128,2026-10-08T11:55:00,54,26.0,8.5,7.3,1,150.5,77.0,52.1,7.7,10384,188.4,76.6,44.2,7.7,8.8,187.07,184.92,180.78,172.91,4.99,17.0,16.3,-7.8,-5.8,37.9,-0.4,-7.9,0.0,1,0,0,0,1,1,0,3.92,1,0,0,1
PT-128,2026-10-08T12:00:00,54,26.0,8.5,7.3,1,150.5,77.0,52.1,7.7,10384,189.3,77.3,45.3,7.7,21.7,188.23,186.2,182.13,174.23,4.92,15.4,16.2,3.2,1.8,38.8,0.3,-6.8,0.0,0,1,0,0,1,1,0,4.0,1,0,0,1
PT-128,2026-10-08T12:05:00,54,26.0,8.5,7.3,1,150.5,77.0,52.1,7.7,10384,190.2,74.0,44.9,7.7,13.3,189.3,187.45,183.47,175.55,4.74,15.0,16.0,1.2,8.6,39.7,-3.0,-7.2,0.0,0,1,0,0,1,1,0,4.08,1,0,0,1
PT-128,2026-10-08T12:10:00,54,26.0,8.5,7.3,1,150.5,77.0,52.1,7.7,10384,191.9,76.3,45.1,7.7,23.9,190.47,188.77,184.78,176.86,4.7,15.8,15.8,-2.4,-6.8,41.4,-0.7,-7.0,0.0,0,1,0,0,1,1,0,4.17,1,0,0,1
PT-128,2026-10-08T12:15:00,54,26.0,8.5,7.3,1,150.5,77.0,52.1,7.7,10384,192.8,70.7,44.9,7.7,6.7,191.63,189.93,186.02,178.15,4.68,14.0,14.9,-13.0,-4.4,42.3,-6.3,-7.2,0.0,0,1,0,0,1,1,0,4.25,1,0,0,1
PT-128,2026-10-08T12:20:00,54,26.0,8.5,7.3,1,150.5,77.0,52.1,7.7,10384,194.5,74.8,50.8,7.7,10.1,193.07,191.18,187.34,179.47,4.66,15.0,15.8,-14.8,8.0,44.0,-2.2,-1.3,0.0,0,1,0,0,1,1,0,4.33,1,0,0,1
PT-128,2026-10-08T12:25:00,54,26.0,8.5,7.3,1,150.5,77.0,52.1,7.7,10384,196.4,76.8,48.6,7.7,16.7,194.57,192.52,188.72,180.8,4.7,16.0,16.5,0.4,8.8,45.9,-0.2,-3.5,0.0,0,1,0,0,1,1,0,4.42,1,0,0,1
PT-128,2026-10-08T12:30:00,54,26.0,8.5,7.3,1,150.5,77.0,52.1,7.7,10384,197.9,75.6,47.4,7.7,7.0,196.27,193.95,190.07,182.14,4.81,17.2,16.3,-3.4,4.2,47.4,-1.4,-4.7,0.0,0,1,0,0,1,1,0,4.5,1,0,0,1
PT-128,2026-10-08T12:35:00,54,26.0,8.5,7.3,1,150.5,77.0,52.1,7.7,10384,199.2,79.6,47.7,7.7,12.6,197.83,195.45,191.45,183.48,4.86,18.0,16.5,11.2,5.6,48.7,2.6,-4.4,0.0,0,1,0,0,1,1,0,4.58,1,0,0,1
PT-128,2026-10-08T12:40:00,54,26.0,8.5,7.3,1,150.5,77.0,52.1,7.7,10384,200.2,77.1,44.4,7.7,24.5,199.1,196.83,192.8,184.79,4.86,16.6,16.2,1.6,-1.4,49.7,0.1,-7.7,0.0,0,1,0,0,1,1,0,4.67,1,0,0,1
PT-128,2026-10-08T12:45:00,54,26.0,8.5,7.3,1,150.5,77.0,52.1,7.7,10384,201.4,75.0,44.7,7.7,22.6,200.27,198.27,194.1,186.1,4.9,17.2,15.6,8.6,-0.4,50.9,-2.0,-7.4,0.0,0,1,0,0,1,1,0,4.75,1,0,0,1
PT-128,2026-10-08T12:50:00,54,26.0,8.5,7.3,1,150.5,77.0,52.1,7.7,10384,203.1,77.4,42.0,7.7,13.7,201.57,199.7,195.44,187.43,4.98,17.2,16.1,5.2,-17.6,52.6,0.4,-10.1,0.0,0,1,0,0,1,1,0,4.83,1,0,0,1
PT-128,2026-10-08T12:55:00,54,26.0,8.5,7.3,1,150.5,77.0,52.1,7.7,10384,204.6,78.3,45.7,7.7,17.0,203.03,201.07,196.79,188.79,5.09,16.4,16.2,3.0,-5.8,54.1,1.3,-6.4,0.0,0,1,0,0,1,1,0,4.92,1,0,0,1
PT-128,2026-10-08T13:00:00,54,26.0,8.5,7.3,1,150.5,77.0,52.1,7.7,10384,205.6,76.5,46.6,7.7,22.5,204.43,202.35,198.15,190.14,5.09,15.4,16.3,1.8,-1.6,55.1,-0.5,-5.5,0.0,0,1,0,0,1,1,0,5.0,1,0,0,1
PT-128,2026-10-08T13:05:00,54,26.0,8.5,7.3,1,150.5,77.0,52.1,7.7,10384,206.7,79.6,44.2,7.7,29.2,205.63,203.6,199.52,191.5,4.97,15.0,16.5,0.0,-7.0,56.2,2.6,-7.9,0.0,0,1,0,0,1,1,0,5.08,1,0,0,1
PT-128,2026-10-08T13:10:00,54,26.0,8.5,7.3,1,150.5,77.0,52.1,7.7,10384,208.5,74.8,43.7,7.7,27.7,206.93,204.98,200.91,192.85,4.97,16.6,16.6,-4.6,-1.4,58.0,-2.2,-8.4,0.0,0,1,0,0,1,1,0,5.17,1,0,0,1
PT-128,2026-10-08T13:15:00,54,26.0,8.5,7.3,1,150.5,77.0,52.1,7.7,10384,209.7,75.1,46.5,7.7,16.2,208.3,206.37,202.32,194.17,4.85,16.6,16.9,0.2,3.6,59.2,-1.9,-5.6,0.0,0,1,0,0,1,1,0,5.25,1,0,0,1
PT-128,2026-10-08T13:20:00,54,26.0,8.5,7.3,1,150.5,77.0,52.1,7.7,10384,211.2,76.1,46.1,7.7,20.1,209.8,207.72,203.71,195.52,4.8,16.2,16.7,-2.6,8.2,60.7,-0.9,-6.0,0.0,0,1,0,0,1,1,0,5.33,1,0,0,1
PT-128,2026-10-08T13:25:00,54,26.0,8.5,7.3,1,150.5,77.0,52.1,7.7,10384,212.3,77.3,49.3,7.7,18.1,211.07,209.0,205.03,196.88,4.8,15.4,15.9,-2.0,7.2,61.8,0.3,-2.8,0.0,0,1,0,0,1,1,0,5.42,1,0,0,1
PT-128,2026-10-08T13:30:00,54,26.0,8.5,7.3,1,150.5,77.0,52.1,7.7,10384,214.1,72.3,47.2,7.7,30.4,212.53,210.42,206.38,198.23,4.89,17.0,16.2,-8.4,1.2,63.6,-4.7,-4.9,0.0,0,1,0,0,1,1,0,5.5,1,0,0,1
PT-128,2026-10-08T13:35:00,54,26.0,8.5,7.3,1,150.5,77.0,52.1,7.7,10384,215.3,80.5,48.6,7.7,17.7,213.9,211.85,207.72,199.59,4.94,17.2,16.1,1.8,8.8,64.8,3.5,-3.5,0.0,0,1,0,0,1,1,0,5.58,1,0,0,1
PT-128,2026-10-08T13:40:00,54,26.0,8.5,7.3,1,150.5,77.0,52.1,7.7,10384,216.6,78.5,44.4,7.7,30.9,215.33,213.2,209.09,200.95,4.94,16.2,16.4,7.4,1.4,66.1,1.5,-7.7,0.0,0,1,0,0,1,1,0,5.67,1,0,0,1
PT-128,2026-10-08T13:45:00,54,26.0,8.5,7.3,1,150.5,77.0,52.1,7.7,10384,217.9,82.3,46.4,7.7,16.3,216.6,214.57,210.47,202.28,4.9,16.4,16.5,14.4,-0.2,67.4,5.3,-5.7,0.0,0,1,0,0,1,1,0,5.75,1,0,0,1
PT-128,2026-10-08T13:50:00,54,26.0,8.5,7.3,1,150.5,77.0,52.1,7.7,10384,219.5,74.3,47.0,7.7,20.6,218.0,215.95,211.83,203.64,4.95,16.6,16.4,-3.6,1.8,69.0,-2.7,-5.1,0.0,0,1,0,0,1,1,0,5.83,1,0,0,1
PT-128,2026-10-08T13:55:00,54,26.0,8.5,7.3,1,150.5,77.0,52.1,7.7,10384,221.4,72.9,44.1,7.7,25.6,219.6,217.47,213.23,205.01,5.09,18.2,16.8,-8.8,-10.4,70.9,-4.1,-8.0,0.0,0,1,0,0,1,1,0,5.92,1,0,0,1
PT-128,2026-10-08T14:00:00,54,26.0,8.5,7.3,1,150.5,77.0,52.1,7.7,10384,223.1,77.4,48.5,7.7,21.2,221.33,218.97,214.69,206.42,5.21,18.0,17.5,10.2,2.6,72.6,0.4,-3.6,0.0,0,1,0,0,1,1,0,6.0,1,0,0,1
PT-128,2026-10-08T14:05:00,54,26.0,8.5,7.3,1,150.5,77.0,52.1,7.7,10384,224.9,71.8,47.4,7.7,22.1,223.13,220.57,216.21,207.87,5.32,19.2,18.2,-17.4,-2.4,74.4,-5.2,-4.7,0.0,0,1,0,0,1,1,0,6.08,1,0,0,1
PT-128,2026-10-08T14:10:00,54,26.0,8.5,7.3,1,150.5,77.0,52.1,7.7,10384,225.8,75.8,49.4,7.7,7.0,224.6,222.1,217.65,209.28,5.38,18.4,17.3,-5.4,10.0,75.3,-1.2,-2.7,0.0,0,1,0,0,1,1,0,6.17,1,0,0,1
PT-128,2026-10-08T14:15:00,54,26.0,8.5,7.3,1,150.5,77.0,52.1,7.7,10384,227.6,78.3,46.5,7.7,7.7,226.1,223.72,219.14,210.73,5.46,19.4,17.9,-8.0,0.2,77.1,1.3,-5.6,0.0,0,1,0,0,1,1,0,6.25,1,0,0,1
PT-128,2026-10-08T14:20:00,54,26.0,8.5,7.3,1,150.5,77.0,52.1,7.7,10384,228.6,73.8,49.2,7.7,7.4,227.33,225.23,220.59,212.15,5.47,18.2,17.4,-1.0,4.4,78.1,-3.2,-2.9,0.0,0,1,0,0,1,1,0,6.33,1,0,0,1
PT-128,2026-10-08T14:25:00,54,26.0,8.5,7.3,1,150.5,77.0,52.1,7.7,10384,230.4,78.2,47.3,7.7,16.9,228.87,226.73,222.1,213.57,5.47,18.0,18.1,10.6,6.4,79.9,1.2,-4.8,0.0,0,1,0,0,1,1,0,6.42,1,0,0,1
PT-128,2026-10-08T14:30:00,54,26.0,8.5,7.3,1,150.5,77.0,52.1,7.7,10384,231.8,76.3,48.4,7.7,12.7,230.27,228.18,223.58,214.98,5.5,17.4,17.7,-2.2,-0.2,81.3,-0.7,-3.7,0.0,0,1,0,0,1,1,0,6.5,1,0,0,1
PT-128,2026-10-08T14:35:00,54,26.0,8.5,7.3,1,150.5,77.0,52.1,7.7,10384,233.1,80.9,46.0,7.7,17.2,231.77,229.55,225.06,216.39,5.47,16.4,17.8,18.2,-2.8,82.6,3.9,-6.1,0.0,0,1,0,0,1,1,0,6.58,1,0,0,1
PT-128,2026-10-08T14:40:00,54,26.0,8.5,7.3,1,150.5,77.0,52.1,7.7,10384,235.0,79.7,47.5,7.7,15.4,233.3,231.08,226.59,217.84,5.46,18.4,18.4,7.8,-3.8,84.5,2.7,-4.6,0.0,0,1,0,0,1,1,0,6.67,1,0,0,1
PT-128,2026-10-08T14:45:00,54,26.0,8.5,7.3,1,150.5,77.0,52.1,7.7,10384,236.0,73.3,49.4,7.7,23.8,234.7,232.48,228.1,219.28,5.34,16.8,18.1,-10.0,5.8,85.5,-3.7,-2.7,0.0,0,1,0,0,1,1,0,6.75,1,0,0,1
PT-128,2026-10-08T14:50:00,54,26.0,8.5,7.3,1,150.5,77.0,52.1,7.7,10384,237.4,78.0,46.7,7.7,20.5,236.13,233.95,229.59,220.71,5.22,17.6,17.9,8.4,-5.0,86.9,1.0,-5.4,0.0,0,1,0,0,1,1,0,6.83,1,0,0,1
PT-128,2026-10-08T14:55:00,54,26.0,8.5,7.3,1,150.5,77.0,52.1,7.7,10384,238.3,75.2,47.0,7.7,7.8,237.23,235.27,231.0,222.12,5.09,15.8,16.9,-6.0,-0.6,87.8,-1.8,-5.1,0.0,0,1,0,0,1,1,0,6.92,1,0,0,1
PT-128,2026-10-08T15:00:00,54,26.0,8.5,7.3,1,150.5,77.0,52.1,7.7,10384,240.3,73.8,47.7,7.7,12.9,238.67,236.68,232.43,223.56,5.08,17.0,17.2,-5.0,-1.4,89.8,-3.2,-4.4,0.0,0,1,0,0,1,1,0,7.0,1,0,0,1
PT-128,2026-10-08T15:05:00,54,26.0,8.5,7.3,1,150.5,77.0,52.1,7.7,10384,241.7,79.1,45.9,7.7,6.9,240.1,238.12,233.83,225.02,5.13,17.2,16.8,-3.6,-0.2,91.2,2.1,-6.2,0.0,0,1,0,0,1,1,0,7.08,1,0,0,1
PT-128,2026-10-08T15:10:00,54,26.0,8.5,7.3,1,150.5,77.0,52.1,7.7,10384,243.6,80.6,44.3,7.7,19.2,241.87,239.55,235.32,226.48,5.17,17.2,17.8,1.8,-6.4,93.1,3.6,-7.8,0.0,0,1,0,0,1,1,0,7.17,1,0,0,1
PT-128,2026-10-08T15:15:00,54,26.0,8.5,7.3,1,150.5,77.0,52.1,7.7,10384,244.6,76.7,47.4,7.7,5.8,243.3,240.98,236.73,227.94,5.19,17.2,17.0,6.8,-4.0,94.1,-0.3,-4.7,0.0,0,1,0,0,1,1,0,7.25,1,0,0,1
PT-128,2026-10-08T15:20:00,54,26.0,8.5,7.3,1,150.5,77.0,52.1,7.7,10384,246.3,77.3,45.0,7.7,18.3,244.83,242.47,238.21,229.4,5.19,17.8,17.7,-1.4,-3.4,95.8,0.3,-7.1,0.0,0,1,0,0,1,1,0,7.33,1,0,0,1
PT-128,2026-10-08T15:25:00,54,26.0,8.5,7.3,1,150.5,77.0,52.1,7.7,10384,247.8,76.8,44.8,7.7,17.8,246.23,244.05,239.66,230.88,5.24,19.0,17.4,3.2,-4.4,97.3,-0.2,-7.3,0.0,0,1,0,0,1,1,0,7.42,1,0,0,1
PT-128,2026-10-08T15:30:00,54,26.0,8.5,7.3,1,150.5,77.0,52.1,7.7,10384,248.6,78.2,45.8,7.7,20.3,247.57,245.43,241.06,232.32,5.19,16.6,16.8,8.8,-3.8,98.1,1.2,-6.3,0.0,0,1,0,0,1,1,0,7.5,1,0,0,1
PT-128,2026-10-08T15:35:00,54,26.0,8.5,7.3,1,150.5,77.0,52.1,7.7,10384,249.4,74.0,44.8,7.7,11.4,248.6,246.72,242.42,233.74,5.05,15.4,16.3,-10.2,-2.2,98.9,-3.0,-7.3,0.0,0,1,0,0,1,1,0,7.58,1,0,0,1
PT-128,2026-10-08T15:40:00,54,26.0,8.5,7.3,1,150.5,77.0,52.1,7.7,10384,250.3,76.4,47.5,7.7,6.0,249.43,247.83,243.69,235.14,4.94,13.4,15.3,-8.4,6.4,99.8,-0.6,-4.6,0.0,0,1,0,0,1,1,0,7.67,1,0,0,1
PT-128,2026-10-08T15:45:00,54,26.0,8.5,7.3,1,150.5,77.0,52.1,7.7,10384,251.1,73.7,45.0,7.7,21.2,250.27,248.92,244.95,236.52,4.72,13.0,15.1,-6.0,-4.8,100.6,-3.3,-7.1,0.0,0,1,0,0,1,1,0,7.75,1,0,0,1
PT-128,2026-10-08T15:50:00,54,26.0,8.5,7.3,1,150.5,77.0,52.1,7.7,10384,253.0,83.9,48.0,7.7,7.9,251.47,250.03,246.25,237.92,4.6,13.4,15.6,13.2,6.0,102.5,6.9,-4.1,0.0,0,1,0,0,1,1,0,7.83,1,0,0,1
PT-128,2026-10-08T15:55:00,54,26.0,8.5,7.3,1,150.5,77.0,52.1,7.7,10384,254.6,75.1,47.4,7.7,19.8,252.9,251.17,247.61,239.3,4.44,13.6,16.3,-3.4,5.2,104.1,-1.9,-4.7,0.0,0,1,0,0,1,1,0,7.92,1,0,0,1
PT-128,2026-10-08T16:00:00,54,26.0,8.5,7.3,1,150.5,77.0,52.1,7.7,10384,255.7,76.7,49.2,7.7,19.7,254.43,252.35,248.89,240.66,4.36,14.2,15.4,-3.0,6.8,105.2,-0.3,-2.9,0.0,0,1,0,0,1,1,0,8.0,1,0,0,1
PT-128,2026-10-08T16:05:00,54,26.0,8.5,7.3,1,150.5,77.0,52.1,7.7,10384,257.4,75.8,49.4,7.7,24.8,255.9,253.68,250.2,242.02,4.36,16.0,15.7,3.6,9.2,106.9,-1.2,-2.7,0.0,0,1,0,0,1,1,0,8.08,1,0,0,1
PT-128,2026-10-08T16:10:00,54,26.0,8.5,7.3,1,150.5,77.0,52.1,7.7,10384,259.0,76.2,49.0,7.7,17.9,257.37,255.13,251.48,243.4,4.51,17.4,15.4,-0.4,3.0,108.5,-0.8,-3.1,0.0,0,1,0,0,1,1,0,8.17,1,0,0,1
PT-128,2026-10-08T16:15:00,54,26.0,8.5,7.3,1,150.5,77.0,52.1,7.7,10384,260.3,79.2,46.4,7.7,9.2,258.9,256.67,252.79,244.76,4.6,18.4,15.7,11.0,2.8,109.8,2.2,-5.7,0.0,0,1,0,0,1,1,0,8.25,1,0,0,1
PT-128,2026-10-08T16:20:00,54,26.0,8.5,7.3,1,150.5,77.0,52.1,7.7,10384,262.1,72.7,46.3,7.7,18.2,260.47,258.18,254.11,246.16,4.83,18.2,15.8,-22.4,-3.4,111.6,-4.3,-5.8,0.0,0,1,0,0,1,1,0,8.33,1,0,0,1
PT-128,2026-10-08T16:25:00,54,26.0,8.5,7.3,1,150.5,77.0,52.1,7.7,10384,263.7,75.5,50.0,7.7,10.1,262.03,259.7,255.43,247.55,5.12,18.2,15.9,0.8,5.2,113.2,-1.5,-2.1,0.0,0,1,0,0,1,1,0,8.42,1,0,0,1
PT-128,2026-10-08T16:30:00,54,26.0,8.5,7.3,1,150.5,77.0,52.1,7.7,10384,265.1,79.8,43.7,7.7,10.6,263.63,261.27,256.81,248.93,5.33,18.8,16.5,6.2,-11.0,114.6,2.8,-8.4,0.0,0,1,0,0,1,1,0,8.5,1,0,0,1
PT-128,2026-10-08T16:35:00,54,26.0,8.5,7.3,1,150.5,77.0,52.1,7.7,10384,265.9,76.5,45.0,7.7,11.3,264.9,262.68,258.18,250.3,5.37,17.0,16.5,1.4,-8.8,115.4,-0.5,-7.1,0.0,0,1,0,0,1,1,0,8.58,1,0,0,1
PT-128,2026-10-08T16:40:00,54,26.0,8.5,7.3,1,150.5,77.0,52.1,7.7,10384,267.8,76.2,48.1,7.7,11.3,266.27,264.15,259.64,251.67,5.41,17.6,17.5,0.0,-1.8,117.3,-0.8,-4.0,0.0,0,1,0,0,1,1,0,8.67,1,0,0,1
PT-128,2026-10-08T16:45:00,54,26.0,8.5,7.3,1,150.5,77.0,52.1,7.7,10384,268.8,76.6,46.0,7.7,10.7,267.5,265.57,261.12,253.03,5.28,17.0,17.7,-5.2,-0.8,118.3,-0.4,-6.1,0.0,0,1,0,0,1,1,0,8.75,1,0,0,1
PT-128,2026-10-08T16:50:00,54,26.0,8.5,7.3,1,150.5,77.0,52.1,7.7,10384,269.8,75.7,45.3,7.7,17.2,268.8,266.85,262.52,254.38,5.16,15.4,16.8,6.0,-2.0,119.3,-1.3,-6.8,0.0,0,1,0,0,1,1,0,8.83,1,0,0,1
PT-128,2026-10-08T16:55:00,54,26.0,8.5,7.3,1,150.5,77.0,52.1,7.7,10384,271.2,73.6,45.1,7.7,11.6,269.93,268.1,263.9,255.75,5.07,15.0,16.6,-3.8,-9.8,120.7,-3.4,-7.0,0.0,0,1,0,0,1,1,0,8.92,1,0,0,1
PT-128,2026-10-08T17:00:00,54,26.0,8.5,7.3,1,150.5,77.0,52.1,7.7,10384,272.7,78.7,46.0,7.7,67.5,271.23,269.37,265.32,257.1,4.94,15.2,17.0,-2.2,4.6,122.2,1.7,-6.1,0.0,0,0,1,0,1,1,0,9.0,1,0,0,1
PT-128,2026-10-08T17:05:00,54,26.0,8.5,7.3,1,150.5,77.0,52.1,7.7,10384,274.2,77.8,44.8,7.7,63.8,272.7,270.75,266.72,258.46,4.87,16.6,16.8,2.6,-0.4,123.7,0.8,-7.3,0.0,0,0,1,0,1,1,0,9.08,1,0,0,1
PT-128,2026-10-08T17:10:00,54,26.0,8.5,7.3,1,150.5,77.0,52.1,7.7,10384,275.5,76.5,46.3,7.7,68.0,274.13,272.03,268.09,259.79,4.83,15.4,16.5,0.6,-3.6,125.0,-0.5,-5.8,0.0,0,0,1,0,1,1,0,9.17,1,0,0,1
PT-128,2026-10-08T17:15:00,54,26.0,8.5,7.3,1,150.5,77.0,52.1,7.7,10384,277.1,76.1,46.7,7.7,74.0,275.6,273.42,269.49,261.14,4.8,16.6,16.8,-1.0,1.4,126.6,-0.9,-5.4,0.0,0,0,1,0,1,1,0,9.25,1,0,0,1
PT-128,2026-10-08T17:20:00,54,26.0,8.5,7.3,1,150.5,77.0,52.1,7.7,10384,278.4,82.7,47.2,7.7,46.7,277.0,274.85,270.85,262.48,4.82,17.2,16.3,14.0,3.8,127.9,5.7,-4.9,0.0,0,0,1,0,1,1,0,9.33,1,0,0,1
PT-128,2026-10-08T17:25:00,54,26.0,8.5,7.3,1,150.5,77.0,52.1,7.7,10384,279.9,75.2,47.3,7.7,71.8,278.47,276.3,272.2,263.82,4.91,17.4,16.2,3.2,4.4,129.4,-1.8,-4.8,0.0,0,0,1,0,1,1,0,9.42,1,0,0,1
PT-128,2026-10-08T17:30:00,54,26.0,8.5,7.3,1,150.5,77.0,52.1,7.7,10384,281.6,76.9,46.1,7.7,46.3,279.97,277.78,273.58,265.19,5.04,17.8,16.5,-3.6,0.2,131.1,-0.1,-6.0,0.0,0,0,1,0,1,1,0,9.5,1,0,0,1
PT-128,2026-10-08T17:35:00,54,26.0,8.5,7.3,1,150.5,77.0,52.1,7.7,10384,283.0,78.9,45.7,7.7,50.4,281.5,279.25,275.0,266.59,5.09,17.6,17.1,2.2,1.8,132.5,1.9,-6.4,0.0,0,0,1,0,1,1,0,9.58,1,0,0,1
PT-128,2026-10-08T17:40:00,54,26.0,8.5,7.3,1,150.5,77.0,52.1,7.7,10384,284.3,76.8,46.6,7.7,71.9,282.97,280.72,276.38,268.01,5.2,17.6,16.5,0.6,0.6,133.8,-0.2,-5.5,0.0,0,0,1,0,1,1,0,9.67,1,0,0,1
PT-128,2026-10-08T17:45:00,54,26.0,8.5,7.3,1,150.5,77.0,52.1,7.7,10384,285.7,76.7,45.0,7.7,72.1,284.33,282.15,277.78,269.45,5.25,17.2,16.9,1.2,-3.4,135.2,-0.3,-7.1,0.0,0,0,1,0,1,1,0,9.75,1,0,0,1
PT-128,2026-10-08T17:50:00,54,26.0,8.5,7.3,1,150.5,77.0,52.1,7.7,10384,287.7,80.9,44.8,7.7,60.1,285.9,283.7,279.27,270.9,5.32,18.6,17.9,-3.6,-4.8,137.2,3.9,-7.3,0.0,0,0,1,0,1,1,0,9.83,1,0,0,1
PT-128,2026-10-08T17:55:00,54,26.0,8.5,7.3,1,150.5,77.0,52.1,7.7,10384,288.8,75.9,48.5,7.7,53.0,287.4,285.18,280.74,272.32,5.32,17.8,17.6,1.4,2.4,138.3,-1.1,-3.6,0.0,0,0,1,0,1,1,0,9.92,1,0,0,1
PT-128,2026-10-08T18:00:00,54,26.0,8.5,7.3,1,150.5,77.0,52.1,7.7,10384,290.0,78.4,46.9,7.7,61.5,288.83,286.58,282.18,273.75,5.28,16.8,17.3,3.0,1.6,139.5,1.4,-5.2,0.0,0,0,1,0,1,1,0,10.0,1,0,0,1
PT-128,2026-10-08T18:05:00,54,26.0,8.5,7.3,1,150.5,77.0,52.1,7.7,10384,290.9,78.0,46.6,7.7,13.6,289.9,287.9,283.58,275.15,5.19,15.8,16.7,-1.8,1.8,140.4,1.0,-5.5,0.0,0,0,1,0,1,1,0,10.08,1,0,0,1
PT-128,2026-10-08T18:10:00,54,26.0,8.5,7.3,1,150.5,77.0,52.1,7.7,10384,292.2,79.1,47.2,7.7,8.0,291.03,289.22,284.97,276.53,5.06,15.8,16.7,4.6,1.2,141.7,2.1,-4.9,0.0,0,0,1,0,1,1,0,10.17,1,0,0,1
PT-128,2026-10-08T18:15:00,54,26.0,8.5,7.3,1,150.5,77.0,52.1,7.7,10384,293.3,78.7,48.0,7.7,20.3,292.13,290.48,286.32,277.9,4.93,15.2,16.2,4.0,6.0,142.8,1.7,-4.1,0.0,0,0,1,0,1,1,0,10.25,1,0,0,1
PT-128,2026-10-08T18:20:00,54,26.0,8.5,7.3,1,150.5,77.0,52.1,7.7,10384,294.4,77.9,47.5,7.7,10.2,293.3,291.6,287.65,279.25,4.76,13.4,16.0,-6.0,5.4,143.9,0.9,-4.6,0.0,0,0,1,0,1,1,0,10.33,1,0,0,1
PT-128,2026-10-08T18:25:00,54,26.0,8.5,7.3,1,150.5,77.0,52.1,7.7,10384,296.2,80.6,46.5,7.7,15.7,294.63,292.83,289.01,280.6,4.67,14.8,16.3,9.4,-4.0,145.7,3.6,-5.6,0.0,0,0,1,0,1,1,0,10.42,1,0,0,1
PT-128,2026-10-08T18:30:00,54,26.0,8.5,7.3,1,150.5,77.0,52.1,7.7,10384,297.1,76.4,45.2,7.7,16.0,295.9,294.02,290.3,281.94,4.58,14.2,15.5,-4.0,-3.4,146.6,-0.6,-6.9,0.0,0,0,1,0,1,1,0,10.5,1,0,0,1
PT-128,2026-10-08T18:35:00,54,26.0,8.5,7.3,1,150.5,77.0,52.1,7.7,10384,298.5,77.2,46.7,7.7,5.7,297.27,295.28,291.59,283.3,4.52,15.2,15.5,-1.6,0.2,148.0,0.2,-5.4,0.0,0,0,1,0,1,1,0,10.58,1,0,0,1
PT-128,2026-10-08T18:40:00,54,26.0,8.5,7.3,1,150.5,77.0,52.1,7.7,10384,300.1,71.1,46.0,7.7,24.1,298.57,296.6,292.91,284.64,4.5,15.8,15.8,-16.0,-2.4,149.6,-5.9,-6.1,0.0,0,0,1,0,1,1,0,10.67,1,0,0,1
PT-128,2026-10-08T18:45:00,54,26.0,8.5,7.3,1,150.5,77.0,52.1,7.7,10384,301.1,80.7,46.3,7.7,7.6,299.9,297.9,294.19,285.99,4.45,15.6,15.4,4.0,-3.4,150.6,3.7,-5.8,0.0,0,0,1,0,1,1,0,10.75,1,0,0,1
PT-128,2026-10-08T18:50:00,54,26.0,8.5,7.3,1,150.5,77.0,52.1,7.7,10384,302.3,79.5,47.4,7.7,23.5,301.17,299.22,295.41,287.34,4.51,15.8,14.6,3.2,-0.2,151.8,2.5,-4.7,0.0,0,0,1,0,1,1,0,10.83,1,0,0,1
PT-128,2026-10-08T18:55:00,54,26.0,8.5,7.3,1,150.5,77.0,52.1,7.7,10384,303.7,77.5,48.3,7.7,17.8,302.37,300.47,296.65,288.7,4.58,15.0,14.9,-6.2,3.6,153.2,0.5,-3.8,0.0,0,0,1,0,1,1,0,10.92,1,0,0,1
PT-128,2026-10-08T19:00:00,54,26.0,8.5,7.3,1,150.5,77.0,52.1,7.7,10384,305.1,76.8,44.7,7.7,12.7,303.7,301.8,297.91,290.05,4.66,16.0,15.1,0.8,-1.0,154.6,-0.2,-7.4,0.0,0,0,1,0,1,1,0,11.0,1,0,0,1
PT-128,2026-10-08T19:05:00,54,26.0,8.5,7.3,1,150.5,77.0,52.1,7.7,10384,306.3,76.0,48.0,7.7,15.8,305.03,303.1,299.19,291.38,4.67,15.6,15.4,-2.4,2.6,155.8,-1.0,-4.1,0.0,0,0,1,0,1,1,0,11.08,1,0,0,1
PT-128,2026-10-08T19:10:00,54,26.0,8.5,7.3,1,150.5,77.0,52.1,7.7,10384,308.1,77.0,47.7,7.7,19.0,306.5,304.43,300.52,292.74,4.76,16.0,15.9,11.8,3.4,157.6,0.0,-4.4,0.0,0,0,1,0,1,1,0,11.17,1,0,0,1
PT-128,2026-10-08T19:15:00,54,26.0,8.5,7.3,1,150.5,77.0,52.1,7.7,10384,309.5,78.0,41.0,7.7,14.9,307.97,305.83,301.87,294.09,4.83,16.8,16.2,-5.4,-10.6,159.0,1.0,-11.1,0.0,0,0,1,0,1,1,0,11.25,1,0,0,1
PT-128,2026-10-08T19:20:00,54,26.0,8.5,7.3,1,150.5,77.0,52.1,7.7,10384,310.8,76.4,47.1,7.7,24.5,309.47,307.25,303.23,295.44,4.84,17.0,16.4,-6.2,-0.6,160.3,-0.6,-5.0,0.0,0,0,1,0,1,1,0,11.33,1,0,0,1
PT-128,2026-10-08T19:25:00,54,26.0,8.5,7.3,1,150.5,77.0,52.1,7.7,10384,312.3,76.0,45.6,7.7,9.0,310.87,308.68,304.58,296.79,4.95,17.2,16.1,-3.0,-5.4,161.8,-1.0,-6.5,0.0,0,0,1,0,1,1,0,11.42,1,0,0,1
PT-128,2026-10-08T19:30:00,54,26.0,8.5,7.3,1,150.5,77.0,52.1,7.7,10384,313.2,75.4,46.4,7.7,18.2,312.1,310.03,305.92,298.11,4.92,16.2,16.1,-2.8,3.4,162.7,-1.6,-5.7,0.0,0,0,1,0,1,1,0,11.5,1,0,0,1
PT-128,2026-10-08T19:35:00,54,26.0,8.5,7.3,1,150.5,77.0,52.1,7.7,10384,314.4,75.0,44.8,7.7,19.2,313.3,311.38,307.24,299.42,4.88,16.2,15.9,-2.0,-6.4,163.9,-2.0,-7.3,0.0,0,0,1,0,1,1,0,11.58,1,0,0,1
PT-128,2026-10-08T19:40:00,54,26.0,8.5,7.3,1,150.5,77.0,52.1,7.7,10384,315.2,76.1,45.0,7.7,22.9,314.27,312.57,308.5,300.7,4.82,14.2,15.1,-1.8,-5.4,164.7,-0.9,-7.1,0.0,0,0,1,0,1,1,0,11.67,1,0,0,1
PT-128,2026-10-08T19:45:00,54,26.0,8.5,7.3,1,150.5,77.0,52.1,7.7,10384,316.8,76.6,45.6,7.7,10.8,315.47,313.78,309.81,302.0,4.76,14.6,15.7,-2.8,9.2,166.3,-0.4,-6.5,0.0,0,0,1,0,1,1,0,11.75,1,0,0,1
PT-128,2026-10-08T19:50:00,54,26.0,8.5,7.3,1,150.5,77.0,52.1,7.7,10384,318.6,73.6,48.0,7.7,25.0,316.87,315.08,311.17,303.29,4.75,15.6,16.3,-5.6,1.8,168.1,-3.4,-4.1,0.0,0,0,1,0,1,1,0,11.83,1,0,0,1
PT-128,2026-10-08T19:55:00,54,26.0,8.5,7.3,1,150.5,77.0,52.1,7.7,10384,320.5,78.4,47.5,7.7,18.9,318.63,316.45,312.57,304.61,4.82,16.4,16.8,4.8,3.8,170.0,1.4,-4.6,0.0,0,0,1,0,1,1,0,11.92,1,0,0,1
PT-128,2026-10-08T20:00:00,54,26.0,8.5,7.3,1,150.5,77.0,52.1,7.7,10384,321.4,72.7,46.3,7.7,17.3,320.17,317.82,313.92,305.92,4.82,16.4,16.3,-5.4,-0.2,170.9,-4.3,-5.8,0.0,0,0,1,0,1,1,0,0.0,1,0,0,1
PT-128,2026-10-08T20:05:00,54,26.0,8.5,7.3,1,150.5,77.0,52.1,7.7,10384,322.7,75.8,47.0,7.7,12.2,321.53,319.2,315.29,307.24,4.79,16.6,16.4,1.6,4.4,172.2,-1.2,-5.1,0.0,0,0,1,0,1,1,0,0.08,1,0,0,1
PT-128,2026-10-08T20:10:00,54,26.0,8.5,7.3,1,150.5,77.0,52.1,7.7,10384,324.3,79.5,49.9,7.7,14.8,322.8,320.72,316.64,308.58,4.86,18.2,16.2,6.8,9.8,173.8,2.5,-2.2,0.0,0,0,1,0,1,1,0,0.17,1,0,0,1
PT-128,2026-10-08T20:15:00,54,26.0,8.5,7.3,1,150.5,77.0,52.1,7.7,10384,325.3,80.8,48.2,7.7,21.7,324.1,322.13,317.96,309.91,4.89,17.0,15.8,8.4,5.2,174.8,3.8,-3.9,0.0,0,0,1,0,1,1,0,0.25,1,0,0,1
PT-128,2026-10-08T20:20:00,54,26.0,8.5,7.3,1,150.5,77.0,52.1,7.7,10384,326.3,75.0,45.1,7.7,17.4,325.3,323.42,319.25,311.24,4.87,15.4,15.5,2.8,-5.8,175.8,-2.0,-7.0,0.0,0,0,1,0,1,1,0,0.33,1,0,0,1
PT-128,2026-10-08T20:25:00,54,26.0,8.5,7.3,1,150.5,77.0,52.1,7.7,10384,327.7,76.7,46.9,7.7,7.2,326.43,324.62,320.53,312.55,4.9,14.4,15.4,-3.4,-1.2,177.2,-0.3,-5.2,0.0,0,0,1,0,1,1,0,0.42,1,0,0,1
PT-128,2026-10-08T20:30:00,54,26.0,8.5,7.3,1,150.5,77.0,52.1,7.7,10384,329.3,76.7,44.3,7.7,8.9,327.77,325.93,321.88,313.9,4.92,15.8,16.1,8.0,-4.0,178.8,-0.3,-7.8,0.0,0,0,1,0,1,1,0,0.5,1,0,0,1
PT-128,2026-10-08T20:35:00,54,26.0,8.5,7.3,1,150.5,77.0,52.1,7.7,10384,330.5,74.6,43.8,7.7,21.0,329.17,327.23,323.22,315.23,4.89,15.6,16.1,-2.4,-6.4,180.0,-2.4,-8.3,0.0,0,0,1,0,1,1,0,0.58,1,0,0,1
PT-128,2026-10-08T20:40:00,54,26.0,8.5,7.3,1,150.5,77.0,52.1,7.7,10384,331.8,78.7,44.6,7.7,8.6,330.53,328.48,324.6,316.55,4.76,15.0,16.6,-1.6,-10.6,181.3,1.7,-7.5,0.0,0,0,1,0,1,1,0,0.67,1,0,0,1
PT-128,2026-10-08T20:45:00,54,26.0,8.5,7.3,1,150.5,77.0,52.1,7.7,10384,333.0,72.1,43.8,7.7,17.6,331.77,329.77,325.95,317.88,4.64,15.4,16.2,-17.4,-8.8,182.5,-4.9,-8.3,0.0,0,0,1,0,1,1,0,0.75,1,0,0,1
PT-128,2026-10-08T20:50:00,54,26.0,8.5,7.3,1,150.5,77.0,52.1,7.7,10384,334.1,80.0,46.7,7.7,5.0,332.97,331.07,327.24,319.2,4.57,15.6,15.5,10.0,3.2,183.6,3.0,-5.4,0.0,0,0,1,0,1,1,0,0.83,1,0,0,1
PT-128,2026-10-08T20:55:00,54,26.0,8.5,7.3,1,150.5,77.0,52.1,7.7,10384,336.0,72.6,44.0,7.7,23.9,334.37,332.45,328.53,320.55,4.68,16.6,15.5,-8.2,-5.8,185.5,-4.4,-8.1,0.0,0,0,1,0,1,1,0,0.92,1,0,0,1
PT-128,2026-10-08T21:00:00,54,26.0,8.5,7.3,1,150.5,77.0,52.1,7.7,10384,337.6,76.4,45.5,7.7,19.4,335.9,333.83,329.88,321.9,4.77,16.6,16.2,-0.6,2.4,187.1,-0.6,-6.6,0.0,0,0,1,0,1,1,0,1.0,1,0,0,1
PT-128,2026-10-08T21:05:00,54,26.0,8.5,7.3,1,150.5,77.0,52.1,7.7,10384,338.6,77.3,45.7,7.7,10.8,337.4,335.18,331.21,323.25,4.8,16.2,15.9,5.4,3.8,188.1,0.3,-6.4,0.0,0,0,1,0,1,1,0,1.08,1,0,0,1
PT-128,2026-10-08T21:10:00,54,26.0,8.5,7.3,1,150.5,77.0,52.1,7.7,10384,339.8,74.3,46.8,7.7,10.6,338.67,336.52,332.5,324.57,4.86,16.0,15.5,-8.8,4.4,189.3,-2.7,-5.3,0.0,0,0,1,0,1,1,0,1.17,1,0,0,1
PT-128,2026-10-08T21:15:00,54,26.0,8.5,7.3,1,150.5,77.0,52.1,7.7,10384,341.7,80.8,45.5,7.7,17.7,340.03,337.97,333.87,325.91,4.95,17.4,16.4,17.4,3.4,191.2,3.8,-6.6,0.0,0,0,1,0,1,1,0,1.25,1,0,0,1
PT-128,2026-10-08T21:20:00,54,26.0,8.5,7.3,1,150.5,77.0,52.1,7.7,10384,343.0,74.7,45.9,7.7,14.3,341.5,339.45,335.26,327.25,4.98,17.8,16.7,-10.6,-1.6,192.5,-2.3,-6.2,0.0,0,0,1,0,1,1,0,1.33,1,0,0,1
PT-128,2026-10-08T21:25:00,54,26.0,8.5,7.3,1,150.5,77.0,52.1,7.7,10384,344.2,80.5,43.1,7.7,7.3,342.97,340.82,336.63,328.58,4.98,16.4,16.5,15.8,-1.8,193.7,3.5,-9.0,0.0,0,0,1,0,1,1,0,1.42,1,0,0,1
PT-128,2026-10-08T21:30:00,54,26.0,8.5,7.3,1,150.5,77.0,52.1,7.7,10384,345.5,78.9,42.4,7.7,23.1,344.23,342.13,337.98,329.93,5.01,15.8,16.2,5.0,-6.2,195.0,1.9,-9.7,0.0,0,0,1,0,1,1,0,1.5,1,0,0,1
PT-128,2026-10-08T21:35:00,54,26.0,8.5,7.3,1,150.5,77.0,52.1,7.7,10384,346.5,78.1,41.0,7.7,15.2,345.4,343.45,339.32,331.27,4.97,15.8,16.0,1.6,-9.4,196.0,1.1,-11.1,0.0,0,0,1,0,1,1,0,1.58,1,0,0,1
PT-128,2026-10-08T21:40:00,54,26.0,8.5,7.3,1,150.5,77.0,52.1,7.7,10384,348.1,74.5,48.3,7.7,9.4,346.7,344.83,340.68,332.64,4.95,16.6,16.3,0.4,3.0,197.6,-2.5,-3.8,0.0,0,0,1,0,1,1,0,1.67,1,0,0,1
PT-128,2026-10-08T21:45:00,54,26.0,8.5,7.3,1,150.5,77.0,52.1,7.7,10384,349.2,75.4,42.2,7.7,18.5,347.93,346.08,342.02,333.99,4.88,15.0,16.2,-10.8,-6.6,198.7,-1.6,-9.9,0.0,0,0,1,0,1,1,0,1.75,1,0,0,1
PT-128,2026-10-08T21:50:00,54,26.0,8.5,7.3,1,150.5,77.0,52.1,7.7,10384,351.0,75.7,44.5,7.7,14.3,349.43,347.42,343.43,335.34,4.82,16.0,16.9,2.0,-2.8,200.5,-1.3,-7.6,0.0,0,0,1,0,1,1,0,1.83,1,0,0,1
PT-128,2026-10-08T21:55:00,54,26.0,8.5,7.3,1,150.5,77.0,52.1,7.7,10384,353.0,79.2,42.1,7.7,11.6,351.07,348.88,344.85,336.69,4.93,17.6,17.0,-2.6,-2.0,202.5,2.2,-10.0,0.0,0,0,1,0,1,1,0,1.92,1,0,0,1
PT-129,2026-10-08T08:00:00,43,25.8,6.2,7.1,1,138.9,69.0,57.3,6.9,9509,136.1,75.6,47.2,6.9,23.8,136.1,136.1,136.1,136.1,0.0,0.0,0.0,0.0,0.0,-2.8,6.6,-10.1,0.0,1,0,0,0,3,1,0,0.0,0,0,0,0
PT-129,2026-10-08T08:05:00,43,25.8,6.2,7.1,1,138.9,69.0,57.3,6.9,9509,138.1,71.2,56.3,6.9,17.6,137.1,137.1,137.1,137.1,1.41,0.0,0.0,0.0,0.0,-0.8,2.2,-1.0,0.0,1,0,0,0,3,1,0,0.08,0,0,0,0
PT-129,2026-10-08T08:10:00,43,25.8,6.2,7.1,1,138.9,69.0,57.3,6.9,9509,134.5,71.2,57.5,6.9,23.2,136.23,136.23,136.23,136.23,1.8,0.0,0.0,0.0,0.0,-4.4,2.2,0.2,0.0,1,0,0,0,3,1,0,0.17,0,0,0,0
PT-129,2026-10-08T08:15:00,43,25.8,6.2,7.1,1,138.9,69.0,57.3,6.9,9509,136.4,75.9,56.4,6.9,14.9,136.33,136.28,136.28,136.28,1.48,0.0,0.0,0.0,0.0,-2.5,6.9,-0.9,0.0,1,0,0,0,3,1,0,0.25,0,0,0,0
PT-129,2026-10-08T08:20:00,43,25.8,6.2,7.1,1,138.9,69.0,57.3,6.9,9509,143.1,74.7,52.6,6.9,16.3,138.0,137.64,137.64,137.64,3.31,0.0,0.0,0.0,0.0,4.2,5.7,-4.7,0.0,1,0,0,0,3,1,0,0.33,0,0,0,0
PT-129,2026-10-08T08:25:00,43,25.8,6.2,7.1,1,138.9,69.0,57.3,6.9,9509,140.9,71.5,55.9,6.9,13.5,140.13,138.18,138.18,138.18,3.24,0.0,0.0,0.0,0.0,2.0,2.5,-1.4,0.0,1,0,0,0,3,1,0,0.42,0,0,0,0
PT-129,2026-10-08T08:30:00,43,25.8,6.2,7.1,1,138.9,69.0,57.3,6.9,9509,140.8,74.9,46.8,6.9,54.5,141.6,138.97,138.56,138.56,3.12,9.4,0.0,-1.4,-0.8,1.9,5.9,-10.5,0.0,1,0,0,0,3,1,0,0.5,0,0,0,0
PT-129,2026-10-08T08:35:00,43,25.8,6.2,7.1,1,138.9,69.0,57.3,6.9,9509,142.4,79.7,47.0,6.9,59.8,141.37,139.68,139.04,139.04,3.19,8.6,0.0,17.0,-18.6,3.5,10.7,-10.3,0.0,1,0,0,0,3,1,0,0.58,0,0,0,0
PT-129,2026-10-08T08:40:00,43,25.8,6.2,7.1,1,138.9,69.0,57.3,6.9,9509,141.3,82.7,51.9,6.9,68.7,141.5,140.82,139.29,139.29,3.08,13.6,0.0,23.0,-11.2,2.4,13.7,-5.4,0.0,1,0,0,0,3,1,0,0.67,0,0,0,0
PT-129,2026-10-08T08:45:00,43,25.8,6.2,7.1,1,138.9,69.0,57.3,6.9,9509,142.6,83.3,51.1,6.9,53.6,142.1,141.85,139.62,139.62,3.09,12.4,0.0,14.8,-10.6,3.7,14.3,-6.2,0.0,1,0,0,0,3,1,0,0.75,0,0,0,0
PT-129,2026-10-08T08:50:00,43,25.8,6.2,7.1,1,138.9,69.0,57.3,6.9,9509,144.6,76.7,48.6,6.9,45.1,142.83,142.1,140.07,140.07,3.29,3.0,0.0,4.0,-8.0,5.7,7.7,-8.7,0.0,1,0,0,0,3,1,0,0.83,0,0,0,0
PT-129,2026-10-08T08:55:00,43,25.8,6.2,7.1,1,138.9,69.0,57.3,6.9,9509,144.7,80.4,51.1,6.9,52.8,143.97,142.73,140.46,140.46,3.41,7.6,0.0,17.8,-9.6,5.8,11.4,-6.2,0.0,1,0,0,0,3,1,0,0.92,0,0,0,0
PT-129,2026-10-08T09:00:00,43,25.8,6.2,7.1,1,138.9,69.0,57.3,6.9,9509,141.9,78.6,49.0,6.9,49.9,143.73,142.92,140.94,140.57,3.14,2.2,5.8,7.4,4.4,3.0,9.6,-8.3,0.0,1,0,0,0,3,1,0,1.0,0,0,0,0
PT-129,2026-10-08T09:05:00,43,25.8,6.2,7.1,1,138.9,69.0,57.3,6.9,9509,139.2,77.4,52.9,6.9,59.3,141.93,142.38,141.03,140.47,3.06,-6.4,1.1,-4.6,11.8,0.3,8.4,-4.4,0.0,1,0,0,0,3,1,0,1.08,0,0,0,0
PT-129,2026-10-08T09:10:00,43,25.8,6.2,7.1,1,138.9,69.0,57.3,6.9,9509,146.4,85.5,44.7,6.9,62.7,142.5,143.23,142.02,140.87,2.65,10.2,11.9,5.6,-14.4,7.5,16.5,-12.6,0.0,1,0,0,0,3,1,0,1.17,0,0,0,0
PT-129,2026-10-08T09:15:00,43,25.8,6.2,7.1,1,138.9,69.0,57.3,6.9,9509,142.0,82.5,50.6,6.9,57.4,142.53,143.13,142.49,140.94,1.98,-1.2,5.6,-1.6,-1.0,3.1,13.5,-6.7,0.0,1,0,0,0,3,1,0,1.25,0,0,0,0
PT-129,2026-10-08T09:20:00,43,25.8,6.2,7.1,1,138.9,69.0,57.3,6.9,9509,148.2,81.3,53.5,6.9,55.9,145.53,143.73,142.92,141.36,2.58,7.2,5.1,9.2,9.8,9.3,12.3,-3.8,0.0,1,0,0,0,3,1,0,1.33,0,0,0,0
PT-129,2026-10-08T09:25:00,43,25.8,6.2,7.1,1,138.9,69.0,57.3,6.9,9509,141.0,83.9,47.9,6.9,58.7,143.73,143.12,142.93,141.34,2.57,-7.4,0.1,7.0,-6.4,2.1,14.9,-9.4,0.0,1,0,0,0,3,1,0,1.42,0,0,0,0
PT-129,2026-10-08T09:30:00,43,25.8,6.2,7.1,1,138.9,69.0,57.3,6.9,9509,141.8,79.6,52.6,6.9,53.1,143.67,143.1,143.01,141.37,2.51,-0.2,1.0,2.0,7.2,2.9,10.6,-4.7,0.0,1,0,0,0,3,1,0,1.5,0,0,0,0
PT-129,2026-10-08T09:35:00,43,25.8,6.2,7.1,1,138.9,69.0,57.3,6.9,9509,142.8,72.7,57.1,6.9,11.0,141.87,143.7,143.04,141.44,2.51,7.2,0.4,-9.4,8.4,3.9,3.7,-0.2,0.0,1,0,0,0,3,1,0,1.58,0,0,0,0
PT-129,2026-10-08T09:40:00,43,25.8,6.2,7.1,1,138.9,69.0,57.3,6.9,9509,140.0,75.0,54.6,6.9,5.8,141.53,142.63,142.93,141.37,2.62,-12.8,-1.3,-21.0,19.8,1.1,6.0,-2.7,0.0,1,0,0,0,3,1,0,1.67,0,0,0,0
PT-129,2026-10-08T09:45:00,43,25.8,6.2,7.1,1,138.9,69.0,57.3,6.9,9509,143.5,75.5,55.7,6.9,13.9,142.1,142.88,143.01,141.47,2.62,3.0,0.9,-14.0,10.2,4.6,6.5,-1.6,0.0,1,0,0,0,3,1,0,1.75,0,0,0,0
PT-129,2026-10-08T09:50:00,43,25.8,6.2,7.1,1,138.9,69.0,57.3,6.9,9509,143.8,76.8,48.4,6.9,22.0,142.43,142.15,142.94,141.57,2.58,-8.8,-0.8,-9.0,-10.2,4.9,7.8,-8.9,0.0,1,0,0,0,3,1,0,1.83,0,0,0,0
PT-129,2026-10-08T09:55:00,43,25.8,6.2,7.1,1,138.9,69.0,57.3,6.9,9509,145.2,75.8,53.8,6.9,19.2,144.17,142.85,142.98,141.72,2.62,8.4,0.5,-16.2,11.8,6.3,6.8,-3.5,0.0,1,0,0,0,3,1,0,1.92,0,0,0,0
PT-129,2026-10-08T10:00:00,43,25.8,6.2,7.1,1,138.9,69.0,57.3,6.9,9509,151.7,72.5,58.4,6.9,5.3,146.9,144.5,143.8,142.37,3.6,19.8,9.8,-14.2,11.6,12.8,3.5,1.1,0.0,1,0,0,0,3,1,0,2.0,0,0,0,0
PT-129,2026-10-08T10:05:00,43,25.8,6.2,7.1,1,138.9,69.0,57.3,6.9,9509,148.5,74.7,59.1,6.9,18.7,148.47,145.45,144.58,142.8,3.52,11.4,9.3,4.0,4.0,9.6,5.7,1.8,0.0,1,0,0,0,3,1,0,2.08,0,0,0,0
PT-129,2026-10-08T10:10:00,43,25.8,6.2,7.1,1,138.9,69.0,57.3,6.9,9509,141.6,77.8,60.3,6.9,11.8,147.27,145.72,144.17,143.1,3.56,3.2,-4.8,5.6,11.4,2.7,8.8,3.0,0.0,1,0,0,0,3,1,0,2.17,0,0,0,0
PT-129,2026-10-08T10:15:00,43,25.8,6.2,7.1,1,138.9,69.0,57.3,6.9,9509,139.2,78.0,56.6,6.9,18.6,143.1,145.0,143.94,143.22,3.8,-8.6,-2.8,5.0,1.8,0.3,9.0,-0.7,0.0,1,0,0,0,3,1,0,2.25,0,0,0,0
PT-129,2026-10-08T10:20:00,43,25.8,6.2,7.1,1,138.9,69.0,57.3,6.9,9509,146.0,76.6,57.6,6.9,8.4,142.27,145.37,143.76,143.34,3.63,4.4,-2.2,-0.4,18.4,7.1,7.6,0.3,0.0,1,0,0,0,3,1,0,2.33,0,0,0,0
PT-129,2026-10-08T10:25:00,43,25.8,6.2,7.1,1,138.9,69.0,57.3,6.9,9509,147.2,75.4,57.6,6.9,8.6,144.13,145.7,144.28,143.6,3.64,4.0,6.2,-0.8,7.6,8.3,6.4,0.3,0.0,1,0,0,0,3,1,0,2.42,0,0,0,0
PT-129,2026-10-08T10:30:00,43,25.8,6.2,7.1,1,138.9,69.0,57.3,6.9,9509,146.5,73.5,52.8,6.9,23.0,146.57,144.83,144.67,143.84,3.6,-10.4,4.7,2.0,-11.2,7.6,4.5,-4.5,0.0,1,0,0,0,3,1,0,2.5,0,0,0,0
PT-129,2026-10-08T10:35:00,43,25.8,6.2,7.1,1,138.9,69.0,57.3,6.9,9509,145.8,75.6,53.8,6.9,21.6,146.5,144.38,144.92,143.98,3.56,-5.4,3.0,1.8,-10.6,6.9,6.6,-3.5,0.0,1,0,0,0,3,1,0,2.58,0,0,0,0
PT-129,2026-10-08T10:40:00,43,25.8,6.2,7.1,1,138.9,69.0,57.3,6.9,9509,136.7,73.8,54.4,6.9,20.2,143.0,143.57,144.64,143.79,4.07,-9.8,-3.3,-8.0,-11.8,-2.2,4.8,-2.9,0.0,1,0,0,0,3,1,0,2.67,0,0,0,0
PT-129,2026-10-08T10:45:00,43,25.8,6.2,7.1,1,138.9,69.0,57.3,6.9,9509,142.2,76.0,54.3,6.9,11.8,141.57,144.07,144.53,143.77,4.12,6.0,-1.3,-4.0,-4.6,3.3,7.0,-3.0,0.0,1,0,0,0,3,1,0,2.75,0,0,0,0
PT-129,2026-10-08T10:50:00,43,25.8,6.2,7.1,1,138.9,69.0,57.3,6.9,9509,147.4,74.7,52.8,6.9,24.6,142.1,144.3,144.83,143.89,4.19,2.8,3.6,-3.8,-9.6,8.5,5.7,-4.5,0.0,1,0,0,0,3,1,0,2.83,0,0,0,0
PT-129,2026-10-08T10:55:00,43,25.8,6.2,7.1,1,138.9,69.0,57.3,6.9,9509,151.5,74.8,52.5,6.9,21.1,147.03,145.02,145.36,144.17,4.61,8.6,6.3,-1.2,-10.2,12.6,5.8,-4.8,0.0,1,0,0,0,3,1,0,2.92,0,0,0,0
PT-129,2026-10-08T11:00:00,43,25.8,6.2,7.1,1,138.9,69.0,57.3,6.9,9509,145.1,75.2,59.6,6.9,16.1,148.0,144.78,144.81,144.3,4.16,-2.8,-6.6,3.4,13.6,6.2,6.2,2.3,0.0,1,0,0,0,3,1,0,3.0,0,0,0,0
PT-129,2026-10-08T11:05:00,43,25.8,6.2,7.1,1,138.9,69.0,57.3,6.9,9509,146.1,73.5,59.5,6.9,5.9,147.57,144.83,144.61,144.59,4.02,0.6,-2.4,-4.2,11.4,7.2,4.5,2.2,0.0,1,0,0,0,3,1,0,3.08,0,0,0,0
PT-129,2026-10-08T11:10:00,43,25.8,6.2,7.1,1,138.9,69.0,57.3,6.9,9509,144.3,74.5,54.6,6.9,9.9,145.17,146.1,144.83,144.5,3.91,15.2,2.7,1.4,0.4,5.4,5.5,-2.7,0.0,1,0,0,0,3,1,0,3.17,0,0,0,0
PT-129,2026-10-08T11:15:00,43,25.8,6.2,7.1,1,138.9,69.0,57.3,6.9,9509,145.7,79.4,54.3,6.9,10.0,145.37,146.68,145.38,144.66,3.49,7.0,6.5,6.8,0.0,6.8,10.4,-3.0,0.0,1,0,0,0,3,1,0,3.25,0,0,0,0
PT-129,2026-10-08T11:20:00,43,25.8,6.2,7.1,1,138.9,69.0,57.3,6.9,9509,143.8,74.5,55.8,6.9,24.8,144.6,146.08,145.19,144.48,3.51,-7.2,-2.2,-0.4,6.0,4.9,5.5,-1.5,0.0,1,0,0,0,3,1,0,3.33,0,0,0,0
PT-129,2026-10-08T11:25:00,43,25.8,6.2,7.1,1,138.9,69.0,57.3,6.9,9509,147.2,72.6,59.1,6.9,7.6,145.57,145.37,145.19,144.73,3.51,-8.6,0.0,-4.4,13.2,8.3,3.6,1.8,0.0,1,0,0,0,3,1,0,3.42,0,0,0,0
PT-129,2026-10-08T11:30:00,43,25.8,6.2,7.1,1,138.9,69.0,57.3,6.9,9509,140.4,74.8,55.0,6.9,20.7,143.8,144.58,144.68,144.67,3.74,-9.4,-6.1,-0.8,-9.2,1.5,5.8,-2.3,0.0,1,0,0,0,3,1,0,3.5,0,0,0,0
PT-129,2026-10-08T11:35:00,43,25.8,6.2,7.1,1,138.9,69.0,57.3,6.9,9509,144.5,74.5,52.5,6.9,7.6,144.03,144.32,144.58,144.75,3.72,-3.2,-1.3,2.0,-14.0,5.6,5.5,-4.8,0.0,1,0,0,0,3,1,0,3.58,0,0,0,0
PT-129,2026-10-08T11:40:00,43,25.8,6.2,7.1,1,138.9,69.0,57.3,6.9,9509,151.4,72.7,60.0,6.9,9.1,145.43,145.5,145.8,145.22,3.29,14.2,14.7,-3.6,10.8,12.5,3.7,2.7,0.0,1,0,0,0,3,1,0,3.67,0,0,0,0
PT-129,2026-10-08T11:45:00,43,25.8,6.2,7.1,1,138.9,69.0,57.3,6.9,9509,139.2,77.1,55.3,6.9,15.0,145.03,144.42,145.55,145.04,3.68,-13.0,-3.0,-4.6,2.0,0.3,8.1,-2.0,0.0,1,0,0,0,3,1,0,3.75,0,0,0,0
PT-129,2026-10-08T11:50:00,43,25.8,6.2,7.1,1,138.9,69.0,57.3,6.9,9509,143.0,74.8,55.1,6.9,10.0,144.53,144.28,145.18,145.01,3.7,-1.6,-4.4,0.6,-1.4,4.1,5.8,-2.2,0.0,1,0,0,0,3,1,0,3.83,0,0,0,0
PT-129,2026-10-08T11:55:00,43,25.8,6.2,7.1,1,138.9,69.0,57.3,6.9,9509,141.5,77.7,56.3,6.9,20.0,141.23,143.33,144.35,144.85,3.24,-11.4,-10.0,10.2,-5.6,2.6,8.7,-1.0,0.0,1,0,0,0,3,1,0,3.92,0,0,0,0
PT-129,2026-10-08T12:00:00,43,25.8,6.2,7.1,1,138.9,69.0,57.3,6.9,9509,144.7,73.4,55.5,6.9,6.4,143.07,144.05,144.32,144.56,3.24,8.6,-0.4,-2.8,1.0,5.8,4.4,-1.8,0.0,0,1,0,0,3,1,0,4.0,0,0,0,0
PT-129,2026-10-08T12:05:00,43,25.8,6.2,7.1,1,138.9,69.0,57.3,6.9,9509,143.9,74.1,55.4,6.9,8.5,143.37,143.95,144.13,144.37,3.19,-1.2,-2.2,-0.8,5.8,5.0,5.1,-1.9,0.0,0,1,0,0,3,1,0,4.08,0,0,0,0
PT-129,2026-10-08T12:10:00,43,25.8,6.2,7.1,1,138.9,69.0,57.3,6.9,9509,149.0,73.3,57.1,6.9,8.9,145.87,143.55,144.52,144.68,3.49,-4.8,4.7,1.2,-5.8,10.1,4.3,-0.2,0.0,0,1,0,0,3,1,0,4.17,0,0,0,0
PT-129,2026-10-08T12:15:00,43,25.8,6.2,7.1,1,138.9,69.0,57.3,6.9,9509,141.4,77.0,58.3,6.9,23.1,144.77,143.92,144.17,144.77,3.57,4.4,-4.3,-0.2,6.0,2.5,8.0,1.0,0.0,0,1,0,0,3,1,0,4.25,0,0,0,0
PT-129,2026-10-08T12:20:00,43,25.8,6.2,7.1,1,138.9,69.0,57.3,6.9,9509,141.7,72.0,56.1,6.9,6.4,144.03,143.7,143.99,144.59,3.64,-2.6,-2.1,-5.6,2.0,2.8,3.0,-1.2,0.0,0,1,0,0,3,1,0,4.33,0,0,0,0
PT-129,2026-10-08T12:25:00,43,25.8,6.2,7.1,1,138.9,69.0,57.3,6.9,9509,145.7,74.1,57.2,6.9,16.6,142.93,144.4,143.87,144.53,3.55,8.4,-1.5,-7.2,1.8,6.8,5.1,-0.1,0.0,0,1,0,0,3,1,0,4.42,0,0,0,0
PT-129,2026-10-08T12:30:00,43,25.8,6.2,7.1,1,138.9,69.0,57.3,6.9,9509,145.5,73.2,57.1,6.9,14.0,144.3,144.53,144.29,144.49,3.4,1.6,5.1,-0.4,3.2,6.6,4.2,-0.2,0.0,0,1,0,0,3,1,0,4.5,0,0,0,0
PT-129,2026-10-08T12:35:00,43,25.8,6.2,7.1,1,138.9,69.0,57.3,6.9,9509,149.2,75.2,56.3,6.9,10.8,146.8,145.42,144.68,144.63,3.68,10.6,4.7,2.2,1.8,10.3,6.2,-1.0,0.0,0,1,0,0,3,1,0,4.58,0,0,0,0
PT-129,2026-10-08T12:40:00,43,25.8,6.2,7.1,1,138.9,69.0,57.3,6.9,9509,150.1,76.8,53.2,6.9,19.0,148.27,145.6,144.58,145.19,3.48,2.2,-1.3,7.0,-7.8,11.2,7.8,-4.1,0.0,0,1,0,0,3,1,0,4.67,0,0,0,0
PT-129,2026-10-08T12:45:00,43,25.8,6.2,7.1,1,138.9,69.0,57.3,6.9,9509,144.7,72.9,54.6,6.9,12.0,148.0,146.15,145.03,145.29,3.04,6.6,5.5,-8.2,-7.4,5.8,3.9,-2.7,0.0,0,1,0,0,3,1,0,4.75,0,0,0,0
PT-129,2026-10-08T12:50:00,43,25.8,6.2,7.1,1,138.9,69.0,57.3,6.9,9509,146.0,76.5,57.0,6.9,24.3,146.93,146.87,145.28,145.23,2.98,8.6,3.0,9.0,1.8,7.1,7.5,-0.3,0.0,0,1,0,0,3,1,0,4.83,0,0,0,0
PT-129,2026-10-08T12:55:00,43,25.8,6.2,7.1,1,138.9,69.0,57.3,6.9,9509,143.5,73.7,52.8,6.9,7.1,144.73,146.5,145.45,144.9,2.8,-4.4,2.0,-0.8,-8.8,4.6,4.7,-4.5,0.0,0,1,0,0,3,1,0,4.92,0,0,0,0
PT-129,2026-10-08T13:00:00,43,25.8,6.2,7.1,1,138.9,69.0,57.3,6.9,9509,149.4,76.7,54.7,6.9,18.7,146.3,147.15,145.84,145.08,3.01,7.8,4.7,7.0,-4.8,10.5,7.7,-2.6,0.0,0,1,0,0,3,1,0,5.0,0,0,0,0
PT-129,2026-10-08T13:05:00,43,25.8,6.2,7.1,1,138.9,69.0,57.3,6.9,9509,143.1,77.5,54.4,6.9,27.2,145.33,146.13,145.78,144.95,3.07,-12.2,-0.8,4.6,-3.8,4.2,8.5,-2.9,0.0,0,1,0,0,3,1,0,5.08,0,0,0,0
PT-129,2026-10-08T13:10:00,43,25.8,6.2,7.1,1,138.9,69.0,57.3,6.9,9509,144.3,74.1,54.6,6.9,18.6,145.6,145.17,145.38,144.95,2.91,-11.6,-4.7,-5.4,2.8,5.4,5.1,-2.7,0.0,0,1,0,0,3,1,0,5.17,0,0,0,0
PT-129,2026-10-08T13:15:00,43,25.8,6.2,7.1,1,138.9,69.0,57.3,6.9,9509,149.6,77.0,51.8,6.9,32.4,145.67,145.98,146.07,145.12,2.85,9.8,8.2,8.2,-5.6,10.7,8.0,-5.5,0.0,0,1,0,0,3,1,0,5.25,0,0,0,0
PT-129,2026-10-08T13:20:00,43,25.8,6.2,7.1,1,138.9,69.0,57.3,6.9,9509,143.9,77.1,58.3,6.9,18.0,145.93,145.63,146.25,145.12,2.61,-4.2,2.2,1.2,2.6,5.0,8.1,1.0,0.0,0,1,0,0,3,1,0,5.33,0,0,0,0
PT-129,2026-10-08T13:25:00,43,25.8,6.2,7.1,1,138.9,69.0,57.3,6.9,9509,145.3,69.9,52.2,6.9,22.2,146.27,145.93,146.22,145.04,2.62,3.6,-0.4,-7.6,-1.2,6.4,0.9,-5.1,0.0,0,1,0,0,3,1,0,5.42,0,0,0,0
PT-129,2026-10-08T13:30:00,43,25.8,6.2,7.1,1,138.9,69.0,57.3,6.9,9509,141.7,76.9,56.4,6.9,21.1,143.63,144.65,145.9,145.1,2.92,-15.4,-3.8,0.4,3.4,2.8,7.9,-0.9,0.0,0,1,0,0,3,1,0,5.5,0,0,0,0
PT-129,2026-10-08T13:35:00,43,25.8,6.2,7.1,1,138.9,69.0,57.3,6.9,9509,147.3,78.5,55.7,6.9,28.2,144.77,145.35,145.74,145.21,2.78,8.4,-1.9,2.0,2.6,8.4,9.5,-1.6,0.0,0,1,0,0,3,1,0,5.58,0,0,0,0
PT-129,2026-10-08T13:40:00,43,25.8,6.2,7.1,1,138.9,69.0,57.3,6.9,9509,146.1,74.4,63.6,6.9,29.4,145.03,145.65,145.41,144.99,2.42,3.6,-4.0,0.6,18.0,7.2,5.4,6.3,0.0,0,1,0,0,3,1,0,5.67,0,0,0,0
PT-129,2026-10-08T13:45:00,43,25.8,6.2,7.1,1,138.9,69.0,57.3,6.9,9509,146.5,76.0,52.9,6.9,16.2,146.63,145.13,145.56,145.3,2.43,-6.2,1.8,-2.0,2.2,7.6,7.0,-4.4,0.0,0,1,0,0,3,1,0,5.75,0,0,0,0
PT-129,2026-10-08T13:50:00,43,25.8,6.2,7.1,1,138.9,69.0,57.3,6.9,9509,149.0,75.7,51.7,6.9,27.3,147.2,145.98,145.81,145.55,2.63,10.2,3.0,-2.8,-13.2,10.1,6.7,-5.6,0.0,0,1,0,0,3,1,0,5.83,0,0,0,0
PT-129,2026-10-08T13:55:00,43,25.8,6.2,7.1,1,138.9,69.0,57.3,6.9,9509,142.9,74.4,51.1,6.9,30.2,146.13,145.58,145.76,145.6,2.68,-4.8,-0.6,9.0,-2.2,4.0,5.4,-6.2,0.0,0,1,0,0,3,1,0,5.92,0,0,0,0
PT-129,2026-10-08T14:00:00,43,25.8,6.2,7.1,1,138.9,69.0,57.3,6.9,9509,153.0,75.3,56.0,6.9,33.3,148.3,147.47,146.06,145.95,3.26,22.6,3.6,-3.2,-0.8,14.1,6.3,-1.3,0.0,0,1,0,0,3,1,0,6.0,0,0,0,0
PT-129,2026-10-08T14:05:00,43,25.8,6.2,7.1,1,138.9,69.0,57.3,6.9,9509,150.1,78.1,57.1,6.9,16.3,148.67,147.93,146.64,146.21,3.31,5.6,7.0,-0.8,2.8,11.2,9.1,-0.2,0.0,0,1,0,0,3,1,0,6.08,0,0,0,0
PT-129,2026-10-08T14:10:00,43,25.8,6.2,7.1,1,138.9,69.0,57.3,6.9,9509,154.5,72.3,53.4,6.9,21.4,152.53,149.33,147.49,146.44,3.91,16.8,10.2,-4.2,-20.4,15.6,3.3,-3.9,0.0,0,1,0,0,3,1,0,6.17,0,0,0,0
PT-129,2026-10-08T14:15:00,43,25.8,6.2,7.1,1,138.9,69.0,57.3,6.9,9509,136.1,73.6,58.8,6.9,14.5,146.9,147.6,146.37,146.22,5.03,-20.8,-13.5,-4.8,11.8,-2.8,4.6,1.5,0.0,0,1,0,0,3,1,0,6.25,0,0,0,0
PT-129,2026-10-08T14:20:00,43,25.8,6.2,7.1,1,138.9,69.0,57.3,6.9,9509,151.0,75.2,56.4,6.9,19.0,147.2,147.93,146.96,146.6,5.13,4.0,7.1,-1.0,9.4,12.1,6.2,-0.9,0.0,0,1,0,0,3,1,0,6.33,0,0,0,0
PT-129,2026-10-08T14:25:00,43,25.8,6.2,7.1,1,138.9,69.0,57.3,6.9,9509,144.1,74.8,56.7,6.9,9.3,143.73,148.13,146.86,146.54,5.18,2.4,-1.2,0.8,11.2,5.2,5.8,-0.6,0.0,0,1,0,0,3,1,0,6.42,0,0,0,0
PT-129,2026-10-08T14:30:00,43,25.8,6.2,7.1,1,138.9,69.0,57.3,6.9,9509,136.4,75.5,55.9,6.9,10.8,143.83,145.37,146.42,146.16,5.84,-33.2,-5.3,0.4,-0.2,-2.5,6.5,-1.4,0.0,0,1,0,0,3,1,0,6.5,0,0,0,0
PT-129,2026-10-08T14:35:00,43,25.8,6.2,7.1,1,138.9,69.0,57.3,6.9,9509,149.3,79.1,55.0,6.9,22.4,143.27,145.23,146.58,146.16,5.9,-1.6,2.0,2.0,-4.2,10.4,10.1,-2.3,0.0,0,1,0,0,3,1,0,6.58,0,0,0,0
PT-129,2026-10-08T14:40:00,43,25.8,6.2,7.1,1,138.9,69.0,57.3,6.9,9509,148.1,77.7,54.2,6.9,16.6,144.6,144.17,146.75,146.08,5.91,-12.8,2.0,10.8,1.6,9.2,8.7,-3.1,0.0,0,1,0,0,3,1,0,6.67,0,0,0,0
PT-129,2026-10-08T14:45:00,43,25.8,6.2,7.1,1,138.9,69.0,57.3,6.9,9509,151.3,75.3,53.5,6.9,23.2,149.57,146.7,147.15,146.35,6.05,30.4,4.8,3.4,-10.6,12.4,6.3,-3.8,0.0,0,1,0,0,3,1,0,6.75,0,0,0,0
PT-129,2026-10-08T14:50:00,43,25.8,6.2,7.1,1,138.9,69.0,57.3,6.9,9509,140.4,74.3,54.5,6.9,10.7,146.6,144.93,146.43,146.12,6.32,-21.2,-8.6,-1.8,-3.8,1.5,5.3,-2.8,0.0,0,1,0,0,3,1,0,6.83,0,0,0,0
PT-129,2026-10-08T14:55:00,43,25.8,6.2,7.1,1,138.9,69.0,57.3,6.9,9509,145.9,72.1,57.6,6.9,10.1,145.87,145.23,146.68,146.22,6.22,3.6,3.0,-5.4,1.8,7.0,3.1,0.3,0.0,0,1,0,0,3,1,0,6.92,0,0,0,0
PT-129,2026-10-08T15:00:00,43,25.8,6.2,7.1,1,138.9,69.0,57.3,6.9,9509,143.6,78.0,53.7,6.9,20.6,143.3,146.43,145.9,145.98,5.94,14.4,-9.4,5.0,-4.4,4.7,9.0,-3.6,0.0,0,1,0,0,3,1,0,7.0,0,0,0,0
PT-129,2026-10-08T15:05:00,43,25.8,6.2,7.1,1,138.9,69.0,57.3,6.9,9509,155.4,78.7,53.4,6.9,22.7,148.3,147.45,146.34,146.49,6.46,12.2,5.3,-0.8,-3.2,16.5,9.7,-3.9,0.0,0,1,0,0,3,1,0,7.08,0,0,0,0
PT-129,2026-10-08T15:10:00,43,25.8,6.2,7.1,1,138.9,69.0,57.3,6.9,9509,144.8,79.1,53.5,6.9,19.2,147.93,146.9,145.53,146.51,5.93,-6.6,-9.7,2.8,-1.4,5.9,10.1,-3.8,0.0,0,1,0,0,3,1,0,7.17,0,0,0,0
PT-129,2026-10-08T15:15:00,43,25.8,6.2,7.1,1,138.9,69.0,57.3,6.9,9509,150.4,75.7,56.4,6.9,8.1,150.2,146.75,146.72,146.55,5.26,-1.8,14.3,0.8,5.8,11.5,6.7,-0.9,0.0,0,1,0,0,3,1,0,7.25,0,0,0,0
PT-129,2026-10-08T15:20:00,43,25.8,6.2,7.1,1,138.9,69.0,57.3,6.9,9509,140.4,77.7,57.3,6.9,7.3,145.2,146.75,145.84,146.4,5.36,0.0,-10.6,6.8,5.6,1.5,8.7,0.0,0.0,0,1,0,0,3,1,0,7.33,0,0,0,0
PT-129,2026-10-08T15:25:00,43,25.8,6.2,7.1,1,138.9,69.0,57.3,6.9,9509,140.7,73.4,58.5,6.9,13.3,143.83,145.88,145.56,146.21,5.55,-10.4,-3.4,2.6,1.8,1.8,4.4,1.2,0.0,0,1,0,0,3,1,0,7.42,0,0,0,0
PT-129,2026-10-08T15:30:00,43,25.8,6.2,7.1,1,138.9,69.0,57.3,6.9,9509,152.4,71.5,58.5,6.9,13.9,144.5,147.35,146.89,146.65,5.05,17.6,16.0,-13.0,9.6,13.5,2.5,1.2,0.0,0,1,0,0,3,1,0,7.5,0,0,0,0
PT-129,2026-10-08T15:35:00,43,25.8,6.2,7.1,1,138.9,69.0,57.3,6.9,9509,145.3,78.9,56.3,6.9,15.1,146.13,145.67,146.56,146.57,5.01,-20.2,-4.0,0.4,5.8,6.4,9.9,-1.0,0.0,0,1,0,0,3,1,0,7.58,0,0,0,0
PT-129,2026-10-08T15:40:00,43,25.8,6.2,7.1,1,138.9,69.0,57.3,6.9,9509,147.4,72.4,56.7,6.9,16.4,148.37,146.1,146.5,146.62,4.99,5.2,-0.7,-13.4,6.4,8.5,3.4,-0.6,0.0,0,1,0,0,3,1,0,7.67,0,0,0,0
PT-129,2026-10-08T15:45:00,43,25.8,6.2,7.1,1,138.9,69.0,57.3,6.9,9509,145.5,74.7,55.8,6.9,6.6,146.07,145.28,146.02,146.58,4.76,-9.8,-5.8,-2.0,-1.2,6.6,5.7,-1.5,0.0,0,1,0,0,3,1,0,7.75,0,0,0,0
PT-129,2026-10-08T15:50:00,43,25.8,6.2,7.1,1,138.9,69.0,57.3,6.9,9509,145.2,68.0,54.6,6.9,10.0,146.03,146.08,146.42,146.42,4.44,9.6,4.8,-19.4,-5.4,6.3,-1.0,-2.7,0.0,0,1,0,0,3,1,0,7.83,0,0,0,0
PT-129,2026-10-08T15:55:00,43,25.8,6.2,7.1,1,138.9,69.0,57.3,6.9,9509,144.4,71.9,56.5,6.9,14.0,145.03,146.7,146.29,146.49,4.47,7.4,-1.5,-3.0,-4.0,5.5,2.9,-0.8,0.0,0,1,0,0,3,1,0,7.92,0,0,0,0
PT-129,2026-10-08T16:00:00,43,25.8,6.2,7.1,1,138.9,69.0,57.3,6.9,9509,145.5,71.6,52.9,6.9,13.8,145.03,145.55,146.45,146.18,4.4,-13.8,1.9,0.2,-11.2,6.6,2.6,-4.4,0.0,0,1,0,0,3,1,0,8.0,0,0,0,0
PT-129,2026-10-08T16:05:00,43,25.8,6.2,7.1,1,138.9,69.0,57.3,6.9,9509,148.5,69.3,54.2,6.9,7.7,146.13,146.08,145.88,146.11,3.48,6.4,-6.9,-19.2,-4.2,9.6,0.3,-3.1,0.0,0,1,0,0,3,1,0,8.08,0,0,0,0
PT-129,2026-10-08T16:10:00,43,25.8,6.2,7.1,1,138.9,69.0,57.3,6.9,9509,142.2,73.3,55.4,6.9,11.7,145.4,145.22,145.66,145.6,3.63,-10.4,-2.6,1.8,-2.6,3.3,4.3,-1.9,0.0,0,1,0,0,3,1,0,8.17,0,0,0,0
PT-129,2026-10-08T16:15:00,43,25.8,6.2,7.1,1,138.9,69.0,57.3,6.9,9509,145.8,71.8,54.2,6.9,10.2,145.5,145.27,145.28,146.0,3.32,0.6,-4.6,-5.8,-3.2,6.9,2.8,-3.1,0.0,0,1,0,0,3,1,0,8.25,0,0,0,0
PT-129,2026-10-08T16:20:00,43,25.8,6.2,7.1,1,138.9,69.0,57.3,6.9,9509,137.3,76.6,54.9,6.9,8.5,141.77,143.95,145.02,145.43,3.81,-15.8,-3.1,17.2,0.6,-1.6,7.6,-2.4,0.0,0,1,0,0,3,1,0,8.33,0,0,0,0
PT-129,2026-10-08T16:25:00,43,25.8,6.2,7.1,1,138.9,69.0,57.3,6.9,9509,144.0,70.1,56.0,6.9,8.4,142.37,143.88,145.29,145.43,3.59,-0.8,3.3,-3.6,-1.0,5.1,1.1,-1.3,0.0,0,1,0,0,3,1,0,8.42,0,0,0,0
PT-129,2026-10-08T16:30:00,43,25.8,6.2,7.1,1,138.9,69.0,57.3,6.9,9509,143.1,72.3,53.9,6.9,12.7,141.47,143.48,144.52,145.7,2.84,-4.8,-9.3,1.4,2.0,4.2,3.3,-3.4,0.0,0,1,0,0,3,1,0,8.5,0,0,0,0
PT-129,2026-10-08T16:35:00,43,25.8,6.2,7.1,1,138.9,69.0,57.3,6.9,9509,147.9,74.9,50.7,6.9,23.8,145.0,143.38,144.73,145.65,3.0,-1.2,2.6,11.2,-7.0,9.0,5.9,-6.6,0.0,0,1,0,0,3,1,0,8.58,0,0,0,0
PT-129,2026-10-08T16:40:00,43,25.8,6.2,7.1,1,138.9,69.0,57.3,6.9,9509,139.8,69.1,56.9,6.9,10.8,143.6,142.98,144.1,145.3,3.18,-4.8,-7.6,-8.4,3.0,0.9,0.1,-0.4,0.0,0,1,0,0,3,1,0,8.67,0,0,0,0
PT-129,2026-10-08T16:45:00,43,25.8,6.2,7.1,1,138.9,69.0,57.3,6.9,9509,141.0,73.7,55.1,6.9,22.9,142.9,142.18,143.72,144.87,3.26,-9.6,-4.5,3.8,1.8,2.1,4.7,-2.2,0.0,0,1,0,0,3,1,0,8.75,0,0,0,0
PT-129,2026-10-08T16:50:00,43,25.8,6.2,7.1,1,138.9,69.0,57.3,6.9,9509,147.4,74.7,57.7,6.9,8.2,142.73,143.87,143.91,145.16,3.41,20.2,2.2,-3.8,5.6,8.5,5.7,0.4,0.0,0,1,0,0,3,1,0,8.83,0,0,0,0
PT-129,2026-10-08T16:55:00,43,25.8,6.2,7.1,1,138.9,69.0,57.3,6.9,9509,149.1,72.2,52.3,6.9,17.7,145.83,144.72,144.3,145.3,3.73,10.2,4.7,4.2,-7.4,10.2,3.2,-5.0,0.0,0,1,0,0,3,1,0,8.92,0,0,0,0
PT-129,2026-10-08T17:00:00,43,25.8,6.2,7.1,1,138.9,69.0,57.3,6.9,9509,149.1,78.1,53.8,6.9,53.2,148.53,145.72,144.6,145.52,3.97,12.0,3.6,11.6,-0.2,10.2,9.1,-3.5,0.0,0,0,1,0,3,1,0,9.0,0,0,0,0
PT-129,2026-10-08T17:05:00,43,25.8,6.2,7.1,1,138.9,69.0,57.3,6.9,9509,144.7,78.5,57.9,6.9,47.9,147.63,145.18,144.28,145.08,3.78,-6.4,-3.8,7.2,14.4,5.8,9.5,0.6,0.0,0,0,1,0,3,1,0,9.08,0,0,0,0
PT-129,2026-10-08T17:10:00,43,25.8,6.2,7.1,1,138.9,69.0,57.3,6.9,9509,140.9,79.1,47.2,6.9,58.9,144.9,145.37,144.17,144.92,3.86,2.2,-1.3,20.0,-19.4,2.0,10.1,-10.1,0.0,0,0,1,0,3,1,0,9.17,0,0,0,0
PT-129,2026-10-08T17:15:00,43,25.8,6.2,7.1,1,138.9,69.0,57.3,6.9,9509,144.2,79.7,51.0,6.9,58.2,143.27,145.9,144.04,144.66,3.83,6.4,-1.6,12.0,-8.2,5.3,10.7,-6.3,0.0,0,0,1,0,3,1,0,9.25,0,0,0,0
PT-129,2026-10-08T17:20:00,43,25.8,6.2,7.1,1,138.9,69.0,57.3,6.9,9509,149.0,76.8,53.5,6.9,48.5,144.7,146.17,145.02,145.02,3.42,3.2,11.7,4.2,-8.4,10.1,7.8,-3.8,0.0,0,0,1,0,3,1,0,9.33,0,0,0,0
PT-129,2026-10-08T17:25:00,43,25.8,6.2,7.1,1,138.9,69.0,57.3,6.9,9509,142.3,82.6,52.4,6.9,73.9,145.17,145.03,144.88,145.08,3.5,-13.6,-1.7,20.8,0.2,3.4,13.6,-4.9,0.0,0,0,1,0,3,1,0,9.42,0,0,0,0
PT-129,2026-10-08T17:30:00,43,25.8,6.2,7.1,1,138.9,69.0,57.3,6.9,9509,147.3,75.5,47.1,6.9,62.5,146.2,144.73,145.22,144.87,3.52,-3.6,4.2,-5.2,-13.4,8.4,6.5,-10.2,0.0,0,0,1,0,3,1,0,9.5,0,0,0,0
PT-129,2026-10-08T17:35:00,43,25.8,6.2,7.1,1,138.9,69.0,57.3,6.9,9509,142.6,79.1,49.4,6.9,69.9,144.07,144.38,144.78,144.76,3.49,-4.2,-5.3,1.2,-17.0,3.7,10.1,-7.9,0.0,0,0,1,0,3,1,0,9.58,0,0,0,0
PT-129,2026-10-08T17:40:00,43,25.8,6.2,7.1,1,138.9,69.0,57.3,6.9,9509,151.8,77.5,48.1,6.9,58.5,147.23,146.2,145.78,144.94,3.64,21.8,12.0,-3.2,1.8,12.9,8.5,-9.2,0.0,0,0,1,0,3,1,0,9.67,0,0,0,0
PT-129,2026-10-08T17:45:00,43,25.8,6.2,7.1,1,138.9,69.0,57.3,6.9,9509,148.0,77.0,47.6,6.9,54.8,147.47,146.83,146.37,145.05,3.36,7.6,7.0,-5.4,-6.8,9.1,8.0,-9.7,0.0,0,0,1,0,3,1,0,9.75,0,0,0,0
PT-129,2026-10-08T17:50:00,43,25.8,6.2,7.1,1,138.9,69.0,57.3,6.9,9509,139.5,79.5,48.6,6.9,58.5,146.43,145.25,145.71,144.81,3.87,-19.0,-7.9,5.4,-9.8,0.6,10.5,-8.7,0.0,0,0,1,0,3,1,0,9.83,0,0,0,0
PT-129,2026-10-08T17:55:00,43,25.8,6.2,7.1,1,138.9,69.0,57.3,6.9,9509,149.3,75.9,52.5,6.9,47.0,145.6,146.42,145.72,145.01,3.89,14.0,0.2,-13.4,0.2,10.4,6.9,-4.8,0.0,0,0,1,0,3,1,0,9.92,0,0,0,0
PT-129,2026-10-08T18:00:00,43,25.8,6.2,7.1,1,138.9,69.0,57.3,6.9,9509,143.4,81.2,49.0,6.9,51.8,144.07,145.77,145.25,144.92,3.79,-7.8,-5.7,11.4,3.8,4.5,12.2,-8.3,0.0,0,0,1,0,3,1,0,10.0,0,0,0,0
PT-129,2026-10-08T18:05:00,43,25.8,6.2,7.1,1,138.9,69.0,57.3,6.9,9509,141.5,72.6,59.0,6.9,24.3,144.73,145.58,144.98,144.63,3.94,-2.2,-3.2,-13.0,19.2,2.6,3.6,1.7,0.0,0,0,1,0,3,1,0,10.08,0,0,0,0
PT-129,2026-10-08T18:10:00,43,25.8,6.2,7.1,1,138.9,69.0,57.3,6.9,9509,144.2,70.8,52.1,6.9,13.1,143.03,144.32,145.26,144.72,3.74,-15.2,3.3,-13.4,8.0,5.3,1.8,-5.2,0.0,0,0,1,0,3,1,0,10.17,0,0,0,0
PT-129,2026-10-08T18:15:00,43,25.8,6.2,7.1,1,138.9,69.0,57.3,6.9,9509,137.6,72.3,54.1,6.9,22.9,141.1,142.58,144.71,144.38,4.34,-20.8,-6.6,-9.4,13.0,-1.3,3.3,-3.2,0.0,0,0,1,0,3,1,0,10.25,0,0,0,0
PT-129,2026-10-08T18:20:00,43,25.8,6.2,7.1,1,138.9,69.0,57.3,6.9,9509,144.3,72.9,56.7,6.9,17.6,142.03,143.38,144.32,144.67,4.13,9.6,-4.7,-13.2,16.2,5.4,3.9,-0.6,0.0,0,0,1,0,3,1,0,10.33,0,0,0,0
PT-129,2026-10-08T18:25:00,43,25.8,6.2,7.1,1,138.9,69.0,57.3,6.9,9509,146.8,72.1,55.0,6.9,6.5,142.9,142.97,144.69,144.78,4.13,-5.0,4.5,-7.6,5.0,7.9,3.1,-2.3,0.0,0,0,1,0,3,1,0,10.42,0,0,0,0
PT-129,2026-10-08T18:30:00,43,25.8,6.2,7.1,1,138.9,69.0,57.3,6.9,9509,138.8,72.2,56.3,6.9,16.6,143.3,142.2,143.98,144.6,4.37,-9.2,-8.5,-18.0,14.6,-0.1,3.2,-1.0,0.0,0,0,1,0,3,1,0,10.5,0,0,0,0
PT-129,2026-10-08T18:35:00,43,25.8,6.2,7.1,1,138.9,69.0,57.3,6.9,9509,149.7,71.3,55.3,6.9,8.4,145.1,143.57,144.58,144.68,4.63,16.4,7.1,-2.6,-7.4,10.8,2.3,-2.0,0.0,0,0,1,0,3,1,0,10.58,0,0,0,0
PT-129,2026-10-08T18:40:00,43,25.8,6.2,7.1,1,138.9,69.0,57.3,6.9,9509,138.4,72.8,57.7,6.9,24.2,142.3,142.6,143.46,144.62,4.34,-11.6,-13.4,4.0,11.2,-0.5,3.8,0.4,0.0,0,0,1,0,3,1,0,10.67,0,0,0,0
PT-129,2026-10-08T18:45:00,43,25.8,6.2,7.1,1,138.9,69.0,57.3,6.9,9509,137.2,71.1,55.4,6.9,12.2,141.77,142.53,142.56,144.46,4.43,-0.8,-10.8,-2.4,2.6,-1.7,2.1,-1.9,0.0,0,0,1,0,3,1,0,10.75,0,0,0,0
PT-129,2026-10-08T18:50:00,43,25.8,6.2,7.1,1,138.9,69.0,57.3,6.9,9509,135.6,71.2,53.8,6.9,19.7,137.07,141.08,142.23,143.97,4.8,-17.4,-3.9,-3.4,-5.8,-3.3,2.2,-3.5,0.0,0,0,1,0,3,1,0,10.83,0,0,0,0
PT-129,2026-10-08T18:55:00,43,25.8,6.2,7.1,1,138.9,69.0,57.3,6.9,9509,137.6,70.5,59.8,6.9,8.1,136.8,139.55,141.26,143.49,4.41,-18.4,-11.7,-3.2,9.6,-1.3,1.5,2.5,0.0,0,0,1,0,3,1,0,10.92,0,0,0,0
PT-129,2026-10-08T19:00:00,43,25.8,6.2,7.1,1,138.9,69.0,57.3,6.9,9509,140.5,68.5,55.1,6.9,13.3,137.9,139.83,141.02,143.13,4.36,3.4,-2.9,-7.4,-2.4,1.6,-0.5,-2.2,0.0,0,0,1,0,3,1,0,11.0,0,0,0,0
PT-129,2026-10-08T19:05:00,43,25.8,6.2,7.1,1,138.9,69.0,57.3,6.9,9509,140.5,69.8,56.6,6.9,23.6,139.53,138.3,140.93,142.96,4.36,-18.4,-1.0,-3.0,2.6,1.6,0.8,-0.7,0.0,0,0,1,0,3,1,0,11.08,0,0,0,0
PT-129,2026-10-08T19:10:00,43,25.8,6.2,7.1,1,138.9,69.0,57.3,6.9,9509,143.1,68.1,53.8,6.9,16.2,141.37,139.08,140.84,143.05,4.3,9.4,-1.1,-9.4,-7.8,4.2,-0.9,-3.5,0.0,0,0,1,0,3,1,0,11.17,0,0,0,0
PT-129,2026-10-08T19:15:00,43,25.8,6.2,7.1,1,138.9,69.0,57.3,6.9,9509,138.0,71.8,53.8,6.9,12.4,140.53,139.22,140.88,142.79,4.27,1.6,0.4,1.4,-3.2,-0.9,2.8,-3.5,0.0,0,0,1,0,3,1,0,11.25,0,0,0,0
PT-129,2026-10-08T19:20:00,43,25.8,6.2,7.1,1,138.9,69.0,57.3,6.9,9509,140.2,73.9,51.3,6.9,24.4,140.43,139.98,140.53,142.42,4.13,9.2,-4.1,5.4,-5.0,1.3,4.9,-6.0,0.0,0,0,1,0,3,1,0,11.33,0,0,0,0
PT-129,2026-10-08T19:25:00,43,25.8,6.2,7.1,1,138.9,69.0,57.3,6.9,9509,141.6,70.5,53.7,6.9,19.6,139.93,140.65,140.1,142.4,3.66,8.0,-5.2,0.0,-12.2,2.7,1.5,-3.6,0.0,0,0,1,0,3,1,0,11.42,0,0,0,0
PT-129,2026-10-08T19:30:00,43,25.8,6.2,7.1,1,138.9,69.0,57.3,6.9,9509,142.5,65.2,55.7,6.9,13.5,141.43,140.98,140.41,142.2,3.7,4.0,3.7,-6.6,1.2,3.6,-3.8,-1.6,0.0,0,0,1,0,3,1,0,11.5,0,0,0,0
PT-129,2026-10-08T19:35:00,43,25.8,6.2,7.1,1,138.9,69.0,57.3,6.9,9509,140.3,69.4,56.6,6.9,19.4,141.47,140.95,139.62,142.1,2.27,-0.4,-9.4,-0.8,0.0,1.4,0.4,-0.7,0.0,0,0,1,0,3,1,0,11.58,0,0,0,0
PT-129,2026-10-08T19:40:00,43,25.8,6.2,7.1,1,138.9,69.0,57.3,6.9,9509,137.6,70.1,55.1,6.9,15.2,140.13,140.03,139.56,141.51,2.32,-11.0,-0.8,4.0,2.6,-1.3,1.1,-2.2,0.0,0,0,1,0,3,1,0,11.67,0,0,0,0
PT-129,2026-10-08T19:45:00,43,25.8,6.2,7.1,1,138.9,69.0,57.3,6.9,9509,135.9,68.6,59.0,6.9,7.7,137.93,139.68,139.45,141.0,2.47,-4.2,-1.3,-6.4,10.4,-3.0,-0.4,1.7,0.0,0,0,1,0,3,1,0,11.75,0,0,0,0
PT-129,2026-10-08T19:50:00,43,25.8,6.2,7.1,1,138.9,69.0,57.3,6.9,9509,138.2,71.0,56.2,6.9,11.2,137.23,139.35,139.67,140.95,2.2,-4.0,2.6,-5.8,9.8,-0.7,2.0,-1.1,0.0,0,0,1,0,3,1,0,11.83,0,0,0,0
PT-129,2026-10-08T19:55:00,43,25.8,6.2,7.1,1,138.9,69.0,57.3,6.9,9509,135.8,69.1,57.2,6.9,9.7,136.63,138.38,139.52,140.39,2.41,-11.6,-1.8,-2.8,7.0,-3.1,0.1,-0.1,0.0,0,0,1,0,3,1,0,11.92,0,0,0,0
PT-129,2026-10-08T20:00:00,43,25.8,6.2,7.1,1,138.9,69.0,57.3,6.9,9509,130.6,72.4,55.7,6.9,24.7,134.87,136.4,138.69,139.85,3.49,-23.8,-9.9,14.4,0.0,-8.3,3.4,-1.6,0.0,0,0,1,0,3,1,0,0.0,0,0,0,0
PT-129,2026-10-08T20:05:00,43,25.8,6.2,7.1,1,138.9,69.0,57.3,6.9,9509,139.3,66.6,55.3,6.9,21.7,135.23,136.23,138.59,139.76,3.45,-2.0,-1.2,-5.6,-2.6,0.4,-2.4,-2.0,0.0,0,0,1,0,3,1,0,0.08,0,0,0,0
PT-129,2026-10-08T20:10:00,43,25.8,6.2,7.1,1,138.9,69.0,57.3,6.9,9509,140.9,67.4,51.9,6.9,23.1,136.93,136.78,138.41,139.62,3.24,6.6,-2.2,-5.4,-6.4,2.0,-1.6,-5.4,0.0,0,0,1,0,3,1,0,0.17,0,0,0,0
PT-129,2026-10-08T20:15:00,43,25.8,6.2,7.1,1,138.9,69.0,57.3,6.9,9509,143.8,65.7,52.5,6.9,19.5,141.33,138.1,138.89,139.88,3.59,15.8,5.8,-5.8,-13.0,4.9,-3.3,-4.8,0.0,0,0,1,0,3,1,0,0.25,0,0,0,0
PT-129,2026-10-08T20:20:00,43,25.8,6.2,7.1,1,138.9,69.0,57.3,6.9,9509,135.2,68.3,53.3,6.9,24.4,139.97,137.6,138.48,139.5,3.71,-6.0,-5.0,-5.4,-5.8,-3.7,-0.7,-4.0,0.0,0,0,1,0,3,1,0,0.33,0,0,0,0
PT-129,2026-10-08T20:25:00,43,25.8,6.2,7.1,1,138.9,69.0,57.3,6.9,9509,136.3,68.4,58.5,6.9,7.5,138.43,137.68,138.03,139.07,3.62,1.0,-5.3,-1.4,2.6,-2.6,-0.6,1.2,0.0,0,0,1,0,3,1,0,0.42,0,0,0,0
PT-129,2026-10-08T20:30:00,43,25.8,6.2,7.1,1,138.9,69.0,57.3,6.9,9509,134.9,69.3,53.1,6.9,10.1,135.47,138.4,137.4,138.9,3.43,8.6,-7.6,-6.2,-5.2,-4.0,0.3,-4.2,0.0,0,0,1,0,3,1,0,0.5,0,0,0,0
PT-129,2026-10-08T20:35:00,43,25.8,6.2,7.1,1,138.9,69.0,57.3,6.9,9509,137.7,68.5,55.2,6.9,21.9,136.3,138.13,137.18,138.4,3.31,-3.2,-2.6,3.8,-0.2,-1.2,-0.5,-2.1,0.0,0,0,1,0,3,1,0,0.58,0,0,0,0
PT-129,2026-10-08T20:40:00,43,25.8,6.2,7.1,1,138.9,69.0,57.3,6.9,9509,137.7,66.3,53.2,6.9,23.0,136.77,137.6,137.19,138.38,3.31,-6.4,0.1,-2.2,2.6,-1.2,-2.7,-4.1,0.0,0,0,1,0,3,1,0,0.67,0,0,0,0
PT-129,2026-10-08T20:45:00,43,25.8,6.2,7.1,1,138.9,69.0,57.3,6.9,9509,136.2,67.3,57.9,6.9,15.1,137.2,136.33,137.22,138.33,3.3,-15.2,0.3,3.2,10.8,-2.7,-1.7,0.6,0.0,0,0,1,0,3,1,0,0.75,0,0,0,0
PT-129,2026-10-08T20:50:00,43,25.8,6.2,7.1,1,138.9,69.0,57.3,6.9,9509,136.8,67.9,56.5,6.9,13.3,136.9,136.6,137.1,138.38,3.29,3.2,-1.4,-0.8,6.4,-2.1,-1.1,-0.8,0.0,0,0,1,0,3,1,0,0.83,0,0,0,0
PT-129,2026-10-08T20:55:00,43,25.8,6.2,7.1,1,138.9,69.0,57.3,6.9,9509,140.1,67.6,54.0,6.9,10.5,137.7,137.23,137.46,138.49,3.37,7.6,4.3,-1.6,-9.0,1.2,-1.4,-3.3,0.0,0,0,1,0,3,1,0,0.92,0,0,0,0
PT-129,2026-10-08T21:00:00,43,25.8,6.2,7.1,1,138.9,69.0,57.3,6.9,9509,137.0,71.2,54.7,6.9,18.5,137.97,137.58,137.99,138.34,2.6,4.2,6.4,3.8,3.2,-1.9,2.2,-2.6,0.0,0,0,1,0,3,1,0,1.0,0,0,0,0
PT-129,2026-10-08T21:05:00,43,25.8,6.2,7.1,1,138.9,69.0,57.3,6.9,9509,140.5,67.1,64.5,6.9,7.5,139.2,138.05,138.09,138.34,2.68,5.6,1.2,-2.8,18.6,1.6,-1.9,7.2,0.0,0,0,1,0,3,1,0,1.08,0,0,0,0
PT-129,2026-10-08T21:10:00,43,25.8,6.2,7.1,1,138.9,69.0,57.3,6.9,9509,141.3,66.0,57.1,6.9,6.0,139.6,138.65,138.12,138.27,2.72,7.2,0.4,-0.6,7.8,2.4,-3.0,-0.2,0.0,0,0,1,0,3,1,0,1.17,0,0,0,0
PT-129,2026-10-08T21:15:00,43,25.8,6.2,7.1,1,138.9,69.0,57.3,6.9,9509,140.1,72.9,58.8,6.9,20.6,140.63,139.3,137.82,138.35,2.17,7.8,-3.7,11.2,1.8,1.2,3.9,1.5,0.0,0,0,1,0,3,1,0,1.25,0,0,0,0
PT-129,2026-10-08T21:20:00,43,25.8,6.2,7.1,1,138.9,69.0,57.3,6.9,9509,138.5,67.2,54.9,6.9,6.1,139.97,139.58,138.09,138.28,2.01,3.4,3.3,-1.4,-3.2,-0.4,-1.8,-2.4,0.0,0,0,1,0,3,1,0,1.33,0,0,0,0
PT-129,2026-10-08T21:25:00,43,25.8,6.2,7.1,1,138.9,69.0,57.3,6.9,9509,137.5,65.3,57.8,6.9,8.4,138.7,139.15,138.19,138.11,1.94,-5.2,1.2,-4.6,7.6,-1.4,-3.7,0.5,0.0,0,0,1,0,3,1,0,1.42,0,0,0,0
PT-129,2026-10-08T21:30:00,43,25.8,6.2,7.1,1,138.9,69.0,57.3,6.9,9509,136.0,66.0,59.2,6.9,8.1,137.33,138.98,138.28,137.84,1.79,-2.0,1.1,-10.4,9.0,-2.9,-3.0,1.9,0.0,0,0,1,0,3,1,0,1.5,0,0,0,0
PT-129,2026-10-08T21:35:00,43,25.8,6.2,7.1,1,138.9,69.0,57.3,6.9,9509,137.2,71.4,54.9,6.9,24.4,136.9,138.43,138.24,137.71,1.81,-6.6,-0.5,8.6,-19.2,-1.7,2.4,-2.4,0.0,0,0,1,0,3,1,0,1.58,0,0,0,0
PT-129,2026-10-08T21:40:00,43,25.8,6.2,7.1,1,138.9,69.0,57.3,6.9,9509,138.8,67.2,55.5,6.9,12.1,137.33,138.02,138.33,137.76,1.81,-5.0,1.1,2.4,-3.2,-0.1,-1.8,-1.8,0.0,0,0,1,0,3,1,0,1.67,0,0,0,0
PT-129,2026-10-08T21:45:00,43,25.8,6.2,7.1,1,138.9,69.0,57.3,6.9,9509,135.1,67.2,56.9,6.9,9.7,137.03,137.18,138.24,137.73,1.95,-10.0,-1.1,-11.4,-3.8,-3.8,-1.8,-0.4,0.0,0,0,1,0,3,1,0,1.75,0,0,0,0
PT-129,2026-10-08T21:50:00,43,25.8,6.2,7.1,1,138.9,69.0,57.3,6.9,9509,144.0,73.0,54.9,6.9,12.3,139.3,138.1,138.84,137.97,2.5,11.0,7.2,11.6,0.0,5.1,4.0,-2.4,0.0,0,0,1,0,3,1,0,1.83,0,0,0,0
PT-129,2026-10-08T21:55:00,43,25.8,6.2,7.1,1,138.9,69.0,57.3,6.9,9509,129.3,66.9,55.7,6.9,6.2,136.13,136.73,137.94,137.7,3.67,-16.4,-10.8,3.2,-4.2,-9.6,-2.1,-1.6,0.0,0,0,1,0,3,1,0,1.92,0,0,0,0
PT-130,2026-10-08T08:00:00,55,25.1,1.8,6.2,1,111.0,74.2,45.5,7.3,9101,109.9,78.6,46.8,7.3,16.7,109.9,109.9,109.9,109.9,0.0,0.0,0.0,0.0,0.0,-1.1,4.4,1.3,0.0,1,0,0,0,2,1,1,0.0,0,0,0,0
PT-130,2026-10-08T08:05:00,55,25.1,1.8,6.2,1,111.0,74.2,45.5,7.3,9101,114.5,81.3,45.7,7.3,22.3,112.2,112.2,112.2,112.2,3.25,0.0,0.0,0.0,0.0,3.5,7.1,0.2,0.0,1,0,0,0,2,1,1,0.08,0,0,0,0
PT-130,2026-10-08T08:10:00,55,25.1,1.8,6.2,1,111.0,74.2,45.5,7.3,9101,108.2,76.3,46.4,7.3,7.8,110.87,110.87,110.87,110.87,3.26,0.0,0.0,0.0,0.0,-2.8,2.1,0.9,0.0,1,0,0,0,2,1,1,0.17,0,0,0,0
PT-130,2026-10-08T08:15:00,55,25.1,1.8,6.2,1,111.0,74.2,45.5,7.3,9101,112.4,79.2,37.9,7.3,20.9,111.7,111.25,111.25,111.25,2.77,0.0,0.0,0.0,0.0,1.4,5.0,-7.6,0.0,1,0,0,0,2,1,1,0.25,0,0,0,0
PT-130,2026-10-08T08:20:00,55,25.1,1.8,6.2,1,111.0,74.2,45.5,7.3,9101,110.8,79.0,40.8,7.3,10.1,110.47,111.16,111.16,111.16,2.41,0.0,0.0,0.0,0.0,-0.2,4.8,-4.7,0.0,1,0,0,0,2,1,1,0.33,0,0,0,0
PT-130,2026-10-08T08:25:00,55,25.1,1.8,6.2,1,111.0,74.2,45.5,7.3,9101,114.1,81.9,42.1,7.3,15.1,112.43,111.65,111.65,111.65,2.46,0.0,0.0,0.0,0.0,3.1,7.7,-3.4,0.0,1,0,0,0,2,1,1,0.42,0,0,0,0
PT-130,2026-10-08T08:30:00,55,25.1,1.8,6.2,1,111.0,74.2,45.5,7.3,9101,109.1,83.4,39.4,7.3,53.6,111.33,111.52,111.29,111.29,2.45,-1.6,0.0,9.6,-14.8,-1.9,9.2,-6.1,0.0,1,0,0,0,2,1,1,0.5,0,0,0,0
PT-130,2026-10-08T08:35:00,55,25.1,1.8,6.2,1,111.0,74.2,45.5,7.3,9101,114.2,87.5,36.3,7.3,71.3,112.47,111.47,111.65,111.65,2.49,-0.6,0.0,12.4,-18.8,3.2,13.3,-9.2,0.0,1,0,0,0,2,1,1,0.58,0,0,0,0
PT-130,2026-10-08T08:40:00,55,25.1,1.8,6.2,1,111.0,74.2,45.5,7.3,9101,112.3,86.2,40.3,7.3,63.7,111.87,112.15,111.72,111.72,2.34,8.2,0.0,19.8,-12.2,1.3,12.0,-5.2,0.0,1,0,0,0,2,1,1,0.67,0,0,0,0
PT-130,2026-10-08T08:45:00,55,25.1,1.8,6.2,1,111.0,74.2,45.5,7.3,9101,110.6,85.5,35.7,7.3,50.6,112.37,111.85,111.61,111.61,2.23,-3.6,0.0,12.6,-4.4,-0.4,11.3,-9.8,0.0,1,0,0,0,2,1,1,0.75,0,0,0,0
PT-130,2026-10-08T08:50:00,55,25.1,1.8,6.2,1,111.0,74.2,45.5,7.3,9101,110.2,83.3,38.6,7.3,51.2,111.03,111.75,111.48,111.48,2.16,-1.2,0.0,8.6,-4.4,-0.8,9.1,-6.9,0.0,1,0,0,0,2,1,1,0.83,0,0,0,0
PT-130,2026-10-08T08:55:00,55,25.1,1.8,6.2,1,111.0,74.2,45.5,7.3,9101,111.3,90.8,35.2,7.3,74.5,110.7,111.28,111.47,111.47,2.06,-5.6,0.0,17.8,-13.8,0.3,16.6,-10.3,0.0,1,0,0,0,2,1,1,0.92,0,0,0,0
PT-130,2026-10-08T09:00:00,55,25.1,1.8,6.2,1,111.0,74.2,45.5,7.3,9101,112.5,89.4,38.6,7.3,63.5,111.33,111.85,111.68,111.55,2.02,6.8,2.6,12.0,-1.6,1.5,15.2,-6.9,0.0,1,0,0,0,2,1,1,1.0,0,0,0,0
PT-130,2026-10-08T09:05:00,55,25.1,1.8,6.2,1,111.0,74.2,45.5,7.3,9101,111.7,81.5,36.4,7.3,57.6,111.83,111.43,111.45,111.56,1.81,-5.0,-2.8,-12.0,0.2,0.7,7.3,-9.1,0.0,1,0,0,0,2,1,1,1.08,0,0,0,0
PT-130,2026-10-08T09:10:00,55,25.1,1.8,6.2,1,111.0,74.2,45.5,7.3,9101,118.1,83.5,42.5,7.3,50.4,114.1,112.4,112.28,111.99,2.37,11.6,9.9,-5.4,4.4,7.1,9.3,-3.0,0.0,1,0,0,0,2,1,1,1.17,0,0,0,0
PT-130,2026-10-08T09:15:00,55,25.1,1.8,6.2,1,111.0,74.2,45.5,7.3,9101,114.9,84.2,37.6,7.3,61.8,114.9,113.12,112.48,112.18,2.49,8.6,2.5,-2.6,3.8,3.9,10.0,-7.9,0.0,1,0,0,0,2,1,1,1.25,0,0,0,0
PT-130,2026-10-08T09:20:00,55,25.1,1.8,6.2,1,111.0,74.2,45.5,7.3,9101,114.3,88.4,34.5,7.3,71.3,115.77,113.8,112.78,112.3,2.48,8.2,3.5,10.2,-8.2,3.3,14.2,-11.0,0.0,1,0,0,0,2,1,1,1.33,0,0,0,0
PT-130,2026-10-08T09:25:00,55,25.1,1.8,6.2,1,111.0,74.2,45.5,7.3,9101,111.8,90.6,36.4,7.3,74.6,113.67,113.88,112.58,112.27,2.45,1.0,-2.3,-0.4,2.4,0.8,16.4,-9.1,0.0,1,0,0,0,2,1,1,1.42,0,0,0,0
PT-130,2026-10-08T09:30:00,55,25.1,1.8,6.2,1,111.0,74.2,45.5,7.3,9101,117.2,85.7,40.1,7.3,46.4,114.43,114.67,113.26,112.53,2.52,9.4,8.1,-7.4,3.0,6.2,11.5,-5.4,0.0,1,0,0,0,2,1,1,1.5,0,0,0,0
PT-130,2026-10-08T09:35:00,55,25.1,1.8,6.2,1,111.0,74.2,45.5,7.3,9101,106.2,78.9,40.5,7.3,21.1,111.73,113.75,112.59,112.22,3.21,-11.0,-8.0,-5.2,8.2,-4.8,4.7,-5.0,0.0,1,0,0,0,2,1,1,1.58,0,0,0,0
PT-130,2026-10-08T09:40:00,55,25.1,1.8,6.2,1,111.0,74.2,45.5,7.3,9101,119.7,80.1,43.3,7.3,8.9,114.37,114.02,113.21,112.57,3.81,3.2,7.4,-6.8,1.6,8.7,5.9,-2.2,0.0,1,0,0,0,2,1,1,1.67,0,0,0,0
PT-130,2026-10-08T09:45:00,55,25.1,1.8,6.2,1,111.0,74.2,45.5,7.3,9101,110.4,81.2,49.2,7.3,15.6,112.1,113.27,113.19,112.47,3.82,-9.0,-0.2,-6.0,23.2,-0.6,7.0,3.7,0.0,1,0,0,0,2,1,1,1.75,0,0,0,0
PT-130,2026-10-08T09:50:00,55,25.1,1.8,6.2,1,111.0,74.2,45.5,7.3,9101,119.5,78.6,43.6,7.3,15.5,116.53,114.13,113.97,112.78,4.09,10.4,9.3,-19.6,18.2,8.5,4.4,-1.9,0.0,1,0,0,0,2,1,1,1.83,0,0,0,0
PT-130,2026-10-08T09:55:00,55,25.1,1.8,6.2,1,111.0,74.2,45.5,7.3,9101,121.1,80.8,43.6,7.3,13.8,117.0,115.68,114.78,113.12,4.47,18.6,9.8,-19.6,14.4,10.1,6.6,-1.9,0.0,1,0,0,0,2,1,1,1.92,0,0,0,0
PT-130,2026-10-08T10:00:00,55,25.1,1.8,6.2,1,111.0,74.2,45.5,7.3,9101,119.2,80.4,41.2,7.3,21.0,119.93,116.02,115.34,113.51,4.58,4.0,6.7,-10.6,2.2,8.2,6.2,-4.3,0.0,1,0,0,0,2,1,1,2.0,0,0,0,0
PT-130,2026-10-08T10:05:00,55,25.1,1.8,6.2,1,111.0,74.2,45.5,7.3,9101,108.4,83.1,39.6,7.3,15.6,116.23,116.38,115.07,113.26,4.9,4.4,-3.3,8.4,-1.8,-2.6,8.9,-5.9,0.0,1,0,0,0,2,1,1,2.08,0,0,0,0
PT-130,2026-10-08T10:10:00,55,25.1,1.8,6.2,1,111.0,74.2,45.5,7.3,9101,114.4,79.3,43.5,7.3,10.6,114.0,115.5,114.76,113.52,4.81,-10.6,-3.7,-1.6,0.4,3.4,5.1,-2.0,0.0,1,0,0,0,2,1,1,2.17,0,0,0,0
PT-130,2026-10-08T10:15:00,55,25.1,1.8,6.2,1,111.0,74.2,45.5,7.3,9101,113.0,79.4,41.1,7.3,13.6,111.93,115.93,114.6,113.54,4.84,5.2,-1.9,-3.6,-16.2,2.0,5.2,-4.4,0.0,1,0,0,0,2,1,1,2.25,0,0,0,0
PT-130,2026-10-08T10:20:00,55,25.1,1.8,6.2,1,111.0,74.2,45.5,7.3,9101,122.1,82.0,40.7,7.3,21.0,116.5,116.37,115.25,114.01,5.3,5.2,7.8,6.8,-5.8,11.1,7.8,-4.8,0.0,1,0,0,0,2,1,1,2.33,0,0,0,0
PT-130,2026-10-08T10:25:00,55,25.1,1.8,6.2,1,111.0,74.2,45.5,7.3,9101,117.2,80.5,44.9,7.3,15.6,117.43,115.72,115.7,114.14,5.2,-7.8,5.4,-0.6,2.6,6.2,6.3,-0.6,0.0,1,0,0,0,2,1,1,2.42,0,0,0,0
PT-130,2026-10-08T10:30:00,55,25.1,1.8,6.2,1,111.0,74.2,45.5,7.3,9101,117.2,81.2,44.7,7.3,13.2,118.83,115.38,115.7,114.48,5.2,-4.0,0.0,1.6,7.0,6.2,7.0,-0.8,0.0,1,0,0,0,2,1,1,2.5,0,0,0,0
PT-130,2026-10-08T10:35:00,55,25.1,1.8,6.2,1,111.0,74.2,45.5,7.3,9101,113.4,76.9,44.4,7.3,18.9,115.93,116.22,116.3,114.45,4.36,10.0,7.2,-12.4,9.6,2.4,2.7,-1.1,0.0,1,0,0,0,2,1,1,2.58,0,0,0,0
PT-130,2026-10-08T10:40:00,55,25.1,1.8,6.2,1,111.0,74.2,45.5,7.3,9101,115.8,76.2,44.4,7.3,8.1,115.47,116.45,115.98,114.59,4.22,2.8,-3.9,-6.2,1.8,4.8,2.0,-1.1,0.0,1,0,0,0,2,1,1,2.67,0,0,0,0
PT-130,2026-10-08T10:45:00,55,25.1,1.8,6.2,1,111.0,74.2,45.5,7.3,9101,114.1,80.6,43.4,7.3,20.0,114.43,116.63,116.28,114.74,3.9,2.2,3.7,2.4,4.6,3.1,6.4,-2.1,0.0,1,0,0,0,2,1,1,2.75,0,0,0,0
PT-130,2026-10-08T10:50:00,55,25.1,1.8,6.2,1,111.0,74.2,45.5,7.3,9101,115.7,77.5,46.7,7.3,11.2,115.2,115.57,115.97,114.97,3.77,-12.8,-3.8,-9.0,12.0,4.7,3.3,1.2,0.0,1,0,0,0,2,1,1,2.83,0,0,0,0
PT-130,2026-10-08T10:55:00,55,25.1,1.8,6.2,1,111.0,74.2,45.5,7.3,9101,108.7,82.2,44.2,7.3,24.5,112.83,114.15,114.93,114.86,3.93,-17.0,-12.4,3.4,-1.4,-2.3,8.0,-1.3,0.0,1,0,0,0,2,1,1,2.92,0,0,0,0
PT-130,2026-10-08T11:00:00,55,25.1,1.8,6.2,1,111.0,74.2,45.5,7.3,9101,118.7,80.5,42.5,7.3,8.7,114.37,114.4,114.89,115.12,3.88,3.0,-0.5,-1.4,-4.4,7.7,6.3,-3.0,0.0,1,0,0,0,2,1,1,3.0,0,0,0,0
PT-130,2026-10-08T11:05:00,55,25.1,1.8,6.2,1,111.0,74.2,45.5,7.3,9101,120.5,81.8,41.8,7.3,23.4,115.97,115.58,115.9,115.48,3.6,14.2,12.1,9.8,-5.2,9.5,7.6,-3.7,0.0,1,0,0,0,2,1,1,3.08,0,0,0,0
PT-130,2026-10-08T11:10:00,55,25.1,1.8,6.2,1,111.0,74.2,45.5,7.3,9101,112.8,78.9,40.3,7.3,8.4,117.33,115.08,115.77,115.26,3.69,-6.0,-1.6,5.4,-8.2,1.8,4.7,-5.2,0.0,1,0,0,0,2,1,1,3.17,0,0,0,0
PT-130,2026-10-08T11:15:00,55,25.1,1.8,6.2,1,111.0,74.2,45.5,7.3,9101,116.9,80.6,40.2,7.3,18.6,116.73,115.55,116.09,115.35,3.6,5.6,3.9,0.0,-6.4,5.9,6.4,-5.3,0.0,1,0,0,0,2,1,1,3.25,0,0,0,0
PT-130,2026-10-08T11:20:00,55,25.1,1.8,6.2,1,111.0,74.2,45.5,7.3,9101,109.6,82.0,40.3,7.3,17.4,113.1,114.53,115.05,115.15,3.51,-12.2,-12.5,9.0,-12.8,-1.4,7.8,-5.2,0.0,1,0,0,0,2,1,1,3.33,0,0,0,0
PT-130,2026-10-08T11:25:00,55,25.1,1.8,6.2,1,111.0,74.2,45.5,7.3,9101,115.1,82.0,42.8,7.3,21.2,113.87,115.6,114.88,115.29,3.44,12.8,-2.1,-0.4,-2.8,4.1,7.8,-2.7,0.0,1,0,0,0,2,1,1,3.42,0,0,0,0
PT-130,2026-10-08T11:30:00,55,25.1,1.8,6.2,1,111.0,74.2,45.5,7.3,9101,121.4,82.8,42.9,7.3,15.4,115.37,116.05,115.22,115.46,3.89,5.4,4.2,4.6,0.8,10.4,8.6,-2.6,0.0,1,0,0,0,2,1,1,3.5,0,0,0,0
PT-130,2026-10-08T11:35:00,55,25.1,1.8,6.2,1,111.0,74.2,45.5,7.3,9101,112.6,79.7,45.9,7.3,20.6,116.37,114.73,115.16,115.73,3.93,-15.8,-0.8,-4.2,8.2,1.6,5.5,0.4,0.0,1,0,0,0,2,1,1,3.58,0,0,0,0
PT-130,2026-10-08T11:40:00,55,25.1,1.8,6.2,1,111.0,74.2,45.5,7.3,9101,118.7,81.3,44.3,7.3,19.2,117.57,115.72,115.4,115.69,4.06,11.8,2.9,4.8,8.0,7.7,7.1,-1.2,0.0,1,0,0,0,2,1,1,3.67,0,0,0,0
PT-130,2026-10-08T11:45:00,55,25.1,1.8,6.2,1,111.0,74.2,45.5,7.3,9101,114.8,80.2,44.4,7.3,11.9,115.37,115.37,115.46,115.87,4.04,-4.2,0.7,-0.8,8.4,3.8,6.0,-1.1,0.0,1,0,0,0,2,1,1,3.75,0,0,0,0
PT-130,2026-10-08T11:50:00,55,25.1,1.8,6.2,1,111.0,74.2,45.5,7.3,9101,118.2,82.9,41.5,7.3,23.9,117.23,116.8,115.67,115.82,4.12,17.2,2.5,1.8,2.4,7.2,8.7,-4.0,0.0,1,0,0,0,2,1,1,3.83,0,0,0,0
PT-130,2026-10-08T11:55:00,55,25.1,1.8,6.2,1,111.0,74.2,45.5,7.3,9101,117.5,79.9,43.6,7.3,9.5,116.83,117.2,116.4,115.67,3.5,4.8,8.8,-4.2,1.6,6.5,5.7,-1.9,0.0,1,0,0,0,2,1,1,3.92,0,0,0,0
PT-130,2026-10-08T12:00:00,55,25.1,1.8,6.2,1,111.0,74.2,45.5,7.3,9101,122.1,81.4,37.5,7.3,19.0,119.27,117.32,116.68,115.79,3.83,1.4,3.4,-2.8,-10.8,11.1,7.2,-8.0,0.0,0,1,0,0,2,1,1,4.0,0,0,0,0
PT-130,2026-10-08T12:05:00,55,25.1,1.8,6.2,1,111.0,74.2,45.5,7.3,9101,117.1,82.4,42.9,7.3,13.7,118.9,118.07,116.4,116.15,3.64,9.0,-3.4,5.4,-6.0,6.1,8.2,-2.6,0.0,0,1,0,0,2,1,1,4.08,0,0,0,0
PT-130,2026-10-08T12:10:00,55,25.1,1.8,6.2,1,111.0,74.2,45.5,7.3,9101,122.1,79.0,42.6,7.3,14.7,120.43,118.63,117.18,116.47,3.79,6.8,9.3,-4.6,-3.4,11.1,4.8,-2.9,0.0,0,1,0,0,2,1,1,4.17,0,0,0,0
PT-130,2026-10-08T12:15:00,55,25.1,1.8,6.2,1,111.0,74.2,45.5,7.3,9101,119.7,78.6,45.7,7.3,16.2,119.63,119.45,117.41,116.75,3.86,9.8,2.8,-3.2,2.6,8.7,4.4,0.2,0.0,0,1,0,0,2,1,1,4.25,0,0,0,0
PT-130,2026-10-08T12:20:00,55,25.1,1.8,6.2,1,111.0,74.2,45.5,7.3,9101,111.9,78.4,46.0,7.3,12.5,117.9,118.4,117.6,116.32,3.47,-12.6,2.3,-9.0,9.0,0.9,4.2,0.5,0.0,0,1,0,0,2,1,1,4.33,0,0,0,0
PT-130,2026-10-08T12:25:00,55,25.1,1.8,6.2,1,111.0,74.2,45.5,7.3,9101,116.4,80.7,40.6,7.3,13.0,116.0,118.22,117.71,116.29,3.41,-2.2,1.3,1.6,-6.0,5.4,6.5,-4.9,0.0,0,1,0,0,2,1,1,4.42,0,0,0,0
PT-130,2026-10-08T12:30:00,55,25.1,1.8,6.2,1,111.0,74.2,45.5,7.3,9101,114.0,80.4,38.4,7.3,21.1,114.1,116.87,117.09,116.16,3.35,-16.2,-7.4,-2.0,1.8,3.0,6.2,-7.1,0.0,0,1,0,0,2,1,1,4.5,0,0,0,0
PT-130,2026-10-08T12:35:00,55,25.1,1.8,6.2,1,111.0,74.2,45.5,7.3,9101,121.7,78.5,41.6,7.3,13.6,117.37,117.63,117.85,116.5,3.27,9.2,9.1,-7.8,-2.6,10.7,4.3,-3.9,0.0,0,1,0,0,2,1,1,4.58,0,0,0,0
PT-130,2026-10-08T12:40:00,55,25.1,1.8,6.2,1,111.0,74.2,45.5,7.3,9101,119.0,81.4,43.8,7.3,13.5,118.23,117.12,117.88,116.64,3.28,-6.2,0.3,4.8,2.4,8.0,7.2,-1.7,0.0,0,1,0,0,2,1,1,4.67,0,0,0,0
PT-130,2026-10-08T12:45:00,55,25.1,1.8,6.2,1,111.0,74.2,45.5,7.3,9101,117.8,75.9,42.4,7.3,14.7,119.5,116.8,118.12,116.79,3.13,-3.8,3.0,-5.4,-6.6,6.8,1.7,-3.1,0.0,0,1,0,0,2,1,1,4.75,0,0,0,0
PT-130,2026-10-08T12:50:00,55,25.1,1.8,6.2,1,111.0,74.2,45.5,7.3,9101,116.3,77.2,47.4,7.3,7.3,117.7,117.53,117.97,116.82,3.18,8.8,-1.9,-2.4,2.8,5.3,3.0,1.9,0.0,0,1,0,0,2,1,1,4.83,0,0,0,0
PT-130,2026-10-08T12:55:00,55,25.1,1.8,6.2,1,111.0,74.2,45.5,7.3,9101,118.9,83.3,41.7,7.3,23.9,117.67,117.95,118.08,117.24,3.18,5.0,1.4,5.2,2.2,7.9,9.1,-3.8,0.0,0,1,0,0,2,1,1,4.92,0,0,0,0
PT-130,2026-10-08T13:00:00,55,25.1,1.8,6.2,1,111.0,74.2,45.5,7.3,9101,114.9,80.3,44.4,7.3,24.6,116.7,118.1,117.48,117.08,3.03,1.8,-7.2,-0.2,12.0,3.9,6.1,-1.1,0.0,0,1,0,0,2,1,1,5.0,0,0,0,0
PT-130,2026-10-08T13:05:00,55,25.1,1.8,6.2,1,111.0,74.2,45.5,7.3,9101,118.5,81.8,42.6,7.3,33.0,117.43,117.57,117.6,117.0,3.04,-6.4,1.4,6.6,2.0,7.5,7.6,-2.9,0.0,0,1,0,0,2,1,1,5.08,0,0,0,0
PT-130,2026-10-08T13:10:00,55,25.1,1.8,6.2,1,111.0,74.2,45.5,7.3,9101,119.2,83.7,39.0,7.3,32.5,117.53,117.6,117.36,117.27,2.75,0.4,-2.9,4.6,-9.6,8.2,9.5,-6.5,0.0,0,1,0,0,2,1,1,5.17,0,0,0,0
PT-130,2026-10-08T13:15:00,55,25.1,1.8,6.2,1,111.0,74.2,45.5,7.3,9101,120.4,82.6,44.4,7.3,15.5,119.37,118.03,117.42,117.41,2.82,5.2,0.7,13.4,4.0,9.4,8.4,-1.1,0.0,0,1,0,0,2,1,1,5.25,0,0,0,0
PT-130,2026-10-08T13:20:00,55,25.1,1.8,6.2,1,111.0,74.2,45.5,7.3,9101,114.1,79.6,44.8,7.3,16.7,117.9,117.67,117.6,117.6,2.47,-4.4,2.2,4.8,-5.2,3.1,5.4,-0.7,0.0,0,1,0,0,2,1,1,5.33,0,0,0,0
PT-130,2026-10-08T13:25:00,55,25.1,1.8,6.2,1,111.0,74.2,45.5,7.3,9101,122.2,83.0,42.0,7.3,23.6,118.9,118.22,118.08,117.9,2.77,6.6,5.8,-0.6,0.6,11.2,8.8,-3.5,0.0,0,1,0,0,2,1,1,5.42,0,0,0,0
PT-130,2026-10-08T13:30:00,55,25.1,1.8,6.2,1,111.0,74.2,45.5,7.3,9101,126.2,80.5,44.6,7.3,33.1,120.83,120.1,119.1,118.1,3.32,22.6,12.2,0.4,0.4,15.2,6.3,-0.9,0.0,0,1,0,0,2,1,1,5.5,0,0,0,0
PT-130,2026-10-08T13:35:00,55,25.1,1.8,6.2,1,111.0,74.2,45.5,7.3,9101,118.8,84.1,42.1,7.3,22.0,122.4,120.15,118.86,118.35,3.21,0.6,-2.9,4.6,-1.0,7.8,9.9,-3.4,0.0,0,1,0,0,2,1,1,5.58,0,0,0,0
PT-130,2026-10-08T13:40:00,55,25.1,1.8,6.2,1,111.0,74.2,45.5,7.3,9101,117.4,79.9,45.1,7.3,21.3,120.8,119.85,118.72,118.3,3.24,-3.6,-1.6,-7.6,12.2,6.4,5.7,-0.4,0.0,0,1,0,0,2,1,1,5.67,0,0,0,0
PT-130,2026-10-08T13:45:00,55,25.1,1.8,6.2,1,111.0,74.2,45.5,7.3,9101,115.5,79.8,45.5,7.3,32.5,117.23,119.03,118.53,118.33,3.37,-9.8,-2.3,-5.6,2.2,4.5,5.6,0.0,0.0,0,1,0,0,2,1,1,5.75,0,0,0,0
PT-130,2026-10-08T13:50:00,55,25.1,1.8,6.2,1,111.0,74.2,45.5,7.3,9101,116.1,79.6,42.6,7.3,22.8,116.33,119.37,118.52,118.24,3.38,4.0,-0.2,0.0,-4.4,5.1,5.4,-2.9,0.0,0,1,0,0,2,1,1,5.83,0,0,0,0
PT-130,2026-10-08T13:55:00,55,25.1,1.8,6.2,1,111.0,74.2,45.5,7.3,9101,116.4,77.9,42.7,7.3,24.2,116.0,118.4,118.31,118.2,3.43,-11.6,-2.5,-10.2,1.4,5.4,3.7,-2.8,0.0,0,1,0,0,2,1,1,5.92,0,0,0,0
PT-130,2026-10-08T14:00:00,55,25.1,1.8,6.2,1,111.0,74.2,45.5,7.3,9101,120.1,80.6,39.3,7.3,26.2,117.53,117.38,118.74,118.11,3.29,-12.2,5.2,0.2,-10.6,9.1,6.4,-6.2,0.0,0,1,0,0,2,1,1,6.0,0,0,0,0
PT-130,2026-10-08T14:05:00,55,25.1,1.8,6.2,1,111.0,74.2,45.5,7.3,9101,124.2,78.5,41.3,7.3,18.7,120.23,118.28,119.22,118.41,3.64,10.8,5.7,-11.2,-1.6,13.2,4.3,-4.2,0.0,0,1,0,0,2,1,1,6.08,0,0,0,0
PT-130,2026-10-08T14:10:00,55,25.1,1.8,6.2,1,111.0,74.2,45.5,7.3,9101,120.8,84.4,45.0,7.3,9.8,121.7,118.85,119.35,118.35,3.67,6.8,1.6,9.0,-0.2,9.8,10.2,-0.5,0.0,0,1,0,0,2,1,1,6.17,0,0,0,0
PT-130,2026-10-08T14:15:00,55,25.1,1.8,6.2,1,111.0,74.2,45.5,7.3,9101,120.9,77.9,45.3,7.3,15.1,121.97,119.75,119.39,118.4,3.68,10.8,0.5,-3.8,-0.4,9.9,3.7,-0.2,0.0,0,1,0,0,2,1,1,6.25,0,0,0,0
PT-130,2026-10-08T14:20:00,55,25.1,1.8,6.2,1,111.0,74.2,45.5,7.3,9101,128.2,82.3,39.9,7.3,16.5,123.3,121.77,120.57,119.08,4.07,24.2,14.1,5.4,-5.4,17.2,8.1,-5.6,0.0,0,1,0,0,2,1,1,6.33,0,0,0,0
PT-130,2026-10-08T14:25:00,55,25.1,1.8,6.2,1,111.0,74.2,45.5,7.3,9101,118.4,78.7,46.7,7.3,6.1,122.5,122.1,120.25,119.17,4.08,4.0,-3.8,1.6,8.0,7.4,4.5,1.2,0.0,0,1,0,0,2,1,1,6.42,0,0,0,0
PT-130,2026-10-08T14:30:00,55,25.1,1.8,6.2,1,111.0,74.2,45.5,7.3,9101,118.8,83.9,42.3,7.3,20.8,121.8,121.88,119.63,119.37,3.64,-2.6,-7.4,6.6,6.0,7.8,9.7,-3.2,0.0,0,1,0,0,2,1,1,6.5,0,0,0,0
PT-130,2026-10-08T14:35:00,55,25.1,1.8,6.2,1,111.0,74.2,45.5,7.3,9101,117.7,80.0,45.1,7.3,14.8,118.3,120.8,119.54,119.2,3.67,-13.0,-1.1,3.0,7.6,6.7,5.8,-0.4,0.0,0,1,0,0,2,1,1,6.58,0,0,0,0
PT-130,2026-10-08T14:40:00,55,25.1,1.8,6.2,1,111.0,74.2,45.5,7.3,9101,122.5,80.7,46.1,7.3,5.5,119.67,121.08,119.97,119.35,3.7,3.4,5.1,-7.4,2.2,11.5,6.5,0.6,0.0,0,1,0,0,2,1,1,6.67,0,0,0,0
PT-130,2026-10-08T14:45:00,55,25.1,1.8,6.2,1,111.0,74.2,45.5,7.3,9101,114.1,77.4,46.4,7.3,18.0,118.1,119.95,119.85,119.19,3.87,-13.6,-1.4,-1.0,2.2,3.1,3.2,0.9,0.0,0,1,0,0,2,1,1,6.75,0,0,0,0
PT-130,2026-10-08T14:50:00,55,25.1,1.8,6.2,1,111.0,74.2,45.5,7.3,9101,123.7,80.7,47.1,7.3,16.6,120.1,119.2,120.48,119.5,3.82,-9.0,7.6,-3.2,14.4,12.7,6.5,1.6,0.0,0,1,0,0,2,1,1,6.83,0,0,0,0
PT-130,2026-10-08T14:55:00,55,25.1,1.8,6.2,1,111.0,74.2,45.5,7.3,9101,123.0,75.1,43.3,7.3,9.7,120.27,119.97,121.03,119.67,3.65,9.2,6.6,-7.2,-6.8,12.0,0.9,-2.2,0.0,0,1,0,0,2,1,1,6.92,0,0,0,0
PT-130,2026-10-08T15:00:00,55,25.1,1.8,6.2,1,111.0,74.2,45.5,7.3,9101,113.1,79.5,45.1,7.3,18.9,119.93,119.02,120.45,119.6,4.31,-11.4,-7.0,-8.8,5.6,2.1,5.3,-0.4,0.0,0,1,0,0,2,1,1,7.0,0,0,0,0
PT-130,2026-10-08T15:05:00,55,25.1,1.8,6.2,1,111.0,74.2,45.5,7.3,9101,121.6,78.3,42.6,7.3,10.4,119.23,119.67,120.23,119.72,4.17,7.8,-2.6,-3.4,-5.0,10.6,4.1,-2.9,0.0,0,1,0,0,2,1,1,7.08,0,0,0,0
PT-130,2026-10-08T15:10:00,55,25.1,1.8,6.2,1,111.0,74.2,45.5,7.3,9101,119.8,81.7,40.4,7.3,6.3,118.17,119.22,120.15,119.75,4.17,-5.4,-1.0,2.0,-11.4,8.8,7.5,-5.1,0.0,0,1,0,0,2,1,1,7.17,0,0,0,0
PT-130,2026-10-08T15:15:00,55,25.1,1.8,6.2,1,111.0,74.2,45.5,7.3,9101,120.8,79.0,41.2,7.3,23.8,120.73,120.33,120.14,119.77,4.17,13.4,-0.1,3.2,-10.4,9.8,4.8,-4.3,0.0,0,1,0,0,2,1,1,7.25,0,0,0,0
PT-130,2026-10-08T15:20:00,55,25.1,1.8,6.2,1,111.0,74.2,45.5,7.3,9101,116.3,80.2,43.5,7.3,20.9,118.97,119.1,119.15,119.86,3.42,-14.8,-11.9,-1.0,-7.2,5.3,6.0,-2.0,0.0,0,1,0,0,2,1,1,7.33,0,0,0,0
PT-130,2026-10-08T15:25:00,55,25.1,1.8,6.2,1,111.0,74.2,45.5,7.3,9101,116.9,78.8,48.5,7.3,8.2,118.0,118.08,119.03,119.64,3.48,-12.2,-1.5,7.4,10.4,5.9,4.6,3.0,0.0,0,1,0,0,2,1,1,7.42,0,0,0,0
PT-130,2026-10-08T15:30:00,55,25.1,1.8,6.2,1,111.0,74.2,45.5,7.3,9101,112.4,77.5,42.6,7.3,20.6,115.2,117.97,118.49,119.06,3.97,-1.4,-6.4,-4.0,-5.0,1.4,3.3,-2.9,0.0,0,1,0,0,2,1,1,7.5,0,0,0,0
PT-130,2026-10-08T15:35:00,55,25.1,1.8,6.2,1,111.0,74.2,45.5,7.3,9101,118.2,80.3,42.4,7.3,20.8,115.83,117.4,118.53,119.04,3.97,-6.8,0.5,4.0,-0.4,7.2,6.1,-3.1,0.0,0,1,0,0,2,1,1,7.58,0,0,0,0
PT-130,2026-10-08T15:40:00,55,25.1,1.8,6.2,1,111.0,74.2,45.5,7.3,9101,120.0,83.0,42.0,7.3,9.0,116.87,117.43,118.32,119.15,3.8,0.4,-2.5,2.6,3.2,9.0,8.8,-3.5,0.0,0,1,0,0,2,1,1,7.67,0,0,0,0
PT-130,2026-10-08T15:45:00,55,25.1,1.8,6.2,1,111.0,74.2,45.5,7.3,9101,123.7,80.3,44.9,7.3,21.7,120.63,117.92,119.12,119.49,3.84,5.8,9.6,2.6,7.4,12.7,6.1,-0.6,0.0,0,1,0,0,2,1,1,7.75,0,0,0,0
PT-130,2026-10-08T15:50:00,55,25.1,1.8,6.2,1,111.0,74.2,45.5,7.3,9101,114.7,79.6,43.9,7.3,14.3,119.47,117.65,118.38,119.43,3.74,-3.2,-9.0,-1.2,0.8,3.7,5.4,-1.6,0.0,0,1,0,0,2,1,1,7.83,0,0,0,0
PT-130,2026-10-08T15:55:00,55,25.1,1.8,6.2,1,111.0,74.2,45.5,7.3,9101,114.1,74.3,40.0,7.3,11.0,117.5,117.18,117.63,119.33,3.62,-5.6,-8.9,-9.0,-17.0,3.1,0.1,-5.5,0.0,0,1,0,0,2,1,1,7.92,0,0,0,0
PT-130,2026-10-08T16:00:00,55,25.1,1.8,6.2,1,111.0,74.2,45.5,7.3,9101,119.0,78.5,44.0,7.3,16.7,115.93,118.28,118.12,119.29,3.34,13.2,5.9,2.0,2.8,8.0,4.3,-1.5,0.0,0,1,0,0,2,1,1,8.0,0,0,0,0
PT-130,2026-10-08T16:05:00,55,25.1,1.8,6.2,1,111.0,74.2,45.5,7.3,9101,116.7,74.9,39.4,7.3,22.6,116.6,118.03,117.72,118.98,3.18,-3.0,-4.9,-10.8,-6.0,5.7,0.7,-6.1,0.0,0,1,0,0,2,1,1,8.08,0,0,0,0
PT-130,2026-10-08T16:10:00,55,25.1,1.8,6.2,1,111.0,74.2,45.5,7.3,9101,117.5,77.7,41.0,7.3,23.2,117.73,117.62,117.53,118.84,3.11,-5.0,-2.3,-10.6,-2.0,6.5,3.5,-4.5,0.0,0,1,0,0,2,1,1,8.17,0,0,0,0
PT-130,2026-10-08T16:15:00,55,25.1,1.8,6.2,1,111.0,74.2,45.5,7.3,9101,123.4,76.0,43.6,7.3,11.9,119.2,117.57,117.74,118.94,3.43,-0.6,2.6,-8.6,-2.6,12.4,1.8,-1.9,0.0,0,1,0,0,2,1,1,8.25,0,0,0,0
PT-130,2026-10-08T16:20:00,55,25.1,1.8,6.2,1,111.0,74.2,45.5,7.3,9101,123.9,79.2,38.6,7.3,23.6,121.6,119.1,118.38,118.76,3.82,18.4,7.6,-0.8,-10.6,12.9,5.0,-6.9,0.0,0,1,0,0,2,1,1,8.33,0,0,0,0
PT-130,2026-10-08T16:25:00,55,25.1,1.8,6.2,1,111.0,74.2,45.5,7.3,9101,121.3,78.1,38.5,7.3,17.0,122.87,120.3,118.74,118.88,3.88,14.4,4.4,7.6,-3.0,10.3,3.9,-7.0,0.0,0,1,0,0,2,1,1,8.42,0,0,0,0
PT-130,2026-10-08T16:30:00,55,25.1,1.8,6.2,1,111.0,74.2,45.5,7.3,9101,113.2,78.9,41.2,7.3,13.2,119.47,119.33,118.81,118.65,3.76,-11.6,0.8,0.8,-5.6,2.2,4.7,-4.3,0.0,0,1,0,0,2,1,1,8.5,0,0,0,0
PT-130,2026-10-08T16:35:00,55,25.1,1.8,6.2,1,111.0,74.2,45.5,7.3,9101,124.2,78.6,46.0,7.3,24.8,119.57,120.58,119.31,118.92,4.06,15.0,6.0,7.4,13.2,13.2,4.4,0.5,0.0,0,1,0,0,2,1,1,8.58,0,0,0,0
PT-130,2026-10-08T16:40:00,55,25.1,1.8,6.2,1,111.0,74.2,45.5,7.3,9101,117.1,79.2,43.2,7.3,9.4,118.17,120.52,119.07,118.7,4.1,-0.8,-2.9,3.0,4.4,6.1,5.0,-2.3,0.0,0,1,0,0,2,1,1,8.67,0,0,0,0
PT-130,2026-10-08T16:45:00,55,25.1,1.8,6.2,1,111.0,74.2,45.5,7.3,9101,117.6,76.1,43.6,7.3,17.4,119.63,119.55,118.56,118.84,3.84,-11.6,-6.1,0.2,0.0,6.6,1.9,-1.9,0.0,0,1,0,0,2,1,1,8.75,0,0,0,0
PT-130,2026-10-08T16:50:00,55,25.1,1.8,6.2,1,111.0,74.2,45.5,7.3,9101,119.3,81.4,39.8,7.3,19.2,118.0,118.78,118.94,118.66,3.65,-9.2,4.6,4.4,2.4,8.3,7.2,-5.7,0.0,0,1,0,0,2,1,1,8.83,0,0,0,0
PT-130,2026-10-08T16:55:00,55,25.1,1.8,6.2,1,111.0,74.2,45.5,7.3,9101,114.4,80.5,42.4,7.3,20.0,117.1,117.63,118.97,118.3,3.61,-13.8,0.3,4.8,7.8,3.4,6.3,-3.1,0.0,0,1,0,0,2,1,1,8.92,0,0,0,0
PT-130,2026-10-08T17:00:00,55,25.1,1.8,6.2,1,111.0,74.2,45.5,7.3,9101,120.8,83.8,37.0,7.3,70.5,118.17,118.9,119.12,118.62,3.65,15.2,1.8,9.8,-8.4,9.8,9.6,-8.5,0.0,0,0,1,0,2,1,1,9.0,0,0,0,0
PT-130,2026-10-08T17:05:00,55,25.1,1.8,6.2,1,111.0,74.2,45.5,7.3,9101,120.7,83.3,33.3,7.3,74.9,118.63,118.32,119.45,118.58,3.59,-7.0,4.0,9.4,-25.4,9.7,9.1,-12.2,0.0,0,0,1,0,2,1,1,9.08,0,0,0,0
PT-130,2026-10-08T17:10:00,55,25.1,1.8,6.2,1,111.0,74.2,45.5,7.3,9101,115.5,83.5,36.6,7.3,73.6,119.0,118.05,119.28,118.4,3.74,-3.2,-2.0,8.6,-13.2,4.5,9.3,-8.9,0.0,0,0,1,0,2,1,1,9.17,0,0,0,0
PT-130,2026-10-08T17:15:00,55,25.1,1.8,6.2,1,111.0,74.2,45.5,7.3,9101,119.0,84.4,37.2,7.3,54.2,118.4,118.28,118.92,118.33,3.5,2.8,-4.4,16.6,-12.8,8.0,10.2,-8.3,0.0,0,0,1,0,2,1,1,9.25,0,0,0,0
PT-130,2026-10-08T17:20:00,55,25.1,1.8,6.2,1,111.0,74.2,45.5,7.3,9101,115.8,82.8,41.0,7.3,57.1,116.77,117.7,118.24,118.31,3.23,-7.0,-8.1,2.8,2.4,4.8,8.6,-4.5,0.0,0,0,1,0,2,1,1,9.33,0,0,0,0
PT-130,2026-10-08T17:25:00,55,25.1,1.8,6.2,1,111.0,74.2,45.5,7.3,9101,111.9,84.6,32.8,7.3,73.0,115.57,117.28,117.46,118.1,3.54,-5.0,-9.4,8.2,-19.2,0.9,10.4,-12.7,0.0,0,0,1,0,2,1,1,9.42,0,0,0,0
PT-130,2026-10-08T17:30:00,55,25.1,1.8,6.2,1,111.0,74.2,45.5,7.3,9101,114.3,85.0,37.9,7.3,70.0,114.0,116.2,117.55,118.18,3.43,-13.0,1.1,2.4,1.8,3.3,10.8,-7.6,0.0,0,0,1,0,2,1,1,9.5,0,0,0,0
PT-130,2026-10-08T17:35:00,55,25.1,1.8,6.2,1,111.0,74.2,45.5,7.3,9101,119.5,85.1,35.5,7.3,70.1,115.23,116.0,117.16,118.23,2.82,-2.4,-4.7,3.6,4.4,8.5,10.9,-10.0,0.0,0,0,1,0,2,1,1,9.58,0,0,0,0
PT-130,2026-10-08T17:40:00,55,25.1,1.8,6.2,1,111.0,74.2,45.5,7.3,9101,113.6,84.7,35.5,7.3,58.4,115.8,115.68,116.87,117.97,3.0,-3.8,-3.5,2.4,-2.2,2.6,10.5,-10.0,0.0,0,0,1,0,2,1,1,9.67,0,0,0,0
PT-130,2026-10-08T17:45:00,55,25.1,1.8,6.2,1,111.0,74.2,45.5,7.3,9101,112.6,87.0,37.7,7.3,67.4,115.23,114.62,116.45,117.5,3.23,-12.8,-5.0,5.2,1.0,1.6,12.8,-7.8,0.0,0,0,1,0,2,1,1,9.75,0,0,0,0
PT-130,2026-10-08T17:50:00,55,25.1,1.8,6.2,1,111.0,74.2,45.5,7.3,9101,122.0,80.2,40.9,7.3,50.3,116.07,115.65,116.68,117.81,3.53,12.4,2.7,-5.2,-0.2,11.0,6.0,-4.6,0.0,0,0,1,0,2,1,1,9.83,0,0,0,0
PT-130,2026-10-08T17:55:00,55,25.1,1.8,6.2,1,111.0,74.2,45.5,7.3,9101,111.3,80.1,40.0,7.3,56.6,115.3,115.55,116.42,117.69,3.81,-1.2,-3.1,-9.0,14.4,0.3,5.9,-5.5,0.0,0,0,1,0,2,1,1,9.92,0,0,0,0
PT-130,2026-10-08T18:00:00,55,25.1,1.8,6.2,1,111.0,74.2,45.5,7.3,9101,111.3,86.3,41.1,7.3,55.6,114.87,115.05,115.62,117.37,3.8,-6.0,-9.5,2.6,6.4,0.3,12.1,-4.4,0.0,0,0,1,0,2,1,1,10.0,0,0,0,0
PT-130,2026-10-08T18:05:00,55,25.1,1.8,6.2,1,111.0,74.2,45.5,7.3,9101,115.2,73.9,43.7,7.3,6.9,112.6,114.33,115.17,117.31,3.45,-8.6,-5.5,-22.4,16.4,4.2,-0.3,-1.8,0.0,0,0,1,0,2,1,1,10.08,0,0,0,0
PT-130,2026-10-08T18:10:00,55,25.1,1.8,6.2,1,111.0,74.2,45.5,7.3,9101,115.9,78.6,43.3,7.3,17.6,114.13,114.72,115.2,117.24,3.46,4.6,0.4,-12.2,15.6,4.9,4.4,-2.2,0.0,0,0,1,0,2,1,1,10.17,0,0,0,0
PT-130,2026-10-08T18:15:00,55,25.1,1.8,6.2,1,111.0,74.2,45.5,7.3,9101,115.5,76.5,40.9,7.3,11.1,115.53,115.2,114.91,116.91,3.25,5.8,-3.5,-21.0,6.4,4.5,2.3,-4.6,0.0,0,0,1,0,2,1,1,10.25,0,0,0,0
PT-130,2026-10-08T18:20:00,55,25.1,1.8,6.2,1,111.0,74.2,45.5,7.3,9101,108.6,79.7,43.1,7.3,17.7,113.33,112.97,114.31,116.28,3.7,-26.8,-7.2,-1.0,4.4,-2.4,5.5,-2.4,0.0,0,0,1,0,2,1,1,10.33,0,0,0,0
PT-130,2026-10-08T18:25:00,55,25.1,1.8,6.2,1,111.0,74.2,45.5,7.3,9101,112.4,75.5,44.6,7.3,8.4,112.17,113.15,114.35,115.9,3.68,2.2,0.5,-9.2,9.2,1.4,1.3,-0.9,0.0,0,0,1,0,2,1,1,10.42,0,0,0,0
PT-130,2026-10-08T18:30:00,55,25.1,1.8,6.2,1,111.0,74.2,45.5,7.3,9101,115.8,75.3,44.8,7.3,17.0,112.27,113.9,114.48,116.01,3.7,9.0,1.5,-22.0,7.4,4.8,1.1,-0.7,0.0,0,0,1,0,2,1,1,10.5,0,0,0,0
PT-130,2026-10-08T18:35:00,55,25.1,1.8,6.2,1,111.0,74.2,45.5,7.3,9101,114.9,73.6,46.1,7.3,5.8,114.37,113.85,114.09,115.62,3.35,-0.6,-4.6,-0.6,4.8,3.9,-0.6,0.6,0.0,0,0,1,0,2,1,1,10.58,0,0,0,0
PT-130,2026-10-08T18:40:00,55,25.1,1.8,6.2,1,111.0,74.2,45.5,7.3,9101,110.8,75.6,46.1,7.3,8.4,113.83,113.0,113.86,115.36,3.49,-10.2,-2.8,-6.0,5.6,-0.2,1.4,0.6,0.0,0,0,1,0,2,1,1,10.67,0,0,0,0
PT-130,2026-10-08T18:45:00,55,25.1,1.8,6.2,1,111.0,74.2,45.5,7.3,9101,113.5,75.4,43.7,7.3,19.9,113.07,112.67,113.93,115.19,3.47,-4.0,0.9,-2.2,5.6,2.5,1.2,-1.8,0.0,0,0,1,0,2,1,1,10.75,0,0,0,0
PT-130,2026-10-08T18:50:00,55,25.1,1.8,6.2,1,111.0,74.2,45.5,7.3,9101,112.4,76.3,42.1,7.3,9.8,112.23,113.3,113.13,114.9,2.37,7.6,-9.6,-6.8,-2.0,1.4,2.1,-3.4,0.0,0,0,1,0,2,1,1,10.83,0,0,0,0
PT-130,2026-10-08T18:55:00,55,25.1,1.8,6.2,1,111.0,74.2,45.5,7.3,9101,117.1,78.4,46.8,7.3,18.4,114.33,114.08,113.62,115.02,2.55,9.4,5.8,5.8,4.4,6.1,4.2,1.3,0.0,0,0,1,0,2,1,1,10.92,0,0,0,0
PT-130,2026-10-08T19:00:00,55,25.1,1.8,6.2,1,111.0,74.2,45.5,7.3,9101,113.6,73.2,41.4,7.3,18.7,114.37,113.72,113.81,114.72,2.44,-4.4,2.3,-4.2,-6.8,2.6,-1.0,-4.1,0.0,0,0,1,0,2,1,1,11.0,0,0,0,0
PT-130,2026-10-08T19:05:00,55,25.1,1.8,6.2,1,111.0,74.2,45.5,7.3,9101,120.3,72.2,48.1,7.3,8.9,117.0,114.62,114.23,114.7,3.07,10.8,5.1,-2.8,4.0,9.3,-2.0,2.6,0.0,0,0,1,0,2,1,1,11.08,0,0,0,0
PT-130,2026-10-08T19:10:00,55,25.1,1.8,6.2,1,111.0,74.2,45.5,7.3,9101,112.0,76.5,41.7,7.3,22.8,115.3,114.82,113.91,114.55,3.08,2.4,-3.9,1.8,-8.8,1.0,2.3,-3.8,0.0,0,0,1,0,2,1,1,11.17,0,0,0,0
PT-130,2026-10-08T19:15:00,55,25.1,1.8,6.2,1,111.0,74.2,45.5,7.3,9101,114.6,74.9,45.0,7.3,24.1,115.63,115.0,113.83,114.37,3.05,2.2,-0.9,-1.0,2.6,3.6,0.7,-0.5,0.0,0,0,1,0,2,1,1,11.25,0,0,0,0
PT-130,2026-10-08T19:20:00,55,25.1,1.8,6.2,1,111.0,74.2,45.5,7.3,9101,112.6,75.4,48.1,7.3,10.3,113.07,115.03,114.17,114.24,2.61,0.4,4.0,-1.8,12.0,1.6,1.2,2.6,0.0,0,0,1,0,2,1,1,11.33,0,0,0,0
PT-130,2026-10-08T19:25:00,55,25.1,1.8,6.2,1,111.0,74.2,45.5,7.3,9101,109.0,75.0,45.7,7.3,10.4,112.07,113.68,113.88,114.12,2.98,-16.2,-3.4,-6.8,-2.2,-2.0,0.8,0.2,0.0,0,0,1,0,2,1,1,11.42,0,0,0,0
PT-130,2026-10-08T19:30:00,55,25.1,1.8,6.2,1,111.0,74.2,45.5,7.3,9101,113.1,72.3,42.0,7.3,24.7,111.57,113.6,113.66,114.07,2.92,-1.0,-2.7,-1.8,1.2,2.1,-1.9,-3.5,0.0,0,0,1,0,2,1,1,11.5,0,0,0,0
PT-130,2026-10-08T19:35:00,55,25.1,1.8,6.2,1,111.0,74.2,45.5,7.3,9101,104.4,75.4,44.8,7.3,13.2,108.83,110.95,112.78,113.44,3.92,-31.8,-10.5,6.4,-6.6,-6.6,1.2,-0.7,0.0,0,0,1,0,2,1,1,11.58,0,0,0,0
PT-130,2026-10-08T19:40:00,55,25.1,1.8,6.2,1,111.0,74.2,45.5,7.3,9101,107.7,74.5,48.1,7.3,13.0,108.4,110.23,112.52,113.19,4.16,-8.6,-3.1,-4.0,12.8,-3.3,0.3,2.6,0.0,0,0,1,0,2,1,1,11.67,0,0,0,0
PT-130,2026-10-08T19:45:00,55,25.1,1.8,6.2,1,111.0,74.2,45.5,7.3,9101,110.0,74.0,44.6,7.3,6.2,107.37,109.47,112.23,113.08,4.21,-9.2,-3.5,-1.8,-0.8,-1.0,-0.2,-0.9,0.0,0,0,1,0,2,1,1,11.75,0,0,0,0
PT-130,2026-10-08T19:50:00,55,25.1,1.8,6.2,1,111.0,74.2,45.5,7.3,9101,113.8,75.9,45.9,7.3,10.8,110.5,109.67,112.35,112.74,4.23,2.4,1.4,1.0,-4.4,2.8,1.7,0.4,0.0,0,0,1,0,2,1,1,11.83,0,0,0,0
PT-130,2026-10-08T19:55:00,55,25.1,1.8,6.2,1,111.0,74.2,45.5,7.3,9101,112.0,73.2,42.4,7.3,8.2,111.93,110.17,111.92,112.77,3.96,6.0,-5.1,-3.6,-6.6,1.0,-1.0,-3.1,0.0,0,0,1,0,2,1,1,11.92,0,0,0,0
PT-130,2026-10-08T20:00:00,55,25.1,1.8,6.2,1,111.0,74.2,45.5,7.3,9101,109.4,75.1,43.4,7.3,5.6,111.73,109.55,111.58,112.69,3.98,-7.4,-4.2,5.6,2.8,-1.6,0.9,-2.1,0.0,0,0,1,0,2,1,1,0.0,0,0,0,0
PT-130,2026-10-08T20:05:00,55,25.1,1.8,6.2,1,111.0,74.2,45.5,7.3,9101,108.4,73.5,40.7,7.3,18.4,109.93,110.22,110.58,112.41,2.96,8.0,-11.9,-3.8,-8.2,-2.6,-0.7,-4.8,0.0,0,0,1,0,2,1,1,0.08,0,0,0,0
PT-130,2026-10-08T20:10:00,55,25.1,1.8,6.2,1,111.0,74.2,45.5,7.3,9101,111.2,72.6,43.2,7.3,7.2,109.67,110.8,110.52,112.21,2.94,7.0,-0.8,-3.8,-9.8,0.2,-1.6,-2.3,0.0,0,0,1,0,2,1,1,0.17,0,0,0,0
PT-130,2026-10-08T20:15:00,55,25.1,1.8,6.2,1,111.0,74.2,45.5,7.3,9101,110.0,67.9,42.1,7.3,5.7,109.87,110.8,110.13,111.98,2.64,0.0,-4.6,-12.2,-5.0,-1.0,-6.3,-3.4,0.0,0,0,1,0,2,1,1,0.25,0,0,0,0
PT-130,2026-10-08T20:20:00,55,25.1,1.8,6.2,1,111.0,74.2,45.5,7.3,9101,109.6,73.3,45.2,7.3,8.8,110.27,110.1,109.88,112.02,2.52,-8.4,-3.0,-5.2,-1.4,-1.4,-0.9,-0.3,0.0,0,0,1,0,2,1,1,0.33,0,0,0,0
PT-130,2026-10-08T20:25:00,55,25.1,1.8,6.2,1,111.0,74.2,45.5,7.3,9101,109.6,73.7,43.7,7.3,12.9,109.73,109.7,109.93,111.91,2.51,-4.8,0.6,1.0,2.6,-1.4,-0.5,-1.8,0.0,0,0,1,0,2,1,1,0.42,0,0,0,0
PT-130,2026-10-08T20:30:00,55,25.1,1.8,6.2,1,111.0,74.2,45.5,7.3,9101,110.7,73.5,41.1,7.3,5.9,109.97,109.92,109.73,111.7,2.32,2.6,-2.4,-3.2,-4.6,-0.3,-0.7,-4.4,0.0,0,0,1,0,2,1,1,0.5,0,0,0,0
PT-130,2026-10-08T20:35:00,55,25.1,1.8,6.2,1,111.0,74.2,45.5,7.3,9101,106.8,73.4,44.5,7.3,14.9,109.03,109.65,109.93,111.36,1.89,-3.2,2.4,-0.2,7.6,-4.2,-0.8,-1.0,0.0,0,0,1,0,2,1,1,0.58,0,0,0,0
PT-130,2026-10-08T20:40:00,55,25.1,1.8,6.2,1,111.0,74.2,45.5,7.3,9101,109.7,72.5,42.3,7.3,9.6,109.07,109.4,110.1,111.31,1.75,-3.0,2.0,-0.2,-1.8,-1.3,-1.7,-3.2,0.0,0,0,1,0,2,1,1,0.67,0,0,0,0
PT-130,2026-10-08T20:45:00,55,25.1,1.8,6.2,1,111.0,74.2,45.5,7.3,9101,110.1,75.3,45.8,7.3,14.4,108.87,109.42,110.11,111.17,1.75,0.2,0.1,14.8,7.4,-0.9,1.1,0.3,0.0,0,0,1,0,2,1,1,0.75,0,0,0,0
PT-130,2026-10-08T20:50:00,55,25.1,1.8,6.2,1,111.0,74.2,45.5,7.3,9101,112.1,72.7,44.2,7.3,13.9,110.63,109.83,109.97,111.16,1.47,5.0,-1.7,-1.2,-2.0,1.1,-1.5,-1.3,0.0,0,0,1,0,2,1,1,0.83,0,0,0,0
PT-130,2026-10-08T20:55:00,55,25.1,1.8,6.2,1,111.0,74.2,45.5,7.3,9101,112.2,73.1,42.8,7.3,18.5,111.47,110.27,109.98,110.95,1.5,5.2,0.2,-1.2,-1.8,1.2,-1.1,-2.7,0.0,0,0,1,0,2,1,1,0.92,0,0,0,0
PT-130,2026-10-08T21:00:00,55,25.1,1.8,6.2,1,111.0,74.2,45.5,7.3,9101,109.1,71.0,40.9,7.3,13.4,111.13,110.0,109.96,110.77,1.51,-3.2,-0.3,-5.0,-0.4,-1.9,-3.2,-4.6,0.0,0,0,1,0,2,1,1,1.0,0,0,0,0
PT-130,2026-10-08T21:05:00,55,25.1,1.8,6.2,1,111.0,74.2,45.5,7.3,9101,113.4,67.6,46.2,7.3,5.7,111.57,111.1,110.37,110.48,1.72,13.2,5.0,-11.6,3.4,2.4,-6.6,0.7,0.0,0,0,1,0,2,1,1,1.08,0,0,0,0
PT-130,2026-10-08T21:10:00,55,25.1,1.8,6.2,1,111.0,74.2,45.5,7.3,9101,109.0,73.4,45.2,7.3,6.6,110.5,110.98,110.19,110.35,1.74,-1.4,-2.2,1.8,5.8,-2.0,-0.8,-0.3,0.0,0,0,1,0,2,1,1,1.17,0,0,0,0
PT-130,2026-10-08T21:15:00,55,25.1,1.8,6.2,1,111.0,74.2,45.5,7.3,9101,110.8,70.1,48.8,7.3,11.4,111.07,111.1,110.26,110.2,1.75,1.4,0.8,-10.4,6.0,-0.2,-4.1,3.3,0.0,0,0,1,0,2,1,1,1.25,0,0,0,0
PT-130,2026-10-08T21:20:00,55,25.1,1.8,6.2,1,111.0,74.2,45.5,7.3,9101,105.3,76.8,42.7,7.3,21.7,108.37,109.97,109.9,109.89,2.26,-13.6,-4.3,8.2,-3.0,-5.7,2.6,-2.8,0.0,0,0,1,0,2,1,1,1.33,0,0,0,0
PT-130,2026-10-08T21:25:00,55,25.1,1.8,6.2,1,111.0,74.2,45.5,7.3,9101,114.2,71.8,43.2,7.3,12.8,110.1,110.3,110.28,110.11,2.57,4.0,4.6,-2.6,0.8,3.2,-2.4,-2.3,0.0,0,0,1,0,2,1,1,1.42,0,0,0,0
PT-130,2026-10-08T21:30:00,55,25.1,1.8,6.2,1,111.0,74.2,45.5,7.3,9101,108.3,74.0,41.4,7.3,14.7,109.27,110.17,110.08,109.91,2.63,-1.6,-2.4,6.0,1.0,-2.7,-0.2,-4.1,0.0,0,0,1,0,2,1,1,1.5,0,0,0,0
PT-130,2026-10-08T21:35:00,55,25.1,1.8,6.2,1,111.0,74.2,45.5,7.3,9101,100.3,70.9,38.9,7.3,23.9,107.6,107.98,109.54,109.74,3.78,-26.2,-6.5,6.6,-14.6,-10.7,-3.3,-6.6,0.0,0,0,1,0,2,1,1,1.58,0,0,0,0
PT-130,2026-10-08T21:40:00,55,25.1,1.8,6.2,1,111.0,74.2,45.5,7.3,9101,105.2,78.4,38.5,7.3,15.7,104.6,107.35,109.17,109.63,3.99,-7.6,-4.5,10.0,-13.4,-5.8,4.2,-7.0,0.0,0,0,1,0,2,1,1,1.67,0,0,0,0
PT-130,2026-10-08T21:45:00,55,25.1,1.8,6.2,1,111.0,74.2,45.5,7.3,9101,113.6,74.2,40.5,7.3,23.5,106.37,107.82,109.46,109.78,4.18,5.6,3.5,8.2,-16.6,2.6,0.0,-5.0,0.0,0,0,1,0,2,1,1,1.75,0,0,0,0
PT-130,2026-10-08T21:50:00,55,25.1,1.8,6.2,1,111.0,74.2,45.5,7.3,9101,107.4,74.2,48.7,7.3,12.3,108.73,108.17,109.07,109.52,4.13,4.2,-4.7,-5.2,12.0,-3.6,0.0,3.2,0.0,0,0,1,0,2,1,1,1.83,0,0,0,0
PT-130,2026-10-08T21:55:00,55,25.1,1.8,6.2,1,111.0,74.2,45.5,7.3,9101,107.0,77.8,44.6,7.3,24.5,109.33,106.97,108.63,109.31,4.05,-14.4,-5.2,12.0,2.8,-4.0,3.6,-0.9,0.0,0,0,1,0,2,1,1,1.92,0,0,0,0
